# Selection : patch(inletGeo)
# Faces  :    276
# Area   :    2.444609e-05
# Time        	areaAverage(U)
0             	(0.000000e+00 0.000000e+00 0.000000e+00)
0.0001        	(0.000000e+00 -3.375189e-04 0.000000e+00)
0.000219277   	(0.000000e+00 -3.407524e-04 0.000000e+00)
0.000361027   	(0.000000e+00 -3.446328e-04 0.000000e+00)
0.000530132   	(0.000000e+00 -3.493163e-04 0.000000e+00)
0.000731618   	(0.000000e+00 -3.549745e-04 0.000000e+00)
0.000969269   	(0.000000e+00 -3.617586e-04 0.000000e+00)
0.00125148    	(0.000000e+00 -3.699725e-04 0.000000e+00)
0.00158796    	(0.000000e+00 -3.799942e-04 0.000000e+00)
0.00198853    	(0.000000e+00 -3.922563e-04 0.000000e+00)
0.0024598     	(0.000000e+00 -4.071563e-04 0.000000e+00)
0.00299838    	(0.000000e+00 -4.248330e-04 0.000000e+00)
0.00363489    	(0.000000e+00 -4.466487e-04 0.000000e+00)
0.00434213    	(0.000000e+00 -4.721151e-04 0.000000e+00)
0.00515039    	(0.000000e+00 -5.028791e-04 0.000000e+00)
0.00612032    	(0.000000e+00 -5.422663e-04 0.000000e+00)
0.00709024    	(0.000000e+00 -5.845183e-04 0.000000e+00)
0.00806016    	(0.000000e+00 -6.298256e-04 0.000000e+00)
0.00903008    	(0.000000e+00 -6.783893e-04 0.000000e+00)
0.01          	(0.000000e+00 -7.304228e-04 0.000000e+00)
0.0111111     	(0.000000e+00 -7.945858e-04 0.000000e+00)
0.012381      	(0.000000e+00 -8.743162e-04 0.000000e+00)
0.0139048     	(0.000000e+00 -9.797877e-04 0.000000e+00)
0.0154286     	(0.000000e+00 -1.096963e-03 0.000000e+00)
0.0169524     	(0.000000e+00 -1.227012e-03 0.000000e+00)
0.0184762     	(0.000000e+00 -1.371204e-03 0.000000e+00)
0.02          	(0.000000e+00 -1.530919e-03 0.000000e+00)
0.0216667     	(0.000000e+00 -1.725148e-03 0.000000e+00)
0.0233333     	(0.000000e+00 -1.941859e-03 0.000000e+00)
0.025         	(0.000000e+00 -2.183367e-03 0.000000e+00)
0.0266667     	(0.000000e+00 -2.452185e-03 0.000000e+00)
0.0283333     	(0.000000e+00 -2.751041e-03 0.000000e+00)
0.03          	(0.000000e+00 -3.082892e-03 0.000000e+00)
0.032         	(0.000000e+00 -3.529189e-03 0.000000e+00)
0.034         	(0.000000e+00 -4.033636e-03 0.000000e+00)
0.036         	(0.000000e+00 -4.602816e-03 0.000000e+00)
0.038         	(0.000000e+00 -5.243914e-03 0.000000e+00)
0.04          	(0.000000e+00 -5.964756e-03 0.000000e+00)
0.042         	(0.000000e+00 -6.773841e-03 0.000000e+00)
0.044         	(0.000000e+00 -7.680374e-03 0.000000e+00)
0.046         	(0.000000e+00 -8.694305e-03 0.000000e+00)
0.048         	(0.000000e+00 -9.826356e-03 0.000000e+00)
0.05          	(0.000000e+00 -1.108805e-02 0.000000e+00)
0.052         	(0.000000e+00 -1.249175e-02 0.000000e+00)
0.0536        	(0.000000e+00 -1.372579e-02 0.000000e+00)
0.0552        	(0.000000e+00 -1.506630e-02 0.000000e+00)
0.0568        	(0.000000e+00 -1.652080e-02 0.000000e+00)
0.0578667     	(0.000000e+00 -1.755768e-02 0.000000e+00)
0.0589333     	(0.000000e+00 -1.865114e-02 0.000000e+00)
0.06          	(0.000000e+00 -1.980369e-02 0.000000e+00)
0.0611111     	(0.000000e+00 -2.106986e-02 0.000000e+00)
0.0622222     	(0.000000e+00 -2.240592e-02 0.000000e+00)
0.0631944     	(0.000000e+00 -2.363471e-02 0.000000e+00)
0.0641667     	(0.000000e+00 -2.492146e-02 0.000000e+00)
0.065         	(0.000000e+00 -2.607216e-02 0.000000e+00)
0.0658333     	(0.000000e+00 -2.726842e-02 0.000000e+00)
0.0666667     	(0.000000e+00 -2.851165e-02 0.000000e+00)
0.0673333     	(0.000000e+00 -2.954101e-02 0.000000e+00)
0.068         	(0.000000e+00 -3.060209e-02 0.000000e+00)
0.0686667     	(0.000000e+00 -3.169565e-02 0.000000e+00)
0.0693333     	(0.000000e+00 -3.282245e-02 0.000000e+00)
0.07          	(0.000000e+00 -3.398327e-02 0.000000e+00)
0.070625      	(0.000000e+00 -3.510312e-02 0.000000e+00)
0.07125       	(0.000000e+00 -3.625422e-02 0.000000e+00)
0.0718333     	(0.000000e+00 -3.735734e-02 0.000000e+00)
0.0724167     	(0.000000e+00 -3.848878e-02 0.000000e+00)
0.0729583     	(0.000000e+00 -3.956525e-02 0.000000e+00)
0.0735        	(0.000000e+00 -4.066705e-02 0.000000e+00)
0.0740417     	(0.000000e+00 -4.179463e-02 0.000000e+00)
0.0745382     	(0.000000e+00 -4.285127e-02 0.000000e+00)
0.0750347     	(0.000000e+00 -4.393029e-02 0.000000e+00)
0.0755313     	(0.000000e+00 -4.503204e-02 0.000000e+00)
0.0759781     	(0.000000e+00 -4.604334e-02 0.000000e+00)
0.076425      	(0.000000e+00 -4.707359e-02 0.000000e+00)
0.0768719     	(0.000000e+00 -4.812305e-02 0.000000e+00)
0.0773188     	(0.000000e+00 -4.919197e-02 0.000000e+00)
0.0777018     	(0.000000e+00 -5.012388e-02 0.000000e+00)
0.0780848     	(0.000000e+00 -5.107045e-02 0.000000e+00)
0.0784679     	(0.000000e+00 -5.203184e-02 0.000000e+00)
0.0788509     	(0.000000e+00 -5.300822e-02 0.000000e+00)
0.0792339     	(0.000000e+00 -5.399975e-02 0.000000e+00)
0.079617      	(0.000000e+00 -5.500660e-02 0.000000e+00)
0.08          	(0.000000e+00 -5.602893e-02 0.000000e+00)
0.0803704     	(0.000000e+00 -5.703234e-02 0.000000e+00)
0.0807407     	(0.000000e+00 -5.805054e-02 0.000000e+00)
0.0810969     	(0.000000e+00 -5.904366e-02 0.000000e+00)
0.081453      	(0.000000e+00 -6.005072e-02 0.000000e+00)
0.0817949     	(0.000000e+00 -6.103074e-02 0.000000e+00)
0.0821368     	(0.000000e+00 -6.202386e-02 0.000000e+00)
0.0824786     	(0.000000e+00 -6.303019e-02 0.000000e+00)
0.0828056     	(0.000000e+00 -6.400524e-02 0.000000e+00)
0.0831327     	(0.000000e+00 -6.499260e-02 0.000000e+00)
0.0834448     	(0.000000e+00 -6.594665e-02 0.000000e+00)
0.083757      	(0.000000e+00 -6.691209e-02 0.000000e+00)
0.0840691     	(0.000000e+00 -6.788903e-02 0.000000e+00)
0.0843813     	(0.000000e+00 -6.887754e-02 0.000000e+00)
0.084677      	(0.000000e+00 -6.982479e-02 0.000000e+00)
0.0849727     	(0.000000e+00 -7.078259e-02 0.000000e+00)
0.0852684     	(0.000000e+00 -7.175101e-02 0.000000e+00)
0.0855468     	(0.000000e+00 -7.267225e-02 0.000000e+00)
0.0858251     	(0.000000e+00 -7.360304e-02 0.000000e+00)
0.0861034     	(0.000000e+00 -7.454344e-02 0.000000e+00)
0.0863817     	(0.000000e+00 -7.549351e-02 0.000000e+00)
0.0866601     	(0.000000e+00 -7.645333e-02 0.000000e+00)
0.086917      	(0.000000e+00 -7.734801e-02 0.000000e+00)
0.0871739     	(0.000000e+00 -7.825110e-02 0.000000e+00)
0.0874308     	(0.000000e+00 -7.916264e-02 0.000000e+00)
0.0876877     	(0.000000e+00 -8.008268e-02 0.000000e+00)
0.0879447     	(0.000000e+00 -8.101128e-02 0.000000e+00)
0.0882016     	(0.000000e+00 -8.194848e-02 0.000000e+00)
0.0884264     	(0.000000e+00 -8.277563e-02 0.000000e+00)
0.0886512     	(0.000000e+00 -8.360944e-02 0.000000e+00)
0.088876      	(0.000000e+00 -8.444994e-02 0.000000e+00)
0.0891008     	(0.000000e+00 -8.529717e-02 0.000000e+00)
0.0893256     	(0.000000e+00 -8.615115e-02 0.000000e+00)
0.0895504     	(0.000000e+00 -8.701192e-02 0.000000e+00)
0.0897752     	(0.000000e+00 -8.787952e-02 0.000000e+00)
0.09          	(0.000000e+00 -8.875397e-02 0.000000e+00)
0.0902326     	(0.000000e+00 -8.966585e-02 0.000000e+00)
0.0904651     	(0.000000e+00 -9.058513e-02 0.000000e+00)
0.0906921     	(0.000000e+00 -9.148970e-02 0.000000e+00)
0.0909192     	(0.000000e+00 -9.240141e-02 0.000000e+00)
0.0911406     	(0.000000e+00 -9.329778e-02 0.000000e+00)
0.0913621     	(0.000000e+00 -9.420099e-02 0.000000e+00)
0.0915836     	(0.000000e+00 -9.511108e-02 0.000000e+00)
0.0917994     	(0.000000e+00 -9.600448e-02 0.000000e+00)
0.0920152     	(0.000000e+00 -9.690447e-02 0.000000e+00)
0.0922253     	(0.000000e+00 -9.778713e-02 0.000000e+00)
0.0924355     	(0.000000e+00 -9.867609e-02 0.000000e+00)
0.0926456     	(0.000000e+00 -9.957137e-02 0.000000e+00)
0.0928499     	(0.000000e+00 -1.004479e-01 0.000000e+00)
0.0930542     	(0.000000e+00 -1.013304e-01 0.000000e+00)
0.0932585     	(0.000000e+00 -1.022190e-01 0.000000e+00)
0.0934567     	(0.000000e+00 -1.030872e-01 0.000000e+00)
0.093655      	(0.000000e+00 -1.039612e-01 0.000000e+00)
0.0938533     	(0.000000e+00 -1.048409e-01 0.000000e+00)
0.0940454     	(0.000000e+00 -1.056987e-01 0.000000e+00)
0.0942375     	(0.000000e+00 -1.065619e-01 0.000000e+00)
0.0944296     	(0.000000e+00 -1.074305e-01 0.000000e+00)
0.0946216     	(0.000000e+00 -1.083047e-01 0.000000e+00)
0.0948071     	(0.000000e+00 -1.091539e-01 0.000000e+00)
0.0949926     	(0.000000e+00 -1.100083e-01 0.000000e+00)
0.095178      	(0.000000e+00 -1.108678e-01 0.000000e+00)
0.0953635     	(0.000000e+00 -1.117326e-01 0.000000e+00)
0.0955489     	(0.000000e+00 -1.126025e-01 0.000000e+00)
0.095727      	(0.000000e+00 -1.134425e-01 0.000000e+00)
0.095905      	(0.000000e+00 -1.142873e-01 0.000000e+00)
0.0960831     	(0.000000e+00 -1.151370e-01 0.000000e+00)
0.0962611     	(0.000000e+00 -1.159915e-01 0.000000e+00)
0.0964392     	(0.000000e+00 -1.168509e-01 0.000000e+00)
0.0966087     	(0.000000e+00 -1.176739e-01 0.000000e+00)
0.0967783     	(0.000000e+00 -1.185013e-01 0.000000e+00)
0.0969478     	(0.000000e+00 -1.193331e-01 0.000000e+00)
0.0971174     	(0.000000e+00 -1.201695e-01 0.000000e+00)
0.097287      	(0.000000e+00 -1.210102e-01 0.000000e+00)
0.0974565     	(0.000000e+00 -1.218555e-01 0.000000e+00)
0.0976261     	(0.000000e+00 -1.227053e-01 0.000000e+00)
0.0977844     	(0.000000e+00 -1.235024e-01 0.000000e+00)
0.0979426     	(0.000000e+00 -1.243036e-01 0.000000e+00)
0.0981009     	(0.000000e+00 -1.251086e-01 0.000000e+00)
0.0982591     	(0.000000e+00 -1.259176e-01 0.000000e+00)
0.0984174     	(0.000000e+00 -1.267306e-01 0.000000e+00)
0.0985757     	(0.000000e+00 -1.275475e-01 0.000000e+00)
0.0987339     	(0.000000e+00 -1.283684e-01 0.000000e+00)
0.0988922     	(0.000000e+00 -1.291933e-01 0.000000e+00)
0.0990504     	(0.000000e+00 -1.300222e-01 0.000000e+00)
0.0992087     	(0.000000e+00 -1.308552e-01 0.000000e+00)
0.0993406     	(0.000000e+00 -1.315523e-01 0.000000e+00)
0.0994725     	(0.000000e+00 -1.322523e-01 0.000000e+00)
0.0996044     	(0.000000e+00 -1.329550e-01 0.000000e+00)
0.0997362     	(0.000000e+00 -1.336606e-01 0.000000e+00)
0.0998681     	(0.000000e+00 -1.343690e-01 0.000000e+00)
0.1           	(0.000000e+00 -1.350801e-01 0.000000e+00)
0.100149      	(0.000000e+00 -1.358884e-01 0.000000e+00)
0.100299      	(0.000000e+00 -1.367003e-01 0.000000e+00)
0.100448      	(0.000000e+00 -1.375158e-01 0.000000e+00)
0.100595      	(0.000000e+00 -1.383223e-01 0.000000e+00)
0.100742      	(0.000000e+00 -1.391323e-01 0.000000e+00)
0.100886      	(0.000000e+00 -1.399331e-01 0.000000e+00)
0.101031      	(0.000000e+00 -1.407374e-01 0.000000e+00)
0.101176      	(0.000000e+00 -1.415451e-01 0.000000e+00)
0.101318      	(0.000000e+00 -1.423431e-01 0.000000e+00)
0.10146       	(0.000000e+00 -1.431445e-01 0.000000e+00)
0.1016        	(0.000000e+00 -1.439360e-01 0.000000e+00)
0.10174       	(0.000000e+00 -1.447307e-01 0.000000e+00)
0.10188       	(0.000000e+00 -1.455287e-01 0.000000e+00)
0.102018      	(0.000000e+00 -1.463163e-01 0.000000e+00)
0.102156      	(0.000000e+00 -1.471071e-01 0.000000e+00)
0.102293      	(0.000000e+00 -1.479010e-01 0.000000e+00)
0.102428      	(0.000000e+00 -1.486841e-01 0.000000e+00)
0.102564      	(0.000000e+00 -1.494702e-01 0.000000e+00)
0.102699      	(0.000000e+00 -1.502594e-01 0.000000e+00)
0.102832      	(0.000000e+00 -1.510372e-01 0.000000e+00)
0.102964      	(0.000000e+00 -1.518180e-01 0.000000e+00)
0.103097      	(0.000000e+00 -1.526017e-01 0.000000e+00)
0.103227      	(0.000000e+00 -1.533735e-01 0.000000e+00)
0.103358      	(0.000000e+00 -1.541482e-01 0.000000e+00)
0.103488      	(0.000000e+00 -1.549258e-01 0.000000e+00)
0.103618      	(0.000000e+00 -1.557062e-01 0.000000e+00)
0.103746      	(0.000000e+00 -1.564738e-01 0.000000e+00)
0.103873      	(0.000000e+00 -1.572441e-01 0.000000e+00)
0.104001      	(0.000000e+00 -1.580172e-01 0.000000e+00)
0.104126      	(0.000000e+00 -1.587769e-01 0.000000e+00)
0.104251      	(0.000000e+00 -1.595393e-01 0.000000e+00)
0.104376      	(0.000000e+00 -1.603043e-01 0.000000e+00)
0.104501      	(0.000000e+00 -1.610719e-01 0.000000e+00)
0.104623      	(0.000000e+00 -1.618251e-01 0.000000e+00)
0.104745      	(0.000000e+00 -1.625808e-01 0.000000e+00)
0.104867      	(0.000000e+00 -1.633391e-01 0.000000e+00)
0.10499       	(0.000000e+00 -1.640999e-01 0.000000e+00)
0.105112      	(0.000000e+00 -1.648633e-01 0.000000e+00)
0.105231      	(0.000000e+00 -1.656106e-01 0.000000e+00)
0.10535       	(0.000000e+00 -1.663603e-01 0.000000e+00)
0.10547       	(0.000000e+00 -1.671124e-01 0.000000e+00)
0.105589      	(0.000000e+00 -1.678670e-01 0.000000e+00)
0.105708      	(0.000000e+00 -1.686240e-01 0.000000e+00)
0.105824      	(0.000000e+00 -1.693629e-01 0.000000e+00)
0.10594       	(0.000000e+00 -1.701042e-01 0.000000e+00)
0.106056      	(0.000000e+00 -1.708477e-01 0.000000e+00)
0.106172      	(0.000000e+00 -1.715936e-01 0.000000e+00)
0.106288      	(0.000000e+00 -1.723418e-01 0.000000e+00)
0.1064        	(0.000000e+00 -1.730696e-01 0.000000e+00)
0.106513      	(0.000000e+00 -1.737996e-01 0.000000e+00)
0.106625      	(0.000000e+00 -1.745317e-01 0.000000e+00)
0.106738      	(0.000000e+00 -1.752661e-01 0.000000e+00)
0.10685       	(0.000000e+00 -1.760027e-01 0.000000e+00)
0.106963      	(0.000000e+00 -1.767414e-01 0.000000e+00)
0.107075      	(0.000000e+00 -1.774824e-01 0.000000e+00)
0.107184      	(0.000000e+00 -1.781980e-01 0.000000e+00)
0.107292      	(0.000000e+00 -1.789156e-01 0.000000e+00)
0.1074        	(0.000000e+00 -1.796353e-01 0.000000e+00)
0.107509      	(0.000000e+00 -1.803571e-01 0.000000e+00)
0.107617      	(0.000000e+00 -1.810809e-01 0.000000e+00)
0.107725      	(0.000000e+00 -1.818067e-01 0.000000e+00)
0.107834      	(0.000000e+00 -1.825346e-01 0.000000e+00)
0.107942      	(0.000000e+00 -1.832646e-01 0.000000e+00)
0.10805       	(0.000000e+00 -1.839966e-01 0.000000e+00)
0.108153      	(0.000000e+00 -1.846920e-01 0.000000e+00)
0.108255      	(0.000000e+00 -1.853892e-01 0.000000e+00)
0.108358      	(0.000000e+00 -1.860883e-01 0.000000e+00)
0.108461      	(0.000000e+00 -1.867892e-01 0.000000e+00)
0.108563      	(0.000000e+00 -1.874919e-01 0.000000e+00)
0.108666      	(0.000000e+00 -1.881966e-01 0.000000e+00)
0.108769      	(0.000000e+00 -1.889030e-01 0.000000e+00)
0.108871      	(0.000000e+00 -1.896114e-01 0.000000e+00)
0.108974      	(0.000000e+00 -1.903216e-01 0.000000e+00)
0.109076      	(0.000000e+00 -1.910336e-01 0.000000e+00)
0.109179      	(0.000000e+00 -1.917475e-01 0.000000e+00)
0.109282      	(0.000000e+00 -1.924633e-01 0.000000e+00)
0.109384      	(0.000000e+00 -1.931809e-01 0.000000e+00)
0.109472      	(0.000000e+00 -1.937974e-01 0.000000e+00)
0.10956       	(0.000000e+00 -1.944154e-01 0.000000e+00)
0.109648      	(0.000000e+00 -1.950347e-01 0.000000e+00)
0.109736      	(0.000000e+00 -1.956554e-01 0.000000e+00)
0.109824      	(0.000000e+00 -1.962774e-01 0.000000e+00)
0.109912      	(0.000000e+00 -1.969008e-01 0.000000e+00)
0.11          	(0.000000e+00 -1.975256e-01 0.000000e+00)
0.110099      	(0.000000e+00 -1.982305e-01 0.000000e+00)
0.110198      	(0.000000e+00 -1.989372e-01 0.000000e+00)
0.110296      	(0.000000e+00 -1.996385e-01 0.000000e+00)
0.110394      	(0.000000e+00 -2.003415e-01 0.000000e+00)
0.110491      	(0.000000e+00 -2.010391e-01 0.000000e+00)
0.110588      	(0.000000e+00 -2.017383e-01 0.000000e+00)
0.110685      	(0.000000e+00 -2.024392e-01 0.000000e+00)
0.110781      	(0.000000e+00 -2.031346e-01 0.000000e+00)
0.110877      	(0.000000e+00 -2.038315e-01 0.000000e+00)
0.110973      	(0.000000e+00 -2.045301e-01 0.000000e+00)
0.111068      	(0.000000e+00 -2.052230e-01 0.000000e+00)
0.111163      	(0.000000e+00 -2.059175e-01 0.000000e+00)
0.111258      	(0.000000e+00 -2.066135e-01 0.000000e+00)
0.111352      	(0.000000e+00 -2.073037e-01 0.000000e+00)
0.111446      	(0.000000e+00 -2.079954e-01 0.000000e+00)
0.11154       	(0.000000e+00 -2.086887e-01 0.000000e+00)
0.111633      	(0.000000e+00 -2.093760e-01 0.000000e+00)
0.111726      	(0.000000e+00 -2.100648e-01 0.000000e+00)
0.111819      	(0.000000e+00 -2.107551e-01 0.000000e+00)
0.111911      	(0.000000e+00 -2.114391e-01 0.000000e+00)
0.112003      	(0.000000e+00 -2.121247e-01 0.000000e+00)
0.112095      	(0.000000e+00 -2.128118e-01 0.000000e+00)
0.112186      	(0.000000e+00 -2.134924e-01 0.000000e+00)
0.112277      	(0.000000e+00 -2.141745e-01 0.000000e+00)
0.112368      	(0.000000e+00 -2.148581e-01 0.000000e+00)
0.112457      	(0.000000e+00 -2.155351e-01 0.000000e+00)
0.112547      	(0.000000e+00 -2.162136e-01 0.000000e+00)
0.112637      	(0.000000e+00 -2.168934e-01 0.000000e+00)
0.112727      	(0.000000e+00 -2.175747e-01 0.000000e+00)
0.112815      	(0.000000e+00 -2.182491e-01 0.000000e+00)
0.112904      	(0.000000e+00 -2.189249e-01 0.000000e+00)
0.112993      	(0.000000e+00 -2.196021e-01 0.000000e+00)
0.11308       	(0.000000e+00 -2.202722e-01 0.000000e+00)
0.113168      	(0.000000e+00 -2.209437e-01 0.000000e+00)
0.113256      	(0.000000e+00 -2.216166e-01 0.000000e+00)
0.113343      	(0.000000e+00 -2.222908e-01 0.000000e+00)
0.11343       	(0.000000e+00 -2.229576e-01 0.000000e+00)
0.113516      	(0.000000e+00 -2.236257e-01 0.000000e+00)
0.113603      	(0.000000e+00 -2.242952e-01 0.000000e+00)
0.113689      	(0.000000e+00 -2.249660e-01 0.000000e+00)
0.113774      	(0.000000e+00 -2.256290e-01 0.000000e+00)
0.11386       	(0.000000e+00 -2.262934e-01 0.000000e+00)
0.113945      	(0.000000e+00 -2.269590e-01 0.000000e+00)
0.11403       	(0.000000e+00 -2.276259e-01 0.000000e+00)
0.114114      	(0.000000e+00 -2.282847e-01 0.000000e+00)
0.114198      	(0.000000e+00 -2.289448e-01 0.000000e+00)
0.114282      	(0.000000e+00 -2.296061e-01 0.000000e+00)
0.114366      	(0.000000e+00 -2.302686e-01 0.000000e+00)
0.114451      	(0.000000e+00 -2.309325e-01 0.000000e+00)
0.114533      	(0.000000e+00 -2.315876e-01 0.000000e+00)
0.114616      	(0.000000e+00 -2.322440e-01 0.000000e+00)
0.114699      	(0.000000e+00 -2.329016e-01 0.000000e+00)
0.114782      	(0.000000e+00 -2.335604e-01 0.000000e+00)
0.114863      	(0.000000e+00 -2.342102e-01 0.000000e+00)
0.114945      	(0.000000e+00 -2.348611e-01 0.000000e+00)
0.115026      	(0.000000e+00 -2.355131e-01 0.000000e+00)
0.115108      	(0.000000e+00 -2.361664e-01 0.000000e+00)
0.115189      	(0.000000e+00 -2.368209e-01 0.000000e+00)
0.11527       	(0.000000e+00 -2.374656e-01 0.000000e+00)
0.11535       	(0.000000e+00 -2.381114e-01 0.000000e+00)
0.11543       	(0.000000e+00 -2.387584e-01 0.000000e+00)
0.11551       	(0.000000e+00 -2.394065e-01 0.000000e+00)
0.11559       	(0.000000e+00 -2.400558e-01 0.000000e+00)
0.115671      	(0.000000e+00 -2.407062e-01 0.000000e+00)
0.115749      	(0.000000e+00 -2.413459e-01 0.000000e+00)
0.115828      	(0.000000e+00 -2.419866e-01 0.000000e+00)
0.115907      	(0.000000e+00 -2.426285e-01 0.000000e+00)
0.115985      	(0.000000e+00 -2.432715e-01 0.000000e+00)
0.116064      	(0.000000e+00 -2.439156e-01 0.000000e+00)
0.116143      	(0.000000e+00 -2.445608e-01 0.000000e+00)
0.11622       	(0.000000e+00 -2.451942e-01 0.000000e+00)
0.116297      	(0.000000e+00 -2.458286e-01 0.000000e+00)
0.116374      	(0.000000e+00 -2.464640e-01 0.000000e+00)
0.116451      	(0.000000e+00 -2.471005e-01 0.000000e+00)
0.116529      	(0.000000e+00 -2.477381e-01 0.000000e+00)
0.116606      	(0.000000e+00 -2.483767e-01 0.000000e+00)
0.116683      	(0.000000e+00 -2.490164e-01 0.000000e+00)
0.116758      	(0.000000e+00 -2.496426e-01 0.000000e+00)
0.116834      	(0.000000e+00 -2.502697e-01 0.000000e+00)
0.116909      	(0.000000e+00 -2.508979e-01 0.000000e+00)
0.116984      	(0.000000e+00 -2.515271e-01 0.000000e+00)
0.11706       	(0.000000e+00 -2.521573e-01 0.000000e+00)
0.117135      	(0.000000e+00 -2.527884e-01 0.000000e+00)
0.117211      	(0.000000e+00 -2.534206e-01 0.000000e+00)
0.117286      	(0.000000e+00 -2.540538e-01 0.000000e+00)
0.117361      	(0.000000e+00 -2.546880e-01 0.000000e+00)
0.117435      	(0.000000e+00 -2.553055e-01 0.000000e+00)
0.117508      	(0.000000e+00 -2.559240e-01 0.000000e+00)
0.117581      	(0.000000e+00 -2.565434e-01 0.000000e+00)
0.117655      	(0.000000e+00 -2.571638e-01 0.000000e+00)
0.117728      	(0.000000e+00 -2.577852e-01 0.000000e+00)
0.117801      	(0.000000e+00 -2.584074e-01 0.000000e+00)
0.117874      	(0.000000e+00 -2.590306e-01 0.000000e+00)
0.117948      	(0.000000e+00 -2.596548e-01 0.000000e+00)
0.118021      	(0.000000e+00 -2.602799e-01 0.000000e+00)
0.118094      	(0.000000e+00 -2.609059e-01 0.000000e+00)
0.118165      	(0.000000e+00 -2.615097e-01 0.000000e+00)
0.118235      	(0.000000e+00 -2.621143e-01 0.000000e+00)
0.118306      	(0.000000e+00 -2.627198e-01 0.000000e+00)
0.118377      	(0.000000e+00 -2.633262e-01 0.000000e+00)
0.118447      	(0.000000e+00 -2.639335e-01 0.000000e+00)
0.118518      	(0.000000e+00 -2.645416e-01 0.000000e+00)
0.118588      	(0.000000e+00 -2.651506e-01 0.000000e+00)
0.118659      	(0.000000e+00 -2.657605e-01 0.000000e+00)
0.11873       	(0.000000e+00 -2.663712e-01 0.000000e+00)
0.1188        	(0.000000e+00 -2.669828e-01 0.000000e+00)
0.118871      	(0.000000e+00 -2.675953e-01 0.000000e+00)
0.118941      	(0.000000e+00 -2.682086e-01 0.000000e+00)
0.119012      	(0.000000e+00 -2.688229e-01 0.000000e+00)
0.119082      	(0.000000e+00 -2.694380e-01 0.000000e+00)
0.119153      	(0.000000e+00 -2.700539e-01 0.000000e+00)
0.119218      	(0.000000e+00 -2.706233e-01 0.000000e+00)
0.119283      	(0.000000e+00 -2.711934e-01 0.000000e+00)
0.119348      	(0.000000e+00 -2.717642e-01 0.000000e+00)
0.119414      	(0.000000e+00 -2.723358e-01 0.000000e+00)
0.119479      	(0.000000e+00 -2.729081e-01 0.000000e+00)
0.119544      	(0.000000e+00 -2.734811e-01 0.000000e+00)
0.119609      	(0.000000e+00 -2.740549e-01 0.000000e+00)
0.119674      	(0.000000e+00 -2.746295e-01 0.000000e+00)
0.119739      	(0.000000e+00 -2.752047e-01 0.000000e+00)
0.119805      	(0.000000e+00 -2.757807e-01 0.000000e+00)
0.11987       	(0.000000e+00 -2.763574e-01 0.000000e+00)
0.119935      	(0.000000e+00 -2.769349e-01 0.000000e+00)
0.12          	(0.000000e+00 -2.775131e-01 0.000000e+00)
0.120068      	(0.000000e+00 -2.781176e-01 0.000000e+00)
0.120136      	(0.000000e+00 -2.787229e-01 0.000000e+00)
0.120204      	(0.000000e+00 -2.793249e-01 0.000000e+00)
0.120271      	(0.000000e+00 -2.799276e-01 0.000000e+00)
0.120339      	(0.000000e+00 -2.805312e-01 0.000000e+00)
0.120406      	(0.000000e+00 -2.811313e-01 0.000000e+00)
0.120473      	(0.000000e+00 -2.817322e-01 0.000000e+00)
0.12054       	(0.000000e+00 -2.823339e-01 0.000000e+00)
0.120607      	(0.000000e+00 -2.829321e-01 0.000000e+00)
0.120673      	(0.000000e+00 -2.835311e-01 0.000000e+00)
0.12074       	(0.000000e+00 -2.841308e-01 0.000000e+00)
0.120806      	(0.000000e+00 -2.847270e-01 0.000000e+00)
0.120872      	(0.000000e+00 -2.853240e-01 0.000000e+00)
0.120938      	(0.000000e+00 -2.859217e-01 0.000000e+00)
0.121004      	(0.000000e+00 -2.865158e-01 0.000000e+00)
0.12107       	(0.000000e+00 -2.871106e-01 0.000000e+00)
0.121135      	(0.000000e+00 -2.877062e-01 0.000000e+00)
0.1212        	(0.000000e+00 -2.882982e-01 0.000000e+00)
0.121266      	(0.000000e+00 -2.888909e-01 0.000000e+00)
0.121331      	(0.000000e+00 -2.894843e-01 0.000000e+00)
0.121396      	(0.000000e+00 -2.900740e-01 0.000000e+00)
0.12146       	(0.000000e+00 -2.906644e-01 0.000000e+00)
0.121525      	(0.000000e+00 -2.912555e-01 0.000000e+00)
0.12159       	(0.000000e+00 -2.918473e-01 0.000000e+00)
0.121654      	(0.000000e+00 -2.924353e-01 0.000000e+00)
0.121718      	(0.000000e+00 -2.930241e-01 0.000000e+00)
0.121782      	(0.000000e+00 -2.936135e-01 0.000000e+00)
0.121846      	(0.000000e+00 -2.941990e-01 0.000000e+00)
0.12191       	(0.000000e+00 -2.947853e-01 0.000000e+00)
0.121973      	(0.000000e+00 -2.953722e-01 0.000000e+00)
0.122037      	(0.000000e+00 -2.959552e-01 0.000000e+00)
0.1221        	(0.000000e+00 -2.965388e-01 0.000000e+00)
0.122163      	(0.000000e+00 -2.971232e-01 0.000000e+00)
0.122226      	(0.000000e+00 -2.977082e-01 0.000000e+00)
0.122289      	(0.000000e+00 -2.982891e-01 0.000000e+00)
0.122352      	(0.000000e+00 -2.988708e-01 0.000000e+00)
0.122414      	(0.000000e+00 -2.994531e-01 0.000000e+00)
0.122477      	(0.000000e+00 -3.000360e-01 0.000000e+00)
0.122539      	(0.000000e+00 -3.006148e-01 0.000000e+00)
0.122601      	(0.000000e+00 -3.011942e-01 0.000000e+00)
0.122663      	(0.000000e+00 -3.017743e-01 0.000000e+00)
0.122726      	(0.000000e+00 -3.023551e-01 0.000000e+00)
0.122787      	(0.000000e+00 -3.029315e-01 0.000000e+00)
0.122849      	(0.000000e+00 -3.035086e-01 0.000000e+00)
0.122911      	(0.000000e+00 -3.040864e-01 0.000000e+00)
0.122972      	(0.000000e+00 -3.046647e-01 0.000000e+00)
0.123033      	(0.000000e+00 -3.052387e-01 0.000000e+00)
0.123094      	(0.000000e+00 -3.058133e-01 0.000000e+00)
0.123156      	(0.000000e+00 -3.063885e-01 0.000000e+00)
0.123217      	(0.000000e+00 -3.069643e-01 0.000000e+00)
0.123277      	(0.000000e+00 -3.075357e-01 0.000000e+00)
0.123338      	(0.000000e+00 -3.081076e-01 0.000000e+00)
0.123398      	(0.000000e+00 -3.086801e-01 0.000000e+00)
0.123459      	(0.000000e+00 -3.092533e-01 0.000000e+00)
0.123519      	(0.000000e+00 -3.098217e-01 0.000000e+00)
0.123579      	(0.000000e+00 -3.103908e-01 0.000000e+00)
0.123639      	(0.000000e+00 -3.109605e-01 0.000000e+00)
0.123699      	(0.000000e+00 -3.115308e-01 0.000000e+00)
0.123759      	(0.000000e+00 -3.121017e-01 0.000000e+00)
0.123818      	(0.000000e+00 -3.126677e-01 0.000000e+00)
0.123878      	(0.000000e+00 -3.132343e-01 0.000000e+00)
0.123937      	(0.000000e+00 -3.138015e-01 0.000000e+00)
0.123997      	(0.000000e+00 -3.143693e-01 0.000000e+00)
0.124056      	(0.000000e+00 -3.149321e-01 0.000000e+00)
0.124114      	(0.000000e+00 -3.154954e-01 0.000000e+00)
0.124173      	(0.000000e+00 -3.160593e-01 0.000000e+00)
0.124232      	(0.000000e+00 -3.166238e-01 0.000000e+00)
0.124291      	(0.000000e+00 -3.171889e-01 0.000000e+00)
0.124349      	(0.000000e+00 -3.177487e-01 0.000000e+00)
0.124408      	(0.000000e+00 -3.183092e-01 0.000000e+00)
0.124466      	(0.000000e+00 -3.188701e-01 0.000000e+00)
0.124524      	(0.000000e+00 -3.194316e-01 0.000000e+00)
0.124582      	(0.000000e+00 -3.199937e-01 0.000000e+00)
0.12464       	(0.000000e+00 -3.205504e-01 0.000000e+00)
0.124698      	(0.000000e+00 -3.211075e-01 0.000000e+00)
0.124755      	(0.000000e+00 -3.216653e-01 0.000000e+00)
0.124813      	(0.000000e+00 -3.222235e-01 0.000000e+00)
0.12487       	(0.000000e+00 -3.227823e-01 0.000000e+00)
0.124928      	(0.000000e+00 -3.233417e-01 0.000000e+00)
0.124985      	(0.000000e+00 -3.238953e-01 0.000000e+00)
0.125042      	(0.000000e+00 -3.244494e-01 0.000000e+00)
0.125099      	(0.000000e+00 -3.250040e-01 0.000000e+00)
0.125156      	(0.000000e+00 -3.255592e-01 0.000000e+00)
0.125213      	(0.000000e+00 -3.261149e-01 0.000000e+00)
0.125269      	(0.000000e+00 -3.266646e-01 0.000000e+00)
0.125326      	(0.000000e+00 -3.272147e-01 0.000000e+00)
0.125382      	(0.000000e+00 -3.277654e-01 0.000000e+00)
0.125438      	(0.000000e+00 -3.283166e-01 0.000000e+00)
0.125495      	(0.000000e+00 -3.288684e-01 0.000000e+00)
0.125551      	(0.000000e+00 -3.294206e-01 0.000000e+00)
0.125607      	(0.000000e+00 -3.299664e-01 0.000000e+00)
0.125662      	(0.000000e+00 -3.305127e-01 0.000000e+00)
0.125718      	(0.000000e+00 -3.310595e-01 0.000000e+00)
0.125773      	(0.000000e+00 -3.316068e-01 0.000000e+00)
0.125829      	(0.000000e+00 -3.321546e-01 0.000000e+00)
0.125885      	(0.000000e+00 -3.327029e-01 0.000000e+00)
0.12594       	(0.000000e+00 -3.332517e-01 0.000000e+00)
0.125995      	(0.000000e+00 -3.337935e-01 0.000000e+00)
0.12605       	(0.000000e+00 -3.343359e-01 0.000000e+00)
0.126105      	(0.000000e+00 -3.348787e-01 0.000000e+00)
0.12616       	(0.000000e+00 -3.354219e-01 0.000000e+00)
0.126215      	(0.000000e+00 -3.359657e-01 0.000000e+00)
0.126269      	(0.000000e+00 -3.365099e-01 0.000000e+00)
0.126324      	(0.000000e+00 -3.370546e-01 0.000000e+00)
0.126378      	(0.000000e+00 -3.375918e-01 0.000000e+00)
0.126432      	(0.000000e+00 -3.381294e-01 0.000000e+00)
0.126486      	(0.000000e+00 -3.386675e-01 0.000000e+00)
0.12654       	(0.000000e+00 -3.392061e-01 0.000000e+00)
0.126595      	(0.000000e+00 -3.397451e-01 0.000000e+00)
0.126649      	(0.000000e+00 -3.402845e-01 0.000000e+00)
0.126703      	(0.000000e+00 -3.408245e-01 0.000000e+00)
0.126757      	(0.000000e+00 -3.413648e-01 0.000000e+00)
0.12681       	(0.000000e+00 -3.418968e-01 0.000000e+00)
0.126863      	(0.000000e+00 -3.424292e-01 0.000000e+00)
0.126916      	(0.000000e+00 -3.429621e-01 0.000000e+00)
0.126969      	(0.000000e+00 -3.434954e-01 0.000000e+00)
0.127023      	(0.000000e+00 -3.440291e-01 0.000000e+00)
0.127076      	(0.000000e+00 -3.445633e-01 0.000000e+00)
0.127129      	(0.000000e+00 -3.450979e-01 0.000000e+00)
0.127182      	(0.000000e+00 -3.456329e-01 0.000000e+00)
0.127235      	(0.000000e+00 -3.461684e-01 0.000000e+00)
0.127288      	(0.000000e+00 -3.467043e-01 0.000000e+00)
0.127341      	(0.000000e+00 -3.472304e-01 0.000000e+00)
0.127393      	(0.000000e+00 -3.477568e-01 0.000000e+00)
0.127445      	(0.000000e+00 -3.482837e-01 0.000000e+00)
0.127497      	(0.000000e+00 -3.488110e-01 0.000000e+00)
0.127549      	(0.000000e+00 -3.493387e-01 0.000000e+00)
0.127601      	(0.000000e+00 -3.498669e-01 0.000000e+00)
0.127653      	(0.000000e+00 -3.503954e-01 0.000000e+00)
0.127706      	(0.000000e+00 -3.509244e-01 0.000000e+00)
0.127758      	(0.000000e+00 -3.514538e-01 0.000000e+00)
0.12781       	(0.000000e+00 -3.519836e-01 0.000000e+00)
0.127862      	(0.000000e+00 -3.525138e-01 0.000000e+00)
0.127913      	(0.000000e+00 -3.530318e-01 0.000000e+00)
0.127964      	(0.000000e+00 -3.535502e-01 0.000000e+00)
0.128015      	(0.000000e+00 -3.540690e-01 0.000000e+00)
0.128066      	(0.000000e+00 -3.545882e-01 0.000000e+00)
0.128117      	(0.000000e+00 -3.551077e-01 0.000000e+00)
0.128167      	(0.000000e+00 -3.556277e-01 0.000000e+00)
0.128218      	(0.000000e+00 -3.561481e-01 0.000000e+00)
0.128269      	(0.000000e+00 -3.566688e-01 0.000000e+00)
0.12832       	(0.000000e+00 -3.571899e-01 0.000000e+00)
0.128371      	(0.000000e+00 -3.577115e-01 0.000000e+00)
0.128422      	(0.000000e+00 -3.582334e-01 0.000000e+00)
0.128473      	(0.000000e+00 -3.587557e-01 0.000000e+00)
0.128524      	(0.000000e+00 -3.592784e-01 0.000000e+00)
0.128575      	(0.000000e+00 -3.598015e-01 0.000000e+00)
0.128624      	(0.000000e+00 -3.603069e-01 0.000000e+00)
0.128673      	(0.000000e+00 -3.608127e-01 0.000000e+00)
0.128722      	(0.000000e+00 -3.613188e-01 0.000000e+00)
0.128771      	(0.000000e+00 -3.618253e-01 0.000000e+00)
0.12882       	(0.000000e+00 -3.623322e-01 0.000000e+00)
0.12887       	(0.000000e+00 -3.628394e-01 0.000000e+00)
0.128919      	(0.000000e+00 -3.633470e-01 0.000000e+00)
0.128968      	(0.000000e+00 -3.638549e-01 0.000000e+00)
0.129017      	(0.000000e+00 -3.643632e-01 0.000000e+00)
0.129066      	(0.000000e+00 -3.648719e-01 0.000000e+00)
0.129115      	(0.000000e+00 -3.653809e-01 0.000000e+00)
0.129164      	(0.000000e+00 -3.658902e-01 0.000000e+00)
0.129214      	(0.000000e+00 -3.664000e-01 0.000000e+00)
0.129263      	(0.000000e+00 -3.669100e-01 0.000000e+00)
0.129312      	(0.000000e+00 -3.674205e-01 0.000000e+00)
0.129361      	(0.000000e+00 -3.679313e-01 0.000000e+00)
0.12941       	(0.000000e+00 -3.684424e-01 0.000000e+00)
0.129459      	(0.000000e+00 -3.689539e-01 0.000000e+00)
0.129509      	(0.000000e+00 -3.694657e-01 0.000000e+00)
0.129558      	(0.000000e+00 -3.699779e-01 0.000000e+00)
0.129607      	(0.000000e+00 -3.704905e-01 0.000000e+00)
0.129656      	(0.000000e+00 -3.710034e-01 0.000000e+00)
0.129705      	(0.000000e+00 -3.715167e-01 0.000000e+00)
0.129747      	(0.000000e+00 -3.719569e-01 0.000000e+00)
0.129789      	(0.000000e+00 -3.723973e-01 0.000000e+00)
0.129831      	(0.000000e+00 -3.728381e-01 0.000000e+00)
0.129874      	(0.000000e+00 -3.732790e-01 0.000000e+00)
0.129916      	(0.000000e+00 -3.737203e-01 0.000000e+00)
0.129958      	(0.000000e+00 -3.741618e-01 0.000000e+00)
0.13          	(0.000000e+00 -3.746035e-01 0.000000e+00)
0.130048      	(0.000000e+00 -3.751104e-01 0.000000e+00)
0.130097      	(0.000000e+00 -3.756176e-01 0.000000e+00)
0.130145      	(0.000000e+00 -3.761252e-01 0.000000e+00)
0.130193      	(0.000000e+00 -3.766306e-01 0.000000e+00)
0.130241      	(0.000000e+00 -3.771363e-01 0.000000e+00)
0.130289      	(0.000000e+00 -3.776424e-01 0.000000e+00)
0.130337      	(0.000000e+00 -3.781488e-01 0.000000e+00)
0.130385      	(0.000000e+00 -3.786530e-01 0.000000e+00)
0.130433      	(0.000000e+00 -3.791575e-01 0.000000e+00)
0.130481      	(0.000000e+00 -3.796624e-01 0.000000e+00)
0.130528      	(0.000000e+00 -3.801650e-01 0.000000e+00)
0.130576      	(0.000000e+00 -3.806680e-01 0.000000e+00)
0.130624      	(0.000000e+00 -3.811713e-01 0.000000e+00)
0.130671      	(0.000000e+00 -3.816749e-01 0.000000e+00)
0.130718      	(0.000000e+00 -3.821763e-01 0.000000e+00)
0.130766      	(0.000000e+00 -3.826780e-01 0.000000e+00)
0.130813      	(0.000000e+00 -3.831800e-01 0.000000e+00)
0.13086       	(0.000000e+00 -3.836798e-01 0.000000e+00)
0.130907      	(0.000000e+00 -3.841798e-01 0.000000e+00)
0.130955      	(0.000000e+00 -3.846802e-01 0.000000e+00)
0.131001      	(0.000000e+00 -3.851783e-01 0.000000e+00)
0.131048      	(0.000000e+00 -3.856767e-01 0.000000e+00)
0.131095      	(0.000000e+00 -3.861754e-01 0.000000e+00)
0.131142      	(0.000000e+00 -3.866744e-01 0.000000e+00)
0.131189      	(0.000000e+00 -3.871711e-01 0.000000e+00)
0.131235      	(0.000000e+00 -3.876680e-01 0.000000e+00)
0.131282      	(0.000000e+00 -3.881653e-01 0.000000e+00)
0.131328      	(0.000000e+00 -3.886603e-01 0.000000e+00)
0.131375      	(0.000000e+00 -3.891555e-01 0.000000e+00)
0.131421      	(0.000000e+00 -3.896510e-01 0.000000e+00)
0.131467      	(0.000000e+00 -3.901468e-01 0.000000e+00)
0.131513      	(0.000000e+00 -3.906403e-01 0.000000e+00)
0.13156       	(0.000000e+00 -3.911340e-01 0.000000e+00)
0.131606      	(0.000000e+00 -3.916280e-01 0.000000e+00)
0.131652      	(0.000000e+00 -3.921223e-01 0.000000e+00)
0.131698      	(0.000000e+00 -3.926142e-01 0.000000e+00)
0.131744      	(0.000000e+00 -3.931063e-01 0.000000e+00)
0.131789      	(0.000000e+00 -3.935988e-01 0.000000e+00)
0.131835      	(0.000000e+00 -3.940915e-01 0.000000e+00)
0.131881      	(0.000000e+00 -3.945818e-01 0.000000e+00)
0.131927      	(0.000000e+00 -3.950723e-01 0.000000e+00)
0.131972      	(0.000000e+00 -3.955631e-01 0.000000e+00)
0.132018      	(0.000000e+00 -3.960542e-01 0.000000e+00)
0.132063      	(0.000000e+00 -3.965428e-01 0.000000e+00)
0.132108      	(0.000000e+00 -3.970317e-01 0.000000e+00)
0.132154      	(0.000000e+00 -3.975208e-01 0.000000e+00)
0.132199      	(0.000000e+00 -3.980103e-01 0.000000e+00)
0.132244      	(0.000000e+00 -3.984971e-01 0.000000e+00)
0.132289      	(0.000000e+00 -3.989843e-01 0.000000e+00)
0.132334      	(0.000000e+00 -3.994717e-01 0.000000e+00)
0.13238       	(0.000000e+00 -3.999593e-01 0.000000e+00)
0.132424      	(0.000000e+00 -4.004444e-01 0.000000e+00)
0.132469      	(0.000000e+00 -4.009297e-01 0.000000e+00)
0.132514      	(0.000000e+00 -4.014153e-01 0.000000e+00)
0.132559      	(0.000000e+00 -4.019012e-01 0.000000e+00)
0.132603      	(0.000000e+00 -4.023844e-01 0.000000e+00)
0.132648      	(0.000000e+00 -4.028679e-01 0.000000e+00)
0.132693      	(0.000000e+00 -4.033517e-01 0.000000e+00)
0.132737      	(0.000000e+00 -4.038357e-01 0.000000e+00)
0.132782      	(0.000000e+00 -4.043199e-01 0.000000e+00)
0.132826      	(0.000000e+00 -4.048015e-01 0.000000e+00)
0.13287       	(0.000000e+00 -4.052833e-01 0.000000e+00)
0.132914      	(0.000000e+00 -4.057653e-01 0.000000e+00)
0.132959      	(0.000000e+00 -4.062476e-01 0.000000e+00)
0.133003      	(0.000000e+00 -4.067272e-01 0.000000e+00)
0.133047      	(0.000000e+00 -4.072070e-01 0.000000e+00)
0.133091      	(0.000000e+00 -4.076870e-01 0.000000e+00)
0.133135      	(0.000000e+00 -4.081673e-01 0.000000e+00)
0.133179      	(0.000000e+00 -4.086479e-01 0.000000e+00)
0.133223      	(0.000000e+00 -4.091256e-01 0.000000e+00)
0.133266      	(0.000000e+00 -4.096036e-01 0.000000e+00)
0.13331       	(0.000000e+00 -4.100818e-01 0.000000e+00)
0.133354      	(0.000000e+00 -4.105602e-01 0.000000e+00)
0.133397      	(0.000000e+00 -4.110389e-01 0.000000e+00)
0.133441      	(0.000000e+00 -4.115147e-01 0.000000e+00)
0.133484      	(0.000000e+00 -4.119907e-01 0.000000e+00)
0.133528      	(0.000000e+00 -4.124670e-01 0.000000e+00)
0.133571      	(0.000000e+00 -4.129435e-01 0.000000e+00)
0.133615      	(0.000000e+00 -4.134203e-01 0.000000e+00)
0.133658      	(0.000000e+00 -4.138940e-01 0.000000e+00)
0.133701      	(0.000000e+00 -4.143680e-01 0.000000e+00)
0.133744      	(0.000000e+00 -4.148422e-01 0.000000e+00)
0.133787      	(0.000000e+00 -4.153167e-01 0.000000e+00)
0.13383       	(0.000000e+00 -4.157914e-01 0.000000e+00)
0.133873      	(0.000000e+00 -4.162630e-01 0.000000e+00)
0.133916      	(0.000000e+00 -4.167349e-01 0.000000e+00)
0.133959      	(0.000000e+00 -4.172070e-01 0.000000e+00)
0.134002      	(0.000000e+00 -4.176793e-01 0.000000e+00)
0.134045      	(0.000000e+00 -4.181518e-01 0.000000e+00)
0.134087      	(0.000000e+00 -4.186212e-01 0.000000e+00)
0.13413       	(0.000000e+00 -4.190908e-01 0.000000e+00)
0.134172      	(0.000000e+00 -4.195606e-01 0.000000e+00)
0.134215      	(0.000000e+00 -4.200307e-01 0.000000e+00)
0.134257      	(0.000000e+00 -4.205010e-01 0.000000e+00)
0.1343        	(0.000000e+00 -4.209715e-01 0.000000e+00)
0.134342      	(0.000000e+00 -4.214387e-01 0.000000e+00)
0.134384      	(0.000000e+00 -4.219062e-01 0.000000e+00)
0.134426      	(0.000000e+00 -4.223738e-01 0.000000e+00)
0.134469      	(0.000000e+00 -4.228417e-01 0.000000e+00)
0.134511      	(0.000000e+00 -4.233098e-01 0.000000e+00)
0.134553      	(0.000000e+00 -4.237782e-01 0.000000e+00)
0.134595      	(0.000000e+00 -4.242431e-01 0.000000e+00)
0.134637      	(0.000000e+00 -4.247082e-01 0.000000e+00)
0.134679      	(0.000000e+00 -4.251736e-01 0.000000e+00)
0.134721      	(0.000000e+00 -4.256392e-01 0.000000e+00)
0.134763      	(0.000000e+00 -4.261049e-01 0.000000e+00)
0.134805      	(0.000000e+00 -4.265709e-01 0.000000e+00)
0.134846      	(0.000000e+00 -4.270334e-01 0.000000e+00)
0.134888      	(0.000000e+00 -4.274961e-01 0.000000e+00)
0.134929      	(0.000000e+00 -4.279589e-01 0.000000e+00)
0.134971      	(0.000000e+00 -4.284220e-01 0.000000e+00)
0.135012      	(0.000000e+00 -4.288853e-01 0.000000e+00)
0.135054      	(0.000000e+00 -4.293488e-01 0.000000e+00)
0.135095      	(0.000000e+00 -4.298086e-01 0.000000e+00)
0.135136      	(0.000000e+00 -4.302687e-01 0.000000e+00)
0.135178      	(0.000000e+00 -4.307289e-01 0.000000e+00)
0.135219      	(0.000000e+00 -4.311893e-01 0.000000e+00)
0.13526       	(0.000000e+00 -4.316499e-01 0.000000e+00)
0.135301      	(0.000000e+00 -4.321108e-01 0.000000e+00)
0.135342      	(0.000000e+00 -4.325718e-01 0.000000e+00)
0.135383      	(0.000000e+00 -4.330290e-01 0.000000e+00)
0.135424      	(0.000000e+00 -4.334863e-01 0.000000e+00)
0.135465      	(0.000000e+00 -4.339439e-01 0.000000e+00)
0.135506      	(0.000000e+00 -4.344017e-01 0.000000e+00)
0.135547      	(0.000000e+00 -4.348596e-01 0.000000e+00)
0.135588      	(0.000000e+00 -4.353177e-01 0.000000e+00)
0.135628      	(0.000000e+00 -4.357761e-01 0.000000e+00)
0.135669      	(0.000000e+00 -4.362346e-01 0.000000e+00)
0.13571       	(0.000000e+00 -4.366890e-01 0.000000e+00)
0.13575       	(0.000000e+00 -4.371436e-01 0.000000e+00)
0.135791      	(0.000000e+00 -4.375984e-01 0.000000e+00)
0.135831      	(0.000000e+00 -4.380534e-01 0.000000e+00)
0.135872      	(0.000000e+00 -4.385086e-01 0.000000e+00)
0.135912      	(0.000000e+00 -4.389639e-01 0.000000e+00)
0.135953      	(0.000000e+00 -4.394195e-01 0.000000e+00)
0.135993      	(0.000000e+00 -4.398707e-01 0.000000e+00)
0.136033      	(0.000000e+00 -4.403221e-01 0.000000e+00)
0.136073      	(0.000000e+00 -4.407737e-01 0.000000e+00)
0.136113      	(0.000000e+00 -4.412254e-01 0.000000e+00)
0.136153      	(0.000000e+00 -4.416774e-01 0.000000e+00)
0.136193      	(0.000000e+00 -4.421295e-01 0.000000e+00)
0.136233      	(0.000000e+00 -4.425818e-01 0.000000e+00)
0.136273      	(0.000000e+00 -4.430342e-01 0.000000e+00)
0.136313      	(0.000000e+00 -4.434869e-01 0.000000e+00)
0.136353      	(0.000000e+00 -4.439348e-01 0.000000e+00)
0.136393      	(0.000000e+00 -4.443830e-01 0.000000e+00)
0.136432      	(0.000000e+00 -4.448312e-01 0.000000e+00)
0.136472      	(0.000000e+00 -4.452797e-01 0.000000e+00)
0.136511      	(0.000000e+00 -4.457284e-01 0.000000e+00)
0.136551      	(0.000000e+00 -4.461772e-01 0.000000e+00)
0.136591      	(0.000000e+00 -4.466262e-01 0.000000e+00)
0.13663       	(0.000000e+00 -4.470753e-01 0.000000e+00)
0.13667       	(0.000000e+00 -4.475246e-01 0.000000e+00)
0.136709      	(0.000000e+00 -4.479689e-01 0.000000e+00)
0.136748      	(0.000000e+00 -4.484132e-01 0.000000e+00)
0.136788      	(0.000000e+00 -4.488578e-01 0.000000e+00)
0.136827      	(0.000000e+00 -4.493025e-01 0.000000e+00)
0.136866      	(0.000000e+00 -4.497473e-01 0.000000e+00)
0.136905      	(0.000000e+00 -4.501924e-01 0.000000e+00)
0.136944      	(0.000000e+00 -4.506376e-01 0.000000e+00)
0.136983      	(0.000000e+00 -4.510829e-01 0.000000e+00)
0.137023      	(0.000000e+00 -4.515285e-01 0.000000e+00)
0.137062      	(0.000000e+00 -4.519741e-01 0.000000e+00)
0.137101      	(0.000000e+00 -4.524200e-01 0.000000e+00)
0.13714       	(0.000000e+00 -4.528600e-01 0.000000e+00)
0.137178      	(0.000000e+00 -4.533003e-01 0.000000e+00)
0.137217      	(0.000000e+00 -4.537406e-01 0.000000e+00)
0.137256      	(0.000000e+00 -4.541812e-01 0.000000e+00)
0.137294      	(0.000000e+00 -4.546219e-01 0.000000e+00)
0.137333      	(0.000000e+00 -4.550627e-01 0.000000e+00)
0.137372      	(0.000000e+00 -4.555037e-01 0.000000e+00)
0.13741       	(0.000000e+00 -4.559449e-01 0.000000e+00)
0.137449      	(0.000000e+00 -4.563862e-01 0.000000e+00)
0.137488      	(0.000000e+00 -4.568276e-01 0.000000e+00)
0.137526      	(0.000000e+00 -4.572692e-01 0.000000e+00)
0.137565      	(0.000000e+00 -4.577110e-01 0.000000e+00)
0.137603      	(0.000000e+00 -4.581460e-01 0.000000e+00)
0.137641      	(0.000000e+00 -4.585812e-01 0.000000e+00)
0.137679      	(0.000000e+00 -4.590165e-01 0.000000e+00)
0.137717      	(0.000000e+00 -4.594520e-01 0.000000e+00)
0.137755      	(0.000000e+00 -4.598876e-01 0.000000e+00)
0.137793      	(0.000000e+00 -4.603233e-01 0.000000e+00)
0.137831      	(0.000000e+00 -4.607592e-01 0.000000e+00)
0.137869      	(0.000000e+00 -4.611953e-01 0.000000e+00)
0.137907      	(0.000000e+00 -4.616314e-01 0.000000e+00)
0.137945      	(0.000000e+00 -4.620678e-01 0.000000e+00)
0.137983      	(0.000000e+00 -4.625043e-01 0.000000e+00)
0.138021      	(0.000000e+00 -4.629409e-01 0.000000e+00)
0.138059      	(0.000000e+00 -4.633776e-01 0.000000e+00)
0.138098      	(0.000000e+00 -4.638145e-01 0.000000e+00)
0.138136      	(0.000000e+00 -4.642516e-01 0.000000e+00)
0.138173      	(0.000000e+00 -4.646801e-01 0.000000e+00)
0.13821       	(0.000000e+00 -4.651086e-01 0.000000e+00)
0.138247      	(0.000000e+00 -4.655374e-01 0.000000e+00)
0.138285      	(0.000000e+00 -4.659662e-01 0.000000e+00)
0.138322      	(0.000000e+00 -4.663952e-01 0.000000e+00)
0.138359      	(0.000000e+00 -4.668243e-01 0.000000e+00)
0.138397      	(0.000000e+00 -4.672536e-01 0.000000e+00)
0.138434      	(0.000000e+00 -4.676830e-01 0.000000e+00)
0.138471      	(0.000000e+00 -4.681125e-01 0.000000e+00)
0.138508      	(0.000000e+00 -4.685422e-01 0.000000e+00)
0.138546      	(0.000000e+00 -4.689720e-01 0.000000e+00)
0.138583      	(0.000000e+00 -4.694019e-01 0.000000e+00)
0.13862       	(0.000000e+00 -4.698320e-01 0.000000e+00)
0.138658      	(0.000000e+00 -4.702622e-01 0.000000e+00)
0.138695      	(0.000000e+00 -4.706925e-01 0.000000e+00)
0.138732      	(0.000000e+00 -4.711230e-01 0.000000e+00)
0.138769      	(0.000000e+00 -4.715536e-01 0.000000e+00)
0.138807      	(0.000000e+00 -4.719843e-01 0.000000e+00)
0.138844      	(0.000000e+00 -4.724152e-01 0.000000e+00)
0.13888       	(0.000000e+00 -4.728327e-01 0.000000e+00)
0.138916      	(0.000000e+00 -4.732503e-01 0.000000e+00)
0.138952      	(0.000000e+00 -4.736681e-01 0.000000e+00)
0.138989      	(0.000000e+00 -4.740860e-01 0.000000e+00)
0.139025      	(0.000000e+00 -4.745040e-01 0.000000e+00)
0.139061      	(0.000000e+00 -4.749221e-01 0.000000e+00)
0.139097      	(0.000000e+00 -4.753404e-01 0.000000e+00)
0.139133      	(0.000000e+00 -4.757587e-01 0.000000e+00)
0.139169      	(0.000000e+00 -4.761772e-01 0.000000e+00)
0.139205      	(0.000000e+00 -4.765958e-01 0.000000e+00)
0.139241      	(0.000000e+00 -4.770145e-01 0.000000e+00)
0.139278      	(0.000000e+00 -4.774334e-01 0.000000e+00)
0.139314      	(0.000000e+00 -4.778523e-01 0.000000e+00)
0.13935       	(0.000000e+00 -4.782714e-01 0.000000e+00)
0.139386      	(0.000000e+00 -4.786906e-01 0.000000e+00)
0.139422      	(0.000000e+00 -4.791099e-01 0.000000e+00)
0.139458      	(0.000000e+00 -4.795293e-01 0.000000e+00)
0.139494      	(0.000000e+00 -4.799489e-01 0.000000e+00)
0.13953       	(0.000000e+00 -4.803686e-01 0.000000e+00)
0.139567      	(0.000000e+00 -4.807883e-01 0.000000e+00)
0.139603      	(0.000000e+00 -4.812082e-01 0.000000e+00)
0.139639      	(0.000000e+00 -4.816282e-01 0.000000e+00)
0.139675      	(0.000000e+00 -4.820484e-01 0.000000e+00)
0.139711      	(0.000000e+00 -4.824686e-01 0.000000e+00)
0.139747      	(0.000000e+00 -4.828889e-01 0.000000e+00)
0.139783      	(0.000000e+00 -4.833094e-01 0.000000e+00)
0.139819      	(0.000000e+00 -4.837300e-01 0.000000e+00)
0.139856      	(0.000000e+00 -4.841507e-01 0.000000e+00)
0.139892      	(0.000000e+00 -4.845715e-01 0.000000e+00)
0.139928      	(0.000000e+00 -4.849924e-01 0.000000e+00)
0.139964      	(0.000000e+00 -4.854134e-01 0.000000e+00)
0.14          	(0.000000e+00 -4.858346e-01 0.000000e+00)
0.140036      	(0.000000e+00 -4.862556e-01 0.000000e+00)
0.140072      	(0.000000e+00 -4.866752e-01 0.000000e+00)
0.140108      	(0.000000e+00 -4.870949e-01 0.000000e+00)
0.140144      	(0.000000e+00 -4.875147e-01 0.000000e+00)
0.14018       	(0.000000e+00 -4.879346e-01 0.000000e+00)
0.140216      	(0.000000e+00 -4.883531e-01 0.000000e+00)
0.140252      	(0.000000e+00 -4.887717e-01 0.000000e+00)
0.140288      	(0.000000e+00 -4.891904e-01 0.000000e+00)
0.140323      	(0.000000e+00 -4.896077e-01 0.000000e+00)
0.140359      	(0.000000e+00 -4.900250e-01 0.000000e+00)
0.140395      	(0.000000e+00 -4.904425e-01 0.000000e+00)
0.14043       	(0.000000e+00 -4.908601e-01 0.000000e+00)
0.140466      	(0.000000e+00 -4.912763e-01 0.000000e+00)
0.140501      	(0.000000e+00 -4.916925e-01 0.000000e+00)
0.140537      	(0.000000e+00 -4.921088e-01 0.000000e+00)
0.140573      	(0.000000e+00 -4.925253e-01 0.000000e+00)
0.140608      	(0.000000e+00 -4.929403e-01 0.000000e+00)
0.140644      	(0.000000e+00 -4.933554e-01 0.000000e+00)
0.140679      	(0.000000e+00 -4.937706e-01 0.000000e+00)
0.140714      	(0.000000e+00 -4.941859e-01 0.000000e+00)
0.14075       	(0.000000e+00 -4.945997e-01 0.000000e+00)
0.140785      	(0.000000e+00 -4.950136e-01 0.000000e+00)
0.14082       	(0.000000e+00 -4.954276e-01 0.000000e+00)
0.140856      	(0.000000e+00 -4.958417e-01 0.000000e+00)
0.140891      	(0.000000e+00 -4.962543e-01 0.000000e+00)
0.140926      	(0.000000e+00 -4.966671e-01 0.000000e+00)
0.140961      	(0.000000e+00 -4.970799e-01 0.000000e+00)
0.140996      	(0.000000e+00 -4.974928e-01 0.000000e+00)
0.141031      	(0.000000e+00 -4.979042e-01 0.000000e+00)
0.141066      	(0.000000e+00 -4.983157e-01 0.000000e+00)
0.141101      	(0.000000e+00 -4.987273e-01 0.000000e+00)
0.141136      	(0.000000e+00 -4.991390e-01 0.000000e+00)
0.141171      	(0.000000e+00 -4.995507e-01 0.000000e+00)
0.141206      	(0.000000e+00 -4.999610e-01 0.000000e+00)
0.141241      	(0.000000e+00 -5.003713e-01 0.000000e+00)
0.141276      	(0.000000e+00 -5.007818e-01 0.000000e+00)
0.141311      	(0.000000e+00 -5.011923e-01 0.000000e+00)
0.141346      	(0.000000e+00 -5.016013e-01 0.000000e+00)
0.141381      	(0.000000e+00 -5.020103e-01 0.000000e+00)
0.141415      	(0.000000e+00 -5.024195e-01 0.000000e+00)
0.14145       	(0.000000e+00 -5.028287e-01 0.000000e+00)
0.141485      	(0.000000e+00 -5.032364e-01 0.000000e+00)
0.141519      	(0.000000e+00 -5.036442e-01 0.000000e+00)
0.141554      	(0.000000e+00 -5.040520e-01 0.000000e+00)
0.141589      	(0.000000e+00 -5.044600e-01 0.000000e+00)
0.141623      	(0.000000e+00 -5.048680e-01 0.000000e+00)
0.141658      	(0.000000e+00 -5.052744e-01 0.000000e+00)
0.141692      	(0.000000e+00 -5.056810e-01 0.000000e+00)
0.141727      	(0.000000e+00 -5.060876e-01 0.000000e+00)
0.141761      	(0.000000e+00 -5.064943e-01 0.000000e+00)
0.141795      	(0.000000e+00 -5.068994e-01 0.000000e+00)
0.14183       	(0.000000e+00 -5.073046e-01 0.000000e+00)
0.141864      	(0.000000e+00 -5.077098e-01 0.000000e+00)
0.141898      	(0.000000e+00 -5.081152e-01 0.000000e+00)
0.141933      	(0.000000e+00 -5.085206e-01 0.000000e+00)
0.141967      	(0.000000e+00 -5.089244e-01 0.000000e+00)
0.142001      	(0.000000e+00 -5.093283e-01 0.000000e+00)
0.142035      	(0.000000e+00 -5.097322e-01 0.000000e+00)
0.142069      	(0.000000e+00 -5.101363e-01 0.000000e+00)
0.142104      	(0.000000e+00 -5.105404e-01 0.000000e+00)
0.142138      	(0.000000e+00 -5.109429e-01 0.000000e+00)
0.142172      	(0.000000e+00 -5.113454e-01 0.000000e+00)
0.142206      	(0.000000e+00 -5.117480e-01 0.000000e+00)
0.14224       	(0.000000e+00 -5.121507e-01 0.000000e+00)
0.142274      	(0.000000e+00 -5.125535e-01 0.000000e+00)
0.142308      	(0.000000e+00 -5.129546e-01 0.000000e+00)
0.142342      	(0.000000e+00 -5.133558e-01 0.000000e+00)
0.142375      	(0.000000e+00 -5.137570e-01 0.000000e+00)
0.142409      	(0.000000e+00 -5.141584e-01 0.000000e+00)
0.142443      	(0.000000e+00 -5.145598e-01 0.000000e+00)
0.142477      	(0.000000e+00 -5.149595e-01 0.000000e+00)
0.142511      	(0.000000e+00 -5.153592e-01 0.000000e+00)
0.142544      	(0.000000e+00 -5.157591e-01 0.000000e+00)
0.142578      	(0.000000e+00 -5.161590e-01 0.000000e+00)
0.142612      	(0.000000e+00 -5.165590e-01 0.000000e+00)
0.142645      	(0.000000e+00 -5.169572e-01 0.000000e+00)
0.142679      	(0.000000e+00 -5.173555e-01 0.000000e+00)
0.142713      	(0.000000e+00 -5.177539e-01 0.000000e+00)
0.142746      	(0.000000e+00 -5.181524e-01 0.000000e+00)
0.14278       	(0.000000e+00 -5.185509e-01 0.000000e+00)
0.142813      	(0.000000e+00 -5.189477e-01 0.000000e+00)
0.142847      	(0.000000e+00 -5.193445e-01 0.000000e+00)
0.14288       	(0.000000e+00 -5.197414e-01 0.000000e+00)
0.142914      	(0.000000e+00 -5.201384e-01 0.000000e+00)
0.142947      	(0.000000e+00 -5.205355e-01 0.000000e+00)
0.14298       	(0.000000e+00 -5.209326e-01 0.000000e+00)
0.143014      	(0.000000e+00 -5.213279e-01 0.000000e+00)
0.143047      	(0.000000e+00 -5.217233e-01 0.000000e+00)
0.14308       	(0.000000e+00 -5.221187e-01 0.000000e+00)
0.143113      	(0.000000e+00 -5.225142e-01 0.000000e+00)
0.143147      	(0.000000e+00 -5.229098e-01 0.000000e+00)
0.14318       	(0.000000e+00 -5.233036e-01 0.000000e+00)
0.143213      	(0.000000e+00 -5.236974e-01 0.000000e+00)
0.143246      	(0.000000e+00 -5.240912e-01 0.000000e+00)
0.143279      	(0.000000e+00 -5.244852e-01 0.000000e+00)
0.143312      	(0.000000e+00 -5.248792e-01 0.000000e+00)
0.143345      	(0.000000e+00 -5.252733e-01 0.000000e+00)
0.143378      	(0.000000e+00 -5.256654e-01 0.000000e+00)
0.143411      	(0.000000e+00 -5.260577e-01 0.000000e+00)
0.143444      	(0.000000e+00 -5.264500e-01 0.000000e+00)
0.143477      	(0.000000e+00 -5.268424e-01 0.000000e+00)
0.14351       	(0.000000e+00 -5.272348e-01 0.000000e+00)
0.143543      	(0.000000e+00 -5.276273e-01 0.000000e+00)
0.143576      	(0.000000e+00 -5.280179e-01 0.000000e+00)
0.143609      	(0.000000e+00 -5.284085e-01 0.000000e+00)
0.143641      	(0.000000e+00 -5.287992e-01 0.000000e+00)
0.143674      	(0.000000e+00 -5.291900e-01 0.000000e+00)
0.143707      	(0.000000e+00 -5.295808e-01 0.000000e+00)
0.14374       	(0.000000e+00 -5.299717e-01 0.000000e+00)
0.143772      	(0.000000e+00 -5.303606e-01 0.000000e+00)
0.143805      	(0.000000e+00 -5.307495e-01 0.000000e+00)
0.143838      	(0.000000e+00 -5.311386e-01 0.000000e+00)
0.14387       	(0.000000e+00 -5.315277e-01 0.000000e+00)
0.143903      	(0.000000e+00 -5.319168e-01 0.000000e+00)
0.143935      	(0.000000e+00 -5.323060e-01 0.000000e+00)
0.143968      	(0.000000e+00 -5.326953e-01 0.000000e+00)
0.144         	(0.000000e+00 -5.330825e-01 0.000000e+00)
0.144033      	(0.000000e+00 -5.334698e-01 0.000000e+00)
0.144065      	(0.000000e+00 -5.338571e-01 0.000000e+00)
0.144098      	(0.000000e+00 -5.342445e-01 0.000000e+00)
0.14413       	(0.000000e+00 -5.346319e-01 0.000000e+00)
0.144163      	(0.000000e+00 -5.350194e-01 0.000000e+00)
0.144195      	(0.000000e+00 -5.354049e-01 0.000000e+00)
0.144227      	(0.000000e+00 -5.357903e-01 0.000000e+00)
0.144259      	(0.000000e+00 -5.361759e-01 0.000000e+00)
0.144292      	(0.000000e+00 -5.365615e-01 0.000000e+00)
0.144324      	(0.000000e+00 -5.369471e-01 0.000000e+00)
0.144356      	(0.000000e+00 -5.373328e-01 0.000000e+00)
0.144388      	(0.000000e+00 -5.377185e-01 0.000000e+00)
0.14442       	(0.000000e+00 -5.381021e-01 0.000000e+00)
0.144452      	(0.000000e+00 -5.384858e-01 0.000000e+00)
0.144484      	(0.000000e+00 -5.388695e-01 0.000000e+00)
0.144517      	(0.000000e+00 -5.392532e-01 0.000000e+00)
0.144549      	(0.000000e+00 -5.396370e-01 0.000000e+00)
0.144581      	(0.000000e+00 -5.400209e-01 0.000000e+00)
0.144613      	(0.000000e+00 -5.404048e-01 0.000000e+00)
0.144645      	(0.000000e+00 -5.407887e-01 0.000000e+00)
0.144677      	(0.000000e+00 -5.411704e-01 0.000000e+00)
0.144709      	(0.000000e+00 -5.415522e-01 0.000000e+00)
0.14474       	(0.000000e+00 -5.419340e-01 0.000000e+00)
0.144772      	(0.000000e+00 -5.423159e-01 0.000000e+00)
0.144804      	(0.000000e+00 -5.426978e-01 0.000000e+00)
0.144836      	(0.000000e+00 -5.430797e-01 0.000000e+00)
0.144868      	(0.000000e+00 -5.434617e-01 0.000000e+00)
0.1449        	(0.000000e+00 -5.438414e-01 0.000000e+00)
0.144931      	(0.000000e+00 -5.442212e-01 0.000000e+00)
0.144963      	(0.000000e+00 -5.446010e-01 0.000000e+00)
0.144995      	(0.000000e+00 -5.449808e-01 0.000000e+00)
0.145026      	(0.000000e+00 -5.453607e-01 0.000000e+00)
0.145058      	(0.000000e+00 -5.457406e-01 0.000000e+00)
0.14509       	(0.000000e+00 -5.461206e-01 0.000000e+00)
0.145121      	(0.000000e+00 -5.465006e-01 0.000000e+00)
0.145153      	(0.000000e+00 -5.468782e-01 0.000000e+00)
0.145184      	(0.000000e+00 -5.472559e-01 0.000000e+00)
0.145216      	(0.000000e+00 -5.476336e-01 0.000000e+00)
0.145247      	(0.000000e+00 -5.480113e-01 0.000000e+00)
0.145279      	(0.000000e+00 -5.483891e-01 0.000000e+00)
0.14531       	(0.000000e+00 -5.487669e-01 0.000000e+00)
0.145342      	(0.000000e+00 -5.491448e-01 0.000000e+00)
0.145373      	(0.000000e+00 -5.495227e-01 0.000000e+00)
0.145405      	(0.000000e+00 -5.499007e-01 0.000000e+00)
0.145436      	(0.000000e+00 -5.502761e-01 0.000000e+00)
0.145467      	(0.000000e+00 -5.506516e-01 0.000000e+00)
0.145498      	(0.000000e+00 -5.510271e-01 0.000000e+00)
0.14553       	(0.000000e+00 -5.514026e-01 0.000000e+00)
0.145561      	(0.000000e+00 -5.517782e-01 0.000000e+00)
0.145592      	(0.000000e+00 -5.521539e-01 0.000000e+00)
0.145623      	(0.000000e+00 -5.525295e-01 0.000000e+00)
0.145655      	(0.000000e+00 -5.529052e-01 0.000000e+00)
0.145686      	(0.000000e+00 -5.532810e-01 0.000000e+00)
0.145717      	(0.000000e+00 -5.536541e-01 0.000000e+00)
0.145748      	(0.000000e+00 -5.540272e-01 0.000000e+00)
0.145779      	(0.000000e+00 -5.544003e-01 0.000000e+00)
0.14581       	(0.000000e+00 -5.547735e-01 0.000000e+00)
0.145841      	(0.000000e+00 -5.551468e-01 0.000000e+00)
0.145872      	(0.000000e+00 -5.555201e-01 0.000000e+00)
0.145903      	(0.000000e+00 -5.558934e-01 0.000000e+00)
0.145934      	(0.000000e+00 -5.562667e-01 0.000000e+00)
0.145965      	(0.000000e+00 -5.566401e-01 0.000000e+00)
0.145996      	(0.000000e+00 -5.570135e-01 0.000000e+00)
0.146027      	(0.000000e+00 -5.573841e-01 0.000000e+00)
0.146058      	(0.000000e+00 -5.577547e-01 0.000000e+00)
0.146089      	(0.000000e+00 -5.581253e-01 0.000000e+00)
0.14612       	(0.000000e+00 -5.584960e-01 0.000000e+00)
0.14615       	(0.000000e+00 -5.588667e-01 0.000000e+00)
0.146181      	(0.000000e+00 -5.592375e-01 0.000000e+00)
0.146212      	(0.000000e+00 -5.596083e-01 0.000000e+00)
0.146243      	(0.000000e+00 -5.599791e-01 0.000000e+00)
0.146274      	(0.000000e+00 -5.603500e-01 0.000000e+00)
0.146304      	(0.000000e+00 -5.607208e-01 0.000000e+00)
0.146335      	(0.000000e+00 -5.610887e-01 0.000000e+00)
0.146365      	(0.000000e+00 -5.614566e-01 0.000000e+00)
0.146396      	(0.000000e+00 -5.618245e-01 0.000000e+00)
0.146426      	(0.000000e+00 -5.621924e-01 0.000000e+00)
0.146457      	(0.000000e+00 -5.625604e-01 0.000000e+00)
0.146488      	(0.000000e+00 -5.629284e-01 0.000000e+00)
0.146518      	(0.000000e+00 -5.632965e-01 0.000000e+00)
0.146549      	(0.000000e+00 -5.636645e-01 0.000000e+00)
0.146579      	(0.000000e+00 -5.640326e-01 0.000000e+00)
0.14661       	(0.000000e+00 -5.644008e-01 0.000000e+00)
0.14664       	(0.000000e+00 -5.647689e-01 0.000000e+00)
0.146671      	(0.000000e+00 -5.651371e-01 0.000000e+00)
0.146701      	(0.000000e+00 -5.655020e-01 0.000000e+00)
0.146731      	(0.000000e+00 -5.658669e-01 0.000000e+00)
0.146762      	(0.000000e+00 -5.662318e-01 0.000000e+00)
0.146792      	(0.000000e+00 -5.665968e-01 0.000000e+00)
0.146822      	(0.000000e+00 -5.669617e-01 0.000000e+00)
0.146852      	(0.000000e+00 -5.673267e-01 0.000000e+00)
0.146883      	(0.000000e+00 -5.676918e-01 0.000000e+00)
0.146913      	(0.000000e+00 -5.680568e-01 0.000000e+00)
0.146943      	(0.000000e+00 -5.684219e-01 0.000000e+00)
0.146973      	(0.000000e+00 -5.687870e-01 0.000000e+00)
0.147004      	(0.000000e+00 -5.691522e-01 0.000000e+00)
0.147034      	(0.000000e+00 -5.695173e-01 0.000000e+00)
0.147064      	(0.000000e+00 -5.698825e-01 0.000000e+00)
0.147094      	(0.000000e+00 -5.702440e-01 0.000000e+00)
0.147124      	(0.000000e+00 -5.706055e-01 0.000000e+00)
0.147154      	(0.000000e+00 -5.709671e-01 0.000000e+00)
0.147184      	(0.000000e+00 -5.713286e-01 0.000000e+00)
0.147214      	(0.000000e+00 -5.716902e-01 0.000000e+00)
0.147244      	(0.000000e+00 -5.720518e-01 0.000000e+00)
0.147274      	(0.000000e+00 -5.724135e-01 0.000000e+00)
0.147304      	(0.000000e+00 -5.727751e-01 0.000000e+00)
0.147334      	(0.000000e+00 -5.731368e-01 0.000000e+00)
0.147364      	(0.000000e+00 -5.734985e-01 0.000000e+00)
0.147394      	(0.000000e+00 -5.738602e-01 0.000000e+00)
0.147424      	(0.000000e+00 -5.742220e-01 0.000000e+00)
0.147454      	(0.000000e+00 -5.745837e-01 0.000000e+00)
0.147484      	(0.000000e+00 -5.749455e-01 0.000000e+00)
0.147513      	(0.000000e+00 -5.753031e-01 0.000000e+00)
0.147543      	(0.000000e+00 -5.756607e-01 0.000000e+00)
0.147572      	(0.000000e+00 -5.760183e-01 0.000000e+00)
0.147602      	(0.000000e+00 -5.763759e-01 0.000000e+00)
0.147632      	(0.000000e+00 -5.767335e-01 0.000000e+00)
0.147661      	(0.000000e+00 -5.770912e-01 0.000000e+00)
0.147691      	(0.000000e+00 -5.774488e-01 0.000000e+00)
0.147721      	(0.000000e+00 -5.778065e-01 0.000000e+00)
0.14775       	(0.000000e+00 -5.781642e-01 0.000000e+00)
0.14778       	(0.000000e+00 -5.785220e-01 0.000000e+00)
0.147809      	(0.000000e+00 -5.788797e-01 0.000000e+00)
0.147839      	(0.000000e+00 -5.792375e-01 0.000000e+00)
0.147869      	(0.000000e+00 -5.795953e-01 0.000000e+00)
0.147898      	(0.000000e+00 -5.799531e-01 0.000000e+00)
0.147928      	(0.000000e+00 -5.803109e-01 0.000000e+00)
0.147957      	(0.000000e+00 -5.806687e-01 0.000000e+00)
0.147987      	(0.000000e+00 -5.810266e-01 0.000000e+00)
0.148017      	(0.000000e+00 -5.813845e-01 0.000000e+00)
0.148046      	(0.000000e+00 -5.817371e-01 0.000000e+00)
0.148075      	(0.000000e+00 -5.820897e-01 0.000000e+00)
0.148104      	(0.000000e+00 -5.824424e-01 0.000000e+00)
0.148133      	(0.000000e+00 -5.827951e-01 0.000000e+00)
0.148162      	(0.000000e+00 -5.831477e-01 0.000000e+00)
0.148192      	(0.000000e+00 -5.835004e-01 0.000000e+00)
0.148221      	(0.000000e+00 -5.838532e-01 0.000000e+00)
0.14825       	(0.000000e+00 -5.842059e-01 0.000000e+00)
0.148279      	(0.000000e+00 -5.845586e-01 0.000000e+00)
0.148308      	(0.000000e+00 -5.849114e-01 0.000000e+00)
0.148337      	(0.000000e+00 -5.852642e-01 0.000000e+00)
0.148367      	(0.000000e+00 -5.856169e-01 0.000000e+00)
0.148396      	(0.000000e+00 -5.859697e-01 0.000000e+00)
0.148425      	(0.000000e+00 -5.863226e-01 0.000000e+00)
0.148454      	(0.000000e+00 -5.866754e-01 0.000000e+00)
0.148483      	(0.000000e+00 -5.870282e-01 0.000000e+00)
0.148512      	(0.000000e+00 -5.873811e-01 0.000000e+00)
0.148542      	(0.000000e+00 -5.877339e-01 0.000000e+00)
0.148571      	(0.000000e+00 -5.880868e-01 0.000000e+00)
0.1486        	(0.000000e+00 -5.884397e-01 0.000000e+00)
0.148629      	(0.000000e+00 -5.887926e-01 0.000000e+00)
0.148658      	(0.000000e+00 -5.891455e-01 0.000000e+00)
0.148687      	(0.000000e+00 -5.894984e-01 0.000000e+00)
0.148716      	(0.000000e+00 -5.898437e-01 0.000000e+00)
0.148744      	(0.000000e+00 -5.901889e-01 0.000000e+00)
0.148773      	(0.000000e+00 -5.905342e-01 0.000000e+00)
0.148802      	(0.000000e+00 -5.908795e-01 0.000000e+00)
0.14883       	(0.000000e+00 -5.912248e-01 0.000000e+00)
0.148859      	(0.000000e+00 -5.915701e-01 0.000000e+00)
0.148887      	(0.000000e+00 -5.919154e-01 0.000000e+00)
0.148916      	(0.000000e+00 -5.922607e-01 0.000000e+00)
0.148944      	(0.000000e+00 -5.926060e-01 0.000000e+00)
0.148973      	(0.000000e+00 -5.929514e-01 0.000000e+00)
0.149001      	(0.000000e+00 -5.932967e-01 0.000000e+00)
0.14903       	(0.000000e+00 -5.936421e-01 0.000000e+00)
0.149058      	(0.000000e+00 -5.939874e-01 0.000000e+00)
0.149087      	(0.000000e+00 -5.943328e-01 0.000000e+00)
0.149115      	(0.000000e+00 -5.946782e-01 0.000000e+00)
0.149144      	(0.000000e+00 -5.950236e-01 0.000000e+00)
0.149173      	(0.000000e+00 -5.953690e-01 0.000000e+00)
0.149201      	(0.000000e+00 -5.957144e-01 0.000000e+00)
0.14923       	(0.000000e+00 -5.960598e-01 0.000000e+00)
0.149258      	(0.000000e+00 -5.964052e-01 0.000000e+00)
0.149287      	(0.000000e+00 -5.967506e-01 0.000000e+00)
0.149315      	(0.000000e+00 -5.970960e-01 0.000000e+00)
0.149344      	(0.000000e+00 -5.974414e-01 0.000000e+00)
0.149372      	(0.000000e+00 -5.977869e-01 0.000000e+00)
0.149401      	(0.000000e+00 -5.981323e-01 0.000000e+00)
0.149429      	(0.000000e+00 -5.984777e-01 0.000000e+00)
0.149458      	(0.000000e+00 -5.988232e-01 0.000000e+00)
0.149486      	(0.000000e+00 -5.991686e-01 0.000000e+00)
0.149515      	(0.000000e+00 -5.995141e-01 0.000000e+00)
0.149543      	(0.000000e+00 -5.998595e-01 0.000000e+00)
0.149572      	(0.000000e+00 -6.002050e-01 0.000000e+00)
0.149601      	(0.000000e+00 -6.005505e-01 0.000000e+00)
0.149629      	(0.000000e+00 -6.008959e-01 0.000000e+00)
0.149658      	(0.000000e+00 -6.012414e-01 0.000000e+00)
0.149686      	(0.000000e+00 -6.015869e-01 0.000000e+00)
0.149712      	(0.000000e+00 -6.019036e-01 0.000000e+00)
0.149738      	(0.000000e+00 -6.022202e-01 0.000000e+00)
0.149765      	(0.000000e+00 -6.025369e-01 0.000000e+00)
0.149791      	(0.000000e+00 -6.028536e-01 0.000000e+00)
0.149817      	(0.000000e+00 -6.031703e-01 0.000000e+00)
0.149843      	(0.000000e+00 -6.034870e-01 0.000000e+00)
0.149869      	(0.000000e+00 -6.038037e-01 0.000000e+00)
0.149895      	(0.000000e+00 -6.041204e-01 0.000000e+00)
0.149922      	(0.000000e+00 -6.044371e-01 0.000000e+00)
0.149948      	(0.000000e+00 -6.047538e-01 0.000000e+00)
0.149974      	(0.000000e+00 -6.050705e-01 0.000000e+00)
0.15          	(0.000000e+00 -6.053872e-01 0.000000e+00)
0.150028      	(0.000000e+00 -6.057292e-01 0.000000e+00)
0.150056      	(0.000000e+00 -6.060712e-01 0.000000e+00)
0.150085      	(0.000000e+00 -6.064133e-01 0.000000e+00)
0.150113      	(0.000000e+00 -6.067543e-01 0.000000e+00)
0.150141      	(0.000000e+00 -6.070954e-01 0.000000e+00)
0.150169      	(0.000000e+00 -6.074364e-01 0.000000e+00)
0.150197      	(0.000000e+00 -6.077775e-01 0.000000e+00)
0.150226      	(0.000000e+00 -6.081185e-01 0.000000e+00)
0.150254      	(0.000000e+00 -6.084596e-01 0.000000e+00)
0.150282      	(0.000000e+00 -6.087996e-01 0.000000e+00)
0.15031       	(0.000000e+00 -6.091397e-01 0.000000e+00)
0.150338      	(0.000000e+00 -6.094797e-01 0.000000e+00)
0.150366      	(0.000000e+00 -6.098198e-01 0.000000e+00)
0.150394      	(0.000000e+00 -6.101589e-01 0.000000e+00)
0.150422      	(0.000000e+00 -6.104979e-01 0.000000e+00)
0.15045       	(0.000000e+00 -6.108370e-01 0.000000e+00)
0.150478      	(0.000000e+00 -6.111760e-01 0.000000e+00)
0.150506      	(0.000000e+00 -6.115151e-01 0.000000e+00)
0.150534      	(0.000000e+00 -6.118531e-01 0.000000e+00)
0.150562      	(0.000000e+00 -6.121912e-01 0.000000e+00)
0.15059       	(0.000000e+00 -6.125292e-01 0.000000e+00)
0.150618      	(0.000000e+00 -6.128673e-01 0.000000e+00)
0.150646      	(0.000000e+00 -6.132053e-01 0.000000e+00)
0.150674      	(0.000000e+00 -6.135423e-01 0.000000e+00)
0.150701      	(0.000000e+00 -6.138793e-01 0.000000e+00)
0.150729      	(0.000000e+00 -6.142163e-01 0.000000e+00)
0.150757      	(0.000000e+00 -6.145533e-01 0.000000e+00)
0.150785      	(0.000000e+00 -6.148903e-01 0.000000e+00)
0.150813      	(0.000000e+00 -6.152263e-01 0.000000e+00)
0.15084       	(0.000000e+00 -6.155623e-01 0.000000e+00)
0.150868      	(0.000000e+00 -6.158983e-01 0.000000e+00)
0.150896      	(0.000000e+00 -6.162342e-01 0.000000e+00)
0.150924      	(0.000000e+00 -6.165702e-01 0.000000e+00)
0.150951      	(0.000000e+00 -6.169061e-01 0.000000e+00)
0.150979      	(0.000000e+00 -6.172410e-01 0.000000e+00)
0.151007      	(0.000000e+00 -6.175759e-01 0.000000e+00)
0.151034      	(0.000000e+00 -6.179108e-01 0.000000e+00)
0.151062      	(0.000000e+00 -6.182457e-01 0.000000e+00)
0.15109       	(0.000000e+00 -6.185806e-01 0.000000e+00)
0.151117      	(0.000000e+00 -6.189144e-01 0.000000e+00)
0.151145      	(0.000000e+00 -6.192483e-01 0.000000e+00)
0.151173      	(0.000000e+00 -6.195821e-01 0.000000e+00)
0.1512        	(0.000000e+00 -6.199159e-01 0.000000e+00)
0.151228      	(0.000000e+00 -6.202497e-01 0.000000e+00)
0.151255      	(0.000000e+00 -6.205824e-01 0.000000e+00)
0.151283      	(0.000000e+00 -6.209152e-01 0.000000e+00)
0.15131       	(0.000000e+00 -6.212479e-01 0.000000e+00)
0.151338      	(0.000000e+00 -6.215806e-01 0.000000e+00)
0.151365      	(0.000000e+00 -6.219133e-01 0.000000e+00)
0.151393      	(0.000000e+00 -6.222460e-01 0.000000e+00)
0.15142       	(0.000000e+00 -6.225776e-01 0.000000e+00)
0.151448      	(0.000000e+00 -6.229093e-01 0.000000e+00)
0.151475      	(0.000000e+00 -6.232409e-01 0.000000e+00)
0.151502      	(0.000000e+00 -6.235725e-01 0.000000e+00)
0.15153       	(0.000000e+00 -6.239041e-01 0.000000e+00)
0.151557      	(0.000000e+00 -6.242346e-01 0.000000e+00)
0.151584      	(0.000000e+00 -6.245650e-01 0.000000e+00)
0.151612      	(0.000000e+00 -6.248955e-01 0.000000e+00)
0.151639      	(0.000000e+00 -6.252260e-01 0.000000e+00)
0.151666      	(0.000000e+00 -6.255565e-01 0.000000e+00)
0.151694      	(0.000000e+00 -6.258869e-01 0.000000e+00)
0.151721      	(0.000000e+00 -6.262162e-01 0.000000e+00)
0.151748      	(0.000000e+00 -6.265456e-01 0.000000e+00)
0.151775      	(0.000000e+00 -6.268749e-01 0.000000e+00)
0.151803      	(0.000000e+00 -6.272042e-01 0.000000e+00)
0.15183       	(0.000000e+00 -6.275335e-01 0.000000e+00)
0.151857      	(0.000000e+00 -6.278628e-01 0.000000e+00)
0.151884      	(0.000000e+00 -6.281910e-01 0.000000e+00)
0.151911      	(0.000000e+00 -6.285191e-01 0.000000e+00)
0.151939      	(0.000000e+00 -6.288473e-01 0.000000e+00)
0.151966      	(0.000000e+00 -6.291754e-01 0.000000e+00)
0.151993      	(0.000000e+00 -6.295035e-01 0.000000e+00)
0.15202       	(0.000000e+00 -6.298316e-01 0.000000e+00)
0.152047      	(0.000000e+00 -6.301586e-01 0.000000e+00)
0.152074      	(0.000000e+00 -6.304856e-01 0.000000e+00)
0.152101      	(0.000000e+00 -6.308125e-01 0.000000e+00)
0.152128      	(0.000000e+00 -6.311394e-01 0.000000e+00)
0.152155      	(0.000000e+00 -6.314663e-01 0.000000e+00)
0.152182      	(0.000000e+00 -6.317932e-01 0.000000e+00)
0.152209      	(0.000000e+00 -6.321190e-01 0.000000e+00)
0.152236      	(0.000000e+00 -6.324447e-01 0.000000e+00)
0.152263      	(0.000000e+00 -6.327705e-01 0.000000e+00)
0.15229       	(0.000000e+00 -6.330962e-01 0.000000e+00)
0.152317      	(0.000000e+00 -6.334219e-01 0.000000e+00)
0.152344      	(0.000000e+00 -6.337475e-01 0.000000e+00)
0.152371      	(0.000000e+00 -6.340721e-01 0.000000e+00)
0.152398      	(0.000000e+00 -6.343965e-01 0.000000e+00)
0.152425      	(0.000000e+00 -6.347210e-01 0.000000e+00)
0.152452      	(0.000000e+00 -6.350455e-01 0.000000e+00)
0.152478      	(0.000000e+00 -6.353699e-01 0.000000e+00)
0.152505      	(0.000000e+00 -6.356944e-01 0.000000e+00)
0.152532      	(0.000000e+00 -6.360188e-01 0.000000e+00)
0.152559      	(0.000000e+00 -6.363420e-01 0.000000e+00)
0.152586      	(0.000000e+00 -6.366652e-01 0.000000e+00)
0.152612      	(0.000000e+00 -6.369884e-01 0.000000e+00)
0.152639      	(0.000000e+00 -6.373116e-01 0.000000e+00)
0.152666      	(0.000000e+00 -6.376347e-01 0.000000e+00)
0.152693      	(0.000000e+00 -6.379579e-01 0.000000e+00)
0.152719      	(0.000000e+00 -6.382810e-01 0.000000e+00)
0.152746      	(0.000000e+00 -6.386029e-01 0.000000e+00)
0.152773      	(0.000000e+00 -6.389248e-01 0.000000e+00)
0.152799      	(0.000000e+00 -6.392467e-01 0.000000e+00)
0.152826      	(0.000000e+00 -6.395685e-01 0.000000e+00)
0.152853      	(0.000000e+00 -6.398904e-01 0.000000e+00)
0.152879      	(0.000000e+00 -6.402122e-01 0.000000e+00)
0.152906      	(0.000000e+00 -6.405328e-01 0.000000e+00)
0.152933      	(0.000000e+00 -6.408534e-01 0.000000e+00)
0.152959      	(0.000000e+00 -6.411739e-01 0.000000e+00)
0.152986      	(0.000000e+00 -6.414945e-01 0.000000e+00)
0.153012      	(0.000000e+00 -6.418150e-01 0.000000e+00)
0.153039      	(0.000000e+00 -6.421355e-01 0.000000e+00)
0.153065      	(0.000000e+00 -6.424559e-01 0.000000e+00)
0.153092      	(0.000000e+00 -6.427751e-01 0.000000e+00)
0.153118      	(0.000000e+00 -6.430944e-01 0.000000e+00)
0.153145      	(0.000000e+00 -6.434135e-01 0.000000e+00)
0.153171      	(0.000000e+00 -6.437327e-01 0.000000e+00)
0.153198      	(0.000000e+00 -6.440518e-01 0.000000e+00)
0.153224      	(0.000000e+00 -6.443709e-01 0.000000e+00)
0.153251      	(0.000000e+00 -6.446900e-01 0.000000e+00)
0.153277      	(0.000000e+00 -6.450091e-01 0.000000e+00)
0.153304      	(0.000000e+00 -6.453269e-01 0.000000e+00)
0.15333       	(0.000000e+00 -6.456447e-01 0.000000e+00)
0.153356      	(0.000000e+00 -6.459624e-01 0.000000e+00)
0.153383      	(0.000000e+00 -6.462802e-01 0.000000e+00)
0.153409      	(0.000000e+00 -6.465979e-01 0.000000e+00)
0.153435      	(0.000000e+00 -6.469155e-01 0.000000e+00)
0.153462      	(0.000000e+00 -6.472332e-01 0.000000e+00)
0.153488      	(0.000000e+00 -6.475495e-01 0.000000e+00)
0.153514      	(0.000000e+00 -6.478659e-01 0.000000e+00)
0.153541      	(0.000000e+00 -6.481822e-01 0.000000e+00)
0.153567      	(0.000000e+00 -6.484985e-01 0.000000e+00)
0.153593      	(0.000000e+00 -6.488147e-01 0.000000e+00)
0.153619      	(0.000000e+00 -6.491310e-01 0.000000e+00)
0.153646      	(0.000000e+00 -6.494472e-01 0.000000e+00)
0.153672      	(0.000000e+00 -6.497634e-01 0.000000e+00)
0.153698      	(0.000000e+00 -6.500782e-01 0.000000e+00)
0.153724      	(0.000000e+00 -6.503930e-01 0.000000e+00)
0.15375       	(0.000000e+00 -6.507078e-01 0.000000e+00)
0.153776      	(0.000000e+00 -6.510226e-01 0.000000e+00)
0.153803      	(0.000000e+00 -6.513374e-01 0.000000e+00)
0.153829      	(0.000000e+00 -6.516521e-01 0.000000e+00)
0.153855      	(0.000000e+00 -6.519668e-01 0.000000e+00)
0.153881      	(0.000000e+00 -6.522814e-01 0.000000e+00)
0.153907      	(0.000000e+00 -6.525948e-01 0.000000e+00)
0.153933      	(0.000000e+00 -6.529080e-01 0.000000e+00)
0.153959      	(0.000000e+00 -6.532213e-01 0.000000e+00)
0.153985      	(0.000000e+00 -6.535345e-01 0.000000e+00)
0.154011      	(0.000000e+00 -6.538477e-01 0.000000e+00)
0.154037      	(0.000000e+00 -6.541609e-01 0.000000e+00)
0.154063      	(0.000000e+00 -6.544740e-01 0.000000e+00)
0.154089      	(0.000000e+00 -6.547871e-01 0.000000e+00)
0.154115      	(0.000000e+00 -6.550989e-01 0.000000e+00)
0.154141      	(0.000000e+00 -6.554105e-01 0.000000e+00)
0.154167      	(0.000000e+00 -6.557222e-01 0.000000e+00)
0.154193      	(0.000000e+00 -6.560338e-01 0.000000e+00)
0.154219      	(0.000000e+00 -6.563454e-01 0.000000e+00)
0.154245      	(0.000000e+00 -6.566570e-01 0.000000e+00)
0.154271      	(0.000000e+00 -6.569685e-01 0.000000e+00)
0.154297      	(0.000000e+00 -6.572801e-01 0.000000e+00)
0.154323      	(0.000000e+00 -6.575915e-01 0.000000e+00)
0.154348      	(0.000000e+00 -6.579016e-01 0.000000e+00)
0.154374      	(0.000000e+00 -6.582116e-01 0.000000e+00)
0.1544        	(0.000000e+00 -6.585216e-01 0.000000e+00)
0.154426      	(0.000000e+00 -6.588315e-01 0.000000e+00)
0.154452      	(0.000000e+00 -6.591415e-01 0.000000e+00)
0.154477      	(0.000000e+00 -6.594514e-01 0.000000e+00)
0.154503      	(0.000000e+00 -6.597612e-01 0.000000e+00)
0.154529      	(0.000000e+00 -6.600711e-01 0.000000e+00)
0.154555      	(0.000000e+00 -6.603809e-01 0.000000e+00)
0.154581      	(0.000000e+00 -6.606892e-01 0.000000e+00)
0.154606      	(0.000000e+00 -6.609975e-01 0.000000e+00)
0.154632      	(0.000000e+00 -6.613057e-01 0.000000e+00)
0.154658      	(0.000000e+00 -6.616139e-01 0.000000e+00)
0.154683      	(0.000000e+00 -6.619221e-01 0.000000e+00)
0.154709      	(0.000000e+00 -6.622303e-01 0.000000e+00)
0.154735      	(0.000000e+00 -6.625384e-01 0.000000e+00)
0.15476       	(0.000000e+00 -6.628465e-01 0.000000e+00)
0.154786      	(0.000000e+00 -6.631546e-01 0.000000e+00)
0.154812      	(0.000000e+00 -6.634626e-01 0.000000e+00)
0.154837      	(0.000000e+00 -6.637691e-01 0.000000e+00)
0.154863      	(0.000000e+00 -6.640755e-01 0.000000e+00)
0.154888      	(0.000000e+00 -6.643819e-01 0.000000e+00)
0.154914      	(0.000000e+00 -6.646883e-01 0.000000e+00)
0.15494       	(0.000000e+00 -6.649947e-01 0.000000e+00)
0.154965      	(0.000000e+00 -6.653010e-01 0.000000e+00)
0.154991      	(0.000000e+00 -6.656073e-01 0.000000e+00)
0.155016      	(0.000000e+00 -6.659135e-01 0.000000e+00)
0.155042      	(0.000000e+00 -6.662198e-01 0.000000e+00)
0.155067      	(0.000000e+00 -6.665260e-01 0.000000e+00)
0.155093      	(0.000000e+00 -6.668305e-01 0.000000e+00)
0.155118      	(0.000000e+00 -6.671351e-01 0.000000e+00)
0.155144      	(0.000000e+00 -6.674396e-01 0.000000e+00)
0.155169      	(0.000000e+00 -6.677441e-01 0.000000e+00)
0.155194      	(0.000000e+00 -6.680485e-01 0.000000e+00)
0.15522       	(0.000000e+00 -6.683529e-01 0.000000e+00)
0.155245      	(0.000000e+00 -6.686573e-01 0.000000e+00)
0.155271      	(0.000000e+00 -6.689616e-01 0.000000e+00)
0.155296      	(0.000000e+00 -6.692659e-01 0.000000e+00)
0.155322      	(0.000000e+00 -6.695702e-01 0.000000e+00)
0.155347      	(0.000000e+00 -6.698744e-01 0.000000e+00)
0.155372      	(0.000000e+00 -6.701770e-01 0.000000e+00)
0.155398      	(0.000000e+00 -6.704795e-01 0.000000e+00)
0.155423      	(0.000000e+00 -6.707820e-01 0.000000e+00)
0.155448      	(0.000000e+00 -6.710844e-01 0.000000e+00)
0.155473      	(0.000000e+00 -6.713868e-01 0.000000e+00)
0.155499      	(0.000000e+00 -6.716892e-01 0.000000e+00)
0.155524      	(0.000000e+00 -6.719915e-01 0.000000e+00)
0.155549      	(0.000000e+00 -6.722938e-01 0.000000e+00)
0.155575      	(0.000000e+00 -6.725961e-01 0.000000e+00)
0.1556        	(0.000000e+00 -6.728983e-01 0.000000e+00)
0.155625      	(0.000000e+00 -6.732005e-01 0.000000e+00)
0.15565       	(0.000000e+00 -6.735009e-01 0.000000e+00)
0.155675      	(0.000000e+00 -6.738013e-01 0.000000e+00)
0.155701      	(0.000000e+00 -6.741017e-01 0.000000e+00)
0.155726      	(0.000000e+00 -6.744020e-01 0.000000e+00)
0.155751      	(0.000000e+00 -6.747022e-01 0.000000e+00)
0.155776      	(0.000000e+00 -6.750025e-01 0.000000e+00)
0.155801      	(0.000000e+00 -6.753027e-01 0.000000e+00)
0.155826      	(0.000000e+00 -6.756028e-01 0.000000e+00)
0.155851      	(0.000000e+00 -6.759030e-01 0.000000e+00)
0.155877      	(0.000000e+00 -6.762030e-01 0.000000e+00)
0.155902      	(0.000000e+00 -6.765031e-01 0.000000e+00)
0.155927      	(0.000000e+00 -6.768031e-01 0.000000e+00)
0.155952      	(0.000000e+00 -6.771012e-01 0.000000e+00)
0.155977      	(0.000000e+00 -6.773993e-01 0.000000e+00)
0.156002      	(0.000000e+00 -6.776974e-01 0.000000e+00)
0.156027      	(0.000000e+00 -6.779954e-01 0.000000e+00)
0.156052      	(0.000000e+00 -6.782934e-01 0.000000e+00)
0.156077      	(0.000000e+00 -6.785913e-01 0.000000e+00)
0.156102      	(0.000000e+00 -6.788892e-01 0.000000e+00)
0.156127      	(0.000000e+00 -6.791871e-01 0.000000e+00)
0.156152      	(0.000000e+00 -6.794849e-01 0.000000e+00)
0.156177      	(0.000000e+00 -6.797827e-01 0.000000e+00)
0.156202      	(0.000000e+00 -6.800804e-01 0.000000e+00)
0.156227      	(0.000000e+00 -6.803781e-01 0.000000e+00)
0.156252      	(0.000000e+00 -6.806758e-01 0.000000e+00)
0.156277      	(0.000000e+00 -6.809734e-01 0.000000e+00)
0.156302      	(0.000000e+00 -6.812690e-01 0.000000e+00)
0.156326      	(0.000000e+00 -6.815646e-01 0.000000e+00)
0.156351      	(0.000000e+00 -6.818601e-01 0.000000e+00)
0.156376      	(0.000000e+00 -6.821556e-01 0.000000e+00)
0.156401      	(0.000000e+00 -6.824510e-01 0.000000e+00)
0.156426      	(0.000000e+00 -6.827464e-01 0.000000e+00)
0.15645       	(0.000000e+00 -6.830418e-01 0.000000e+00)
0.156475      	(0.000000e+00 -6.833371e-01 0.000000e+00)
0.1565        	(0.000000e+00 -6.836324e-01 0.000000e+00)
0.156525      	(0.000000e+00 -6.839276e-01 0.000000e+00)
0.15655       	(0.000000e+00 -6.842228e-01 0.000000e+00)
0.156575      	(0.000000e+00 -6.845180e-01 0.000000e+00)
0.156599      	(0.000000e+00 -6.848131e-01 0.000000e+00)
0.156624      	(0.000000e+00 -6.851082e-01 0.000000e+00)
0.156649      	(0.000000e+00 -6.854011e-01 0.000000e+00)
0.156674      	(0.000000e+00 -6.856939e-01 0.000000e+00)
0.156698      	(0.000000e+00 -6.859867e-01 0.000000e+00)
0.156723      	(0.000000e+00 -6.862795e-01 0.000000e+00)
0.156747      	(0.000000e+00 -6.865722e-01 0.000000e+00)
0.156772      	(0.000000e+00 -6.868648e-01 0.000000e+00)
0.156797      	(0.000000e+00 -6.871575e-01 0.000000e+00)
0.156821      	(0.000000e+00 -6.874500e-01 0.000000e+00)
0.156846      	(0.000000e+00 -6.877426e-01 0.000000e+00)
0.156871      	(0.000000e+00 -6.880351e-01 0.000000e+00)
0.156895      	(0.000000e+00 -6.883276e-01 0.000000e+00)
0.15692       	(0.000000e+00 -6.886200e-01 0.000000e+00)
0.156945      	(0.000000e+00 -6.889123e-01 0.000000e+00)
0.156969      	(0.000000e+00 -6.892047e-01 0.000000e+00)
0.156994      	(0.000000e+00 -6.894970e-01 0.000000e+00)
0.157018      	(0.000000e+00 -6.897892e-01 0.000000e+00)
0.157043      	(0.000000e+00 -6.900814e-01 0.000000e+00)
0.157068      	(0.000000e+00 -6.903711e-01 0.000000e+00)
0.157092      	(0.000000e+00 -6.906608e-01 0.000000e+00)
0.157116      	(0.000000e+00 -6.909505e-01 0.000000e+00)
0.157141      	(0.000000e+00 -6.912401e-01 0.000000e+00)
0.157165      	(0.000000e+00 -6.915297e-01 0.000000e+00)
0.15719       	(0.000000e+00 -6.918192e-01 0.000000e+00)
0.157214      	(0.000000e+00 -6.921087e-01 0.000000e+00)
0.157239      	(0.000000e+00 -6.923981e-01 0.000000e+00)
0.157263      	(0.000000e+00 -6.926875e-01 0.000000e+00)
0.157287      	(0.000000e+00 -6.929768e-01 0.000000e+00)
0.157312      	(0.000000e+00 -6.932661e-01 0.000000e+00)
0.157336      	(0.000000e+00 -6.935554e-01 0.000000e+00)
0.157361      	(0.000000e+00 -6.938446e-01 0.000000e+00)
0.157385      	(0.000000e+00 -6.941338e-01 0.000000e+00)
0.15741       	(0.000000e+00 -6.944229e-01 0.000000e+00)
0.157434      	(0.000000e+00 -6.947119e-01 0.000000e+00)
0.157459      	(0.000000e+00 -6.950010e-01 0.000000e+00)
0.157483      	(0.000000e+00 -6.952900e-01 0.000000e+00)
0.157507      	(0.000000e+00 -6.955789e-01 0.000000e+00)
0.157532      	(0.000000e+00 -6.958650e-01 0.000000e+00)
0.157556      	(0.000000e+00 -6.961510e-01 0.000000e+00)
0.15758       	(0.000000e+00 -6.964370e-01 0.000000e+00)
0.157604      	(0.000000e+00 -6.967230e-01 0.000000e+00)
0.157628      	(0.000000e+00 -6.970089e-01 0.000000e+00)
0.157653      	(0.000000e+00 -6.972947e-01 0.000000e+00)
0.157677      	(0.000000e+00 -6.975805e-01 0.000000e+00)
0.157701      	(0.000000e+00 -6.978663e-01 0.000000e+00)
0.157725      	(0.000000e+00 -6.981520e-01 0.000000e+00)
0.157749      	(0.000000e+00 -6.984377e-01 0.000000e+00)
0.157774      	(0.000000e+00 -6.987233e-01 0.000000e+00)
0.157798      	(0.000000e+00 -6.990089e-01 0.000000e+00)
0.157822      	(0.000000e+00 -6.992944e-01 0.000000e+00)
0.157846      	(0.000000e+00 -6.995799e-01 0.000000e+00)
0.15787       	(0.000000e+00 -6.998653e-01 0.000000e+00)
0.157895      	(0.000000e+00 -7.001507e-01 0.000000e+00)
0.157919      	(0.000000e+00 -7.004361e-01 0.000000e+00)
0.157943      	(0.000000e+00 -7.007214e-01 0.000000e+00)
0.157967      	(0.000000e+00 -7.010066e-01 0.000000e+00)
0.157991      	(0.000000e+00 -7.012918e-01 0.000000e+00)
0.158016      	(0.000000e+00 -7.015770e-01 0.000000e+00)
0.15804       	(0.000000e+00 -7.018621e-01 0.000000e+00)
0.158064      	(0.000000e+00 -7.021471e-01 0.000000e+00)
0.158088      	(0.000000e+00 -7.024286e-01 0.000000e+00)
0.158112      	(0.000000e+00 -7.027100e-01 0.000000e+00)
0.158136      	(0.000000e+00 -7.029914e-01 0.000000e+00)
0.15816       	(0.000000e+00 -7.032728e-01 0.000000e+00)
0.158184      	(0.000000e+00 -7.035540e-01 0.000000e+00)
0.158207      	(0.000000e+00 -7.038353e-01 0.000000e+00)
0.158231      	(0.000000e+00 -7.041165e-01 0.000000e+00)
0.158255      	(0.000000e+00 -7.043976e-01 0.000000e+00)
0.158279      	(0.000000e+00 -7.046787e-01 0.000000e+00)
0.158303      	(0.000000e+00 -7.049598e-01 0.000000e+00)
0.158327      	(0.000000e+00 -7.052408e-01 0.000000e+00)
0.158351      	(0.000000e+00 -7.055217e-01 0.000000e+00)
0.158375      	(0.000000e+00 -7.058026e-01 0.000000e+00)
0.158399      	(0.000000e+00 -7.060835e-01 0.000000e+00)
0.158423      	(0.000000e+00 -7.063643e-01 0.000000e+00)
0.158446      	(0.000000e+00 -7.066450e-01 0.000000e+00)
0.15847       	(0.000000e+00 -7.069257e-01 0.000000e+00)
0.158494      	(0.000000e+00 -7.072064e-01 0.000000e+00)
0.158518      	(0.000000e+00 -7.074870e-01 0.000000e+00)
0.158542      	(0.000000e+00 -7.077676e-01 0.000000e+00)
0.158566      	(0.000000e+00 -7.080481e-01 0.000000e+00)
0.15859       	(0.000000e+00 -7.083285e-01 0.000000e+00)
0.158614      	(0.000000e+00 -7.086089e-01 0.000000e+00)
0.158638      	(0.000000e+00 -7.088893e-01 0.000000e+00)
0.158662      	(0.000000e+00 -7.091695e-01 0.000000e+00)
0.158685      	(0.000000e+00 -7.094498e-01 0.000000e+00)
0.158709      	(0.000000e+00 -7.097300e-01 0.000000e+00)
0.158733      	(0.000000e+00 -7.100101e-01 0.000000e+00)
0.158757      	(0.000000e+00 -7.102902e-01 0.000000e+00)
0.158781      	(0.000000e+00 -7.105703e-01 0.000000e+00)
0.158804      	(0.000000e+00 -7.108449e-01 0.000000e+00)
0.158828      	(0.000000e+00 -7.111194e-01 0.000000e+00)
0.158851      	(0.000000e+00 -7.113939e-01 0.000000e+00)
0.158875      	(0.000000e+00 -7.116684e-01 0.000000e+00)
0.158898      	(0.000000e+00 -7.119428e-01 0.000000e+00)
0.158922      	(0.000000e+00 -7.122171e-01 0.000000e+00)
0.158945      	(0.000000e+00 -7.124914e-01 0.000000e+00)
0.158969      	(0.000000e+00 -7.127657e-01 0.000000e+00)
0.158992      	(0.000000e+00 -7.130399e-01 0.000000e+00)
0.159015      	(0.000000e+00 -7.133140e-01 0.000000e+00)
0.159039      	(0.000000e+00 -7.135881e-01 0.000000e+00)
0.159062      	(0.000000e+00 -7.138622e-01 0.000000e+00)
0.159086      	(0.000000e+00 -7.141362e-01 0.000000e+00)
0.159109      	(0.000000e+00 -7.144101e-01 0.000000e+00)
0.159133      	(0.000000e+00 -7.146840e-01 0.000000e+00)
0.159156      	(0.000000e+00 -7.149578e-01 0.000000e+00)
0.15918       	(0.000000e+00 -7.152316e-01 0.000000e+00)
0.159203      	(0.000000e+00 -7.155053e-01 0.000000e+00)
0.159226      	(0.000000e+00 -7.157790e-01 0.000000e+00)
0.15925       	(0.000000e+00 -7.160527e-01 0.000000e+00)
0.159273      	(0.000000e+00 -7.163262e-01 0.000000e+00)
0.159297      	(0.000000e+00 -7.165997e-01 0.000000e+00)
0.15932       	(0.000000e+00 -7.168732e-01 0.000000e+00)
0.159344      	(0.000000e+00 -7.171466e-01 0.000000e+00)
0.159367      	(0.000000e+00 -7.174200e-01 0.000000e+00)
0.159391      	(0.000000e+00 -7.176933e-01 0.000000e+00)
0.159414      	(0.000000e+00 -7.179666e-01 0.000000e+00)
0.159437      	(0.000000e+00 -7.182398e-01 0.000000e+00)
0.159461      	(0.000000e+00 -7.185129e-01 0.000000e+00)
0.159484      	(0.000000e+00 -7.187860e-01 0.000000e+00)
0.159508      	(0.000000e+00 -7.190590e-01 0.000000e+00)
0.159531      	(0.000000e+00 -7.193320e-01 0.000000e+00)
0.159555      	(0.000000e+00 -7.196049e-01 0.000000e+00)
0.159578      	(0.000000e+00 -7.198778e-01 0.000000e+00)
0.159601      	(0.000000e+00 -7.201506e-01 0.000000e+00)
0.159625      	(0.000000e+00 -7.204234e-01 0.000000e+00)
0.159648      	(0.000000e+00 -7.206961e-01 0.000000e+00)
0.159672      	(0.000000e+00 -7.209688e-01 0.000000e+00)
0.159695      	(0.000000e+00 -7.212414e-01 0.000000e+00)
0.159719      	(0.000000e+00 -7.215139e-01 0.000000e+00)
0.159742      	(0.000000e+00 -7.217864e-01 0.000000e+00)
0.159766      	(0.000000e+00 -7.220588e-01 0.000000e+00)
0.159789      	(0.000000e+00 -7.223312e-01 0.000000e+00)
0.159812      	(0.000000e+00 -7.226035e-01 0.000000e+00)
0.159836      	(0.000000e+00 -7.228758e-01 0.000000e+00)
0.159859      	(0.000000e+00 -7.231480e-01 0.000000e+00)
0.159883      	(0.000000e+00 -7.234201e-01 0.000000e+00)
0.159906      	(0.000000e+00 -7.236922e-01 0.000000e+00)
0.15993       	(0.000000e+00 -7.239643e-01 0.000000e+00)
0.159953      	(0.000000e+00 -7.242362e-01 0.000000e+00)
0.159977      	(0.000000e+00 -7.245082e-01 0.000000e+00)
0.16          	(0.000000e+00 -7.247800e-01 0.000000e+00)
0.160023      	(0.000000e+00 -7.250510e-01 0.000000e+00)
0.160047      	(0.000000e+00 -7.253218e-01 0.000000e+00)
0.16007       	(0.000000e+00 -7.255926e-01 0.000000e+00)
0.160093      	(0.000000e+00 -7.258634e-01 0.000000e+00)
0.160117      	(0.000000e+00 -7.261341e-01 0.000000e+00)
0.16014       	(0.000000e+00 -7.264040e-01 0.000000e+00)
0.160163      	(0.000000e+00 -7.266740e-01 0.000000e+00)
0.160187      	(0.000000e+00 -7.269439e-01 0.000000e+00)
0.16021       	(0.000000e+00 -7.272137e-01 0.000000e+00)
0.160233      	(0.000000e+00 -7.274834e-01 0.000000e+00)
0.160257      	(0.000000e+00 -7.277531e-01 0.000000e+00)
0.16028       	(0.000000e+00 -7.280221e-01 0.000000e+00)
0.160303      	(0.000000e+00 -7.282911e-01 0.000000e+00)
0.160326      	(0.000000e+00 -7.285600e-01 0.000000e+00)
0.16035       	(0.000000e+00 -7.288288e-01 0.000000e+00)
0.160373      	(0.000000e+00 -7.290976e-01 0.000000e+00)
0.160396      	(0.000000e+00 -7.293663e-01 0.000000e+00)
0.160419      	(0.000000e+00 -7.296343e-01 0.000000e+00)
0.160443      	(0.000000e+00 -7.299022e-01 0.000000e+00)
0.160466      	(0.000000e+00 -7.301701e-01 0.000000e+00)
0.160489      	(0.000000e+00 -7.304379e-01 0.000000e+00)
0.160512      	(0.000000e+00 -7.307057e-01 0.000000e+00)
0.160535      	(0.000000e+00 -7.309734e-01 0.000000e+00)
0.160559      	(0.000000e+00 -7.312411e-01 0.000000e+00)
0.160582      	(0.000000e+00 -7.315080e-01 0.000000e+00)
0.160605      	(0.000000e+00 -7.317749e-01 0.000000e+00)
0.160628      	(0.000000e+00 -7.320417e-01 0.000000e+00)
0.160651      	(0.000000e+00 -7.323084e-01 0.000000e+00)
0.160674      	(0.000000e+00 -7.325751e-01 0.000000e+00)
0.160697      	(0.000000e+00 -7.328418e-01 0.000000e+00)
0.160721      	(0.000000e+00 -7.331077e-01 0.000000e+00)
0.160744      	(0.000000e+00 -7.333735e-01 0.000000e+00)
0.160767      	(0.000000e+00 -7.336393e-01 0.000000e+00)
0.16079       	(0.000000e+00 -7.339050e-01 0.000000e+00)
0.160813      	(0.000000e+00 -7.341707e-01 0.000000e+00)
0.160836      	(0.000000e+00 -7.344363e-01 0.000000e+00)
0.160859      	(0.000000e+00 -7.347019e-01 0.000000e+00)
0.160882      	(0.000000e+00 -7.349667e-01 0.000000e+00)
0.160905      	(0.000000e+00 -7.352315e-01 0.000000e+00)
0.160928      	(0.000000e+00 -7.354962e-01 0.000000e+00)
0.160951      	(0.000000e+00 -7.357608e-01 0.000000e+00)
0.160974      	(0.000000e+00 -7.360254e-01 0.000000e+00)
0.160997      	(0.000000e+00 -7.362899e-01 0.000000e+00)
0.16102       	(0.000000e+00 -7.365544e-01 0.000000e+00)
0.161043      	(0.000000e+00 -7.368181e-01 0.000000e+00)
0.161066      	(0.000000e+00 -7.370818e-01 0.000000e+00)
0.161089      	(0.000000e+00 -7.373454e-01 0.000000e+00)
0.161112      	(0.000000e+00 -7.376089e-01 0.000000e+00)
0.161135      	(0.000000e+00 -7.378724e-01 0.000000e+00)
0.161158      	(0.000000e+00 -7.381358e-01 0.000000e+00)
0.161181      	(0.000000e+00 -7.383985e-01 0.000000e+00)
0.161204      	(0.000000e+00 -7.386611e-01 0.000000e+00)
0.161227      	(0.000000e+00 -7.389236e-01 0.000000e+00)
0.16125       	(0.000000e+00 -7.391861e-01 0.000000e+00)
0.161273      	(0.000000e+00 -7.394485e-01 0.000000e+00)
0.161295      	(0.000000e+00 -7.397109e-01 0.000000e+00)
0.161318      	(0.000000e+00 -7.399732e-01 0.000000e+00)
0.161341      	(0.000000e+00 -7.402354e-01 0.000000e+00)
0.161364      	(0.000000e+00 -7.404969e-01 0.000000e+00)
0.161387      	(0.000000e+00 -7.407583e-01 0.000000e+00)
0.16141       	(0.000000e+00 -7.410197e-01 0.000000e+00)
0.161433      	(0.000000e+00 -7.412810e-01 0.000000e+00)
0.161455      	(0.000000e+00 -7.415422e-01 0.000000e+00)
0.161478      	(0.000000e+00 -7.418034e-01 0.000000e+00)
0.161501      	(0.000000e+00 -7.420645e-01 0.000000e+00)
0.161524      	(0.000000e+00 -7.423248e-01 0.000000e+00)
0.161547      	(0.000000e+00 -7.425851e-01 0.000000e+00)
0.16157       	(0.000000e+00 -7.428453e-01 0.000000e+00)
0.161592      	(0.000000e+00 -7.431055e-01 0.000000e+00)
0.161615      	(0.000000e+00 -7.433656e-01 0.000000e+00)
0.161638      	(0.000000e+00 -7.436256e-01 0.000000e+00)
0.161661      	(0.000000e+00 -7.438856e-01 0.000000e+00)
0.161683      	(0.000000e+00 -7.441448e-01 0.000000e+00)
0.161706      	(0.000000e+00 -7.444039e-01 0.000000e+00)
0.161729      	(0.000000e+00 -7.446630e-01 0.000000e+00)
0.161752      	(0.000000e+00 -7.449220e-01 0.000000e+00)
0.161774      	(0.000000e+00 -7.451809e-01 0.000000e+00)
0.161797      	(0.000000e+00 -7.454398e-01 0.000000e+00)
0.16182       	(0.000000e+00 -7.456986e-01 0.000000e+00)
0.161842      	(0.000000e+00 -7.459573e-01 0.000000e+00)
0.161865      	(0.000000e+00 -7.462153e-01 0.000000e+00)
0.161888      	(0.000000e+00 -7.464732e-01 0.000000e+00)
0.16191       	(0.000000e+00 -7.467310e-01 0.000000e+00)
0.161933      	(0.000000e+00 -7.469888e-01 0.000000e+00)
0.161956      	(0.000000e+00 -7.472465e-01 0.000000e+00)
0.161978      	(0.000000e+00 -7.475041e-01 0.000000e+00)
0.162001      	(0.000000e+00 -7.477617e-01 0.000000e+00)
0.162024      	(0.000000e+00 -7.480192e-01 0.000000e+00)
0.162046      	(0.000000e+00 -7.482759e-01 0.000000e+00)
0.162069      	(0.000000e+00 -7.485326e-01 0.000000e+00)
0.162092      	(0.000000e+00 -7.487892e-01 0.000000e+00)
0.162114      	(0.000000e+00 -7.490457e-01 0.000000e+00)
0.162137      	(0.000000e+00 -7.493022e-01 0.000000e+00)
0.162159      	(0.000000e+00 -7.495586e-01 0.000000e+00)
0.162182      	(0.000000e+00 -7.498149e-01 0.000000e+00)
0.162204      	(0.000000e+00 -7.500712e-01 0.000000e+00)
0.162227      	(0.000000e+00 -7.503266e-01 0.000000e+00)
0.16225       	(0.000000e+00 -7.505820e-01 0.000000e+00)
0.162272      	(0.000000e+00 -7.508373e-01 0.000000e+00)
0.162295      	(0.000000e+00 -7.510926e-01 0.000000e+00)
0.162317      	(0.000000e+00 -7.513478e-01 0.000000e+00)
0.16234       	(0.000000e+00 -7.516029e-01 0.000000e+00)
0.162362      	(0.000000e+00 -7.518580e-01 0.000000e+00)
0.162385      	(0.000000e+00 -7.521130e-01 0.000000e+00)
0.162407      	(0.000000e+00 -7.523671e-01 0.000000e+00)
0.16243       	(0.000000e+00 -7.526212e-01 0.000000e+00)
0.162452      	(0.000000e+00 -7.528753e-01 0.000000e+00)
0.162475      	(0.000000e+00 -7.531293e-01 0.000000e+00)
0.162497      	(0.000000e+00 -7.533832e-01 0.000000e+00)
0.16252       	(0.000000e+00 -7.536370e-01 0.000000e+00)
0.162542      	(0.000000e+00 -7.538908e-01 0.000000e+00)
0.162564      	(0.000000e+00 -7.541445e-01 0.000000e+00)
0.162587      	(0.000000e+00 -7.543982e-01 0.000000e+00)
0.162609      	(0.000000e+00 -7.546510e-01 0.000000e+00)
0.162632      	(0.000000e+00 -7.549037e-01 0.000000e+00)
0.162654      	(0.000000e+00 -7.551564e-01 0.000000e+00)
0.162676      	(0.000000e+00 -7.554090e-01 0.000000e+00)
0.162699      	(0.000000e+00 -7.556616e-01 0.000000e+00)
0.162721      	(0.000000e+00 -7.559140e-01 0.000000e+00)
0.162744      	(0.000000e+00 -7.561664e-01 0.000000e+00)
0.162766      	(0.000000e+00 -7.564188e-01 0.000000e+00)
0.162788      	(0.000000e+00 -7.566703e-01 0.000000e+00)
0.162811      	(0.000000e+00 -7.569217e-01 0.000000e+00)
0.162833      	(0.000000e+00 -7.571731e-01 0.000000e+00)
0.162855      	(0.000000e+00 -7.574244e-01 0.000000e+00)
0.162878      	(0.000000e+00 -7.576756e-01 0.000000e+00)
0.1629        	(0.000000e+00 -7.579268e-01 0.000000e+00)
0.162922      	(0.000000e+00 -7.581778e-01 0.000000e+00)
0.162945      	(0.000000e+00 -7.584289e-01 0.000000e+00)
0.162967      	(0.000000e+00 -7.586798e-01 0.000000e+00)
0.162989      	(0.000000e+00 -7.589299e-01 0.000000e+00)
0.163012      	(0.000000e+00 -7.591799e-01 0.000000e+00)
0.163034      	(0.000000e+00 -7.594299e-01 0.000000e+00)
0.163056      	(0.000000e+00 -7.596798e-01 0.000000e+00)
0.163078      	(0.000000e+00 -7.599296e-01 0.000000e+00)
0.163101      	(0.000000e+00 -7.601794e-01 0.000000e+00)
0.163123      	(0.000000e+00 -7.604290e-01 0.000000e+00)
0.163145      	(0.000000e+00 -7.606787e-01 0.000000e+00)
0.163167      	(0.000000e+00 -7.609282e-01 0.000000e+00)
0.16319       	(0.000000e+00 -7.611777e-01 0.000000e+00)
0.163212      	(0.000000e+00 -7.614263e-01 0.000000e+00)
0.163234      	(0.000000e+00 -7.616748e-01 0.000000e+00)
0.163256      	(0.000000e+00 -7.619233e-01 0.000000e+00)
0.163278      	(0.000000e+00 -7.621716e-01 0.000000e+00)
0.1633        	(0.000000e+00 -7.624200e-01 0.000000e+00)
0.163323      	(0.000000e+00 -7.626682e-01 0.000000e+00)
0.163345      	(0.000000e+00 -7.629164e-01 0.000000e+00)
0.163367      	(0.000000e+00 -7.631645e-01 0.000000e+00)
0.163389      	(0.000000e+00 -7.634125e-01 0.000000e+00)
0.163411      	(0.000000e+00 -7.636597e-01 0.000000e+00)
0.163433      	(0.000000e+00 -7.639068e-01 0.000000e+00)
0.163456      	(0.000000e+00 -7.641538e-01 0.000000e+00)
0.163478      	(0.000000e+00 -7.644007e-01 0.000000e+00)
0.1635        	(0.000000e+00 -7.646476e-01 0.000000e+00)
0.163522      	(0.000000e+00 -7.648944e-01 0.000000e+00)
0.163544      	(0.000000e+00 -7.651411e-01 0.000000e+00)
0.163566      	(0.000000e+00 -7.653877e-01 0.000000e+00)
0.163588      	(0.000000e+00 -7.656343e-01 0.000000e+00)
0.16361       	(0.000000e+00 -7.658808e-01 0.000000e+00)
0.163632      	(0.000000e+00 -7.661273e-01 0.000000e+00)
0.163654      	(0.000000e+00 -7.663728e-01 0.000000e+00)
0.163677      	(0.000000e+00 -7.666183e-01 0.000000e+00)
0.163699      	(0.000000e+00 -7.668636e-01 0.000000e+00)
0.163721      	(0.000000e+00 -7.671089e-01 0.000000e+00)
0.163743      	(0.000000e+00 -7.673542e-01 0.000000e+00)
0.163765      	(0.000000e+00 -7.675994e-01 0.000000e+00)
0.163787      	(0.000000e+00 -7.678445e-01 0.000000e+00)
0.163809      	(0.000000e+00 -7.680895e-01 0.000000e+00)
0.163831      	(0.000000e+00 -7.683344e-01 0.000000e+00)
0.163853      	(0.000000e+00 -7.685793e-01 0.000000e+00)
0.163875      	(0.000000e+00 -7.688233e-01 0.000000e+00)
0.163897      	(0.000000e+00 -7.690671e-01 0.000000e+00)
0.163919      	(0.000000e+00 -7.693109e-01 0.000000e+00)
0.163941      	(0.000000e+00 -7.695547e-01 0.000000e+00)
0.163963      	(0.000000e+00 -7.697983e-01 0.000000e+00)
0.163984      	(0.000000e+00 -7.700419e-01 0.000000e+00)
0.164006      	(0.000000e+00 -7.702854e-01 0.000000e+00)
0.164028      	(0.000000e+00 -7.705288e-01 0.000000e+00)
0.16405       	(0.000000e+00 -7.707722e-01 0.000000e+00)
0.164072      	(0.000000e+00 -7.710155e-01 0.000000e+00)
0.164094      	(0.000000e+00 -7.712587e-01 0.000000e+00)
0.164116      	(0.000000e+00 -7.715010e-01 0.000000e+00)
0.164138      	(0.000000e+00 -7.717432e-01 0.000000e+00)
0.16416       	(0.000000e+00 -7.719853e-01 0.000000e+00)
0.164182      	(0.000000e+00 -7.722273e-01 0.000000e+00)
0.164204      	(0.000000e+00 -7.724693e-01 0.000000e+00)
0.164226      	(0.000000e+00 -7.727112e-01 0.000000e+00)
0.164247      	(0.000000e+00 -7.729530e-01 0.000000e+00)
0.164269      	(0.000000e+00 -7.731948e-01 0.000000e+00)
0.164291      	(0.000000e+00 -7.734364e-01 0.000000e+00)
0.164313      	(0.000000e+00 -7.736780e-01 0.000000e+00)
0.164335      	(0.000000e+00 -7.739196e-01 0.000000e+00)
0.164357      	(0.000000e+00 -7.741610e-01 0.000000e+00)
0.164379      	(0.000000e+00 -7.744015e-01 0.000000e+00)
0.1644        	(0.000000e+00 -7.746419e-01 0.000000e+00)
0.164422      	(0.000000e+00 -7.748822e-01 0.000000e+00)
0.164444      	(0.000000e+00 -7.751224e-01 0.000000e+00)
0.164466      	(0.000000e+00 -7.753626e-01 0.000000e+00)
0.164487      	(0.000000e+00 -7.756027e-01 0.000000e+00)
0.164509      	(0.000000e+00 -7.758427e-01 0.000000e+00)
0.164531      	(0.000000e+00 -7.760826e-01 0.000000e+00)
0.164553      	(0.000000e+00 -7.763225e-01 0.000000e+00)
0.164575      	(0.000000e+00 -7.765623e-01 0.000000e+00)
0.164596      	(0.000000e+00 -7.768020e-01 0.000000e+00)
0.164618      	(0.000000e+00 -7.770417e-01 0.000000e+00)
0.16464       	(0.000000e+00 -7.772803e-01 0.000000e+00)
0.164662      	(0.000000e+00 -7.775188e-01 0.000000e+00)
0.164683      	(0.000000e+00 -7.777573e-01 0.000000e+00)
0.164705      	(0.000000e+00 -7.779957e-01 0.000000e+00)
0.164727      	(0.000000e+00 -7.782340e-01 0.000000e+00)
0.164748      	(0.000000e+00 -7.784723e-01 0.000000e+00)
0.16477       	(0.000000e+00 -7.787104e-01 0.000000e+00)
0.164792      	(0.000000e+00 -7.789485e-01 0.000000e+00)
0.164814      	(0.000000e+00 -7.791865e-01 0.000000e+00)
0.164835      	(0.000000e+00 -7.794245e-01 0.000000e+00)
0.164857      	(0.000000e+00 -7.796624e-01 0.000000e+00)
0.164879      	(0.000000e+00 -7.799002e-01 0.000000e+00)
0.1649        	(0.000000e+00 -7.801379e-01 0.000000e+00)
0.164922      	(0.000000e+00 -7.803745e-01 0.000000e+00)
0.164944      	(0.000000e+00 -7.806111e-01 0.000000e+00)
0.164965      	(0.000000e+00 -7.808476e-01 0.000000e+00)
0.164987      	(0.000000e+00 -7.810840e-01 0.000000e+00)
0.165008      	(0.000000e+00 -7.813204e-01 0.000000e+00)
0.16503       	(0.000000e+00 -7.815567e-01 0.000000e+00)
0.165052      	(0.000000e+00 -7.817929e-01 0.000000e+00)
0.165073      	(0.000000e+00 -7.820290e-01 0.000000e+00)
0.165095      	(0.000000e+00 -7.822650e-01 0.000000e+00)
0.165116      	(0.000000e+00 -7.825010e-01 0.000000e+00)
0.165138      	(0.000000e+00 -7.827369e-01 0.000000e+00)
0.16516       	(0.000000e+00 -7.829727e-01 0.000000e+00)
0.165181      	(0.000000e+00 -7.832085e-01 0.000000e+00)
0.165203      	(0.000000e+00 -7.834442e-01 0.000000e+00)
0.165224      	(0.000000e+00 -7.836787e-01 0.000000e+00)
0.165246      	(0.000000e+00 -7.839132e-01 0.000000e+00)
0.165267      	(0.000000e+00 -7.841476e-01 0.000000e+00)
0.165289      	(0.000000e+00 -7.843819e-01 0.000000e+00)
0.16531       	(0.000000e+00 -7.846161e-01 0.000000e+00)
0.165332      	(0.000000e+00 -7.848503e-01 0.000000e+00)
0.165353      	(0.000000e+00 -7.850844e-01 0.000000e+00)
0.165375      	(0.000000e+00 -7.853184e-01 0.000000e+00)
0.165396      	(0.000000e+00 -7.855523e-01 0.000000e+00)
0.165418      	(0.000000e+00 -7.857862e-01 0.000000e+00)
0.165439      	(0.000000e+00 -7.860200e-01 0.000000e+00)
0.165461      	(0.000000e+00 -7.862537e-01 0.000000e+00)
0.165482      	(0.000000e+00 -7.864873e-01 0.000000e+00)
0.165504      	(0.000000e+00 -7.867209e-01 0.000000e+00)
0.165525      	(0.000000e+00 -7.869533e-01 0.000000e+00)
0.165547      	(0.000000e+00 -7.871856e-01 0.000000e+00)
0.165568      	(0.000000e+00 -7.874178e-01 0.000000e+00)
0.16559       	(0.000000e+00 -7.876499e-01 0.000000e+00)
0.165611      	(0.000000e+00 -7.878820e-01 0.000000e+00)
0.165632      	(0.000000e+00 -7.881140e-01 0.000000e+00)
0.165654      	(0.000000e+00 -7.883459e-01 0.000000e+00)
0.165675      	(0.000000e+00 -7.885777e-01 0.000000e+00)
0.165697      	(0.000000e+00 -7.888095e-01 0.000000e+00)
0.165718      	(0.000000e+00 -7.890412e-01 0.000000e+00)
0.16574       	(0.000000e+00 -7.892728e-01 0.000000e+00)
0.165761      	(0.000000e+00 -7.895043e-01 0.000000e+00)
0.165782      	(0.000000e+00 -7.897358e-01 0.000000e+00)
0.165804      	(0.000000e+00 -7.899672e-01 0.000000e+00)
0.165825      	(0.000000e+00 -7.901985e-01 0.000000e+00)
0.165847      	(0.000000e+00 -7.904297e-01 0.000000e+00)
0.165868      	(0.000000e+00 -7.906597e-01 0.000000e+00)
0.165889      	(0.000000e+00 -7.908896e-01 0.000000e+00)
0.16591       	(0.000000e+00 -7.911194e-01 0.000000e+00)
0.165932      	(0.000000e+00 -7.913491e-01 0.000000e+00)
0.165953      	(0.000000e+00 -7.915788e-01 0.000000e+00)
0.165974      	(0.000000e+00 -7.918083e-01 0.000000e+00)
0.165996      	(0.000000e+00 -7.920378e-01 0.000000e+00)
0.166017      	(0.000000e+00 -7.922673e-01 0.000000e+00)
0.166038      	(0.000000e+00 -7.924966e-01 0.000000e+00)
0.16606       	(0.000000e+00 -7.927259e-01 0.000000e+00)
0.166081      	(0.000000e+00 -7.929551e-01 0.000000e+00)
0.166102      	(0.000000e+00 -7.931842e-01 0.000000e+00)
0.166123      	(0.000000e+00 -7.934132e-01 0.000000e+00)
0.166145      	(0.000000e+00 -7.936422e-01 0.000000e+00)
0.166166      	(0.000000e+00 -7.938711e-01 0.000000e+00)
0.166187      	(0.000000e+00 -7.940999e-01 0.000000e+00)
0.166209      	(0.000000e+00 -7.943286e-01 0.000000e+00)
0.16623       	(0.000000e+00 -7.945572e-01 0.000000e+00)
0.166251      	(0.000000e+00 -7.947845e-01 0.000000e+00)
0.166272      	(0.000000e+00 -7.950117e-01 0.000000e+00)
0.166293      	(0.000000e+00 -7.952389e-01 0.000000e+00)
0.166315      	(0.000000e+00 -7.954659e-01 0.000000e+00)
0.166336      	(0.000000e+00 -7.956929e-01 0.000000e+00)
0.166357      	(0.000000e+00 -7.959198e-01 0.000000e+00)
0.166378      	(0.000000e+00 -7.961466e-01 0.000000e+00)
0.166399      	(0.000000e+00 -7.963733e-01 0.000000e+00)
0.166421      	(0.000000e+00 -7.966000e-01 0.000000e+00)
0.166442      	(0.000000e+00 -7.968266e-01 0.000000e+00)
0.166463      	(0.000000e+00 -7.970531e-01 0.000000e+00)
0.166484      	(0.000000e+00 -7.972795e-01 0.000000e+00)
0.166505      	(0.000000e+00 -7.975059e-01 0.000000e+00)
0.166526      	(0.000000e+00 -7.977321e-01 0.000000e+00)
0.166548      	(0.000000e+00 -7.979583e-01 0.000000e+00)
0.166569      	(0.000000e+00 -7.981844e-01 0.000000e+00)
0.16659       	(0.000000e+00 -7.984104e-01 0.000000e+00)
0.166611      	(0.000000e+00 -7.986364e-01 0.000000e+00)
0.166632      	(0.000000e+00 -7.988623e-01 0.000000e+00)
0.166653      	(0.000000e+00 -7.990866e-01 0.000000e+00)
0.166674      	(0.000000e+00 -7.993109e-01 0.000000e+00)
0.166696      	(0.000000e+00 -7.995352e-01 0.000000e+00)
0.166717      	(0.000000e+00 -7.997593e-01 0.000000e+00)
0.166738      	(0.000000e+00 -7.999834e-01 0.000000e+00)
0.166759      	(0.000000e+00 -8.002074e-01 0.000000e+00)
0.16678       	(0.000000e+00 -8.004313e-01 0.000000e+00)
0.166801      	(0.000000e+00 -8.006551e-01 0.000000e+00)
0.166822      	(0.000000e+00 -8.008788e-01 0.000000e+00)
0.166843      	(0.000000e+00 -8.011025e-01 0.000000e+00)
0.166864      	(0.000000e+00 -8.013261e-01 0.000000e+00)
0.166885      	(0.000000e+00 -8.015496e-01 0.000000e+00)
0.166906      	(0.000000e+00 -8.017730e-01 0.000000e+00)
0.166927      	(0.000000e+00 -8.019964e-01 0.000000e+00)
0.166948      	(0.000000e+00 -8.022197e-01 0.000000e+00)
0.166969      	(0.000000e+00 -8.024429e-01 0.000000e+00)
0.16699       	(0.000000e+00 -8.026660e-01 0.000000e+00)
0.167011      	(0.000000e+00 -8.028890e-01 0.000000e+00)
0.167032      	(0.000000e+00 -8.031119e-01 0.000000e+00)
0.167053      	(0.000000e+00 -8.033348e-01 0.000000e+00)
0.167074      	(0.000000e+00 -8.035576e-01 0.000000e+00)
0.167095      	(0.000000e+00 -8.037803e-01 0.000000e+00)
0.167116      	(0.000000e+00 -8.040013e-01 0.000000e+00)
0.167137      	(0.000000e+00 -8.042223e-01 0.000000e+00)
0.167158      	(0.000000e+00 -8.044432e-01 0.000000e+00)
0.167179      	(0.000000e+00 -8.046639e-01 0.000000e+00)
0.1672        	(0.000000e+00 -8.048846e-01 0.000000e+00)
0.167221      	(0.000000e+00 -8.051053e-01 0.000000e+00)
0.167242      	(0.000000e+00 -8.053258e-01 0.000000e+00)
0.167263      	(0.000000e+00 -8.055463e-01 0.000000e+00)
0.167283      	(0.000000e+00 -8.057667e-01 0.000000e+00)
0.167304      	(0.000000e+00 -8.059870e-01 0.000000e+00)
0.167325      	(0.000000e+00 -8.062072e-01 0.000000e+00)
0.167346      	(0.000000e+00 -8.064273e-01 0.000000e+00)
0.167367      	(0.000000e+00 -8.066474e-01 0.000000e+00)
0.167388      	(0.000000e+00 -8.068674e-01 0.000000e+00)
0.167409      	(0.000000e+00 -8.070873e-01 0.000000e+00)
0.16743       	(0.000000e+00 -8.073071e-01 0.000000e+00)
0.167451      	(0.000000e+00 -8.075269e-01 0.000000e+00)
0.167472      	(0.000000e+00 -8.077465e-01 0.000000e+00)
0.167492      	(0.000000e+00 -8.079661e-01 0.000000e+00)
0.167513      	(0.000000e+00 -8.081856e-01 0.000000e+00)
0.167534      	(0.000000e+00 -8.084050e-01 0.000000e+00)
0.167555      	(0.000000e+00 -8.086243e-01 0.000000e+00)
0.167576      	(0.000000e+00 -8.088436e-01 0.000000e+00)
0.167597      	(0.000000e+00 -8.090627e-01 0.000000e+00)
0.167618      	(0.000000e+00 -8.092818e-01 0.000000e+00)
0.167639      	(0.000000e+00 -8.095008e-01 0.000000e+00)
0.167659      	(0.000000e+00 -8.097178e-01 0.000000e+00)
0.16768       	(0.000000e+00 -8.099348e-01 0.000000e+00)
0.167701      	(0.000000e+00 -8.101516e-01 0.000000e+00)
0.167722      	(0.000000e+00 -8.103684e-01 0.000000e+00)
0.167742      	(0.000000e+00 -8.105850e-01 0.000000e+00)
0.167763      	(0.000000e+00 -8.108016e-01 0.000000e+00)
0.167784      	(0.000000e+00 -8.110181e-01 0.000000e+00)
0.167804      	(0.000000e+00 -8.112346e-01 0.000000e+00)
0.167825      	(0.000000e+00 -8.114509e-01 0.000000e+00)
0.167846      	(0.000000e+00 -8.116672e-01 0.000000e+00)
0.167867      	(0.000000e+00 -8.118834e-01 0.000000e+00)
0.167887      	(0.000000e+00 -8.120995e-01 0.000000e+00)
0.167908      	(0.000000e+00 -8.123155e-01 0.000000e+00)
0.167929      	(0.000000e+00 -8.125315e-01 0.000000e+00)
0.167949      	(0.000000e+00 -8.127473e-01 0.000000e+00)
0.16797       	(0.000000e+00 -8.129631e-01 0.000000e+00)
0.167991      	(0.000000e+00 -8.131788e-01 0.000000e+00)
0.168012      	(0.000000e+00 -8.133944e-01 0.000000e+00)
0.168032      	(0.000000e+00 -8.136100e-01 0.000000e+00)
0.168053      	(0.000000e+00 -8.138254e-01 0.000000e+00)
0.168074      	(0.000000e+00 -8.140408e-01 0.000000e+00)
0.168094      	(0.000000e+00 -8.142561e-01 0.000000e+00)
0.168115      	(0.000000e+00 -8.144713e-01 0.000000e+00)
0.168136      	(0.000000e+00 -8.146864e-01 0.000000e+00)
0.168157      	(0.000000e+00 -8.149014e-01 0.000000e+00)
0.168177      	(0.000000e+00 -8.151164e-01 0.000000e+00)
0.168198      	(0.000000e+00 -8.153312e-01 0.000000e+00)
0.168219      	(0.000000e+00 -8.155460e-01 0.000000e+00)
0.168239      	(0.000000e+00 -8.157607e-01 0.000000e+00)
0.16826       	(0.000000e+00 -8.159753e-01 0.000000e+00)
0.168281      	(0.000000e+00 -8.161899e-01 0.000000e+00)
0.168302      	(0.000000e+00 -8.164043e-01 0.000000e+00)
0.168322      	(0.000000e+00 -8.166187e-01 0.000000e+00)
0.168343      	(0.000000e+00 -8.168304e-01 0.000000e+00)
0.168363      	(0.000000e+00 -8.170420e-01 0.000000e+00)
0.168384      	(0.000000e+00 -8.172535e-01 0.000000e+00)
0.168404      	(0.000000e+00 -8.174649e-01 0.000000e+00)
0.168425      	(0.000000e+00 -8.176762e-01 0.000000e+00)
0.168445      	(0.000000e+00 -8.178875e-01 0.000000e+00)
0.168465      	(0.000000e+00 -8.180987e-01 0.000000e+00)
0.168486      	(0.000000e+00 -8.183098e-01 0.000000e+00)
0.168506      	(0.000000e+00 -8.185208e-01 0.000000e+00)
0.168527      	(0.000000e+00 -8.187317e-01 0.000000e+00)
0.168547      	(0.000000e+00 -8.189426e-01 0.000000e+00)
0.168568      	(0.000000e+00 -8.191533e-01 0.000000e+00)
0.168588      	(0.000000e+00 -8.193640e-01 0.000000e+00)
0.168609      	(0.000000e+00 -8.195746e-01 0.000000e+00)
0.168629      	(0.000000e+00 -8.197851e-01 0.000000e+00)
0.16865       	(0.000000e+00 -8.199956e-01 0.000000e+00)
0.16867       	(0.000000e+00 -8.202059e-01 0.000000e+00)
0.168691      	(0.000000e+00 -8.204162e-01 0.000000e+00)
0.168711      	(0.000000e+00 -8.206264e-01 0.000000e+00)
0.168731      	(0.000000e+00 -8.208365e-01 0.000000e+00)
0.168752      	(0.000000e+00 -8.210465e-01 0.000000e+00)
0.168772      	(0.000000e+00 -8.212564e-01 0.000000e+00)
0.168793      	(0.000000e+00 -8.214662e-01 0.000000e+00)
0.168813      	(0.000000e+00 -8.216760e-01 0.000000e+00)
0.168834      	(0.000000e+00 -8.218857e-01 0.000000e+00)
0.168854      	(0.000000e+00 -8.220953e-01 0.000000e+00)
0.168875      	(0.000000e+00 -8.223048e-01 0.000000e+00)
0.168895      	(0.000000e+00 -8.225142e-01 0.000000e+00)
0.168916      	(0.000000e+00 -8.227236e-01 0.000000e+00)
0.168936      	(0.000000e+00 -8.229328e-01 0.000000e+00)
0.168957      	(0.000000e+00 -8.231420e-01 0.000000e+00)
0.168977      	(0.000000e+00 -8.233511e-01 0.000000e+00)
0.168997      	(0.000000e+00 -8.235601e-01 0.000000e+00)
0.169018      	(0.000000e+00 -8.237690e-01 0.000000e+00)
0.169038      	(0.000000e+00 -8.239778e-01 0.000000e+00)
0.169059      	(0.000000e+00 -8.241866e-01 0.000000e+00)
0.169079      	(0.000000e+00 -8.243953e-01 0.000000e+00)
0.1691        	(0.000000e+00 -8.246038e-01 0.000000e+00)
0.16912       	(0.000000e+00 -8.248123e-01 0.000000e+00)
0.169141      	(0.000000e+00 -8.250207e-01 0.000000e+00)
0.169161      	(0.000000e+00 -8.252291e-01 0.000000e+00)
0.169182      	(0.000000e+00 -8.254373e-01 0.000000e+00)
0.169202      	(0.000000e+00 -8.256454e-01 0.000000e+00)
0.169223      	(0.000000e+00 -8.258535e-01 0.000000e+00)
0.169243      	(0.000000e+00 -8.260615e-01 0.000000e+00)
0.169263      	(0.000000e+00 -8.262694e-01 0.000000e+00)
0.169284      	(0.000000e+00 -8.264772e-01 0.000000e+00)
0.169304      	(0.000000e+00 -8.266849e-01 0.000000e+00)
0.169324      	(0.000000e+00 -8.268866e-01 0.000000e+00)
0.169344      	(0.000000e+00 -8.270882e-01 0.000000e+00)
0.169364      	(0.000000e+00 -8.272898e-01 0.000000e+00)
0.169384      	(0.000000e+00 -8.274912e-01 0.000000e+00)
0.169404      	(0.000000e+00 -8.276926e-01 0.000000e+00)
0.169424      	(0.000000e+00 -8.278939e-01 0.000000e+00)
0.169443      	(0.000000e+00 -8.280951e-01 0.000000e+00)
0.169463      	(0.000000e+00 -8.282962e-01 0.000000e+00)
0.169483      	(0.000000e+00 -8.284973e-01 0.000000e+00)
0.169503      	(0.000000e+00 -8.286983e-01 0.000000e+00)
0.169523      	(0.000000e+00 -8.288991e-01 0.000000e+00)
0.169543      	(0.000000e+00 -8.290999e-01 0.000000e+00)
0.169563      	(0.000000e+00 -8.293007e-01 0.000000e+00)
0.169583      	(0.000000e+00 -8.295013e-01 0.000000e+00)
0.169602      	(0.000000e+00 -8.297019e-01 0.000000e+00)
0.169622      	(0.000000e+00 -8.299023e-01 0.000000e+00)
0.169642      	(0.000000e+00 -8.301027e-01 0.000000e+00)
0.169662      	(0.000000e+00 -8.303030e-01 0.000000e+00)
0.169682      	(0.000000e+00 -8.305033e-01 0.000000e+00)
0.169702      	(0.000000e+00 -8.307034e-01 0.000000e+00)
0.169722      	(0.000000e+00 -8.309034e-01 0.000000e+00)
0.169742      	(0.000000e+00 -8.311034e-01 0.000000e+00)
0.169761      	(0.000000e+00 -8.313033e-01 0.000000e+00)
0.169781      	(0.000000e+00 -8.315031e-01 0.000000e+00)
0.169801      	(0.000000e+00 -8.317028e-01 0.000000e+00)
0.169821      	(0.000000e+00 -8.319025e-01 0.000000e+00)
0.169841      	(0.000000e+00 -8.321020e-01 0.000000e+00)
0.169861      	(0.000000e+00 -8.323015e-01 0.000000e+00)
0.169881      	(0.000000e+00 -8.325009e-01 0.000000e+00)
0.169901      	(0.000000e+00 -8.327002e-01 0.000000e+00)
0.16992       	(0.000000e+00 -8.328994e-01 0.000000e+00)
0.16994       	(0.000000e+00 -8.330986e-01 0.000000e+00)
0.16996       	(0.000000e+00 -8.332976e-01 0.000000e+00)
0.16998       	(0.000000e+00 -8.334966e-01 0.000000e+00)
0.17          	(0.000000e+00 -8.336955e-01 0.000000e+00)
0.17002       	(0.000000e+00 -8.338980e-01 0.000000e+00)
0.17004       	(0.000000e+00 -8.341003e-01 0.000000e+00)
0.170061      	(0.000000e+00 -8.343026e-01 0.000000e+00)
0.170081      	(0.000000e+00 -8.345049e-01 0.000000e+00)
0.170101      	(0.000000e+00 -8.347070e-01 0.000000e+00)
0.170121      	(0.000000e+00 -8.349090e-01 0.000000e+00)
0.170142      	(0.000000e+00 -8.351110e-01 0.000000e+00)
0.170162      	(0.000000e+00 -8.353124e-01 0.000000e+00)
0.170182      	(0.000000e+00 -8.355138e-01 0.000000e+00)
0.170202      	(0.000000e+00 -8.357150e-01 0.000000e+00)
0.170223      	(0.000000e+00 -8.359162e-01 0.000000e+00)
0.170243      	(0.000000e+00 -8.361173e-01 0.000000e+00)
0.170263      	(0.000000e+00 -8.363183e-01 0.000000e+00)
0.170283      	(0.000000e+00 -8.365192e-01 0.000000e+00)
0.170303      	(0.000000e+00 -8.367201e-01 0.000000e+00)
0.170323      	(0.000000e+00 -8.369204e-01 0.000000e+00)
0.170344      	(0.000000e+00 -8.371206e-01 0.000000e+00)
0.170364      	(0.000000e+00 -8.373208e-01 0.000000e+00)
0.170384      	(0.000000e+00 -8.375208e-01 0.000000e+00)
0.170404      	(0.000000e+00 -8.377208e-01 0.000000e+00)
0.170424      	(0.000000e+00 -8.379207e-01 0.000000e+00)
0.170444      	(0.000000e+00 -8.381205e-01 0.000000e+00)
0.170465      	(0.000000e+00 -8.383202e-01 0.000000e+00)
0.170485      	(0.000000e+00 -8.385198e-01 0.000000e+00)
0.170505      	(0.000000e+00 -8.387189e-01 0.000000e+00)
0.170525      	(0.000000e+00 -8.389179e-01 0.000000e+00)
0.170545      	(0.000000e+00 -8.391168e-01 0.000000e+00)
0.170565      	(0.000000e+00 -8.393157e-01 0.000000e+00)
0.170585      	(0.000000e+00 -8.395144e-01 0.000000e+00)
0.170605      	(0.000000e+00 -8.397131e-01 0.000000e+00)
0.170626      	(0.000000e+00 -8.399117e-01 0.000000e+00)
0.170646      	(0.000000e+00 -8.401101e-01 0.000000e+00)
0.170666      	(0.000000e+00 -8.403085e-01 0.000000e+00)
0.170686      	(0.000000e+00 -8.405064e-01 0.000000e+00)
0.170706      	(0.000000e+00 -8.407042e-01 0.000000e+00)
0.170726      	(0.000000e+00 -8.409019e-01 0.000000e+00)
0.170746      	(0.000000e+00 -8.410995e-01 0.000000e+00)
0.170766      	(0.000000e+00 -8.412970e-01 0.000000e+00)
0.170786      	(0.000000e+00 -8.414945e-01 0.000000e+00)
0.170806      	(0.000000e+00 -8.416918e-01 0.000000e+00)
0.170826      	(0.000000e+00 -8.418891e-01 0.000000e+00)
0.170846      	(0.000000e+00 -8.420862e-01 0.000000e+00)
0.170866      	(0.000000e+00 -8.422829e-01 0.000000e+00)
0.170887      	(0.000000e+00 -8.424794e-01 0.000000e+00)
0.170907      	(0.000000e+00 -8.426759e-01 0.000000e+00)
0.170927      	(0.000000e+00 -8.428723e-01 0.000000e+00)
0.170947      	(0.000000e+00 -8.430686e-01 0.000000e+00)
0.170967      	(0.000000e+00 -8.432648e-01 0.000000e+00)
0.170987      	(0.000000e+00 -8.434609e-01 0.000000e+00)
0.171007      	(0.000000e+00 -8.436569e-01 0.000000e+00)
0.171027      	(0.000000e+00 -8.438528e-01 0.000000e+00)
0.171047      	(0.000000e+00 -8.440487e-01 0.000000e+00)
0.171067      	(0.000000e+00 -8.442440e-01 0.000000e+00)
0.171087      	(0.000000e+00 -8.444392e-01 0.000000e+00)
0.171107      	(0.000000e+00 -8.446343e-01 0.000000e+00)
0.171127      	(0.000000e+00 -8.448294e-01 0.000000e+00)
0.171147      	(0.000000e+00 -8.450243e-01 0.000000e+00)
0.171167      	(0.000000e+00 -8.452192e-01 0.000000e+00)
0.171187      	(0.000000e+00 -8.454140e-01 0.000000e+00)
0.171207      	(0.000000e+00 -8.456086e-01 0.000000e+00)
0.171227      	(0.000000e+00 -8.458032e-01 0.000000e+00)
0.171247      	(0.000000e+00 -8.459973e-01 0.000000e+00)
0.171266      	(0.000000e+00 -8.461913e-01 0.000000e+00)
0.171286      	(0.000000e+00 -8.463851e-01 0.000000e+00)
0.171306      	(0.000000e+00 -8.465789e-01 0.000000e+00)
0.171326      	(0.000000e+00 -8.467726e-01 0.000000e+00)
0.171346      	(0.000000e+00 -8.469662e-01 0.000000e+00)
0.171366      	(0.000000e+00 -8.471597e-01 0.000000e+00)
0.171386      	(0.000000e+00 -8.473532e-01 0.000000e+00)
0.171406      	(0.000000e+00 -8.475465e-01 0.000000e+00)
0.171426      	(0.000000e+00 -8.477398e-01 0.000000e+00)
0.171446      	(0.000000e+00 -8.479325e-01 0.000000e+00)
0.171466      	(0.000000e+00 -8.481251e-01 0.000000e+00)
0.171486      	(0.000000e+00 -8.483176e-01 0.000000e+00)
0.171506      	(0.000000e+00 -8.485100e-01 0.000000e+00)
0.171525      	(0.000000e+00 -8.487024e-01 0.000000e+00)
0.171545      	(0.000000e+00 -8.488946e-01 0.000000e+00)
0.171565      	(0.000000e+00 -8.490868e-01 0.000000e+00)
0.171585      	(0.000000e+00 -8.492789e-01 0.000000e+00)
0.171605      	(0.000000e+00 -8.494709e-01 0.000000e+00)
0.171625      	(0.000000e+00 -8.496627e-01 0.000000e+00)
0.171645      	(0.000000e+00 -8.498541e-01 0.000000e+00)
0.171665      	(0.000000e+00 -8.500453e-01 0.000000e+00)
0.171684      	(0.000000e+00 -8.502365e-01 0.000000e+00)
0.171704      	(0.000000e+00 -8.504276e-01 0.000000e+00)
0.171724      	(0.000000e+00 -8.506186e-01 0.000000e+00)
0.171744      	(0.000000e+00 -8.508094e-01 0.000000e+00)
0.171764      	(0.000000e+00 -8.510002e-01 0.000000e+00)
0.171784      	(0.000000e+00 -8.511909e-01 0.000000e+00)
0.171804      	(0.000000e+00 -8.513816e-01 0.000000e+00)
0.171823      	(0.000000e+00 -8.515721e-01 0.000000e+00)
0.171843      	(0.000000e+00 -8.517625e-01 0.000000e+00)
0.171863      	(0.000000e+00 -8.519524e-01 0.000000e+00)
0.171883      	(0.000000e+00 -8.521422e-01 0.000000e+00)
0.171903      	(0.000000e+00 -8.523319e-01 0.000000e+00)
0.171922      	(0.000000e+00 -8.525215e-01 0.000000e+00)
0.171942      	(0.000000e+00 -8.527110e-01 0.000000e+00)
0.171962      	(0.000000e+00 -8.529004e-01 0.000000e+00)
0.171982      	(0.000000e+00 -8.530898e-01 0.000000e+00)
0.172002      	(0.000000e+00 -8.532790e-01 0.000000e+00)
0.172021      	(0.000000e+00 -8.534681e-01 0.000000e+00)
0.172041      	(0.000000e+00 -8.536572e-01 0.000000e+00)
0.172061      	(0.000000e+00 -8.538462e-01 0.000000e+00)
0.172081      	(0.000000e+00 -8.540346e-01 0.000000e+00)
0.172101      	(0.000000e+00 -8.542229e-01 0.000000e+00)
0.17212       	(0.000000e+00 -8.544111e-01 0.000000e+00)
0.17214       	(0.000000e+00 -8.545992e-01 0.000000e+00)
0.17216       	(0.000000e+00 -8.547872e-01 0.000000e+00)
0.17218       	(0.000000e+00 -8.549752e-01 0.000000e+00)
0.172199      	(0.000000e+00 -8.551630e-01 0.000000e+00)
0.172219      	(0.000000e+00 -8.553508e-01 0.000000e+00)
0.172239      	(0.000000e+00 -8.555385e-01 0.000000e+00)
0.172259      	(0.000000e+00 -8.557260e-01 0.000000e+00)
0.172278      	(0.000000e+00 -8.559135e-01 0.000000e+00)
0.172298      	(0.000000e+00 -8.561004e-01 0.000000e+00)
0.172318      	(0.000000e+00 -8.562872e-01 0.000000e+00)
0.172337      	(0.000000e+00 -8.564740e-01 0.000000e+00)
0.172357      	(0.000000e+00 -8.566606e-01 0.000000e+00)
0.172377      	(0.000000e+00 -8.568471e-01 0.000000e+00)
0.172396      	(0.000000e+00 -8.570336e-01 0.000000e+00)
0.172416      	(0.000000e+00 -8.572199e-01 0.000000e+00)
0.172436      	(0.000000e+00 -8.574062e-01 0.000000e+00)
0.172456      	(0.000000e+00 -8.575924e-01 0.000000e+00)
0.172475      	(0.000000e+00 -8.577784e-01 0.000000e+00)
0.172495      	(0.000000e+00 -8.579644e-01 0.000000e+00)
0.172515      	(0.000000e+00 -8.581498e-01 0.000000e+00)
0.172534      	(0.000000e+00 -8.583352e-01 0.000000e+00)
0.172554      	(0.000000e+00 -8.585204e-01 0.000000e+00)
0.172574      	(0.000000e+00 -8.587055e-01 0.000000e+00)
0.172593      	(0.000000e+00 -8.588905e-01 0.000000e+00)
0.172613      	(0.000000e+00 -8.590755e-01 0.000000e+00)
0.172632      	(0.000000e+00 -8.592603e-01 0.000000e+00)
0.172652      	(0.000000e+00 -8.594451e-01 0.000000e+00)
0.172672      	(0.000000e+00 -8.596298e-01 0.000000e+00)
0.172691      	(0.000000e+00 -8.598143e-01 0.000000e+00)
0.172711      	(0.000000e+00 -8.599988e-01 0.000000e+00)
0.172731      	(0.000000e+00 -8.601832e-01 0.000000e+00)
0.17275       	(0.000000e+00 -8.603670e-01 0.000000e+00)
0.17277       	(0.000000e+00 -8.605507e-01 0.000000e+00)
0.172789      	(0.000000e+00 -8.607343e-01 0.000000e+00)
0.172809      	(0.000000e+00 -8.609178e-01 0.000000e+00)
0.172829      	(0.000000e+00 -8.611012e-01 0.000000e+00)
0.172848      	(0.000000e+00 -8.612846e-01 0.000000e+00)
0.172868      	(0.000000e+00 -8.614678e-01 0.000000e+00)
0.172887      	(0.000000e+00 -8.616509e-01 0.000000e+00)
0.172907      	(0.000000e+00 -8.618340e-01 0.000000e+00)
0.172927      	(0.000000e+00 -8.620169e-01 0.000000e+00)
0.172946      	(0.000000e+00 -8.621998e-01 0.000000e+00)
0.172966      	(0.000000e+00 -8.623826e-01 0.000000e+00)
0.172985      	(0.000000e+00 -8.625653e-01 0.000000e+00)
0.173005      	(0.000000e+00 -8.627473e-01 0.000000e+00)
0.173025      	(0.000000e+00 -8.629293e-01 0.000000e+00)
0.173044      	(0.000000e+00 -8.631112e-01 0.000000e+00)
0.173064      	(0.000000e+00 -8.632930e-01 0.000000e+00)
0.173083      	(0.000000e+00 -8.634747e-01 0.000000e+00)
0.173103      	(0.000000e+00 -8.636563e-01 0.000000e+00)
0.173122      	(0.000000e+00 -8.638378e-01 0.000000e+00)
0.173142      	(0.000000e+00 -8.640192e-01 0.000000e+00)
0.173161      	(0.000000e+00 -8.642005e-01 0.000000e+00)
0.173181      	(0.000000e+00 -8.643818e-01 0.000000e+00)
0.1732        	(0.000000e+00 -8.645629e-01 0.000000e+00)
0.17322       	(0.000000e+00 -8.647440e-01 0.000000e+00)
0.173239      	(0.000000e+00 -8.649249e-01 0.000000e+00)
0.173259      	(0.000000e+00 -8.651052e-01 0.000000e+00)
0.173278      	(0.000000e+00 -8.652855e-01 0.000000e+00)
0.173298      	(0.000000e+00 -8.654656e-01 0.000000e+00)
0.173317      	(0.000000e+00 -8.656457e-01 0.000000e+00)
0.173337      	(0.000000e+00 -8.658256e-01 0.000000e+00)
0.173356      	(0.000000e+00 -8.660055e-01 0.000000e+00)
0.173376      	(0.000000e+00 -8.661853e-01 0.000000e+00)
0.173395      	(0.000000e+00 -8.663649e-01 0.000000e+00)
0.173415      	(0.000000e+00 -8.665445e-01 0.000000e+00)
0.173434      	(0.000000e+00 -8.667240e-01 0.000000e+00)
0.173454      	(0.000000e+00 -8.669034e-01 0.000000e+00)
0.173473      	(0.000000e+00 -8.670827e-01 0.000000e+00)
0.173493      	(0.000000e+00 -8.672619e-01 0.000000e+00)
0.173512      	(0.000000e+00 -8.674410e-01 0.000000e+00)
0.173532      	(0.000000e+00 -8.676195e-01 0.000000e+00)
0.173551      	(0.000000e+00 -8.677979e-01 0.000000e+00)
0.17357       	(0.000000e+00 -8.679761e-01 0.000000e+00)
0.17359       	(0.000000e+00 -8.681543e-01 0.000000e+00)
0.173609      	(0.000000e+00 -8.683324e-01 0.000000e+00)
0.173629      	(0.000000e+00 -8.685104e-01 0.000000e+00)
0.173648      	(0.000000e+00 -8.686884e-01 0.000000e+00)
0.173668      	(0.000000e+00 -8.688662e-01 0.000000e+00)
0.173687      	(0.000000e+00 -8.690439e-01 0.000000e+00)
0.173706      	(0.000000e+00 -8.692215e-01 0.000000e+00)
0.173726      	(0.000000e+00 -8.693990e-01 0.000000e+00)
0.173745      	(0.000000e+00 -8.695765e-01 0.000000e+00)
0.173765      	(0.000000e+00 -8.697538e-01 0.000000e+00)
0.173784      	(0.000000e+00 -8.699311e-01 0.000000e+00)
0.173804      	(0.000000e+00 -8.701077e-01 0.000000e+00)
0.173823      	(0.000000e+00 -8.702842e-01 0.000000e+00)
0.173842      	(0.000000e+00 -8.704606e-01 0.000000e+00)
0.173862      	(0.000000e+00 -8.706369e-01 0.000000e+00)
0.173881      	(0.000000e+00 -8.708131e-01 0.000000e+00)
0.1739        	(0.000000e+00 -8.709892e-01 0.000000e+00)
0.17392       	(0.000000e+00 -8.711653e-01 0.000000e+00)
0.173939      	(0.000000e+00 -8.713412e-01 0.000000e+00)
0.173958      	(0.000000e+00 -8.715170e-01 0.000000e+00)
0.173978      	(0.000000e+00 -8.716928e-01 0.000000e+00)
0.173997      	(0.000000e+00 -8.718684e-01 0.000000e+00)
0.174017      	(0.000000e+00 -8.720440e-01 0.000000e+00)
0.174036      	(0.000000e+00 -8.722195e-01 0.000000e+00)
0.174055      	(0.000000e+00 -8.723948e-01 0.000000e+00)
0.174075      	(0.000000e+00 -8.725701e-01 0.000000e+00)
0.174094      	(0.000000e+00 -8.727453e-01 0.000000e+00)
0.174113      	(0.000000e+00 -8.729198e-01 0.000000e+00)
0.174133      	(0.000000e+00 -8.730942e-01 0.000000e+00)
0.174152      	(0.000000e+00 -8.732685e-01 0.000000e+00)
0.174171      	(0.000000e+00 -8.734427e-01 0.000000e+00)
0.17419       	(0.000000e+00 -8.736168e-01 0.000000e+00)
0.17421       	(0.000000e+00 -8.737908e-01 0.000000e+00)
0.174229      	(0.000000e+00 -8.739648e-01 0.000000e+00)
0.174248      	(0.000000e+00 -8.741386e-01 0.000000e+00)
0.174268      	(0.000000e+00 -8.743124e-01 0.000000e+00)
0.174287      	(0.000000e+00 -8.744860e-01 0.000000e+00)
0.174306      	(0.000000e+00 -8.746595e-01 0.000000e+00)
0.174326      	(0.000000e+00 -8.748330e-01 0.000000e+00)
0.174345      	(0.000000e+00 -8.750064e-01 0.000000e+00)
0.174364      	(0.000000e+00 -8.751796e-01 0.000000e+00)
0.174383      	(0.000000e+00 -8.753528e-01 0.000000e+00)
0.174403      	(0.000000e+00 -8.755258e-01 0.000000e+00)
0.174422      	(0.000000e+00 -8.756982e-01 0.000000e+00)
0.174441      	(0.000000e+00 -8.758705e-01 0.000000e+00)
0.17446       	(0.000000e+00 -8.760427e-01 0.000000e+00)
0.17448       	(0.000000e+00 -8.762148e-01 0.000000e+00)
0.174499      	(0.000000e+00 -8.763868e-01 0.000000e+00)
0.174518      	(0.000000e+00 -8.765587e-01 0.000000e+00)
0.174537      	(0.000000e+00 -8.767305e-01 0.000000e+00)
0.174557      	(0.000000e+00 -8.769022e-01 0.000000e+00)
0.174576      	(0.000000e+00 -8.770738e-01 0.000000e+00)
0.174595      	(0.000000e+00 -8.772453e-01 0.000000e+00)
0.174614      	(0.000000e+00 -8.774167e-01 0.000000e+00)
0.174634      	(0.000000e+00 -8.775880e-01 0.000000e+00)
0.174653      	(0.000000e+00 -8.777593e-01 0.000000e+00)
0.174672      	(0.000000e+00 -8.779304e-01 0.000000e+00)
0.174691      	(0.000000e+00 -8.781014e-01 0.000000e+00)
0.174711      	(0.000000e+00 -8.782724e-01 0.000000e+00)
0.17473       	(0.000000e+00 -8.784432e-01 0.000000e+00)
0.174749      	(0.000000e+00 -8.786133e-01 0.000000e+00)
0.174768      	(0.000000e+00 -8.787834e-01 0.000000e+00)
0.174787      	(0.000000e+00 -8.789533e-01 0.000000e+00)
0.174806      	(0.000000e+00 -8.791231e-01 0.000000e+00)
0.174826      	(0.000000e+00 -8.792928e-01 0.000000e+00)
0.174845      	(0.000000e+00 -8.794625e-01 0.000000e+00)
0.174864      	(0.000000e+00 -8.796320e-01 0.000000e+00)
0.174883      	(0.000000e+00 -8.798015e-01 0.000000e+00)
0.174902      	(0.000000e+00 -8.799708e-01 0.000000e+00)
0.174921      	(0.000000e+00 -8.801401e-01 0.000000e+00)
0.174941      	(0.000000e+00 -8.803092e-01 0.000000e+00)
0.17496       	(0.000000e+00 -8.804783e-01 0.000000e+00)
0.174979      	(0.000000e+00 -8.806473e-01 0.000000e+00)
0.174998      	(0.000000e+00 -8.808161e-01 0.000000e+00)
0.175017      	(0.000000e+00 -8.809849e-01 0.000000e+00)
0.175036      	(0.000000e+00 -8.811536e-01 0.000000e+00)
0.175056      	(0.000000e+00 -8.813221e-01 0.000000e+00)
0.175075      	(0.000000e+00 -8.814906e-01 0.000000e+00)
0.175094      	(0.000000e+00 -8.816590e-01 0.000000e+00)
0.175113      	(0.000000e+00 -8.818266e-01 0.000000e+00)
0.175132      	(0.000000e+00 -8.819942e-01 0.000000e+00)
0.175151      	(0.000000e+00 -8.821616e-01 0.000000e+00)
0.17517       	(0.000000e+00 -8.823289e-01 0.000000e+00)
0.175189      	(0.000000e+00 -8.824962e-01 0.000000e+00)
0.175208      	(0.000000e+00 -8.826633e-01 0.000000e+00)
0.175228      	(0.000000e+00 -8.828304e-01 0.000000e+00)
0.175247      	(0.000000e+00 -8.829973e-01 0.000000e+00)
0.175266      	(0.000000e+00 -8.831642e-01 0.000000e+00)
0.175285      	(0.000000e+00 -8.833309e-01 0.000000e+00)
0.175304      	(0.000000e+00 -8.834976e-01 0.000000e+00)
0.175323      	(0.000000e+00 -8.836641e-01 0.000000e+00)
0.175342      	(0.000000e+00 -8.838306e-01 0.000000e+00)
0.175361      	(0.000000e+00 -8.839970e-01 0.000000e+00)
0.17538       	(0.000000e+00 -8.841632e-01 0.000000e+00)
0.175399      	(0.000000e+00 -8.843294e-01 0.000000e+00)
0.175418      	(0.000000e+00 -8.844955e-01 0.000000e+00)
0.175438      	(0.000000e+00 -8.846614e-01 0.000000e+00)
0.175457      	(0.000000e+00 -8.848273e-01 0.000000e+00)
0.175476      	(0.000000e+00 -8.849931e-01 0.000000e+00)
0.175495      	(0.000000e+00 -8.851588e-01 0.000000e+00)
0.175514      	(0.000000e+00 -8.853237e-01 0.000000e+00)
0.175533      	(0.000000e+00 -8.854884e-01 0.000000e+00)
0.175552      	(0.000000e+00 -8.856531e-01 0.000000e+00)
0.175571      	(0.000000e+00 -8.858177e-01 0.000000e+00)
0.17559       	(0.000000e+00 -8.859822e-01 0.000000e+00)
0.175609      	(0.000000e+00 -8.861466e-01 0.000000e+00)
0.175628      	(0.000000e+00 -8.863109e-01 0.000000e+00)
0.175647      	(0.000000e+00 -8.864751e-01 0.000000e+00)
0.175666      	(0.000000e+00 -8.866392e-01 0.000000e+00)
0.175685      	(0.000000e+00 -8.868032e-01 0.000000e+00)
0.175704      	(0.000000e+00 -8.869671e-01 0.000000e+00)
0.175723      	(0.000000e+00 -8.871310e-01 0.000000e+00)
0.175742      	(0.000000e+00 -8.872947e-01 0.000000e+00)
0.175761      	(0.000000e+00 -8.874583e-01 0.000000e+00)
0.17578       	(0.000000e+00 -8.876218e-01 0.000000e+00)
0.175799      	(0.000000e+00 -8.877852e-01 0.000000e+00)
0.175818      	(0.000000e+00 -8.879485e-01 0.000000e+00)
0.175837      	(0.000000e+00 -8.881118e-01 0.000000e+00)
0.175856      	(0.000000e+00 -8.882749e-01 0.000000e+00)
0.175875      	(0.000000e+00 -8.884379e-01 0.000000e+00)
0.175894      	(0.000000e+00 -8.886008e-01 0.000000e+00)
0.175913      	(0.000000e+00 -8.887637e-01 0.000000e+00)
0.175932      	(0.000000e+00 -8.889256e-01 0.000000e+00)
0.175951      	(0.000000e+00 -8.890875e-01 0.000000e+00)
0.17597       	(0.000000e+00 -8.892493e-01 0.000000e+00)
0.175989      	(0.000000e+00 -8.894110e-01 0.000000e+00)
0.176008      	(0.000000e+00 -8.895726e-01 0.000000e+00)
0.176027      	(0.000000e+00 -8.897340e-01 0.000000e+00)
0.176045      	(0.000000e+00 -8.898954e-01 0.000000e+00)
0.176064      	(0.000000e+00 -8.900567e-01 0.000000e+00)
0.176083      	(0.000000e+00 -8.902179e-01 0.000000e+00)
0.176102      	(0.000000e+00 -8.903790e-01 0.000000e+00)
0.176121      	(0.000000e+00 -8.905400e-01 0.000000e+00)
0.17614       	(0.000000e+00 -8.907009e-01 0.000000e+00)
0.176159      	(0.000000e+00 -8.908617e-01 0.000000e+00)
0.176178      	(0.000000e+00 -8.910224e-01 0.000000e+00)
0.176197      	(0.000000e+00 -8.911830e-01 0.000000e+00)
0.176216      	(0.000000e+00 -8.913435e-01 0.000000e+00)
0.176235      	(0.000000e+00 -8.915039e-01 0.000000e+00)
0.176254      	(0.000000e+00 -8.916642e-01 0.000000e+00)
0.176272      	(0.000000e+00 -8.918244e-01 0.000000e+00)
0.176291      	(0.000000e+00 -8.919845e-01 0.000000e+00)
0.17631       	(0.000000e+00 -8.921445e-01 0.000000e+00)
0.176329      	(0.000000e+00 -8.923044e-01 0.000000e+00)
0.176348      	(0.000000e+00 -8.924643e-01 0.000000e+00)
0.176367      	(0.000000e+00 -8.926240e-01 0.000000e+00)
0.176386      	(0.000000e+00 -8.927836e-01 0.000000e+00)
0.176405      	(0.000000e+00 -8.929431e-01 0.000000e+00)
0.176424      	(0.000000e+00 -8.931017e-01 0.000000e+00)
0.176443      	(0.000000e+00 -8.932601e-01 0.000000e+00)
0.176461      	(0.000000e+00 -8.934185e-01 0.000000e+00)
0.17648       	(0.000000e+00 -8.935768e-01 0.000000e+00)
0.176499      	(0.000000e+00 -8.937350e-01 0.000000e+00)
0.176518      	(0.000000e+00 -8.938931e-01 0.000000e+00)
0.176537      	(0.000000e+00 -8.940511e-01 0.000000e+00)
0.176556      	(0.000000e+00 -8.942089e-01 0.000000e+00)
0.176574      	(0.000000e+00 -8.943667e-01 0.000000e+00)
0.176593      	(0.000000e+00 -8.945244e-01 0.000000e+00)
0.176612      	(0.000000e+00 -8.946820e-01 0.000000e+00)
0.176631      	(0.000000e+00 -8.948395e-01 0.000000e+00)
0.17665       	(0.000000e+00 -8.949969e-01 0.000000e+00)
0.176668      	(0.000000e+00 -8.951542e-01 0.000000e+00)
0.176687      	(0.000000e+00 -8.953114e-01 0.000000e+00)
0.176706      	(0.000000e+00 -8.954685e-01 0.000000e+00)
0.176725      	(0.000000e+00 -8.956255e-01 0.000000e+00)
0.176744      	(0.000000e+00 -8.957824e-01 0.000000e+00)
0.176763      	(0.000000e+00 -8.959392e-01 0.000000e+00)
0.176781      	(0.000000e+00 -8.960959e-01 0.000000e+00)
0.1768        	(0.000000e+00 -8.962525e-01 0.000000e+00)
0.176819      	(0.000000e+00 -8.964090e-01 0.000000e+00)
0.176838      	(0.000000e+00 -8.965654e-01 0.000000e+00)
0.176857      	(0.000000e+00 -8.967217e-01 0.000000e+00)
0.176875      	(0.000000e+00 -8.968779e-01 0.000000e+00)
0.176894      	(0.000000e+00 -8.970340e-01 0.000000e+00)
0.176913      	(0.000000e+00 -8.971900e-01 0.000000e+00)
0.176932      	(0.000000e+00 -8.973459e-01 0.000000e+00)
0.176951      	(0.000000e+00 -8.975017e-01 0.000000e+00)
0.176969      	(0.000000e+00 -8.976564e-01 0.000000e+00)
0.176988      	(0.000000e+00 -8.978110e-01 0.000000e+00)
0.177007      	(0.000000e+00 -8.979656e-01 0.000000e+00)
0.177026      	(0.000000e+00 -8.981200e-01 0.000000e+00)
0.177044      	(0.000000e+00 -8.982744e-01 0.000000e+00)
0.177063      	(0.000000e+00 -8.984286e-01 0.000000e+00)
0.177082      	(0.000000e+00 -8.985828e-01 0.000000e+00)
0.1771        	(0.000000e+00 -8.987368e-01 0.000000e+00)
0.177119      	(0.000000e+00 -8.988908e-01 0.000000e+00)
0.177138      	(0.000000e+00 -8.990446e-01 0.000000e+00)
0.177157      	(0.000000e+00 -8.991984e-01 0.000000e+00)
0.177175      	(0.000000e+00 -8.993520e-01 0.000000e+00)
0.177194      	(0.000000e+00 -8.995056e-01 0.000000e+00)
0.177213      	(0.000000e+00 -8.996590e-01 0.000000e+00)
0.177231      	(0.000000e+00 -8.998124e-01 0.000000e+00)
0.17725       	(0.000000e+00 -8.999656e-01 0.000000e+00)
0.177269      	(0.000000e+00 -9.001188e-01 0.000000e+00)
0.177288      	(0.000000e+00 -9.002718e-01 0.000000e+00)
0.177306      	(0.000000e+00 -9.004248e-01 0.000000e+00)
0.177325      	(0.000000e+00 -9.005777e-01 0.000000e+00)
0.177344      	(0.000000e+00 -9.007304e-01 0.000000e+00)
0.177362      	(0.000000e+00 -9.008831e-01 0.000000e+00)
0.177381      	(0.000000e+00 -9.010356e-01 0.000000e+00)
0.1774        	(0.000000e+00 -9.011881e-01 0.000000e+00)
0.177418      	(0.000000e+00 -9.013404e-01 0.000000e+00)
0.177437      	(0.000000e+00 -9.014927e-01 0.000000e+00)
0.177456      	(0.000000e+00 -9.016448e-01 0.000000e+00)
0.177475      	(0.000000e+00 -9.017969e-01 0.000000e+00)
0.177493      	(0.000000e+00 -9.019488e-01 0.000000e+00)
0.177512      	(0.000000e+00 -9.021007e-01 0.000000e+00)
0.177531      	(0.000000e+00 -9.022524e-01 0.000000e+00)
0.177549      	(0.000000e+00 -9.024041e-01 0.000000e+00)
0.177568      	(0.000000e+00 -9.025556e-01 0.000000e+00)
0.177587      	(0.000000e+00 -9.027070e-01 0.000000e+00)
0.177606      	(0.000000e+00 -9.028584e-01 0.000000e+00)
0.177624      	(0.000000e+00 -9.030096e-01 0.000000e+00)
0.177643      	(0.000000e+00 -9.031596e-01 0.000000e+00)
0.177661      	(0.000000e+00 -9.033095e-01 0.000000e+00)
0.17768       	(0.000000e+00 -9.034592e-01 0.000000e+00)
0.177698      	(0.000000e+00 -9.036089e-01 0.000000e+00)
0.177717      	(0.000000e+00 -9.037584e-01 0.000000e+00)
0.177736      	(0.000000e+00 -9.039079e-01 0.000000e+00)
0.177754      	(0.000000e+00 -9.040573e-01 0.000000e+00)
0.177773      	(0.000000e+00 -9.042065e-01 0.000000e+00)
0.177791      	(0.000000e+00 -9.043557e-01 0.000000e+00)
0.17781       	(0.000000e+00 -9.045048e-01 0.000000e+00)
0.177828      	(0.000000e+00 -9.046537e-01 0.000000e+00)
0.177847      	(0.000000e+00 -9.048026e-01 0.000000e+00)
0.177866      	(0.000000e+00 -9.049514e-01 0.000000e+00)
0.177884      	(0.000000e+00 -9.051000e-01 0.000000e+00)
0.177903      	(0.000000e+00 -9.052486e-01 0.000000e+00)
0.177921      	(0.000000e+00 -9.053970e-01 0.000000e+00)
0.17794       	(0.000000e+00 -9.055454e-01 0.000000e+00)
0.177958      	(0.000000e+00 -9.056937e-01 0.000000e+00)
0.177977      	(0.000000e+00 -9.058418e-01 0.000000e+00)
0.177995      	(0.000000e+00 -9.059899e-01 0.000000e+00)
0.178014      	(0.000000e+00 -9.061378e-01 0.000000e+00)
0.178033      	(0.000000e+00 -9.062857e-01 0.000000e+00)
0.178051      	(0.000000e+00 -9.064335e-01 0.000000e+00)
0.17807       	(0.000000e+00 -9.065811e-01 0.000000e+00)
0.178088      	(0.000000e+00 -9.067287e-01 0.000000e+00)
0.178107      	(0.000000e+00 -9.068761e-01 0.000000e+00)
0.178125      	(0.000000e+00 -9.070235e-01 0.000000e+00)
0.178144      	(0.000000e+00 -9.071707e-01 0.000000e+00)
0.178162      	(0.000000e+00 -9.073179e-01 0.000000e+00)
0.178181      	(0.000000e+00 -9.074649e-01 0.000000e+00)
0.1782        	(0.000000e+00 -9.076119e-01 0.000000e+00)
0.178218      	(0.000000e+00 -9.077587e-01 0.000000e+00)
0.178237      	(0.000000e+00 -9.079055e-01 0.000000e+00)
0.178255      	(0.000000e+00 -9.080521e-01 0.000000e+00)
0.178274      	(0.000000e+00 -9.081987e-01 0.000000e+00)
0.178292      	(0.000000e+00 -9.083451e-01 0.000000e+00)
0.178311      	(0.000000e+00 -9.084915e-01 0.000000e+00)
0.17833       	(0.000000e+00 -9.086377e-01 0.000000e+00)
0.178348      	(0.000000e+00 -9.087838e-01 0.000000e+00)
0.178367      	(0.000000e+00 -9.089299e-01 0.000000e+00)
0.178385      	(0.000000e+00 -9.090758e-01 0.000000e+00)
0.178404      	(0.000000e+00 -9.092216e-01 0.000000e+00)
0.178422      	(0.000000e+00 -9.093674e-01 0.000000e+00)
0.178441      	(0.000000e+00 -9.095130e-01 0.000000e+00)
0.178459      	(0.000000e+00 -9.096585e-01 0.000000e+00)
0.178478      	(0.000000e+00 -9.098039e-01 0.000000e+00)
0.178497      	(0.000000e+00 -9.099493e-01 0.000000e+00)
0.178515      	(0.000000e+00 -9.100945e-01 0.000000e+00)
0.178533      	(0.000000e+00 -9.102378e-01 0.000000e+00)
0.178552      	(0.000000e+00 -9.103810e-01 0.000000e+00)
0.17857       	(0.000000e+00 -9.105242e-01 0.000000e+00)
0.178588      	(0.000000e+00 -9.106672e-01 0.000000e+00)
0.178607      	(0.000000e+00 -9.108101e-01 0.000000e+00)
0.178625      	(0.000000e+00 -9.109529e-01 0.000000e+00)
0.178643      	(0.000000e+00 -9.110957e-01 0.000000e+00)
0.178662      	(0.000000e+00 -9.112383e-01 0.000000e+00)
0.17868       	(0.000000e+00 -9.113808e-01 0.000000e+00)
0.178698      	(0.000000e+00 -9.115232e-01 0.000000e+00)
0.178717      	(0.000000e+00 -9.116656e-01 0.000000e+00)
0.178735      	(0.000000e+00 -9.118078e-01 0.000000e+00)
0.178753      	(0.000000e+00 -9.119499e-01 0.000000e+00)
0.178772      	(0.000000e+00 -9.120920e-01 0.000000e+00)
0.17879       	(0.000000e+00 -9.122339e-01 0.000000e+00)
0.178808      	(0.000000e+00 -9.123757e-01 0.000000e+00)
0.178827      	(0.000000e+00 -9.125174e-01 0.000000e+00)
0.178845      	(0.000000e+00 -9.126590e-01 0.000000e+00)
0.178863      	(0.000000e+00 -9.128006e-01 0.000000e+00)
0.178882      	(0.000000e+00 -9.129420e-01 0.000000e+00)
0.1789        	(0.000000e+00 -9.130833e-01 0.000000e+00)
0.178918      	(0.000000e+00 -9.132245e-01 0.000000e+00)
0.178937      	(0.000000e+00 -9.133656e-01 0.000000e+00)
0.178955      	(0.000000e+00 -9.135067e-01 0.000000e+00)
0.178973      	(0.000000e+00 -9.136476e-01 0.000000e+00)
0.178992      	(0.000000e+00 -9.137884e-01 0.000000e+00)
0.17901       	(0.000000e+00 -9.139291e-01 0.000000e+00)
0.179028      	(0.000000e+00 -9.140697e-01 0.000000e+00)
0.179047      	(0.000000e+00 -9.142102e-01 0.000000e+00)
0.179065      	(0.000000e+00 -9.143506e-01 0.000000e+00)
0.179083      	(0.000000e+00 -9.144910e-01 0.000000e+00)
0.179102      	(0.000000e+00 -9.146312e-01 0.000000e+00)
0.17912       	(0.000000e+00 -9.147713e-01 0.000000e+00)
0.179138      	(0.000000e+00 -9.149113e-01 0.000000e+00)
0.179157      	(0.000000e+00 -9.150512e-01 0.000000e+00)
0.179175      	(0.000000e+00 -9.151910e-01 0.000000e+00)
0.179193      	(0.000000e+00 -9.153307e-01 0.000000e+00)
0.179212      	(0.000000e+00 -9.154703e-01 0.000000e+00)
0.17923       	(0.000000e+00 -9.156098e-01 0.000000e+00)
0.179248      	(0.000000e+00 -9.157492e-01 0.000000e+00)
0.179267      	(0.000000e+00 -9.158885e-01 0.000000e+00)
0.179285      	(0.000000e+00 -9.160276e-01 0.000000e+00)
0.179303      	(0.000000e+00 -9.161667e-01 0.000000e+00)
0.179322      	(0.000000e+00 -9.163057e-01 0.000000e+00)
0.17934       	(0.000000e+00 -9.164446e-01 0.000000e+00)
0.179358      	(0.000000e+00 -9.165834e-01 0.000000e+00)
0.179377      	(0.000000e+00 -9.167221e-01 0.000000e+00)
0.179395      	(0.000000e+00 -9.168606e-01 0.000000e+00)
0.179413      	(0.000000e+00 -9.169991e-01 0.000000e+00)
0.179432      	(0.000000e+00 -9.171375e-01 0.000000e+00)
0.17945       	(0.000000e+00 -9.172758e-01 0.000000e+00)
0.179468      	(0.000000e+00 -9.174139e-01 0.000000e+00)
0.179487      	(0.000000e+00 -9.175520e-01 0.000000e+00)
0.179505      	(0.000000e+00 -9.176900e-01 0.000000e+00)
0.179523      	(0.000000e+00 -9.178278e-01 0.000000e+00)
0.179542      	(0.000000e+00 -9.179656e-01 0.000000e+00)
0.17956       	(0.000000e+00 -9.181032e-01 0.000000e+00)
0.179578      	(0.000000e+00 -9.182408e-01 0.000000e+00)
0.179597      	(0.000000e+00 -9.183782e-01 0.000000e+00)
0.179615      	(0.000000e+00 -9.185156e-01 0.000000e+00)
0.179633      	(0.000000e+00 -9.186528e-01 0.000000e+00)
0.179652      	(0.000000e+00 -9.187900e-01 0.000000e+00)
0.17967       	(0.000000e+00 -9.189270e-01 0.000000e+00)
0.179688      	(0.000000e+00 -9.190639e-01 0.000000e+00)
0.179707      	(0.000000e+00 -9.192008e-01 0.000000e+00)
0.179725      	(0.000000e+00 -9.193375e-01 0.000000e+00)
0.179743      	(0.000000e+00 -9.194741e-01 0.000000e+00)
0.179762      	(0.000000e+00 -9.196107e-01 0.000000e+00)
0.17978       	(0.000000e+00 -9.197471e-01 0.000000e+00)
0.179798      	(0.000000e+00 -9.198834e-01 0.000000e+00)
0.179817      	(0.000000e+00 -9.200196e-01 0.000000e+00)
0.179835      	(0.000000e+00 -9.201557e-01 0.000000e+00)
0.179853      	(0.000000e+00 -9.202917e-01 0.000000e+00)
0.179872      	(0.000000e+00 -9.204276e-01 0.000000e+00)
0.17989       	(0.000000e+00 -9.205634e-01 0.000000e+00)
0.179908      	(0.000000e+00 -9.206991e-01 0.000000e+00)
0.179927      	(0.000000e+00 -9.208347e-01 0.000000e+00)
0.179945      	(0.000000e+00 -9.209702e-01 0.000000e+00)
0.179963      	(0.000000e+00 -9.211056e-01 0.000000e+00)
0.179982      	(0.000000e+00 -9.212408e-01 0.000000e+00)
0.18          	(0.000000e+00 -9.213760e-01 0.000000e+00)
0.180018      	(0.000000e+00 -9.215110e-01 0.000000e+00)
0.180037      	(0.000000e+00 -9.216458e-01 0.000000e+00)
0.180055      	(0.000000e+00 -9.217805e-01 0.000000e+00)
0.180073      	(0.000000e+00 -9.219152e-01 0.000000e+00)
0.180092      	(0.000000e+00 -9.220497e-01 0.000000e+00)
0.18011       	(0.000000e+00 -9.221841e-01 0.000000e+00)
0.180128      	(0.000000e+00 -9.223182e-01 0.000000e+00)
0.180146      	(0.000000e+00 -9.224522e-01 0.000000e+00)
0.180165      	(0.000000e+00 -9.225861e-01 0.000000e+00)
0.180183      	(0.000000e+00 -9.227198e-01 0.000000e+00)
0.180201      	(0.000000e+00 -9.228535e-01 0.000000e+00)
0.18022       	(0.000000e+00 -9.229870e-01 0.000000e+00)
0.180238      	(0.000000e+00 -9.231205e-01 0.000000e+00)
0.180256      	(0.000000e+00 -9.232538e-01 0.000000e+00)
0.180274      	(0.000000e+00 -9.233871e-01 0.000000e+00)
0.180293      	(0.000000e+00 -9.235202e-01 0.000000e+00)
0.180311      	(0.000000e+00 -9.236533e-01 0.000000e+00)
0.180329      	(0.000000e+00 -9.237862e-01 0.000000e+00)
0.180348      	(0.000000e+00 -9.239190e-01 0.000000e+00)
0.180366      	(0.000000e+00 -9.240515e-01 0.000000e+00)
0.180384      	(0.000000e+00 -9.241839e-01 0.000000e+00)
0.180402      	(0.000000e+00 -9.243161e-01 0.000000e+00)
0.180421      	(0.000000e+00 -9.244483e-01 0.000000e+00)
0.180439      	(0.000000e+00 -9.245803e-01 0.000000e+00)
0.180457      	(0.000000e+00 -9.247123e-01 0.000000e+00)
0.180475      	(0.000000e+00 -9.248441e-01 0.000000e+00)
0.180494      	(0.000000e+00 -9.249759e-01 0.000000e+00)
0.180512      	(0.000000e+00 -9.251075e-01 0.000000e+00)
0.18053       	(0.000000e+00 -9.252390e-01 0.000000e+00)
0.180548      	(0.000000e+00 -9.253705e-01 0.000000e+00)
0.180567      	(0.000000e+00 -9.255018e-01 0.000000e+00)
0.180585      	(0.000000e+00 -9.256330e-01 0.000000e+00)
0.180603      	(0.000000e+00 -9.257639e-01 0.000000e+00)
0.180621      	(0.000000e+00 -9.258946e-01 0.000000e+00)
0.180639      	(0.000000e+00 -9.260253e-01 0.000000e+00)
0.180658      	(0.000000e+00 -9.261558e-01 0.000000e+00)
0.180676      	(0.000000e+00 -9.262863e-01 0.000000e+00)
0.180694      	(0.000000e+00 -9.264166e-01 0.000000e+00)
0.180712      	(0.000000e+00 -9.265468e-01 0.000000e+00)
0.18073       	(0.000000e+00 -9.266770e-01 0.000000e+00)
0.180749      	(0.000000e+00 -9.268070e-01 0.000000e+00)
0.180767      	(0.000000e+00 -9.269369e-01 0.000000e+00)
0.180785      	(0.000000e+00 -9.270667e-01 0.000000e+00)
0.180803      	(0.000000e+00 -9.271964e-01 0.000000e+00)
0.180821      	(0.000000e+00 -9.273260e-01 0.000000e+00)
0.18084       	(0.000000e+00 -9.274555e-01 0.000000e+00)
0.180858      	(0.000000e+00 -9.275847e-01 0.000000e+00)
0.180876      	(0.000000e+00 -9.277137e-01 0.000000e+00)
0.180894      	(0.000000e+00 -9.278427e-01 0.000000e+00)
0.180912      	(0.000000e+00 -9.279715e-01 0.000000e+00)
0.180931      	(0.000000e+00 -9.281002e-01 0.000000e+00)
0.180949      	(0.000000e+00 -9.282288e-01 0.000000e+00)
0.180967      	(0.000000e+00 -9.283573e-01 0.000000e+00)
0.180985      	(0.000000e+00 -9.284857e-01 0.000000e+00)
0.181003      	(0.000000e+00 -9.286140e-01 0.000000e+00)
0.181021      	(0.000000e+00 -9.287422e-01 0.000000e+00)
0.18104       	(0.000000e+00 -9.288703e-01 0.000000e+00)
0.181058      	(0.000000e+00 -9.289983e-01 0.000000e+00)
0.181076      	(0.000000e+00 -9.291262e-01 0.000000e+00)
0.181094      	(0.000000e+00 -9.292540e-01 0.000000e+00)
0.181112      	(0.000000e+00 -9.293814e-01 0.000000e+00)
0.18113       	(0.000000e+00 -9.295087e-01 0.000000e+00)
0.181149      	(0.000000e+00 -9.296359e-01 0.000000e+00)
0.181167      	(0.000000e+00 -9.297630e-01 0.000000e+00)
0.181185      	(0.000000e+00 -9.298900e-01 0.000000e+00)
0.181203      	(0.000000e+00 -9.300169e-01 0.000000e+00)
0.181221      	(0.000000e+00 -9.301436e-01 0.000000e+00)
0.181239      	(0.000000e+00 -9.302703e-01 0.000000e+00)
0.181257      	(0.000000e+00 -9.303969e-01 0.000000e+00)
0.181276      	(0.000000e+00 -9.305233e-01 0.000000e+00)
0.181294      	(0.000000e+00 -9.306497e-01 0.000000e+00)
0.181312      	(0.000000e+00 -9.307760e-01 0.000000e+00)
0.18133       	(0.000000e+00 -9.309021e-01 0.000000e+00)
0.181348      	(0.000000e+00 -9.310281e-01 0.000000e+00)
0.181366      	(0.000000e+00 -9.311541e-01 0.000000e+00)
0.181384      	(0.000000e+00 -9.312797e-01 0.000000e+00)
0.181402      	(0.000000e+00 -9.314051e-01 0.000000e+00)
0.181421      	(0.000000e+00 -9.315305e-01 0.000000e+00)
0.181439      	(0.000000e+00 -9.316557e-01 0.000000e+00)
0.181457      	(0.000000e+00 -9.317809e-01 0.000000e+00)
0.181475      	(0.000000e+00 -9.319059e-01 0.000000e+00)
0.181493      	(0.000000e+00 -9.320309e-01 0.000000e+00)
0.181511      	(0.000000e+00 -9.321557e-01 0.000000e+00)
0.181529      	(0.000000e+00 -9.322804e-01 0.000000e+00)
0.181547      	(0.000000e+00 -9.324050e-01 0.000000e+00)
0.181565      	(0.000000e+00 -9.325296e-01 0.000000e+00)
0.181583      	(0.000000e+00 -9.326540e-01 0.000000e+00)
0.181602      	(0.000000e+00 -9.327783e-01 0.000000e+00)
0.18162       	(0.000000e+00 -9.329025e-01 0.000000e+00)
0.181638      	(0.000000e+00 -9.330266e-01 0.000000e+00)
0.181656      	(0.000000e+00 -9.331505e-01 0.000000e+00)
0.181674      	(0.000000e+00 -9.332742e-01 0.000000e+00)
0.181692      	(0.000000e+00 -9.333977e-01 0.000000e+00)
0.18171       	(0.000000e+00 -9.335211e-01 0.000000e+00)
0.181728      	(0.000000e+00 -9.336444e-01 0.000000e+00)
0.181746      	(0.000000e+00 -9.337676e-01 0.000000e+00)
0.181764      	(0.000000e+00 -9.338906e-01 0.000000e+00)
0.181782      	(0.000000e+00 -9.340136e-01 0.000000e+00)
0.1818        	(0.000000e+00 -9.341365e-01 0.000000e+00)
0.181818      	(0.000000e+00 -9.342593e-01 0.000000e+00)
0.181836      	(0.000000e+00 -9.343819e-01 0.000000e+00)
0.181855      	(0.000000e+00 -9.345045e-01 0.000000e+00)
0.181873      	(0.000000e+00 -9.346269e-01 0.000000e+00)
0.181891      	(0.000000e+00 -9.347493e-01 0.000000e+00)
0.181909      	(0.000000e+00 -9.348715e-01 0.000000e+00)
0.181927      	(0.000000e+00 -9.349937e-01 0.000000e+00)
0.181945      	(0.000000e+00 -9.351157e-01 0.000000e+00)
0.181963      	(0.000000e+00 -9.352373e-01 0.000000e+00)
0.181981      	(0.000000e+00 -9.353589e-01 0.000000e+00)
0.181999      	(0.000000e+00 -9.354803e-01 0.000000e+00)
0.182017      	(0.000000e+00 -9.356016e-01 0.000000e+00)
0.182035      	(0.000000e+00 -9.357229e-01 0.000000e+00)
0.182053      	(0.000000e+00 -9.358440e-01 0.000000e+00)
0.182071      	(0.000000e+00 -9.359650e-01 0.000000e+00)
0.182089      	(0.000000e+00 -9.360859e-01 0.000000e+00)
0.182107      	(0.000000e+00 -9.362067e-01 0.000000e+00)
0.182125      	(0.000000e+00 -9.363274e-01 0.000000e+00)
0.182143      	(0.000000e+00 -9.364480e-01 0.000000e+00)
0.182161      	(0.000000e+00 -9.365685e-01 0.000000e+00)
0.182179      	(0.000000e+00 -9.366889e-01 0.000000e+00)
0.182197      	(0.000000e+00 -9.368091e-01 0.000000e+00)
0.182215      	(0.000000e+00 -9.369293e-01 0.000000e+00)
0.182233      	(0.000000e+00 -9.370494e-01 0.000000e+00)
0.182251      	(0.000000e+00 -9.371693e-01 0.000000e+00)
0.182269      	(0.000000e+00 -9.372889e-01 0.000000e+00)
0.182287      	(0.000000e+00 -9.374083e-01 0.000000e+00)
0.182305      	(0.000000e+00 -9.375277e-01 0.000000e+00)
0.182323      	(0.000000e+00 -9.376469e-01 0.000000e+00)
0.182341      	(0.000000e+00 -9.377661e-01 0.000000e+00)
0.182359      	(0.000000e+00 -9.378851e-01 0.000000e+00)
0.182377      	(0.000000e+00 -9.380041e-01 0.000000e+00)
0.182395      	(0.000000e+00 -9.381229e-01 0.000000e+00)
0.182413      	(0.000000e+00 -9.382416e-01 0.000000e+00)
0.182431      	(0.000000e+00 -9.383602e-01 0.000000e+00)
0.182449      	(0.000000e+00 -9.384787e-01 0.000000e+00)
0.182467      	(0.000000e+00 -9.385971e-01 0.000000e+00)
0.182485      	(0.000000e+00 -9.387154e-01 0.000000e+00)
0.182503      	(0.000000e+00 -9.388336e-01 0.000000e+00)
0.182521      	(0.000000e+00 -9.389517e-01 0.000000e+00)
0.182539      	(0.000000e+00 -9.390697e-01 0.000000e+00)
0.182557      	(0.000000e+00 -9.391875e-01 0.000000e+00)
0.182575      	(0.000000e+00 -9.393053e-01 0.000000e+00)
0.182593      	(0.000000e+00 -9.394227e-01 0.000000e+00)
0.182611      	(0.000000e+00 -9.395399e-01 0.000000e+00)
0.182629      	(0.000000e+00 -9.396571e-01 0.000000e+00)
0.182647      	(0.000000e+00 -9.397741e-01 0.000000e+00)
0.182664      	(0.000000e+00 -9.398911e-01 0.000000e+00)
0.182682      	(0.000000e+00 -9.400079e-01 0.000000e+00)
0.1827        	(0.000000e+00 -9.401246e-01 0.000000e+00)
0.182718      	(0.000000e+00 -9.402413e-01 0.000000e+00)
0.182736      	(0.000000e+00 -9.403578e-01 0.000000e+00)
0.182754      	(0.000000e+00 -9.404742e-01 0.000000e+00)
0.182772      	(0.000000e+00 -9.405905e-01 0.000000e+00)
0.18279       	(0.000000e+00 -9.407067e-01 0.000000e+00)
0.182808      	(0.000000e+00 -9.408228e-01 0.000000e+00)
0.182826      	(0.000000e+00 -9.409388e-01 0.000000e+00)
0.182844      	(0.000000e+00 -9.410547e-01 0.000000e+00)
0.182862      	(0.000000e+00 -9.411704e-01 0.000000e+00)
0.18288       	(0.000000e+00 -9.412861e-01 0.000000e+00)
0.182898      	(0.000000e+00 -9.414017e-01 0.000000e+00)
0.182916      	(0.000000e+00 -9.415171e-01 0.000000e+00)
0.182933      	(0.000000e+00 -9.416325e-01 0.000000e+00)
0.182951      	(0.000000e+00 -9.417474e-01 0.000000e+00)
0.182969      	(0.000000e+00 -9.418622e-01 0.000000e+00)
0.182987      	(0.000000e+00 -9.419770e-01 0.000000e+00)
0.183005      	(0.000000e+00 -9.420916e-01 0.000000e+00)
0.183023      	(0.000000e+00 -9.422061e-01 0.000000e+00)
0.183041      	(0.000000e+00 -9.423205e-01 0.000000e+00)
0.183059      	(0.000000e+00 -9.424348e-01 0.000000e+00)
0.183077      	(0.000000e+00 -9.425490e-01 0.000000e+00)
0.183094      	(0.000000e+00 -9.426631e-01 0.000000e+00)
0.183112      	(0.000000e+00 -9.427771e-01 0.000000e+00)
0.18313       	(0.000000e+00 -9.428910e-01 0.000000e+00)
0.183148      	(0.000000e+00 -9.430048e-01 0.000000e+00)
0.183166      	(0.000000e+00 -9.431184e-01 0.000000e+00)
0.183184      	(0.000000e+00 -9.432320e-01 0.000000e+00)
0.183202      	(0.000000e+00 -9.433454e-01 0.000000e+00)
0.18322       	(0.000000e+00 -9.434588e-01 0.000000e+00)
0.183238      	(0.000000e+00 -9.435720e-01 0.000000e+00)
0.183256      	(0.000000e+00 -9.436851e-01 0.000000e+00)
0.183273      	(0.000000e+00 -9.437982e-01 0.000000e+00)
0.183291      	(0.000000e+00 -9.439111e-01 0.000000e+00)
0.183309      	(0.000000e+00 -9.440239e-01 0.000000e+00)
0.183327      	(0.000000e+00 -9.441363e-01 0.000000e+00)
0.183345      	(0.000000e+00 -9.442486e-01 0.000000e+00)
0.183363      	(0.000000e+00 -9.443608e-01 0.000000e+00)
0.183381      	(0.000000e+00 -9.444728e-01 0.000000e+00)
0.183398      	(0.000000e+00 -9.445848e-01 0.000000e+00)
0.183416      	(0.000000e+00 -9.446967e-01 0.000000e+00)
0.183434      	(0.000000e+00 -9.448084e-01 0.000000e+00)
0.183452      	(0.000000e+00 -9.449201e-01 0.000000e+00)
0.18347       	(0.000000e+00 -9.450316e-01 0.000000e+00)
0.183488      	(0.000000e+00 -9.451431e-01 0.000000e+00)
0.183505      	(0.000000e+00 -9.452544e-01 0.000000e+00)
0.183523      	(0.000000e+00 -9.453656e-01 0.000000e+00)
0.183541      	(0.000000e+00 -9.454767e-01 0.000000e+00)
0.183559      	(0.000000e+00 -9.455877e-01 0.000000e+00)
0.183577      	(0.000000e+00 -9.456986e-01 0.000000e+00)
0.183595      	(0.000000e+00 -9.458094e-01 0.000000e+00)
0.183612      	(0.000000e+00 -9.459201e-01 0.000000e+00)
0.18363       	(0.000000e+00 -9.460307e-01 0.000000e+00)
0.183648      	(0.000000e+00 -9.461412e-01 0.000000e+00)
0.183666      	(0.000000e+00 -9.462515e-01 0.000000e+00)
0.183684      	(0.000000e+00 -9.463618e-01 0.000000e+00)
0.183702      	(0.000000e+00 -9.464719e-01 0.000000e+00)
0.183719      	(0.000000e+00 -9.465817e-01 0.000000e+00)
0.183737      	(0.000000e+00 -9.466913e-01 0.000000e+00)
0.183755      	(0.000000e+00 -9.468008e-01 0.000000e+00)
0.183773      	(0.000000e+00 -9.469102e-01 0.000000e+00)
0.183791      	(0.000000e+00 -9.470195e-01 0.000000e+00)
0.183808      	(0.000000e+00 -9.471287e-01 0.000000e+00)
0.183826      	(0.000000e+00 -9.472378e-01 0.000000e+00)
0.183844      	(0.000000e+00 -9.473467e-01 0.000000e+00)
0.183862      	(0.000000e+00 -9.474556e-01 0.000000e+00)
0.18388       	(0.000000e+00 -9.475644e-01 0.000000e+00)
0.183897      	(0.000000e+00 -9.476730e-01 0.000000e+00)
0.183915      	(0.000000e+00 -9.477816e-01 0.000000e+00)
0.183933      	(0.000000e+00 -9.478900e-01 0.000000e+00)
0.183951      	(0.000000e+00 -9.479984e-01 0.000000e+00)
0.183969      	(0.000000e+00 -9.481066e-01 0.000000e+00)
0.183986      	(0.000000e+00 -9.482147e-01 0.000000e+00)
0.184004      	(0.000000e+00 -9.483227e-01 0.000000e+00)
0.184022      	(0.000000e+00 -9.484306e-01 0.000000e+00)
0.18404       	(0.000000e+00 -9.485384e-01 0.000000e+00)
0.184058      	(0.000000e+00 -9.486461e-01 0.000000e+00)
0.184075      	(0.000000e+00 -9.487537e-01 0.000000e+00)
0.184093      	(0.000000e+00 -9.488611e-01 0.000000e+00)
0.184111      	(0.000000e+00 -9.489685e-01 0.000000e+00)
0.184129      	(0.000000e+00 -9.490757e-01 0.000000e+00)
0.184146      	(0.000000e+00 -9.491829e-01 0.000000e+00)
0.184164      	(0.000000e+00 -9.492896e-01 0.000000e+00)
0.184182      	(0.000000e+00 -9.493962e-01 0.000000e+00)
0.1842        	(0.000000e+00 -9.495027e-01 0.000000e+00)
0.184217      	(0.000000e+00 -9.496091e-01 0.000000e+00)
0.184235      	(0.000000e+00 -9.497154e-01 0.000000e+00)
0.184253      	(0.000000e+00 -9.498216e-01 0.000000e+00)
0.184271      	(0.000000e+00 -9.499276e-01 0.000000e+00)
0.184288      	(0.000000e+00 -9.500336e-01 0.000000e+00)
0.184306      	(0.000000e+00 -9.501394e-01 0.000000e+00)
0.184324      	(0.000000e+00 -9.502452e-01 0.000000e+00)
0.184342      	(0.000000e+00 -9.503508e-01 0.000000e+00)
0.184359      	(0.000000e+00 -9.504563e-01 0.000000e+00)
0.184377      	(0.000000e+00 -9.505618e-01 0.000000e+00)
0.184395      	(0.000000e+00 -9.506671e-01 0.000000e+00)
0.184413      	(0.000000e+00 -9.507723e-01 0.000000e+00)
0.18443       	(0.000000e+00 -9.508774e-01 0.000000e+00)
0.184448      	(0.000000e+00 -9.509824e-01 0.000000e+00)
0.184466      	(0.000000e+00 -9.510873e-01 0.000000e+00)
0.184484      	(0.000000e+00 -9.511920e-01 0.000000e+00)
0.184501      	(0.000000e+00 -9.512967e-01 0.000000e+00)
0.184519      	(0.000000e+00 -9.514012e-01 0.000000e+00)
0.184537      	(0.000000e+00 -9.515057e-01 0.000000e+00)
0.184554      	(0.000000e+00 -9.516100e-01 0.000000e+00)
0.184572      	(0.000000e+00 -9.517143e-01 0.000000e+00)
0.18459       	(0.000000e+00 -9.518184e-01 0.000000e+00)
0.184608      	(0.000000e+00 -9.519224e-01 0.000000e+00)
0.184625      	(0.000000e+00 -9.520263e-01 0.000000e+00)
0.184643      	(0.000000e+00 -9.521298e-01 0.000000e+00)
0.184661      	(0.000000e+00 -9.522331e-01 0.000000e+00)
0.184678      	(0.000000e+00 -9.523364e-01 0.000000e+00)
0.184696      	(0.000000e+00 -9.524395e-01 0.000000e+00)
0.184714      	(0.000000e+00 -9.525425e-01 0.000000e+00)
0.184731      	(0.000000e+00 -9.526454e-01 0.000000e+00)
0.184749      	(0.000000e+00 -9.527482e-01 0.000000e+00)
0.184767      	(0.000000e+00 -9.528509e-01 0.000000e+00)
0.184785      	(0.000000e+00 -9.529535e-01 0.000000e+00)
0.184802      	(0.000000e+00 -9.530560e-01 0.000000e+00)
0.18482       	(0.000000e+00 -9.531584e-01 0.000000e+00)
0.184838      	(0.000000e+00 -9.532607e-01 0.000000e+00)
0.184855      	(0.000000e+00 -9.533628e-01 0.000000e+00)
0.184873      	(0.000000e+00 -9.534649e-01 0.000000e+00)
0.184891      	(0.000000e+00 -9.535668e-01 0.000000e+00)
0.184908      	(0.000000e+00 -9.536687e-01 0.000000e+00)
0.184926      	(0.000000e+00 -9.537704e-01 0.000000e+00)
0.184944      	(0.000000e+00 -9.538720e-01 0.000000e+00)
0.184961      	(0.000000e+00 -9.539735e-01 0.000000e+00)
0.184979      	(0.000000e+00 -9.540749e-01 0.000000e+00)
0.184997      	(0.000000e+00 -9.541762e-01 0.000000e+00)
0.185014      	(0.000000e+00 -9.542774e-01 0.000000e+00)
0.185032      	(0.000000e+00 -9.543785e-01 0.000000e+00)
0.18505       	(0.000000e+00 -9.544794e-01 0.000000e+00)
0.185067      	(0.000000e+00 -9.545803e-01 0.000000e+00)
0.185085      	(0.000000e+00 -9.546810e-01 0.000000e+00)
0.185103      	(0.000000e+00 -9.547817e-01 0.000000e+00)
0.18512       	(0.000000e+00 -9.548822e-01 0.000000e+00)
0.185138      	(0.000000e+00 -9.549826e-01 0.000000e+00)
0.185156      	(0.000000e+00 -9.550829e-01 0.000000e+00)
0.185173      	(0.000000e+00 -9.551832e-01 0.000000e+00)
0.185191      	(0.000000e+00 -9.552829e-01 0.000000e+00)
0.185209      	(0.000000e+00 -9.553825e-01 0.000000e+00)
0.185226      	(0.000000e+00 -9.554820e-01 0.000000e+00)
0.185244      	(0.000000e+00 -9.555814e-01 0.000000e+00)
0.185262      	(0.000000e+00 -9.556807e-01 0.000000e+00)
0.185279      	(0.000000e+00 -9.557799e-01 0.000000e+00)
0.185297      	(0.000000e+00 -9.558790e-01 0.000000e+00)
0.185314      	(0.000000e+00 -9.559780e-01 0.000000e+00)
0.185332      	(0.000000e+00 -9.560768e-01 0.000000e+00)
0.18535       	(0.000000e+00 -9.561756e-01 0.000000e+00)
0.185367      	(0.000000e+00 -9.562742e-01 0.000000e+00)
0.185385      	(0.000000e+00 -9.563728e-01 0.000000e+00)
0.185402      	(0.000000e+00 -9.564712e-01 0.000000e+00)
0.18542       	(0.000000e+00 -9.565695e-01 0.000000e+00)
0.185438      	(0.000000e+00 -9.566678e-01 0.000000e+00)
0.185455      	(0.000000e+00 -9.567659e-01 0.000000e+00)
0.185473      	(0.000000e+00 -9.568639e-01 0.000000e+00)
0.185491      	(0.000000e+00 -9.569617e-01 0.000000e+00)
0.185508      	(0.000000e+00 -9.570595e-01 0.000000e+00)
0.185526      	(0.000000e+00 -9.571572e-01 0.000000e+00)
0.185543      	(0.000000e+00 -9.572548e-01 0.000000e+00)
0.185561      	(0.000000e+00 -9.573522e-01 0.000000e+00)
0.185579      	(0.000000e+00 -9.574496e-01 0.000000e+00)
0.185596      	(0.000000e+00 -9.575468e-01 0.000000e+00)
0.185614      	(0.000000e+00 -9.576439e-01 0.000000e+00)
0.185631      	(0.000000e+00 -9.577409e-01 0.000000e+00)
0.185649      	(0.000000e+00 -9.578378e-01 0.000000e+00)
0.185667      	(0.000000e+00 -9.579346e-01 0.000000e+00)
0.185684      	(0.000000e+00 -9.580313e-01 0.000000e+00)
0.185702      	(0.000000e+00 -9.581279e-01 0.000000e+00)
0.18572       	(0.000000e+00 -9.582244e-01 0.000000e+00)
0.185737      	(0.000000e+00 -9.583207e-01 0.000000e+00)
0.185755      	(0.000000e+00 -9.584170e-01 0.000000e+00)
0.185772      	(0.000000e+00 -9.585131e-01 0.000000e+00)
0.18579       	(0.000000e+00 -9.586092e-01 0.000000e+00)
0.185808      	(0.000000e+00 -9.587047e-01 0.000000e+00)
0.185825      	(0.000000e+00 -9.588001e-01 0.000000e+00)
0.185843      	(0.000000e+00 -9.588954e-01 0.000000e+00)
0.18586       	(0.000000e+00 -9.589906e-01 0.000000e+00)
0.185878      	(0.000000e+00 -9.590857e-01 0.000000e+00)
0.185895      	(0.000000e+00 -9.591807e-01 0.000000e+00)
0.185913      	(0.000000e+00 -9.592756e-01 0.000000e+00)
0.18593       	(0.000000e+00 -9.593703e-01 0.000000e+00)
0.185948      	(0.000000e+00 -9.594650e-01 0.000000e+00)
0.185965      	(0.000000e+00 -9.595595e-01 0.000000e+00)
0.185983      	(0.000000e+00 -9.596540e-01 0.000000e+00)
0.186001      	(0.000000e+00 -9.597483e-01 0.000000e+00)
0.186018      	(0.000000e+00 -9.598425e-01 0.000000e+00)
0.186036      	(0.000000e+00 -9.599366e-01 0.000000e+00)
0.186053      	(0.000000e+00 -9.600306e-01 0.000000e+00)
0.186071      	(0.000000e+00 -9.601245e-01 0.000000e+00)
0.186088      	(0.000000e+00 -9.602183e-01 0.000000e+00)
0.186106      	(0.000000e+00 -9.603120e-01 0.000000e+00)
0.186123      	(0.000000e+00 -9.604056e-01 0.000000e+00)
0.186141      	(0.000000e+00 -9.604990e-01 0.000000e+00)
0.186158      	(0.000000e+00 -9.605924e-01 0.000000e+00)
0.186176      	(0.000000e+00 -9.606856e-01 0.000000e+00)
0.186193      	(0.000000e+00 -9.607787e-01 0.000000e+00)
0.186211      	(0.000000e+00 -9.608718e-01 0.000000e+00)
0.186229      	(0.000000e+00 -9.609647e-01 0.000000e+00)
0.186246      	(0.000000e+00 -9.610575e-01 0.000000e+00)
0.186264      	(0.000000e+00 -9.611502e-01 0.000000e+00)
0.186281      	(0.000000e+00 -9.612428e-01 0.000000e+00)
0.186299      	(0.000000e+00 -9.613352e-01 0.000000e+00)
0.186316      	(0.000000e+00 -9.614276e-01 0.000000e+00)
0.186334      	(0.000000e+00 -9.615199e-01 0.000000e+00)
0.186351      	(0.000000e+00 -9.616120e-01 0.000000e+00)
0.186369      	(0.000000e+00 -9.617040e-01 0.000000e+00)
0.186386      	(0.000000e+00 -9.617960e-01 0.000000e+00)
0.186404      	(0.000000e+00 -9.618878e-01 0.000000e+00)
0.186422      	(0.000000e+00 -9.619795e-01 0.000000e+00)
0.186439      	(0.000000e+00 -9.620711e-01 0.000000e+00)
0.186457      	(0.000000e+00 -9.621626e-01 0.000000e+00)
0.186474      	(0.000000e+00 -9.622540e-01 0.000000e+00)
0.186492      	(0.000000e+00 -9.623452e-01 0.000000e+00)
0.186509      	(0.000000e+00 -9.624364e-01 0.000000e+00)
0.186527      	(0.000000e+00 -9.625274e-01 0.000000e+00)
0.186544      	(0.000000e+00 -9.626184e-01 0.000000e+00)
0.186562      	(0.000000e+00 -9.627087e-01 0.000000e+00)
0.186579      	(0.000000e+00 -9.627990e-01 0.000000e+00)
0.186597      	(0.000000e+00 -9.628892e-01 0.000000e+00)
0.186614      	(0.000000e+00 -9.629792e-01 0.000000e+00)
0.186632      	(0.000000e+00 -9.630691e-01 0.000000e+00)
0.186649      	(0.000000e+00 -9.631590e-01 0.000000e+00)
0.186666      	(0.000000e+00 -9.632487e-01 0.000000e+00)
0.186684      	(0.000000e+00 -9.633383e-01 0.000000e+00)
0.186701      	(0.000000e+00 -9.634278e-01 0.000000e+00)
0.186719      	(0.000000e+00 -9.635172e-01 0.000000e+00)
0.186736      	(0.000000e+00 -9.636065e-01 0.000000e+00)
0.186754      	(0.000000e+00 -9.636956e-01 0.000000e+00)
0.186771      	(0.000000e+00 -9.637847e-01 0.000000e+00)
0.186789      	(0.000000e+00 -9.638737e-01 0.000000e+00)
0.186806      	(0.000000e+00 -9.639625e-01 0.000000e+00)
0.186824      	(0.000000e+00 -9.640512e-01 0.000000e+00)
0.186841      	(0.000000e+00 -9.641399e-01 0.000000e+00)
0.186858      	(0.000000e+00 -9.642284e-01 0.000000e+00)
0.186876      	(0.000000e+00 -9.643168e-01 0.000000e+00)
0.186893      	(0.000000e+00 -9.644051e-01 0.000000e+00)
0.186911      	(0.000000e+00 -9.644933e-01 0.000000e+00)
0.186928      	(0.000000e+00 -9.645814e-01 0.000000e+00)
0.186946      	(0.000000e+00 -9.646693e-01 0.000000e+00)
0.186963      	(0.000000e+00 -9.647572e-01 0.000000e+00)
0.186981      	(0.000000e+00 -9.648449e-01 0.000000e+00)
0.186998      	(0.000000e+00 -9.649326e-01 0.000000e+00)
0.187016      	(0.000000e+00 -9.650201e-01 0.000000e+00)
0.187033      	(0.000000e+00 -9.651075e-01 0.000000e+00)
0.18705       	(0.000000e+00 -9.651948e-01 0.000000e+00)
0.187068      	(0.000000e+00 -9.652820e-01 0.000000e+00)
0.187085      	(0.000000e+00 -9.653691e-01 0.000000e+00)
0.187103      	(0.000000e+00 -9.654561e-01 0.000000e+00)
0.18712       	(0.000000e+00 -9.655430e-01 0.000000e+00)
0.187138      	(0.000000e+00 -9.656298e-01 0.000000e+00)
0.187155      	(0.000000e+00 -9.657164e-01 0.000000e+00)
0.187173      	(0.000000e+00 -9.658029e-01 0.000000e+00)
0.18719       	(0.000000e+00 -9.658894e-01 0.000000e+00)
0.187208      	(0.000000e+00 -9.659757e-01 0.000000e+00)
0.187225      	(0.000000e+00 -9.660619e-01 0.000000e+00)
0.187242      	(0.000000e+00 -9.661480e-01 0.000000e+00)
0.18726       	(0.000000e+00 -9.662340e-01 0.000000e+00)
0.187277      	(0.000000e+00 -9.663199e-01 0.000000e+00)
0.187295      	(0.000000e+00 -9.664057e-01 0.000000e+00)
0.187312      	(0.000000e+00 -9.664913e-01 0.000000e+00)
0.18733       	(0.000000e+00 -9.665769e-01 0.000000e+00)
0.187347      	(0.000000e+00 -9.666623e-01 0.000000e+00)
0.187365      	(0.000000e+00 -9.667477e-01 0.000000e+00)
0.187382      	(0.000000e+00 -9.668329e-01 0.000000e+00)
0.187399      	(0.000000e+00 -9.669180e-01 0.000000e+00)
0.187417      	(0.000000e+00 -9.670030e-01 0.000000e+00)
0.187434      	(0.000000e+00 -9.670879e-01 0.000000e+00)
0.187452      	(0.000000e+00 -9.671727e-01 0.000000e+00)
0.187469      	(0.000000e+00 -9.672573e-01 0.000000e+00)
0.187487      	(0.000000e+00 -9.673419e-01 0.000000e+00)
0.187504      	(0.000000e+00 -9.674263e-01 0.000000e+00)
0.187522      	(0.000000e+00 -9.675107e-01 0.000000e+00)
0.187539      	(0.000000e+00 -9.675943e-01 0.000000e+00)
0.187556      	(0.000000e+00 -9.676779e-01 0.000000e+00)
0.187574      	(0.000000e+00 -9.677613e-01 0.000000e+00)
0.187591      	(0.000000e+00 -9.678446e-01 0.000000e+00)
0.187608      	(0.000000e+00 -9.679278e-01 0.000000e+00)
0.187626      	(0.000000e+00 -9.680109e-01 0.000000e+00)
0.187643      	(0.000000e+00 -9.680939e-01 0.000000e+00)
0.18766       	(0.000000e+00 -9.681768e-01 0.000000e+00)
0.187678      	(0.000000e+00 -9.682595e-01 0.000000e+00)
0.187695      	(0.000000e+00 -9.683422e-01 0.000000e+00)
0.187712      	(0.000000e+00 -9.684247e-01 0.000000e+00)
0.18773       	(0.000000e+00 -9.685072e-01 0.000000e+00)
0.187747      	(0.000000e+00 -9.685895e-01 0.000000e+00)
0.187764      	(0.000000e+00 -9.686717e-01 0.000000e+00)
0.187782      	(0.000000e+00 -9.687538e-01 0.000000e+00)
0.187799      	(0.000000e+00 -9.688358e-01 0.000000e+00)
0.187816      	(0.000000e+00 -9.689177e-01 0.000000e+00)
0.187834      	(0.000000e+00 -9.689995e-01 0.000000e+00)
0.187851      	(0.000000e+00 -9.690812e-01 0.000000e+00)
0.187868      	(0.000000e+00 -9.691627e-01 0.000000e+00)
0.187886      	(0.000000e+00 -9.692442e-01 0.000000e+00)
0.187903      	(0.000000e+00 -9.693255e-01 0.000000e+00)
0.18792       	(0.000000e+00 -9.694068e-01 0.000000e+00)
0.187938      	(0.000000e+00 -9.694879e-01 0.000000e+00)
0.187955      	(0.000000e+00 -9.695689e-01 0.000000e+00)
0.187972      	(0.000000e+00 -9.696498e-01 0.000000e+00)
0.18799       	(0.000000e+00 -9.697306e-01 0.000000e+00)
0.188007      	(0.000000e+00 -9.698113e-01 0.000000e+00)
0.188024      	(0.000000e+00 -9.698919e-01 0.000000e+00)
0.188042      	(0.000000e+00 -9.699723e-01 0.000000e+00)
0.188059      	(0.000000e+00 -9.700527e-01 0.000000e+00)
0.188076      	(0.000000e+00 -9.701329e-01 0.000000e+00)
0.188094      	(0.000000e+00 -9.702131e-01 0.000000e+00)
0.188111      	(0.000000e+00 -9.702931e-01 0.000000e+00)
0.188128      	(0.000000e+00 -9.703730e-01 0.000000e+00)
0.188146      	(0.000000e+00 -9.704528e-01 0.000000e+00)
0.188163      	(0.000000e+00 -9.705325e-01 0.000000e+00)
0.18818       	(0.000000e+00 -9.706121e-01 0.000000e+00)
0.188198      	(0.000000e+00 -9.706916e-01 0.000000e+00)
0.188215      	(0.000000e+00 -9.707709e-01 0.000000e+00)
0.188232      	(0.000000e+00 -9.708502e-01 0.000000e+00)
0.18825       	(0.000000e+00 -9.709293e-01 0.000000e+00)
0.188267      	(0.000000e+00 -9.710084e-01 0.000000e+00)
0.188284      	(0.000000e+00 -9.710873e-01 0.000000e+00)
0.188302      	(0.000000e+00 -9.711661e-01 0.000000e+00)
0.188319      	(0.000000e+00 -9.712448e-01 0.000000e+00)
0.188336      	(0.000000e+00 -9.713234e-01 0.000000e+00)
0.188354      	(0.000000e+00 -9.714019e-01 0.000000e+00)
0.188371      	(0.000000e+00 -9.714803e-01 0.000000e+00)
0.188388      	(0.000000e+00 -9.715585e-01 0.000000e+00)
0.188406      	(0.000000e+00 -9.716367e-01 0.000000e+00)
0.188423      	(0.000000e+00 -9.717147e-01 0.000000e+00)
0.18844       	(0.000000e+00 -9.717927e-01 0.000000e+00)
0.188458      	(0.000000e+00 -9.718705e-01 0.000000e+00)
0.188475      	(0.000000e+00 -9.719482e-01 0.000000e+00)
0.188492      	(0.000000e+00 -9.720258e-01 0.000000e+00)
0.18851       	(0.000000e+00 -9.721033e-01 0.000000e+00)
0.188527      	(0.000000e+00 -9.721807e-01 0.000000e+00)
0.188544      	(0.000000e+00 -9.722579e-01 0.000000e+00)
0.188562      	(0.000000e+00 -9.723351e-01 0.000000e+00)
0.188579      	(0.000000e+00 -9.724121e-01 0.000000e+00)
0.188596      	(0.000000e+00 -9.724891e-01 0.000000e+00)
0.188614      	(0.000000e+00 -9.725659e-01 0.000000e+00)
0.188631      	(0.000000e+00 -9.726426e-01 0.000000e+00)
0.188648      	(0.000000e+00 -9.727192e-01 0.000000e+00)
0.188666      	(0.000000e+00 -9.727957e-01 0.000000e+00)
0.188683      	(0.000000e+00 -9.728721e-01 0.000000e+00)
0.1887        	(0.000000e+00 -9.729484e-01 0.000000e+00)
0.188718      	(0.000000e+00 -9.730245e-01 0.000000e+00)
0.188735      	(0.000000e+00 -9.731006e-01 0.000000e+00)
0.188752      	(0.000000e+00 -9.731765e-01 0.000000e+00)
0.18877       	(0.000000e+00 -9.732523e-01 0.000000e+00)
0.188787      	(0.000000e+00 -9.733281e-01 0.000000e+00)
0.188804      	(0.000000e+00 -9.734037e-01 0.000000e+00)
0.188821      	(0.000000e+00 -9.734792e-01 0.000000e+00)
0.188839      	(0.000000e+00 -9.735545e-01 0.000000e+00)
0.188856      	(0.000000e+00 -9.736298e-01 0.000000e+00)
0.188873      	(0.000000e+00 -9.737050e-01 0.000000e+00)
0.188891      	(0.000000e+00 -9.737800e-01 0.000000e+00)
0.188908      	(0.000000e+00 -9.738550e-01 0.000000e+00)
0.188925      	(0.000000e+00 -9.739298e-01 0.000000e+00)
0.188943      	(0.000000e+00 -9.740045e-01 0.000000e+00)
0.18896       	(0.000000e+00 -9.740791e-01 0.000000e+00)
0.188977      	(0.000000e+00 -9.741536e-01 0.000000e+00)
0.188995      	(0.000000e+00 -9.742280e-01 0.000000e+00)
0.189012      	(0.000000e+00 -9.743023e-01 0.000000e+00)
0.189029      	(0.000000e+00 -9.743764e-01 0.000000e+00)
0.189046      	(0.000000e+00 -9.744492e-01 0.000000e+00)
0.189064      	(0.000000e+00 -9.745218e-01 0.000000e+00)
0.189081      	(0.000000e+00 -9.745943e-01 0.000000e+00)
0.189098      	(0.000000e+00 -9.746668e-01 0.000000e+00)
0.189115      	(0.000000e+00 -9.747391e-01 0.000000e+00)
0.189132      	(0.000000e+00 -9.748113e-01 0.000000e+00)
0.189149      	(0.000000e+00 -9.748834e-01 0.000000e+00)
0.189166      	(0.000000e+00 -9.749554e-01 0.000000e+00)
0.189183      	(0.000000e+00 -9.750273e-01 0.000000e+00)
0.1892        	(0.000000e+00 -9.750991e-01 0.000000e+00)
0.189217      	(0.000000e+00 -9.751707e-01 0.000000e+00)
0.189234      	(0.000000e+00 -9.752423e-01 0.000000e+00)
0.189251      	(0.000000e+00 -9.753138e-01 0.000000e+00)
0.189268      	(0.000000e+00 -9.753851e-01 0.000000e+00)
0.189285      	(0.000000e+00 -9.754563e-01 0.000000e+00)
0.189302      	(0.000000e+00 -9.755275e-01 0.000000e+00)
0.189319      	(0.000000e+00 -9.755985e-01 0.000000e+00)
0.189336      	(0.000000e+00 -9.756694e-01 0.000000e+00)
0.189353      	(0.000000e+00 -9.757402e-01 0.000000e+00)
0.18937       	(0.000000e+00 -9.758109e-01 0.000000e+00)
0.189387      	(0.000000e+00 -9.758815e-01 0.000000e+00)
0.189404      	(0.000000e+00 -9.759520e-01 0.000000e+00)
0.189421      	(0.000000e+00 -9.760224e-01 0.000000e+00)
0.189438      	(0.000000e+00 -9.760927e-01 0.000000e+00)
0.189455      	(0.000000e+00 -9.761628e-01 0.000000e+00)
0.189472      	(0.000000e+00 -9.762329e-01 0.000000e+00)
0.189489      	(0.000000e+00 -9.763028e-01 0.000000e+00)
0.189506      	(0.000000e+00 -9.763726e-01 0.000000e+00)
0.189523      	(0.000000e+00 -9.764424e-01 0.000000e+00)
0.18954       	(0.000000e+00 -9.765120e-01 0.000000e+00)
0.189557      	(0.000000e+00 -9.765815e-01 0.000000e+00)
0.189574      	(0.000000e+00 -9.766509e-01 0.000000e+00)
0.189591      	(0.000000e+00 -9.767202e-01 0.000000e+00)
0.189608      	(0.000000e+00 -9.767894e-01 0.000000e+00)
0.189625      	(0.000000e+00 -9.768585e-01 0.000000e+00)
0.189642      	(0.000000e+00 -9.769274e-01 0.000000e+00)
0.189659      	(0.000000e+00 -9.769963e-01 0.000000e+00)
0.189676      	(0.000000e+00 -9.770651e-01 0.000000e+00)
0.189694      	(0.000000e+00 -9.771337e-01 0.000000e+00)
0.189711      	(0.000000e+00 -9.772022e-01 0.000000e+00)
0.189728      	(0.000000e+00 -9.772707e-01 0.000000e+00)
0.189745      	(0.000000e+00 -9.773390e-01 0.000000e+00)
0.189762      	(0.000000e+00 -9.774072e-01 0.000000e+00)
0.189779      	(0.000000e+00 -9.774753e-01 0.000000e+00)
0.189796      	(0.000000e+00 -9.775433e-01 0.000000e+00)
0.189813      	(0.000000e+00 -9.776112e-01 0.000000e+00)
0.18983       	(0.000000e+00 -9.776789e-01 0.000000e+00)
0.189847      	(0.000000e+00 -9.777466e-01 0.000000e+00)
0.189864      	(0.000000e+00 -9.778142e-01 0.000000e+00)
0.189881      	(0.000000e+00 -9.778816e-01 0.000000e+00)
0.189898      	(0.000000e+00 -9.779490e-01 0.000000e+00)
0.189915      	(0.000000e+00 -9.780162e-01 0.000000e+00)
0.189932      	(0.000000e+00 -9.780833e-01 0.000000e+00)
0.189949      	(0.000000e+00 -9.781503e-01 0.000000e+00)
0.189966      	(0.000000e+00 -9.782172e-01 0.000000e+00)
0.189983      	(0.000000e+00 -9.782840e-01 0.000000e+00)
0.19          	(0.000000e+00 -9.783507e-01 0.000000e+00)
0.190017      	(0.000000e+00 -9.784181e-01 0.000000e+00)
0.190034      	(0.000000e+00 -9.784854e-01 0.000000e+00)
0.190052      	(0.000000e+00 -9.785526e-01 0.000000e+00)
0.190069      	(0.000000e+00 -9.786197e-01 0.000000e+00)
0.190086      	(0.000000e+00 -9.786867e-01 0.000000e+00)
0.190103      	(0.000000e+00 -9.787535e-01 0.000000e+00)
0.190121      	(0.000000e+00 -9.788203e-01 0.000000e+00)
0.190138      	(0.000000e+00 -9.788869e-01 0.000000e+00)
0.190155      	(0.000000e+00 -9.789534e-01 0.000000e+00)
0.190172      	(0.000000e+00 -9.790199e-01 0.000000e+00)
0.19019       	(0.000000e+00 -9.790862e-01 0.000000e+00)
0.190207      	(0.000000e+00 -9.791523e-01 0.000000e+00)
0.190224      	(0.000000e+00 -9.792183e-01 0.000000e+00)
0.190241      	(0.000000e+00 -9.792841e-01 0.000000e+00)
0.190259      	(0.000000e+00 -9.793499e-01 0.000000e+00)
0.190276      	(0.000000e+00 -9.794155e-01 0.000000e+00)
0.190293      	(0.000000e+00 -9.794810e-01 0.000000e+00)
0.19031       	(0.000000e+00 -9.795464e-01 0.000000e+00)
0.190327      	(0.000000e+00 -9.796117e-01 0.000000e+00)
0.190345      	(0.000000e+00 -9.796769e-01 0.000000e+00)
0.190362      	(0.000000e+00 -9.797419e-01 0.000000e+00)
0.190379      	(0.000000e+00 -9.798069e-01 0.000000e+00)
0.190396      	(0.000000e+00 -9.798717e-01 0.000000e+00)
0.190413      	(0.000000e+00 -9.799365e-01 0.000000e+00)
0.190431      	(0.000000e+00 -9.800011e-01 0.000000e+00)
0.190448      	(0.000000e+00 -9.800656e-01 0.000000e+00)
0.190465      	(0.000000e+00 -9.801300e-01 0.000000e+00)
0.190482      	(0.000000e+00 -9.801943e-01 0.000000e+00)
0.190499      	(0.000000e+00 -9.802584e-01 0.000000e+00)
0.190517      	(0.000000e+00 -9.803225e-01 0.000000e+00)
0.190534      	(0.000000e+00 -9.803865e-01 0.000000e+00)
0.190551      	(0.000000e+00 -9.804503e-01 0.000000e+00)
0.190568      	(0.000000e+00 -9.805140e-01 0.000000e+00)
0.190586      	(0.000000e+00 -9.805776e-01 0.000000e+00)
0.190603      	(0.000000e+00 -9.806411e-01 0.000000e+00)
0.19062       	(0.000000e+00 -9.807045e-01 0.000000e+00)
0.190637      	(0.000000e+00 -9.807678e-01 0.000000e+00)
0.190654      	(0.000000e+00 -9.808309e-01 0.000000e+00)
0.190672      	(0.000000e+00 -9.808940e-01 0.000000e+00)
0.190689      	(0.000000e+00 -9.809569e-01 0.000000e+00)
0.190706      	(0.000000e+00 -9.810196e-01 0.000000e+00)
0.190723      	(0.000000e+00 -9.810822e-01 0.000000e+00)
0.19074       	(0.000000e+00 -9.811447e-01 0.000000e+00)
0.190758      	(0.000000e+00 -9.812071e-01 0.000000e+00)
0.190775      	(0.000000e+00 -9.812694e-01 0.000000e+00)
0.190792      	(0.000000e+00 -9.813315e-01 0.000000e+00)
0.190809      	(0.000000e+00 -9.813935e-01 0.000000e+00)
0.190826      	(0.000000e+00 -9.814555e-01 0.000000e+00)
0.190843      	(0.000000e+00 -9.815173e-01 0.000000e+00)
0.190861      	(0.000000e+00 -9.815790e-01 0.000000e+00)
0.190878      	(0.000000e+00 -9.816406e-01 0.000000e+00)
0.190895      	(0.000000e+00 -9.817021e-01 0.000000e+00)
0.190912      	(0.000000e+00 -9.817634e-01 0.000000e+00)
0.190929      	(0.000000e+00 -9.818247e-01 0.000000e+00)
0.190946      	(0.000000e+00 -9.818858e-01 0.000000e+00)
0.190964      	(0.000000e+00 -9.819469e-01 0.000000e+00)
0.190981      	(0.000000e+00 -9.820078e-01 0.000000e+00)
0.190998      	(0.000000e+00 -9.820686e-01 0.000000e+00)
0.191015      	(0.000000e+00 -9.821293e-01 0.000000e+00)
0.191032      	(0.000000e+00 -9.821899e-01 0.000000e+00)
0.19105       	(0.000000e+00 -9.822503e-01 0.000000e+00)
0.191067      	(0.000000e+00 -9.823107e-01 0.000000e+00)
0.191084      	(0.000000e+00 -9.823709e-01 0.000000e+00)
0.191101      	(0.000000e+00 -9.824311e-01 0.000000e+00)
0.191118      	(0.000000e+00 -9.824911e-01 0.000000e+00)
0.191135      	(0.000000e+00 -9.825510e-01 0.000000e+00)
0.191153      	(0.000000e+00 -9.826108e-01 0.000000e+00)
0.19117       	(0.000000e+00 -9.826705e-01 0.000000e+00)
0.191187      	(0.000000e+00 -9.827300e-01 0.000000e+00)
0.191204      	(0.000000e+00 -9.827895e-01 0.000000e+00)
0.191221      	(0.000000e+00 -9.828488e-01 0.000000e+00)
0.191239      	(0.000000e+00 -9.829080e-01 0.000000e+00)
0.191256      	(0.000000e+00 -9.829670e-01 0.000000e+00)
0.191273      	(0.000000e+00 -9.830259e-01 0.000000e+00)
0.19129       	(0.000000e+00 -9.830846e-01 0.000000e+00)
0.191307      	(0.000000e+00 -9.831433e-01 0.000000e+00)
0.191324      	(0.000000e+00 -9.832019e-01 0.000000e+00)
0.191341      	(0.000000e+00 -9.832603e-01 0.000000e+00)
0.191359      	(0.000000e+00 -9.833186e-01 0.000000e+00)
0.191376      	(0.000000e+00 -9.833769e-01 0.000000e+00)
0.191393      	(0.000000e+00 -9.834350e-01 0.000000e+00)
0.19141       	(0.000000e+00 -9.834930e-01 0.000000e+00)
0.191427      	(0.000000e+00 -9.835509e-01 0.000000e+00)
0.191444      	(0.000000e+00 -9.836086e-01 0.000000e+00)
0.191461      	(0.000000e+00 -9.836663e-01 0.000000e+00)
0.191479      	(0.000000e+00 -9.837238e-01 0.000000e+00)
0.191496      	(0.000000e+00 -9.837813e-01 0.000000e+00)
0.191513      	(0.000000e+00 -9.838386e-01 0.000000e+00)
0.19153       	(0.000000e+00 -9.838958e-01 0.000000e+00)
0.191547      	(0.000000e+00 -9.839529e-01 0.000000e+00)
0.191564      	(0.000000e+00 -9.840099e-01 0.000000e+00)
0.191581      	(0.000000e+00 -9.840668e-01 0.000000e+00)
0.191599      	(0.000000e+00 -9.841235e-01 0.000000e+00)
0.191616      	(0.000000e+00 -9.841802e-01 0.000000e+00)
0.191633      	(0.000000e+00 -9.842367e-01 0.000000e+00)
0.19165       	(0.000000e+00 -9.842931e-01 0.000000e+00)
0.191667      	(0.000000e+00 -9.843494e-01 0.000000e+00)
0.191684      	(0.000000e+00 -9.844056e-01 0.000000e+00)
0.191701      	(0.000000e+00 -9.844617e-01 0.000000e+00)
0.191719      	(0.000000e+00 -9.845177e-01 0.000000e+00)
0.191736      	(0.000000e+00 -9.845736e-01 0.000000e+00)
0.191753      	(0.000000e+00 -9.846293e-01 0.000000e+00)
0.19177       	(0.000000e+00 -9.846849e-01 0.000000e+00)
0.191787      	(0.000000e+00 -9.847405e-01 0.000000e+00)
0.191804      	(0.000000e+00 -9.847959e-01 0.000000e+00)
0.191821      	(0.000000e+00 -9.848511e-01 0.000000e+00)
0.191839      	(0.000000e+00 -9.849061e-01 0.000000e+00)
0.191856      	(0.000000e+00 -9.849611e-01 0.000000e+00)
0.191873      	(0.000000e+00 -9.850159e-01 0.000000e+00)
0.19189       	(0.000000e+00 -9.850707e-01 0.000000e+00)
0.191907      	(0.000000e+00 -9.851253e-01 0.000000e+00)
0.191924      	(0.000000e+00 -9.851798e-01 0.000000e+00)
0.191941      	(0.000000e+00 -9.852342e-01 0.000000e+00)
0.191958      	(0.000000e+00 -9.852885e-01 0.000000e+00)
0.191975      	(0.000000e+00 -9.853426e-01 0.000000e+00)
0.191993      	(0.000000e+00 -9.853967e-01 0.000000e+00)
0.19201       	(0.000000e+00 -9.854506e-01 0.000000e+00)
0.192027      	(0.000000e+00 -9.855045e-01 0.000000e+00)
0.192044      	(0.000000e+00 -9.855582e-01 0.000000e+00)
0.192061      	(0.000000e+00 -9.856118e-01 0.000000e+00)
0.192078      	(0.000000e+00 -9.856653e-01 0.000000e+00)
0.192095      	(0.000000e+00 -9.857187e-01 0.000000e+00)
0.192112      	(0.000000e+00 -9.857720e-01 0.000000e+00)
0.192129      	(0.000000e+00 -9.858251e-01 0.000000e+00)
0.192147      	(0.000000e+00 -9.858782e-01 0.000000e+00)
0.192164      	(0.000000e+00 -9.859311e-01 0.000000e+00)
0.192181      	(0.000000e+00 -9.859839e-01 0.000000e+00)
0.192198      	(0.000000e+00 -9.860366e-01 0.000000e+00)
0.192215      	(0.000000e+00 -9.860892e-01 0.000000e+00)
0.192232      	(0.000000e+00 -9.861417e-01 0.000000e+00)
0.192249      	(0.000000e+00 -9.861941e-01 0.000000e+00)
0.192266      	(0.000000e+00 -9.862463e-01 0.000000e+00)
0.192283      	(0.000000e+00 -9.862985e-01 0.000000e+00)
0.192301      	(0.000000e+00 -9.863505e-01 0.000000e+00)
0.192318      	(0.000000e+00 -9.864024e-01 0.000000e+00)
0.192335      	(0.000000e+00 -9.864542e-01 0.000000e+00)
0.192352      	(0.000000e+00 -9.865059e-01 0.000000e+00)
0.192369      	(0.000000e+00 -9.865575e-01 0.000000e+00)
0.192386      	(0.000000e+00 -9.866090e-01 0.000000e+00)
0.192403      	(0.000000e+00 -9.866603e-01 0.000000e+00)
0.19242       	(0.000000e+00 -9.867116e-01 0.000000e+00)
0.192437      	(0.000000e+00 -9.867627e-01 0.000000e+00)
0.192455      	(0.000000e+00 -9.868137e-01 0.000000e+00)
0.192472      	(0.000000e+00 -9.868645e-01 0.000000e+00)
0.192489      	(0.000000e+00 -9.869152e-01 0.000000e+00)
0.192506      	(0.000000e+00 -9.869658e-01 0.000000e+00)
0.192523      	(0.000000e+00 -9.870162e-01 0.000000e+00)
0.19254       	(0.000000e+00 -9.870666e-01 0.000000e+00)
0.192557      	(0.000000e+00 -9.871168e-01 0.000000e+00)
0.192574      	(0.000000e+00 -9.871669e-01 0.000000e+00)
0.192591      	(0.000000e+00 -9.872169e-01 0.000000e+00)
0.192608      	(0.000000e+00 -9.872668e-01 0.000000e+00)
0.192625      	(0.000000e+00 -9.873166e-01 0.000000e+00)
0.192642      	(0.000000e+00 -9.873662e-01 0.000000e+00)
0.192659      	(0.000000e+00 -9.874158e-01 0.000000e+00)
0.192676      	(0.000000e+00 -9.874652e-01 0.000000e+00)
0.192693      	(0.000000e+00 -9.875145e-01 0.000000e+00)
0.192711      	(0.000000e+00 -9.875638e-01 0.000000e+00)
0.192728      	(0.000000e+00 -9.876129e-01 0.000000e+00)
0.192745      	(0.000000e+00 -9.876618e-01 0.000000e+00)
0.192762      	(0.000000e+00 -9.877107e-01 0.000000e+00)
0.192779      	(0.000000e+00 -9.877595e-01 0.000000e+00)
0.192796      	(0.000000e+00 -9.878081e-01 0.000000e+00)
0.192813      	(0.000000e+00 -9.878567e-01 0.000000e+00)
0.19283       	(0.000000e+00 -9.879051e-01 0.000000e+00)
0.192847      	(0.000000e+00 -9.879534e-01 0.000000e+00)
0.192864      	(0.000000e+00 -9.880016e-01 0.000000e+00)
0.192881      	(0.000000e+00 -9.880497e-01 0.000000e+00)
0.192898      	(0.000000e+00 -9.880977e-01 0.000000e+00)
0.192915      	(0.000000e+00 -9.881455e-01 0.000000e+00)
0.192932      	(0.000000e+00 -9.881933e-01 0.000000e+00)
0.19295       	(0.000000e+00 -9.882409e-01 0.000000e+00)
0.192967      	(0.000000e+00 -9.882884e-01 0.000000e+00)
0.192984      	(0.000000e+00 -9.883358e-01 0.000000e+00)
0.193001      	(0.000000e+00 -9.883831e-01 0.000000e+00)
0.193018      	(0.000000e+00 -9.884303e-01 0.000000e+00)
0.193035      	(0.000000e+00 -9.884774e-01 0.000000e+00)
0.193052      	(0.000000e+00 -9.885243e-01 0.000000e+00)
0.193069      	(0.000000e+00 -9.885712e-01 0.000000e+00)
0.193086      	(0.000000e+00 -9.886179e-01 0.000000e+00)
0.193103      	(0.000000e+00 -9.886645e-01 0.000000e+00)
0.19312       	(0.000000e+00 -9.887110e-01 0.000000e+00)
0.193137      	(0.000000e+00 -9.887574e-01 0.000000e+00)
0.193154      	(0.000000e+00 -9.888037e-01 0.000000e+00)
0.193171      	(0.000000e+00 -9.888499e-01 0.000000e+00)
0.193189      	(0.000000e+00 -9.888959e-01 0.000000e+00)
0.193206      	(0.000000e+00 -9.889419e-01 0.000000e+00)
0.193223      	(0.000000e+00 -9.889877e-01 0.000000e+00)
0.19324       	(0.000000e+00 -9.890334e-01 0.000000e+00)
0.193257      	(0.000000e+00 -9.890790e-01 0.000000e+00)
0.193274      	(0.000000e+00 -9.891244e-01 0.000000e+00)
0.193291      	(0.000000e+00 -9.891696e-01 0.000000e+00)
0.193308      	(0.000000e+00 -9.892148e-01 0.000000e+00)
0.193325      	(0.000000e+00 -9.892598e-01 0.000000e+00)
0.193342      	(0.000000e+00 -9.893047e-01 0.000000e+00)
0.193359      	(0.000000e+00 -9.893495e-01 0.000000e+00)
0.193376      	(0.000000e+00 -9.893942e-01 0.000000e+00)
0.193393      	(0.000000e+00 -9.894388e-01 0.000000e+00)
0.19341       	(0.000000e+00 -9.894833e-01 0.000000e+00)
0.193427      	(0.000000e+00 -9.895276e-01 0.000000e+00)
0.193444      	(0.000000e+00 -9.895719e-01 0.000000e+00)
0.193461      	(0.000000e+00 -9.896160e-01 0.000000e+00)
0.193478      	(0.000000e+00 -9.896600e-01 0.000000e+00)
0.193495      	(0.000000e+00 -9.897039e-01 0.000000e+00)
0.193512      	(0.000000e+00 -9.897477e-01 0.000000e+00)
0.193529      	(0.000000e+00 -9.897914e-01 0.000000e+00)
0.193546      	(0.000000e+00 -9.898350e-01 0.000000e+00)
0.193563      	(0.000000e+00 -9.898784e-01 0.000000e+00)
0.19358       	(0.000000e+00 -9.899218e-01 0.000000e+00)
0.193597      	(0.000000e+00 -9.899650e-01 0.000000e+00)
0.193614      	(0.000000e+00 -9.900081e-01 0.000000e+00)
0.193631      	(0.000000e+00 -9.900511e-01 0.000000e+00)
0.193648      	(0.000000e+00 -9.900940e-01 0.000000e+00)
0.193666      	(0.000000e+00 -9.901368e-01 0.000000e+00)
0.193683      	(0.000000e+00 -9.901795e-01 0.000000e+00)
0.1937        	(0.000000e+00 -9.902220e-01 0.000000e+00)
0.193717      	(0.000000e+00 -9.902644e-01 0.000000e+00)
0.193734      	(0.000000e+00 -9.903068e-01 0.000000e+00)
0.193751      	(0.000000e+00 -9.903490e-01 0.000000e+00)
0.193768      	(0.000000e+00 -9.903911e-01 0.000000e+00)
0.193785      	(0.000000e+00 -9.904331e-01 0.000000e+00)
0.193802      	(0.000000e+00 -9.904749e-01 0.000000e+00)
0.193819      	(0.000000e+00 -9.905167e-01 0.000000e+00)
0.193836      	(0.000000e+00 -9.905583e-01 0.000000e+00)
0.193853      	(0.000000e+00 -9.905999e-01 0.000000e+00)
0.19387       	(0.000000e+00 -9.906413e-01 0.000000e+00)
0.193887      	(0.000000e+00 -9.906826e-01 0.000000e+00)
0.193904      	(0.000000e+00 -9.907238e-01 0.000000e+00)
0.193921      	(0.000000e+00 -9.907649e-01 0.000000e+00)
0.193938      	(0.000000e+00 -9.908058e-01 0.000000e+00)
0.193955      	(0.000000e+00 -9.908467e-01 0.000000e+00)
0.193972      	(0.000000e+00 -9.908874e-01 0.000000e+00)
0.193989      	(0.000000e+00 -9.909281e-01 0.000000e+00)
0.194006      	(0.000000e+00 -9.909686e-01 0.000000e+00)
0.194023      	(0.000000e+00 -9.910090e-01 0.000000e+00)
0.19404       	(0.000000e+00 -9.910493e-01 0.000000e+00)
0.194057      	(0.000000e+00 -9.910894e-01 0.000000e+00)
0.194074      	(0.000000e+00 -9.911295e-01 0.000000e+00)
0.194091      	(0.000000e+00 -9.911694e-01 0.000000e+00)
0.194108      	(0.000000e+00 -9.912093e-01 0.000000e+00)
0.194125      	(0.000000e+00 -9.912490e-01 0.000000e+00)
0.194142      	(0.000000e+00 -9.912886e-01 0.000000e+00)
0.194159      	(0.000000e+00 -9.913281e-01 0.000000e+00)
0.194176      	(0.000000e+00 -9.913675e-01 0.000000e+00)
0.194193      	(0.000000e+00 -9.914067e-01 0.000000e+00)
0.19421       	(0.000000e+00 -9.914459e-01 0.000000e+00)
0.194227      	(0.000000e+00 -9.914849e-01 0.000000e+00)
0.194244      	(0.000000e+00 -9.915239e-01 0.000000e+00)
0.194262      	(0.000000e+00 -9.915627e-01 0.000000e+00)
0.194278      	(0.000000e+00 -9.916013e-01 0.000000e+00)
0.194295      	(0.000000e+00 -9.916397e-01 0.000000e+00)
0.194312      	(0.000000e+00 -9.916781e-01 0.000000e+00)
0.194329      	(0.000000e+00 -9.917163e-01 0.000000e+00)
0.194346      	(0.000000e+00 -9.917545e-01 0.000000e+00)
0.194363      	(0.000000e+00 -9.917925e-01 0.000000e+00)
0.19438       	(0.000000e+00 -9.918304e-01 0.000000e+00)
0.194397      	(0.000000e+00 -9.918682e-01 0.000000e+00)
0.194414      	(0.000000e+00 -9.919059e-01 0.000000e+00)
0.194431      	(0.000000e+00 -9.919435e-01 0.000000e+00)
0.194448      	(0.000000e+00 -9.919809e-01 0.000000e+00)
0.194465      	(0.000000e+00 -9.920183e-01 0.000000e+00)
0.194482      	(0.000000e+00 -9.920555e-01 0.000000e+00)
0.194499      	(0.000000e+00 -9.920926e-01 0.000000e+00)
0.194516      	(0.000000e+00 -9.921296e-01 0.000000e+00)
0.194533      	(0.000000e+00 -9.921665e-01 0.000000e+00)
0.19455       	(0.000000e+00 -9.922033e-01 0.000000e+00)
0.194567      	(0.000000e+00 -9.922399e-01 0.000000e+00)
0.194584      	(0.000000e+00 -9.922765e-01 0.000000e+00)
0.194601      	(0.000000e+00 -9.923129e-01 0.000000e+00)
0.194618      	(0.000000e+00 -9.923493e-01 0.000000e+00)
0.194635      	(0.000000e+00 -9.923855e-01 0.000000e+00)
0.194652      	(0.000000e+00 -9.924216e-01 0.000000e+00)
0.194669      	(0.000000e+00 -9.924576e-01 0.000000e+00)
0.194686      	(0.000000e+00 -9.924934e-01 0.000000e+00)
0.194703      	(0.000000e+00 -9.925292e-01 0.000000e+00)
0.19472       	(0.000000e+00 -9.925648e-01 0.000000e+00)
0.194737      	(0.000000e+00 -9.926004e-01 0.000000e+00)
0.194754      	(0.000000e+00 -9.926358e-01 0.000000e+00)
0.194771      	(0.000000e+00 -9.926711e-01 0.000000e+00)
0.194788      	(0.000000e+00 -9.927063e-01 0.000000e+00)
0.194805      	(0.000000e+00 -9.927414e-01 0.000000e+00)
0.194822      	(0.000000e+00 -9.927764e-01 0.000000e+00)
0.194839      	(0.000000e+00 -9.928112e-01 0.000000e+00)
0.194856      	(0.000000e+00 -9.928460e-01 0.000000e+00)
0.194873      	(0.000000e+00 -9.928806e-01 0.000000e+00)
0.19489       	(0.000000e+00 -9.929151e-01 0.000000e+00)
0.194907      	(0.000000e+00 -9.929495e-01 0.000000e+00)
0.194924      	(0.000000e+00 -9.929838e-01 0.000000e+00)
0.194941      	(0.000000e+00 -9.930180e-01 0.000000e+00)
0.194958      	(0.000000e+00 -9.930520e-01 0.000000e+00)
0.194975      	(0.000000e+00 -9.930860e-01 0.000000e+00)
0.194992      	(0.000000e+00 -9.931198e-01 0.000000e+00)
0.195009      	(0.000000e+00 -9.931535e-01 0.000000e+00)
0.195026      	(0.000000e+00 -9.931871e-01 0.000000e+00)
0.195042      	(0.000000e+00 -9.932206e-01 0.000000e+00)
0.195059      	(0.000000e+00 -9.932540e-01 0.000000e+00)
0.195076      	(0.000000e+00 -9.932873e-01 0.000000e+00)
0.195093      	(0.000000e+00 -9.933204e-01 0.000000e+00)
0.19511       	(0.000000e+00 -9.933535e-01 0.000000e+00)
0.195127      	(0.000000e+00 -9.933864e-01 0.000000e+00)
0.195144      	(0.000000e+00 -9.934192e-01 0.000000e+00)
0.195161      	(0.000000e+00 -9.934519e-01 0.000000e+00)
0.195178      	(0.000000e+00 -9.934845e-01 0.000000e+00)
0.195195      	(0.000000e+00 -9.935170e-01 0.000000e+00)
0.195212      	(0.000000e+00 -9.935494e-01 0.000000e+00)
0.195229      	(0.000000e+00 -9.935816e-01 0.000000e+00)
0.195246      	(0.000000e+00 -9.936137e-01 0.000000e+00)
0.195263      	(0.000000e+00 -9.936458e-01 0.000000e+00)
0.19528       	(0.000000e+00 -9.936777e-01 0.000000e+00)
0.195297      	(0.000000e+00 -9.937095e-01 0.000000e+00)
0.195314      	(0.000000e+00 -9.937411e-01 0.000000e+00)
0.195331      	(0.000000e+00 -9.937727e-01 0.000000e+00)
0.195348      	(0.000000e+00 -9.938042e-01 0.000000e+00)
0.195365      	(0.000000e+00 -9.938355e-01 0.000000e+00)
0.195382      	(0.000000e+00 -9.938667e-01 0.000000e+00)
0.195399      	(0.000000e+00 -9.938978e-01 0.000000e+00)
0.195416      	(0.000000e+00 -9.939288e-01 0.000000e+00)
0.195433      	(0.000000e+00 -9.939597e-01 0.000000e+00)
0.19545       	(0.000000e+00 -9.939905e-01 0.000000e+00)
0.195467      	(0.000000e+00 -9.940211e-01 0.000000e+00)
0.195484      	(0.000000e+00 -9.940517e-01 0.000000e+00)
0.195501      	(0.000000e+00 -9.940821e-01 0.000000e+00)
0.195518      	(0.000000e+00 -9.941124e-01 0.000000e+00)
0.195535      	(0.000000e+00 -9.941426e-01 0.000000e+00)
0.195552      	(0.000000e+00 -9.941727e-01 0.000000e+00)
0.195569      	(0.000000e+00 -9.942027e-01 0.000000e+00)
0.195586      	(0.000000e+00 -9.942326e-01 0.000000e+00)
0.195603      	(0.000000e+00 -9.942623e-01 0.000000e+00)
0.19562       	(0.000000e+00 -9.942919e-01 0.000000e+00)
0.195637      	(0.000000e+00 -9.943215e-01 0.000000e+00)
0.195654      	(0.000000e+00 -9.943509e-01 0.000000e+00)
0.195671      	(0.000000e+00 -9.943802e-01 0.000000e+00)
0.195688      	(0.000000e+00 -9.944093e-01 0.000000e+00)
0.195705      	(0.000000e+00 -9.944384e-01 0.000000e+00)
0.195722      	(0.000000e+00 -9.944674e-01 0.000000e+00)
0.195739      	(0.000000e+00 -9.944962e-01 0.000000e+00)
0.195755      	(0.000000e+00 -9.945248e-01 0.000000e+00)
0.195772      	(0.000000e+00 -9.945533e-01 0.000000e+00)
0.195789      	(0.000000e+00 -9.945817e-01 0.000000e+00)
0.195806      	(0.000000e+00 -9.946100e-01 0.000000e+00)
0.195823      	(0.000000e+00 -9.946381e-01 0.000000e+00)
0.19584       	(0.000000e+00 -9.946662e-01 0.000000e+00)
0.195857      	(0.000000e+00 -9.946941e-01 0.000000e+00)
0.195874      	(0.000000e+00 -9.947219e-01 0.000000e+00)
0.195891      	(0.000000e+00 -9.947496e-01 0.000000e+00)
0.195908      	(0.000000e+00 -9.947772e-01 0.000000e+00)
0.195925      	(0.000000e+00 -9.948047e-01 0.000000e+00)
0.195942      	(0.000000e+00 -9.948321e-01 0.000000e+00)
0.195958      	(0.000000e+00 -9.948593e-01 0.000000e+00)
0.195975      	(0.000000e+00 -9.948865e-01 0.000000e+00)
0.195992      	(0.000000e+00 -9.949135e-01 0.000000e+00)
0.196009      	(0.000000e+00 -9.949404e-01 0.000000e+00)
0.196026      	(0.000000e+00 -9.949672e-01 0.000000e+00)
0.196043      	(0.000000e+00 -9.949939e-01 0.000000e+00)
0.19606       	(0.000000e+00 -9.950205e-01 0.000000e+00)
0.196077      	(0.000000e+00 -9.950469e-01 0.000000e+00)
0.196094      	(0.000000e+00 -9.950733e-01 0.000000e+00)
0.196111      	(0.000000e+00 -9.950995e-01 0.000000e+00)
0.196128      	(0.000000e+00 -9.951256e-01 0.000000e+00)
0.196144      	(0.000000e+00 -9.951516e-01 0.000000e+00)
0.196161      	(0.000000e+00 -9.951775e-01 0.000000e+00)
0.196178      	(0.000000e+00 -9.952033e-01 0.000000e+00)
0.196195      	(0.000000e+00 -9.952290e-01 0.000000e+00)
0.196212      	(0.000000e+00 -9.952545e-01 0.000000e+00)
0.196229      	(0.000000e+00 -9.952800e-01 0.000000e+00)
0.196246      	(0.000000e+00 -9.953053e-01 0.000000e+00)
0.196263      	(0.000000e+00 -9.953305e-01 0.000000e+00)
0.19628       	(0.000000e+00 -9.953556e-01 0.000000e+00)
0.196297      	(0.000000e+00 -9.953806e-01 0.000000e+00)
0.196314      	(0.000000e+00 -9.954055e-01 0.000000e+00)
0.19633       	(0.000000e+00 -9.954303e-01 0.000000e+00)
0.196347      	(0.000000e+00 -9.954549e-01 0.000000e+00)
0.196364      	(0.000000e+00 -9.954795e-01 0.000000e+00)
0.196381      	(0.000000e+00 -9.955039e-01 0.000000e+00)
0.196398      	(0.000000e+00 -9.955282e-01 0.000000e+00)
0.196415      	(0.000000e+00 -9.955524e-01 0.000000e+00)
0.196432      	(0.000000e+00 -9.955765e-01 0.000000e+00)
0.196449      	(0.000000e+00 -9.956005e-01 0.000000e+00)
0.196466      	(0.000000e+00 -9.956243e-01 0.000000e+00)
0.196483      	(0.000000e+00 -9.956481e-01 0.000000e+00)
0.1965        	(0.000000e+00 -9.956717e-01 0.000000e+00)
0.196516      	(0.000000e+00 -9.956952e-01 0.000000e+00)
0.196533      	(0.000000e+00 -9.957186e-01 0.000000e+00)
0.19655       	(0.000000e+00 -9.957419e-01 0.000000e+00)
0.196567      	(0.000000e+00 -9.957651e-01 0.000000e+00)
0.196584      	(0.000000e+00 -9.957882e-01 0.000000e+00)
0.196601      	(0.000000e+00 -9.958111e-01 0.000000e+00)
0.196618      	(0.000000e+00 -9.958339e-01 0.000000e+00)
0.196635      	(0.000000e+00 -9.958567e-01 0.000000e+00)
0.196652      	(0.000000e+00 -9.958793e-01 0.000000e+00)
0.196669      	(0.000000e+00 -9.959018e-01 0.000000e+00)
0.196686      	(0.000000e+00 -9.959242e-01 0.000000e+00)
0.196702      	(0.000000e+00 -9.959464e-01 0.000000e+00)
0.196719      	(0.000000e+00 -9.959686e-01 0.000000e+00)
0.196736      	(0.000000e+00 -9.959906e-01 0.000000e+00)
0.196753      	(0.000000e+00 -9.960126e-01 0.000000e+00)
0.19677       	(0.000000e+00 -9.960344e-01 0.000000e+00)
0.196787      	(0.000000e+00 -9.960561e-01 0.000000e+00)
0.196804      	(0.000000e+00 -9.960777e-01 0.000000e+00)
0.196821      	(0.000000e+00 -9.960992e-01 0.000000e+00)
0.196838      	(0.000000e+00 -9.961205e-01 0.000000e+00)
0.196855      	(0.000000e+00 -9.961418e-01 0.000000e+00)
0.196872      	(0.000000e+00 -9.961629e-01 0.000000e+00)
0.196888      	(0.000000e+00 -9.961839e-01 0.000000e+00)
0.196905      	(0.000000e+00 -9.962048e-01 0.000000e+00)
0.196922      	(0.000000e+00 -9.962256e-01 0.000000e+00)
0.196939      	(0.000000e+00 -9.962463e-01 0.000000e+00)
0.196956      	(0.000000e+00 -9.962669e-01 0.000000e+00)
0.196973      	(0.000000e+00 -9.962873e-01 0.000000e+00)
0.19699       	(0.000000e+00 -9.963077e-01 0.000000e+00)
0.197007      	(0.000000e+00 -9.963279e-01 0.000000e+00)
0.197024      	(0.000000e+00 -9.963480e-01 0.000000e+00)
0.197041      	(0.000000e+00 -9.963680e-01 0.000000e+00)
0.197058      	(0.000000e+00 -9.963879e-01 0.000000e+00)
0.197075      	(0.000000e+00 -9.964077e-01 0.000000e+00)
0.197091      	(0.000000e+00 -9.964274e-01 0.000000e+00)
0.197108      	(0.000000e+00 -9.964469e-01 0.000000e+00)
0.197125      	(0.000000e+00 -9.964663e-01 0.000000e+00)
0.197142      	(0.000000e+00 -9.964857e-01 0.000000e+00)
0.197159      	(0.000000e+00 -9.965049e-01 0.000000e+00)
0.197176      	(0.000000e+00 -9.965240e-01 0.000000e+00)
0.197193      	(0.000000e+00 -9.965429e-01 0.000000e+00)
0.19721       	(0.000000e+00 -9.965618e-01 0.000000e+00)
0.197227      	(0.000000e+00 -9.965805e-01 0.000000e+00)
0.197244      	(0.000000e+00 -9.965992e-01 0.000000e+00)
0.197261      	(0.000000e+00 -9.966177e-01 0.000000e+00)
0.197277      	(0.000000e+00 -9.966361e-01 0.000000e+00)
0.197294      	(0.000000e+00 -9.966544e-01 0.000000e+00)
0.197311      	(0.000000e+00 -9.966726e-01 0.000000e+00)
0.197328      	(0.000000e+00 -9.966907e-01 0.000000e+00)
0.197345      	(0.000000e+00 -9.967086e-01 0.000000e+00)
0.197362      	(0.000000e+00 -9.967265e-01 0.000000e+00)
0.197379      	(0.000000e+00 -9.967442e-01 0.000000e+00)
0.197396      	(0.000000e+00 -9.967618e-01 0.000000e+00)
0.197413      	(0.000000e+00 -9.967793e-01 0.000000e+00)
0.19743       	(0.000000e+00 -9.967967e-01 0.000000e+00)
0.197447      	(0.000000e+00 -9.968140e-01 0.000000e+00)
0.197463      	(0.000000e+00 -9.968311e-01 0.000000e+00)
0.19748       	(0.000000e+00 -9.968482e-01 0.000000e+00)
0.197497      	(0.000000e+00 -9.968651e-01 0.000000e+00)
0.197514      	(0.000000e+00 -9.968819e-01 0.000000e+00)
0.197531      	(0.000000e+00 -9.968986e-01 0.000000e+00)
0.197548      	(0.000000e+00 -9.969152e-01 0.000000e+00)
0.197565      	(0.000000e+00 -9.969317e-01 0.000000e+00)
0.197582      	(0.000000e+00 -9.969481e-01 0.000000e+00)
0.197599      	(0.000000e+00 -9.969643e-01 0.000000e+00)
0.197616      	(0.000000e+00 -9.969805e-01 0.000000e+00)
0.197633      	(0.000000e+00 -9.969965e-01 0.000000e+00)
0.197649      	(0.000000e+00 -9.970124e-01 0.000000e+00)
0.197666      	(0.000000e+00 -9.970282e-01 0.000000e+00)
0.197683      	(0.000000e+00 -9.970439e-01 0.000000e+00)
0.1977        	(0.000000e+00 -9.970594e-01 0.000000e+00)
0.197717      	(0.000000e+00 -9.970749e-01 0.000000e+00)
0.197734      	(0.000000e+00 -9.970902e-01 0.000000e+00)
0.197751      	(0.000000e+00 -9.971055e-01 0.000000e+00)
0.197768      	(0.000000e+00 -9.971206e-01 0.000000e+00)
0.197785      	(0.000000e+00 -9.971356e-01 0.000000e+00)
0.197802      	(0.000000e+00 -9.971505e-01 0.000000e+00)
0.197819      	(0.000000e+00 -9.971652e-01 0.000000e+00)
0.197835      	(0.000000e+00 -9.971799e-01 0.000000e+00)
0.197852      	(0.000000e+00 -9.971944e-01 0.000000e+00)
0.197869      	(0.000000e+00 -9.972089e-01 0.000000e+00)
0.197886      	(0.000000e+00 -9.972232e-01 0.000000e+00)
0.197903      	(0.000000e+00 -9.972374e-01 0.000000e+00)
0.19792       	(0.000000e+00 -9.972515e-01 0.000000e+00)
0.197937      	(0.000000e+00 -9.972654e-01 0.000000e+00)
0.197954      	(0.000000e+00 -9.972793e-01 0.000000e+00)
0.197971      	(0.000000e+00 -9.972930e-01 0.000000e+00)
0.197988      	(0.000000e+00 -9.973067e-01 0.000000e+00)
0.198005      	(0.000000e+00 -9.973202e-01 0.000000e+00)
0.198021      	(0.000000e+00 -9.973336e-01 0.000000e+00)
0.198038      	(0.000000e+00 -9.973469e-01 0.000000e+00)
0.198055      	(0.000000e+00 -9.973601e-01 0.000000e+00)
0.198072      	(0.000000e+00 -9.973731e-01 0.000000e+00)
0.198089      	(0.000000e+00 -9.973861e-01 0.000000e+00)
0.198106      	(0.000000e+00 -9.973989e-01 0.000000e+00)
0.198123      	(0.000000e+00 -9.974116e-01 0.000000e+00)
0.19814       	(0.000000e+00 -9.974242e-01 0.000000e+00)
0.198157      	(0.000000e+00 -9.974367e-01 0.000000e+00)
0.198174      	(0.000000e+00 -9.974491e-01 0.000000e+00)
0.198191      	(0.000000e+00 -9.974614e-01 0.000000e+00)
0.198207      	(0.000000e+00 -9.974735e-01 0.000000e+00)
0.198224      	(0.000000e+00 -9.974856e-01 0.000000e+00)
0.198241      	(0.000000e+00 -9.974975e-01 0.000000e+00)
0.198258      	(0.000000e+00 -9.975093e-01 0.000000e+00)
0.198275      	(0.000000e+00 -9.975210e-01 0.000000e+00)
0.198292      	(0.000000e+00 -9.975326e-01 0.000000e+00)
0.198309      	(0.000000e+00 -9.975440e-01 0.000000e+00)
0.198326      	(0.000000e+00 -9.975554e-01 0.000000e+00)
0.198343      	(0.000000e+00 -9.975666e-01 0.000000e+00)
0.19836       	(0.000000e+00 -9.975778e-01 0.000000e+00)
0.198377      	(0.000000e+00 -9.975888e-01 0.000000e+00)
0.198394      	(0.000000e+00 -9.975997e-01 0.000000e+00)
0.19841       	(0.000000e+00 -9.976104e-01 0.000000e+00)
0.198427      	(0.000000e+00 -9.976211e-01 0.000000e+00)
0.198444      	(0.000000e+00 -9.976317e-01 0.000000e+00)
0.198461      	(0.000000e+00 -9.976421e-01 0.000000e+00)
0.198478      	(0.000000e+00 -9.976524e-01 0.000000e+00)
0.198495      	(0.000000e+00 -9.976627e-01 0.000000e+00)
0.198512      	(0.000000e+00 -9.976727e-01 0.000000e+00)
0.198529      	(0.000000e+00 -9.976827e-01 0.000000e+00)
0.198546      	(0.000000e+00 -9.976926e-01 0.000000e+00)
0.198563      	(0.000000e+00 -9.977024e-01 0.000000e+00)
0.19858       	(0.000000e+00 -9.977120e-01 0.000000e+00)
0.198596      	(0.000000e+00 -9.977215e-01 0.000000e+00)
0.198613      	(0.000000e+00 -9.977310e-01 0.000000e+00)
0.19863       	(0.000000e+00 -9.977403e-01 0.000000e+00)
0.198647      	(0.000000e+00 -9.977494e-01 0.000000e+00)
0.198664      	(0.000000e+00 -9.977585e-01 0.000000e+00)
0.198681      	(0.000000e+00 -9.977675e-01 0.000000e+00)
0.198698      	(0.000000e+00 -9.977763e-01 0.000000e+00)
0.198715      	(0.000000e+00 -9.977850e-01 0.000000e+00)
0.198732      	(0.000000e+00 -9.977937e-01 0.000000e+00)
0.198749      	(0.000000e+00 -9.978022e-01 0.000000e+00)
0.198766      	(0.000000e+00 -9.978106e-01 0.000000e+00)
0.198782      	(0.000000e+00 -9.978188e-01 0.000000e+00)
0.198799      	(0.000000e+00 -9.978270e-01 0.000000e+00)
0.198816      	(0.000000e+00 -9.978350e-01 0.000000e+00)
0.198833      	(0.000000e+00 -9.978430e-01 0.000000e+00)
0.19885       	(0.000000e+00 -9.978508e-01 0.000000e+00)
0.198867      	(0.000000e+00 -9.978585e-01 0.000000e+00)
0.198884      	(0.000000e+00 -9.978661e-01 0.000000e+00)
0.198901      	(0.000000e+00 -9.978736e-01 0.000000e+00)
0.198918      	(0.000000e+00 -9.978809e-01 0.000000e+00)
0.198935      	(0.000000e+00 -9.978882e-01 0.000000e+00)
0.198952      	(0.000000e+00 -9.978953e-01 0.000000e+00)
0.198968      	(0.000000e+00 -9.979023e-01 0.000000e+00)
0.198985      	(0.000000e+00 -9.979092e-01 0.000000e+00)
0.199002      	(0.000000e+00 -9.979160e-01 0.000000e+00)
0.199019      	(0.000000e+00 -9.979227e-01 0.000000e+00)
0.199036      	(0.000000e+00 -9.979293e-01 0.000000e+00)
0.199053      	(0.000000e+00 -9.979357e-01 0.000000e+00)
0.19907       	(0.000000e+00 -9.979420e-01 0.000000e+00)
0.199087      	(0.000000e+00 -9.979483e-01 0.000000e+00)
0.199104      	(0.000000e+00 -9.979544e-01 0.000000e+00)
0.199121      	(0.000000e+00 -9.979604e-01 0.000000e+00)
0.199138      	(0.000000e+00 -9.979662e-01 0.000000e+00)
0.199154      	(0.000000e+00 -9.979720e-01 0.000000e+00)
0.199171      	(0.000000e+00 -9.979777e-01 0.000000e+00)
0.199188      	(0.000000e+00 -9.979832e-01 0.000000e+00)
0.199205      	(0.000000e+00 -9.979886e-01 0.000000e+00)
0.199222      	(0.000000e+00 -9.979939e-01 0.000000e+00)
0.199239      	(0.000000e+00 -9.979991e-01 0.000000e+00)
0.199256      	(0.000000e+00 -9.980042e-01 0.000000e+00)
0.199273      	(0.000000e+00 -9.980092e-01 0.000000e+00)
0.19929       	(0.000000e+00 -9.980140e-01 0.000000e+00)
0.199307      	(0.000000e+00 -9.980188e-01 0.000000e+00)
0.199324      	(0.000000e+00 -9.980234e-01 0.000000e+00)
0.19934       	(0.000000e+00 -9.980279e-01 0.000000e+00)
0.199357      	(0.000000e+00 -9.980323e-01 0.000000e+00)
0.199374      	(0.000000e+00 -9.980366e-01 0.000000e+00)
0.199391      	(0.000000e+00 -9.980407e-01 0.000000e+00)
0.199408      	(0.000000e+00 -9.980448e-01 0.000000e+00)
0.199425      	(0.000000e+00 -9.980487e-01 0.000000e+00)
0.199442      	(0.000000e+00 -9.980526e-01 0.000000e+00)
0.199459      	(0.000000e+00 -9.980563e-01 0.000000e+00)
0.199476      	(0.000000e+00 -9.980599e-01 0.000000e+00)
0.199493      	(0.000000e+00 -9.980633e-01 0.000000e+00)
0.19951       	(0.000000e+00 -9.980667e-01 0.000000e+00)
0.199527      	(0.000000e+00 -9.980700e-01 0.000000e+00)
0.199543      	(0.000000e+00 -9.980731e-01 0.000000e+00)
0.19956       	(0.000000e+00 -9.980761e-01 0.000000e+00)
0.199577      	(0.000000e+00 -9.980790e-01 0.000000e+00)
0.199594      	(0.000000e+00 -9.980818e-01 0.000000e+00)
0.199611      	(0.000000e+00 -9.980845e-01 0.000000e+00)
0.199628      	(0.000000e+00 -9.980871e-01 0.000000e+00)
0.199645      	(0.000000e+00 -9.980895e-01 0.000000e+00)
0.199662      	(0.000000e+00 -9.980919e-01 0.000000e+00)
0.199679      	(0.000000e+00 -9.980941e-01 0.000000e+00)
0.199696      	(0.000000e+00 -9.980962e-01 0.000000e+00)
0.199713      	(0.000000e+00 -9.980982e-01 0.000000e+00)
0.199729      	(0.000000e+00 -9.981001e-01 0.000000e+00)
0.199746      	(0.000000e+00 -9.981019e-01 0.000000e+00)
0.199763      	(0.000000e+00 -9.981035e-01 0.000000e+00)
0.19978       	(0.000000e+00 -9.981051e-01 0.000000e+00)
0.199797      	(0.000000e+00 -9.981065e-01 0.000000e+00)
0.199814      	(0.000000e+00 -9.981078e-01 0.000000e+00)
0.199831      	(0.000000e+00 -9.981090e-01 0.000000e+00)
0.199848      	(0.000000e+00 -9.981101e-01 0.000000e+00)
0.199865      	(0.000000e+00 -9.981111e-01 0.000000e+00)
0.199882      	(0.000000e+00 -9.981119e-01 0.000000e+00)
0.199899      	(0.000000e+00 -9.981127e-01 0.000000e+00)
0.199915      	(0.000000e+00 -9.981133e-01 0.000000e+00)
0.199932      	(0.000000e+00 -9.981138e-01 0.000000e+00)
0.199949      	(0.000000e+00 -9.981142e-01 0.000000e+00)
0.199966      	(0.000000e+00 -9.981145e-01 0.000000e+00)
0.199983      	(0.000000e+00 -9.981147e-01 0.000000e+00)
0.2           	(0.000000e+00 -9.981147e-01 0.000000e+00)
0.200017      	(0.000000e+00 -9.981147e-01 0.000000e+00)
0.200034      	(0.000000e+00 -9.981145e-01 0.000000e+00)
0.200051      	(0.000000e+00 -9.981142e-01 0.000000e+00)
0.200068      	(0.000000e+00 -9.981138e-01 0.000000e+00)
0.200084      	(0.000000e+00 -9.981133e-01 0.000000e+00)
0.200101      	(0.000000e+00 -9.981127e-01 0.000000e+00)
0.200118      	(0.000000e+00 -9.981119e-01 0.000000e+00)
0.200135      	(0.000000e+00 -9.981111e-01 0.000000e+00)
0.200152      	(0.000000e+00 -9.981101e-01 0.000000e+00)
0.200169      	(0.000000e+00 -9.981090e-01 0.000000e+00)
0.200186      	(0.000000e+00 -9.981078e-01 0.000000e+00)
0.200203      	(0.000000e+00 -9.981065e-01 0.000000e+00)
0.20022       	(0.000000e+00 -9.981051e-01 0.000000e+00)
0.200236      	(0.000000e+00 -9.981036e-01 0.000000e+00)
0.200253      	(0.000000e+00 -9.981019e-01 0.000000e+00)
0.20027       	(0.000000e+00 -9.981001e-01 0.000000e+00)
0.200287      	(0.000000e+00 -9.980983e-01 0.000000e+00)
0.200304      	(0.000000e+00 -9.980963e-01 0.000000e+00)
0.200321      	(0.000000e+00 -9.980942e-01 0.000000e+00)
0.200338      	(0.000000e+00 -9.980919e-01 0.000000e+00)
0.200355      	(0.000000e+00 -9.980896e-01 0.000000e+00)
0.200372      	(0.000000e+00 -9.980871e-01 0.000000e+00)
0.200389      	(0.000000e+00 -9.980846e-01 0.000000e+00)
0.200405      	(0.000000e+00 -9.980819e-01 0.000000e+00)
0.200422      	(0.000000e+00 -9.980791e-01 0.000000e+00)
0.200439      	(0.000000e+00 -9.980762e-01 0.000000e+00)
0.200456      	(0.000000e+00 -9.980732e-01 0.000000e+00)
0.200473      	(0.000000e+00 -9.980701e-01 0.000000e+00)
0.20049       	(0.000000e+00 -9.980668e-01 0.000000e+00)
0.200507      	(0.000000e+00 -9.980635e-01 0.000000e+00)
0.200524      	(0.000000e+00 -9.980600e-01 0.000000e+00)
0.200541      	(0.000000e+00 -9.980564e-01 0.000000e+00)
0.200557      	(0.000000e+00 -9.980527e-01 0.000000e+00)
0.200574      	(0.000000e+00 -9.980489e-01 0.000000e+00)
0.200591      	(0.000000e+00 -9.980449e-01 0.000000e+00)
0.200608      	(0.000000e+00 -9.980409e-01 0.000000e+00)
0.200625      	(0.000000e+00 -9.980367e-01 0.000000e+00)
0.200642      	(0.000000e+00 -9.980325e-01 0.000000e+00)
0.200659      	(0.000000e+00 -9.980281e-01 0.000000e+00)
0.200676      	(0.000000e+00 -9.980236e-01 0.000000e+00)
0.200693      	(0.000000e+00 -9.980190e-01 0.000000e+00)
0.200709      	(0.000000e+00 -9.980142e-01 0.000000e+00)
0.200726      	(0.000000e+00 -9.980094e-01 0.000000e+00)
0.200743      	(0.000000e+00 -9.980044e-01 0.000000e+00)
0.20076       	(0.000000e+00 -9.979994e-01 0.000000e+00)
0.200777      	(0.000000e+00 -9.979942e-01 0.000000e+00)
0.200794      	(0.000000e+00 -9.979889e-01 0.000000e+00)
0.200811      	(0.000000e+00 -9.979835e-01 0.000000e+00)
0.200828      	(0.000000e+00 -9.979780e-01 0.000000e+00)
0.200845      	(0.000000e+00 -9.979723e-01 0.000000e+00)
0.200861      	(0.000000e+00 -9.979666e-01 0.000000e+00)
0.200878      	(0.000000e+00 -9.979607e-01 0.000000e+00)
0.200895      	(0.000000e+00 -9.979547e-01 0.000000e+00)
0.200912      	(0.000000e+00 -9.979486e-01 0.000000e+00)
0.200929      	(0.000000e+00 -9.979424e-01 0.000000e+00)
0.200946      	(0.000000e+00 -9.979361e-01 0.000000e+00)
0.200963      	(0.000000e+00 -9.979297e-01 0.000000e+00)
0.20098       	(0.000000e+00 -9.979231e-01 0.000000e+00)
0.200997      	(0.000000e+00 -9.979165e-01 0.000000e+00)
0.201014      	(0.000000e+00 -9.979097e-01 0.000000e+00)
0.20103       	(0.000000e+00 -9.979028e-01 0.000000e+00)
0.201047      	(0.000000e+00 -9.978958e-01 0.000000e+00)
0.201064      	(0.000000e+00 -9.978887e-01 0.000000e+00)
0.201081      	(0.000000e+00 -9.978814e-01 0.000000e+00)
0.201098      	(0.000000e+00 -9.978741e-01 0.000000e+00)
0.201115      	(0.000000e+00 -9.978666e-01 0.000000e+00)
0.201132      	(0.000000e+00 -9.978591e-01 0.000000e+00)
0.201149      	(0.000000e+00 -9.978514e-01 0.000000e+00)
0.201166      	(0.000000e+00 -9.978436e-01 0.000000e+00)
0.201182      	(0.000000e+00 -9.978357e-01 0.000000e+00)
0.201199      	(0.000000e+00 -9.978276e-01 0.000000e+00)
0.201216      	(0.000000e+00 -9.978195e-01 0.000000e+00)
0.201233      	(0.000000e+00 -9.978112e-01 0.000000e+00)
0.20125       	(0.000000e+00 -9.978029e-01 0.000000e+00)
0.201267      	(0.000000e+00 -9.977944e-01 0.000000e+00)
0.201284      	(0.000000e+00 -9.977858e-01 0.000000e+00)
0.201301      	(0.000000e+00 -9.977771e-01 0.000000e+00)
0.201318      	(0.000000e+00 -9.977682e-01 0.000000e+00)
0.201334      	(0.000000e+00 -9.977593e-01 0.000000e+00)
0.201351      	(0.000000e+00 -9.977502e-01 0.000000e+00)
0.201368      	(0.000000e+00 -9.977411e-01 0.000000e+00)
0.201385      	(0.000000e+00 -9.977318e-01 0.000000e+00)
0.201402      	(0.000000e+00 -9.977224e-01 0.000000e+00)
0.201419      	(0.000000e+00 -9.977129e-01 0.000000e+00)
0.201436      	(0.000000e+00 -9.977033e-01 0.000000e+00)
0.201453      	(0.000000e+00 -9.976935e-01 0.000000e+00)
0.20147       	(0.000000e+00 -9.976837e-01 0.000000e+00)
0.201486      	(0.000000e+00 -9.976737e-01 0.000000e+00)
0.201503      	(0.000000e+00 -9.976636e-01 0.000000e+00)
0.20152       	(0.000000e+00 -9.976534e-01 0.000000e+00)
0.201537      	(0.000000e+00 -9.976431e-01 0.000000e+00)
0.201554      	(0.000000e+00 -9.976327e-01 0.000000e+00)
0.201571      	(0.000000e+00 -9.976222e-01 0.000000e+00)
0.201588      	(0.000000e+00 -9.976115e-01 0.000000e+00)
0.201605      	(0.000000e+00 -9.976007e-01 0.000000e+00)
0.201622      	(0.000000e+00 -9.975898e-01 0.000000e+00)
0.201639      	(0.000000e+00 -9.975788e-01 0.000000e+00)
0.201656      	(0.000000e+00 -9.975677e-01 0.000000e+00)
0.201673      	(0.000000e+00 -9.975565e-01 0.000000e+00)
0.201689      	(0.000000e+00 -9.975451e-01 0.000000e+00)
0.201706      	(0.000000e+00 -9.975336e-01 0.000000e+00)
0.201723      	(0.000000e+00 -9.975220e-01 0.000000e+00)
0.20174       	(0.000000e+00 -9.975104e-01 0.000000e+00)
0.201757      	(0.000000e+00 -9.974985e-01 0.000000e+00)
0.201774      	(0.000000e+00 -9.974866e-01 0.000000e+00)
0.201791      	(0.000000e+00 -9.974746e-01 0.000000e+00)
0.201808      	(0.000000e+00 -9.974624e-01 0.000000e+00)
0.201825      	(0.000000e+00 -9.974502e-01 0.000000e+00)
0.201842      	(0.000000e+00 -9.974378e-01 0.000000e+00)
0.201859      	(0.000000e+00 -9.974253e-01 0.000000e+00)
0.201876      	(0.000000e+00 -9.974127e-01 0.000000e+00)
0.201893      	(0.000000e+00 -9.974000e-01 0.000000e+00)
0.201909      	(0.000000e+00 -9.973871e-01 0.000000e+00)
0.201926      	(0.000000e+00 -9.973742e-01 0.000000e+00)
0.201943      	(0.000000e+00 -9.973611e-01 0.000000e+00)
0.20196       	(0.000000e+00 -9.973479e-01 0.000000e+00)
0.201977      	(0.000000e+00 -9.973346e-01 0.000000e+00)
0.201994      	(0.000000e+00 -9.973212e-01 0.000000e+00)
0.202011      	(0.000000e+00 -9.973077e-01 0.000000e+00)
0.202028      	(0.000000e+00 -9.972941e-01 0.000000e+00)
0.202045      	(0.000000e+00 -9.972803e-01 0.000000e+00)
0.202062      	(0.000000e+00 -9.972665e-01 0.000000e+00)
0.202079      	(0.000000e+00 -9.972525e-01 0.000000e+00)
0.202096      	(0.000000e+00 -9.972384e-01 0.000000e+00)
0.202113      	(0.000000e+00 -9.972242e-01 0.000000e+00)
0.20213       	(0.000000e+00 -9.972099e-01 0.000000e+00)
0.202146      	(0.000000e+00 -9.971954e-01 0.000000e+00)
0.202163      	(0.000000e+00 -9.971809e-01 0.000000e+00)
0.20218       	(0.000000e+00 -9.971662e-01 0.000000e+00)
0.202197      	(0.000000e+00 -9.971514e-01 0.000000e+00)
0.202214      	(0.000000e+00 -9.971365e-01 0.000000e+00)
0.202231      	(0.000000e+00 -9.971215e-01 0.000000e+00)
0.202248      	(0.000000e+00 -9.971064e-01 0.000000e+00)
0.202265      	(0.000000e+00 -9.970912e-01 0.000000e+00)
0.202282      	(0.000000e+00 -9.970758e-01 0.000000e+00)
0.202299      	(0.000000e+00 -9.970604e-01 0.000000e+00)
0.202316      	(0.000000e+00 -9.970448e-01 0.000000e+00)
0.202333      	(0.000000e+00 -9.970291e-01 0.000000e+00)
0.20235       	(0.000000e+00 -9.970133e-01 0.000000e+00)
0.202366      	(0.000000e+00 -9.969974e-01 0.000000e+00)
0.202383      	(0.000000e+00 -9.969814e-01 0.000000e+00)
0.2024        	(0.000000e+00 -9.969652e-01 0.000000e+00)
0.202417      	(0.000000e+00 -9.969490e-01 0.000000e+00)
0.202434      	(0.000000e+00 -9.969326e-01 0.000000e+00)
0.202451      	(0.000000e+00 -9.969161e-01 0.000000e+00)
0.202468      	(0.000000e+00 -9.968995e-01 0.000000e+00)
0.202485      	(0.000000e+00 -9.968828e-01 0.000000e+00)
0.202502      	(0.000000e+00 -9.968660e-01 0.000000e+00)
0.202519      	(0.000000e+00 -9.968490e-01 0.000000e+00)
0.202536      	(0.000000e+00 -9.968320e-01 0.000000e+00)
0.202553      	(0.000000e+00 -9.968148e-01 0.000000e+00)
0.20257       	(0.000000e+00 -9.967975e-01 0.000000e+00)
0.202587      	(0.000000e+00 -9.967801e-01 0.000000e+00)
0.202603      	(0.000000e+00 -9.967626e-01 0.000000e+00)
0.20262       	(0.000000e+00 -9.967450e-01 0.000000e+00)
0.202637      	(0.000000e+00 -9.967272e-01 0.000000e+00)
0.202654      	(0.000000e+00 -9.967094e-01 0.000000e+00)
0.202671      	(0.000000e+00 -9.966914e-01 0.000000e+00)
0.202688      	(0.000000e+00 -9.966733e-01 0.000000e+00)
0.202705      	(0.000000e+00 -9.966551e-01 0.000000e+00)
0.202722      	(0.000000e+00 -9.966368e-01 0.000000e+00)
0.202739      	(0.000000e+00 -9.966184e-01 0.000000e+00)
0.202756      	(0.000000e+00 -9.965999e-01 0.000000e+00)
0.202773      	(0.000000e+00 -9.965812e-01 0.000000e+00)
0.20279       	(0.000000e+00 -9.965624e-01 0.000000e+00)
0.202807      	(0.000000e+00 -9.965436e-01 0.000000e+00)
0.202823      	(0.000000e+00 -9.965246e-01 0.000000e+00)
0.20284       	(0.000000e+00 -9.965055e-01 0.000000e+00)
0.202857      	(0.000000e+00 -9.964862e-01 0.000000e+00)
0.202874      	(0.000000e+00 -9.964669e-01 0.000000e+00)
0.202891      	(0.000000e+00 -9.964475e-01 0.000000e+00)
0.202908      	(0.000000e+00 -9.964279e-01 0.000000e+00)
0.202925      	(0.000000e+00 -9.964082e-01 0.000000e+00)
0.202942      	(0.000000e+00 -9.963884e-01 0.000000e+00)
0.202959      	(0.000000e+00 -9.963685e-01 0.000000e+00)
0.202976      	(0.000000e+00 -9.963485e-01 0.000000e+00)
0.202993      	(0.000000e+00 -9.963284e-01 0.000000e+00)
0.20301       	(0.000000e+00 -9.963081e-01 0.000000e+00)
0.203027      	(0.000000e+00 -9.962878e-01 0.000000e+00)
0.203044      	(0.000000e+00 -9.962673e-01 0.000000e+00)
0.20306       	(0.000000e+00 -9.962467e-01 0.000000e+00)
0.203077      	(0.000000e+00 -9.962260e-01 0.000000e+00)
0.203094      	(0.000000e+00 -9.962052e-01 0.000000e+00)
0.203111      	(0.000000e+00 -9.961843e-01 0.000000e+00)
0.203128      	(0.000000e+00 -9.961633e-01 0.000000e+00)
0.203145      	(0.000000e+00 -9.961421e-01 0.000000e+00)
0.203162      	(0.000000e+00 -9.961208e-01 0.000000e+00)
0.203179      	(0.000000e+00 -9.960994e-01 0.000000e+00)
0.203196      	(0.000000e+00 -9.960780e-01 0.000000e+00)
0.203213      	(0.000000e+00 -9.960563e-01 0.000000e+00)
0.20323       	(0.000000e+00 -9.960346e-01 0.000000e+00)
0.203247      	(0.000000e+00 -9.960128e-01 0.000000e+00)
0.203264      	(0.000000e+00 -9.959908e-01 0.000000e+00)
0.20328       	(0.000000e+00 -9.959688e-01 0.000000e+00)
0.203297      	(0.000000e+00 -9.959466e-01 0.000000e+00)
0.203314      	(0.000000e+00 -9.959243e-01 0.000000e+00)
0.203331      	(0.000000e+00 -9.959019e-01 0.000000e+00)
0.203348      	(0.000000e+00 -9.958794e-01 0.000000e+00)
0.203365      	(0.000000e+00 -9.958568e-01 0.000000e+00)
0.203382      	(0.000000e+00 -9.958340e-01 0.000000e+00)
0.203399      	(0.000000e+00 -9.958111e-01 0.000000e+00)
0.203416      	(0.000000e+00 -9.957882e-01 0.000000e+00)
0.203433      	(0.000000e+00 -9.957651e-01 0.000000e+00)
0.20345       	(0.000000e+00 -9.957419e-01 0.000000e+00)
0.203467      	(0.000000e+00 -9.957186e-01 0.000000e+00)
0.203484      	(0.000000e+00 -9.956951e-01 0.000000e+00)
0.203501      	(0.000000e+00 -9.956716e-01 0.000000e+00)
0.203517      	(0.000000e+00 -9.956480e-01 0.000000e+00)
0.203534      	(0.000000e+00 -9.956242e-01 0.000000e+00)
0.203551      	(0.000000e+00 -9.956003e-01 0.000000e+00)
0.203568      	(0.000000e+00 -9.955763e-01 0.000000e+00)
0.203585      	(0.000000e+00 -9.955522e-01 0.000000e+00)
0.203602      	(0.000000e+00 -9.955280e-01 0.000000e+00)
0.203619      	(0.000000e+00 -9.955036e-01 0.000000e+00)
0.203636      	(0.000000e+00 -9.954792e-01 0.000000e+00)
0.203653      	(0.000000e+00 -9.954546e-01 0.000000e+00)
0.20367       	(0.000000e+00 -9.954300e-01 0.000000e+00)
0.203687      	(0.000000e+00 -9.954052e-01 0.000000e+00)
0.203704      	(0.000000e+00 -9.953803e-01 0.000000e+00)
0.203721      	(0.000000e+00 -9.953553e-01 0.000000e+00)
0.203737      	(0.000000e+00 -9.953301e-01 0.000000e+00)
0.203754      	(0.000000e+00 -9.953049e-01 0.000000e+00)
0.203771      	(0.000000e+00 -9.952795e-01 0.000000e+00)
0.203788      	(0.000000e+00 -9.952541e-01 0.000000e+00)
0.203805      	(0.000000e+00 -9.952285e-01 0.000000e+00)
0.203822      	(0.000000e+00 -9.952028e-01 0.000000e+00)
0.203839      	(0.000000e+00 -9.951770e-01 0.000000e+00)
0.203856      	(0.000000e+00 -9.951511e-01 0.000000e+00)
0.203873      	(0.000000e+00 -9.951250e-01 0.000000e+00)
0.20389       	(0.000000e+00 -9.950989e-01 0.000000e+00)
0.203907      	(0.000000e+00 -9.950726e-01 0.000000e+00)
0.203924      	(0.000000e+00 -9.950462e-01 0.000000e+00)
0.203941      	(0.000000e+00 -9.950197e-01 0.000000e+00)
0.203958      	(0.000000e+00 -9.949931e-01 0.000000e+00)
0.203974      	(0.000000e+00 -9.949664e-01 0.000000e+00)
0.203991      	(0.000000e+00 -9.949395e-01 0.000000e+00)
0.204008      	(0.000000e+00 -9.949125e-01 0.000000e+00)
0.204025      	(0.000000e+00 -9.948854e-01 0.000000e+00)
0.204042      	(0.000000e+00 -9.948581e-01 0.000000e+00)
0.204059      	(0.000000e+00 -9.948308e-01 0.000000e+00)
0.204076      	(0.000000e+00 -9.948033e-01 0.000000e+00)
0.204093      	(0.000000e+00 -9.947757e-01 0.000000e+00)
0.20411       	(0.000000e+00 -9.947480e-01 0.000000e+00)
0.204127      	(0.000000e+00 -9.947202e-01 0.000000e+00)
0.204144      	(0.000000e+00 -9.946922e-01 0.000000e+00)
0.204161      	(0.000000e+00 -9.946642e-01 0.000000e+00)
0.204178      	(0.000000e+00 -9.946360e-01 0.000000e+00)
0.204195      	(0.000000e+00 -9.946078e-01 0.000000e+00)
0.204212      	(0.000000e+00 -9.945794e-01 0.000000e+00)
0.204229      	(0.000000e+00 -9.945509e-01 0.000000e+00)
0.204246      	(0.000000e+00 -9.945223e-01 0.000000e+00)
0.204263      	(0.000000e+00 -9.944935e-01 0.000000e+00)
0.20428       	(0.000000e+00 -9.944647e-01 0.000000e+00)
0.204297      	(0.000000e+00 -9.944358e-01 0.000000e+00)
0.204314      	(0.000000e+00 -9.944067e-01 0.000000e+00)
0.204331      	(0.000000e+00 -9.943775e-01 0.000000e+00)
0.204348      	(0.000000e+00 -9.943482e-01 0.000000e+00)
0.204365      	(0.000000e+00 -9.943188e-01 0.000000e+00)
0.204382      	(0.000000e+00 -9.942893e-01 0.000000e+00)
0.204399      	(0.000000e+00 -9.942596e-01 0.000000e+00)
0.204416      	(0.000000e+00 -9.942299e-01 0.000000e+00)
0.204433      	(0.000000e+00 -9.942000e-01 0.000000e+00)
0.20445       	(0.000000e+00 -9.941700e-01 0.000000e+00)
0.204467      	(0.000000e+00 -9.941400e-01 0.000000e+00)
0.204484      	(0.000000e+00 -9.941097e-01 0.000000e+00)
0.204501      	(0.000000e+00 -9.940794e-01 0.000000e+00)
0.204518      	(0.000000e+00 -9.940490e-01 0.000000e+00)
0.204535      	(0.000000e+00 -9.940185e-01 0.000000e+00)
0.204552      	(0.000000e+00 -9.939878e-01 0.000000e+00)
0.204569      	(0.000000e+00 -9.939570e-01 0.000000e+00)
0.204585      	(0.000000e+00 -9.939261e-01 0.000000e+00)
0.204602      	(0.000000e+00 -9.938951e-01 0.000000e+00)
0.204619      	(0.000000e+00 -9.938640e-01 0.000000e+00)
0.204636      	(0.000000e+00 -9.938328e-01 0.000000e+00)
0.204653      	(0.000000e+00 -9.938015e-01 0.000000e+00)
0.20467       	(0.000000e+00 -9.937700e-01 0.000000e+00)
0.204687      	(0.000000e+00 -9.937384e-01 0.000000e+00)
0.204704      	(0.000000e+00 -9.937067e-01 0.000000e+00)
0.204721      	(0.000000e+00 -9.936750e-01 0.000000e+00)
0.204738      	(0.000000e+00 -9.936430e-01 0.000000e+00)
0.204755      	(0.000000e+00 -9.936110e-01 0.000000e+00)
0.204772      	(0.000000e+00 -9.935789e-01 0.000000e+00)
0.204789      	(0.000000e+00 -9.935466e-01 0.000000e+00)
0.204806      	(0.000000e+00 -9.935143e-01 0.000000e+00)
0.204823      	(0.000000e+00 -9.934818e-01 0.000000e+00)
0.20484       	(0.000000e+00 -9.934492e-01 0.000000e+00)
0.204857      	(0.000000e+00 -9.934165e-01 0.000000e+00)
0.204874      	(0.000000e+00 -9.933837e-01 0.000000e+00)
0.204891      	(0.000000e+00 -9.933508e-01 0.000000e+00)
0.204908      	(0.000000e+00 -9.933177e-01 0.000000e+00)
0.204925      	(0.000000e+00 -9.932846e-01 0.000000e+00)
0.204942      	(0.000000e+00 -9.932513e-01 0.000000e+00)
0.204959      	(0.000000e+00 -9.932179e-01 0.000000e+00)
0.204976      	(0.000000e+00 -9.931844e-01 0.000000e+00)
0.204993      	(0.000000e+00 -9.931508e-01 0.000000e+00)
0.20501       	(0.000000e+00 -9.931171e-01 0.000000e+00)
0.205027      	(0.000000e+00 -9.930832e-01 0.000000e+00)
0.205044      	(0.000000e+00 -9.930493e-01 0.000000e+00)
0.205061      	(0.000000e+00 -9.930152e-01 0.000000e+00)
0.205078      	(0.000000e+00 -9.929811e-01 0.000000e+00)
0.205095      	(0.000000e+00 -9.929468e-01 0.000000e+00)
0.205112      	(0.000000e+00 -9.929124e-01 0.000000e+00)
0.205129      	(0.000000e+00 -9.928779e-01 0.000000e+00)
0.205146      	(0.000000e+00 -9.928432e-01 0.000000e+00)
0.205163      	(0.000000e+00 -9.928085e-01 0.000000e+00)
0.20518       	(0.000000e+00 -9.927736e-01 0.000000e+00)
0.205197      	(0.000000e+00 -9.927387e-01 0.000000e+00)
0.205213      	(0.000000e+00 -9.927036e-01 0.000000e+00)
0.20523       	(0.000000e+00 -9.926684e-01 0.000000e+00)
0.205247      	(0.000000e+00 -9.926331e-01 0.000000e+00)
0.205264      	(0.000000e+00 -9.925977e-01 0.000000e+00)
0.205281      	(0.000000e+00 -9.925621e-01 0.000000e+00)
0.205298      	(0.000000e+00 -9.925265e-01 0.000000e+00)
0.205315      	(0.000000e+00 -9.924907e-01 0.000000e+00)
0.205332      	(0.000000e+00 -9.924548e-01 0.000000e+00)
0.205349      	(0.000000e+00 -9.924189e-01 0.000000e+00)
0.205366      	(0.000000e+00 -9.923828e-01 0.000000e+00)
0.205383      	(0.000000e+00 -9.923465e-01 0.000000e+00)
0.2054        	(0.000000e+00 -9.923102e-01 0.000000e+00)
0.205417      	(0.000000e+00 -9.922738e-01 0.000000e+00)
0.205434      	(0.000000e+00 -9.922372e-01 0.000000e+00)
0.205451      	(0.000000e+00 -9.922006e-01 0.000000e+00)
0.205468      	(0.000000e+00 -9.921638e-01 0.000000e+00)
0.205485      	(0.000000e+00 -9.921269e-01 0.000000e+00)
0.205502      	(0.000000e+00 -9.920899e-01 0.000000e+00)
0.205519      	(0.000000e+00 -9.920528e-01 0.000000e+00)
0.205536      	(0.000000e+00 -9.920155e-01 0.000000e+00)
0.205553      	(0.000000e+00 -9.919782e-01 0.000000e+00)
0.20557       	(0.000000e+00 -9.919407e-01 0.000000e+00)
0.205587      	(0.000000e+00 -9.919032e-01 0.000000e+00)
0.205604      	(0.000000e+00 -9.918655e-01 0.000000e+00)
0.205621      	(0.000000e+00 -9.918277e-01 0.000000e+00)
0.205638      	(0.000000e+00 -9.917898e-01 0.000000e+00)
0.205655      	(0.000000e+00 -9.917518e-01 0.000000e+00)
0.205672      	(0.000000e+00 -9.917136e-01 0.000000e+00)
0.205689      	(0.000000e+00 -9.916754e-01 0.000000e+00)
0.205706      	(0.000000e+00 -9.916370e-01 0.000000e+00)
0.205723      	(0.000000e+00 -9.915986e-01 0.000000e+00)
0.20574       	(0.000000e+00 -9.915600e-01 0.000000e+00)
0.205757      	(0.000000e+00 -9.915213e-01 0.000000e+00)
0.205774      	(0.000000e+00 -9.914825e-01 0.000000e+00)
0.205791      	(0.000000e+00 -9.914436e-01 0.000000e+00)
0.205808      	(0.000000e+00 -9.914045e-01 0.000000e+00)
0.205825      	(0.000000e+00 -9.913654e-01 0.000000e+00)
0.205842      	(0.000000e+00 -9.913261e-01 0.000000e+00)
0.205858      	(0.000000e+00 -9.912867e-01 0.000000e+00)
0.205875      	(0.000000e+00 -9.912473e-01 0.000000e+00)
0.205892      	(0.000000e+00 -9.912077e-01 0.000000e+00)
0.205909      	(0.000000e+00 -9.911680e-01 0.000000e+00)
0.205926      	(0.000000e+00 -9.911281e-01 0.000000e+00)
0.205943      	(0.000000e+00 -9.910882e-01 0.000000e+00)
0.20596       	(0.000000e+00 -9.910481e-01 0.000000e+00)
0.205977      	(0.000000e+00 -9.910080e-01 0.000000e+00)
0.205994      	(0.000000e+00 -9.909677e-01 0.000000e+00)
0.206011      	(0.000000e+00 -9.909273e-01 0.000000e+00)
0.206028      	(0.000000e+00 -9.908868e-01 0.000000e+00)
0.206045      	(0.000000e+00 -9.908462e-01 0.000000e+00)
0.206062      	(0.000000e+00 -9.908055e-01 0.000000e+00)
0.206079      	(0.000000e+00 -9.907645e-01 0.000000e+00)
0.206096      	(0.000000e+00 -9.907234e-01 0.000000e+00)
0.206113      	(0.000000e+00 -9.906821e-01 0.000000e+00)
0.20613       	(0.000000e+00 -9.906408e-01 0.000000e+00)
0.206147      	(0.000000e+00 -9.905993e-01 0.000000e+00)
0.206164      	(0.000000e+00 -9.905577e-01 0.000000e+00)
0.206181      	(0.000000e+00 -9.905160e-01 0.000000e+00)
0.206199      	(0.000000e+00 -9.904742e-01 0.000000e+00)
0.206216      	(0.000000e+00 -9.904323e-01 0.000000e+00)
0.206233      	(0.000000e+00 -9.903903e-01 0.000000e+00)
0.20625       	(0.000000e+00 -9.903481e-01 0.000000e+00)
0.206267      	(0.000000e+00 -9.903059e-01 0.000000e+00)
0.206284      	(0.000000e+00 -9.902635e-01 0.000000e+00)
0.206301      	(0.000000e+00 -9.902210e-01 0.000000e+00)
0.206318      	(0.000000e+00 -9.901784e-01 0.000000e+00)
0.206335      	(0.000000e+00 -9.901357e-01 0.000000e+00)
0.206352      	(0.000000e+00 -9.900928e-01 0.000000e+00)
0.206369      	(0.000000e+00 -9.900499e-01 0.000000e+00)
0.206386      	(0.000000e+00 -9.900069e-01 0.000000e+00)
0.206403      	(0.000000e+00 -9.899637e-01 0.000000e+00)
0.20642       	(0.000000e+00 -9.899204e-01 0.000000e+00)
0.206437      	(0.000000e+00 -9.898770e-01 0.000000e+00)
0.206454      	(0.000000e+00 -9.898335e-01 0.000000e+00)
0.206471      	(0.000000e+00 -9.897899e-01 0.000000e+00)
0.206488      	(0.000000e+00 -9.897462e-01 0.000000e+00)
0.206505      	(0.000000e+00 -9.897023e-01 0.000000e+00)
0.206522      	(0.000000e+00 -9.896584e-01 0.000000e+00)
0.206539      	(0.000000e+00 -9.896143e-01 0.000000e+00)
0.206557      	(0.000000e+00 -9.895701e-01 0.000000e+00)
0.206574      	(0.000000e+00 -9.895258e-01 0.000000e+00)
0.206591      	(0.000000e+00 -9.894814e-01 0.000000e+00)
0.206608      	(0.000000e+00 -9.894369e-01 0.000000e+00)
0.206625      	(0.000000e+00 -9.893922e-01 0.000000e+00)
0.206642      	(0.000000e+00 -9.893475e-01 0.000000e+00)
0.206659      	(0.000000e+00 -9.893026e-01 0.000000e+00)
0.206676      	(0.000000e+00 -9.892576e-01 0.000000e+00)
0.206693      	(0.000000e+00 -9.892126e-01 0.000000e+00)
0.20671       	(0.000000e+00 -9.891674e-01 0.000000e+00)
0.206727      	(0.000000e+00 -9.891220e-01 0.000000e+00)
0.206744      	(0.000000e+00 -9.890766e-01 0.000000e+00)
0.206761      	(0.000000e+00 -9.890311e-01 0.000000e+00)
0.206778      	(0.000000e+00 -9.889854e-01 0.000000e+00)
0.206795      	(0.000000e+00 -9.889397e-01 0.000000e+00)
0.206812      	(0.000000e+00 -9.888938e-01 0.000000e+00)
0.206829      	(0.000000e+00 -9.888478e-01 0.000000e+00)
0.206846      	(0.000000e+00 -9.888017e-01 0.000000e+00)
0.206863      	(0.000000e+00 -9.887555e-01 0.000000e+00)
0.20688       	(0.000000e+00 -9.887091e-01 0.000000e+00)
0.206897      	(0.000000e+00 -9.886627e-01 0.000000e+00)
0.206915      	(0.000000e+00 -9.886161e-01 0.000000e+00)
0.206932      	(0.000000e+00 -9.885695e-01 0.000000e+00)
0.206949      	(0.000000e+00 -9.885227e-01 0.000000e+00)
0.206966      	(0.000000e+00 -9.884758e-01 0.000000e+00)
0.206983      	(0.000000e+00 -9.884288e-01 0.000000e+00)
0.207         	(0.000000e+00 -9.883817e-01 0.000000e+00)
0.207017      	(0.000000e+00 -9.883344e-01 0.000000e+00)
0.207034      	(0.000000e+00 -9.882871e-01 0.000000e+00)
0.207051      	(0.000000e+00 -9.882396e-01 0.000000e+00)
0.207068      	(0.000000e+00 -9.881921e-01 0.000000e+00)
0.207085      	(0.000000e+00 -9.881444e-01 0.000000e+00)
0.207102      	(0.000000e+00 -9.880966e-01 0.000000e+00)
0.207119      	(0.000000e+00 -9.880487e-01 0.000000e+00)
0.207136      	(0.000000e+00 -9.880007e-01 0.000000e+00)
0.207153      	(0.000000e+00 -9.879525e-01 0.000000e+00)
0.20717       	(0.000000e+00 -9.879043e-01 0.000000e+00)
0.207187      	(0.000000e+00 -9.878559e-01 0.000000e+00)
0.207204      	(0.000000e+00 -9.878075e-01 0.000000e+00)
0.207221      	(0.000000e+00 -9.877589e-01 0.000000e+00)
0.207238      	(0.000000e+00 -9.877102e-01 0.000000e+00)
0.207255      	(0.000000e+00 -9.876614e-01 0.000000e+00)
0.207272      	(0.000000e+00 -9.876125e-01 0.000000e+00)
0.20729       	(0.000000e+00 -9.875634e-01 0.000000e+00)
0.207307      	(0.000000e+00 -9.875143e-01 0.000000e+00)
0.207324      	(0.000000e+00 -9.874650e-01 0.000000e+00)
0.207341      	(0.000000e+00 -9.874157e-01 0.000000e+00)
0.207358      	(0.000000e+00 -9.873662e-01 0.000000e+00)
0.207375      	(0.000000e+00 -9.873166e-01 0.000000e+00)
0.207392      	(0.000000e+00 -9.872669e-01 0.000000e+00)
0.207409      	(0.000000e+00 -9.872171e-01 0.000000e+00)
0.207426      	(0.000000e+00 -9.871671e-01 0.000000e+00)
0.207443      	(0.000000e+00 -9.871171e-01 0.000000e+00)
0.20746       	(0.000000e+00 -9.870669e-01 0.000000e+00)
0.207477      	(0.000000e+00 -9.870167e-01 0.000000e+00)
0.207494      	(0.000000e+00 -9.869663e-01 0.000000e+00)
0.207511      	(0.000000e+00 -9.869158e-01 0.000000e+00)
0.207528      	(0.000000e+00 -9.868652e-01 0.000000e+00)
0.207545      	(0.000000e+00 -9.868145e-01 0.000000e+00)
0.207562      	(0.000000e+00 -9.867637e-01 0.000000e+00)
0.207579      	(0.000000e+00 -9.867127e-01 0.000000e+00)
0.207596      	(0.000000e+00 -9.866617e-01 0.000000e+00)
0.207613      	(0.000000e+00 -9.866105e-01 0.000000e+00)
0.20763       	(0.000000e+00 -9.865592e-01 0.000000e+00)
0.207648      	(0.000000e+00 -9.865078e-01 0.000000e+00)
0.207665      	(0.000000e+00 -9.864563e-01 0.000000e+00)
0.207682      	(0.000000e+00 -9.864047e-01 0.000000e+00)
0.207699      	(0.000000e+00 -9.863530e-01 0.000000e+00)
0.207716      	(0.000000e+00 -9.863012e-01 0.000000e+00)
0.207733      	(0.000000e+00 -9.862492e-01 0.000000e+00)
0.20775       	(0.000000e+00 -9.861972e-01 0.000000e+00)
0.207767      	(0.000000e+00 -9.861450e-01 0.000000e+00)
0.207784      	(0.000000e+00 -9.860927e-01 0.000000e+00)
0.207801      	(0.000000e+00 -9.860403e-01 0.000000e+00)
0.207818      	(0.000000e+00 -9.859878e-01 0.000000e+00)
0.207835      	(0.000000e+00 -9.859352e-01 0.000000e+00)
0.207852      	(0.000000e+00 -9.858825e-01 0.000000e+00)
0.207869      	(0.000000e+00 -9.858296e-01 0.000000e+00)
0.207886      	(0.000000e+00 -9.857767e-01 0.000000e+00)
0.207903      	(0.000000e+00 -9.857236e-01 0.000000e+00)
0.20792       	(0.000000e+00 -9.856704e-01 0.000000e+00)
0.207937      	(0.000000e+00 -9.856171e-01 0.000000e+00)
0.207954      	(0.000000e+00 -9.855637e-01 0.000000e+00)
0.207971      	(0.000000e+00 -9.855102e-01 0.000000e+00)
0.207988      	(0.000000e+00 -9.854566e-01 0.000000e+00)
0.208006      	(0.000000e+00 -9.854029e-01 0.000000e+00)
0.208023      	(0.000000e+00 -9.853490e-01 0.000000e+00)
0.20804       	(0.000000e+00 -9.852951e-01 0.000000e+00)
0.208057      	(0.000000e+00 -9.852410e-01 0.000000e+00)
0.208074      	(0.000000e+00 -9.851868e-01 0.000000e+00)
0.208091      	(0.000000e+00 -9.851325e-01 0.000000e+00)
0.208108      	(0.000000e+00 -9.850781e-01 0.000000e+00)
0.208125      	(0.000000e+00 -9.850236e-01 0.000000e+00)
0.208142      	(0.000000e+00 -9.849690e-01 0.000000e+00)
0.208159      	(0.000000e+00 -9.849142e-01 0.000000e+00)
0.208176      	(0.000000e+00 -9.848594e-01 0.000000e+00)
0.208193      	(0.000000e+00 -9.848044e-01 0.000000e+00)
0.20821       	(0.000000e+00 -9.847494e-01 0.000000e+00)
0.208227      	(0.000000e+00 -9.846942e-01 0.000000e+00)
0.208244      	(0.000000e+00 -9.846389e-01 0.000000e+00)
0.208261      	(0.000000e+00 -9.845835e-01 0.000000e+00)
0.208278      	(0.000000e+00 -9.845279e-01 0.000000e+00)
0.208295      	(0.000000e+00 -9.844723e-01 0.000000e+00)
0.208312      	(0.000000e+00 -9.844166e-01 0.000000e+00)
0.208329      	(0.000000e+00 -9.843607e-01 0.000000e+00)
0.208346      	(0.000000e+00 -9.843048e-01 0.000000e+00)
0.208363      	(0.000000e+00 -9.842487e-01 0.000000e+00)
0.208381      	(0.000000e+00 -9.841925e-01 0.000000e+00)
0.208398      	(0.000000e+00 -9.841362e-01 0.000000e+00)
0.208415      	(0.000000e+00 -9.840798e-01 0.000000e+00)
0.208432      	(0.000000e+00 -9.840233e-01 0.000000e+00)
0.208449      	(0.000000e+00 -9.839666e-01 0.000000e+00)
0.208466      	(0.000000e+00 -9.839099e-01 0.000000e+00)
0.208483      	(0.000000e+00 -9.838531e-01 0.000000e+00)
0.2085        	(0.000000e+00 -9.837961e-01 0.000000e+00)
0.208517      	(0.000000e+00 -9.837390e-01 0.000000e+00)
0.208534      	(0.000000e+00 -9.836818e-01 0.000000e+00)
0.208551      	(0.000000e+00 -9.836245e-01 0.000000e+00)
0.208568      	(0.000000e+00 -9.835671e-01 0.000000e+00)
0.208585      	(0.000000e+00 -9.835096e-01 0.000000e+00)
0.208602      	(0.000000e+00 -9.834520e-01 0.000000e+00)
0.208619      	(0.000000e+00 -9.833942e-01 0.000000e+00)
0.208636      	(0.000000e+00 -9.833364e-01 0.000000e+00)
0.208653      	(0.000000e+00 -9.832784e-01 0.000000e+00)
0.20867       	(0.000000e+00 -9.832203e-01 0.000000e+00)
0.208687      	(0.000000e+00 -9.831622e-01 0.000000e+00)
0.208704      	(0.000000e+00 -9.831039e-01 0.000000e+00)
0.208721      	(0.000000e+00 -9.830455e-01 0.000000e+00)
0.208739      	(0.000000e+00 -9.829869e-01 0.000000e+00)
0.208756      	(0.000000e+00 -9.829283e-01 0.000000e+00)
0.208773      	(0.000000e+00 -9.828696e-01 0.000000e+00)
0.20879       	(0.000000e+00 -9.828107e-01 0.000000e+00)
0.208807      	(0.000000e+00 -9.827518e-01 0.000000e+00)
0.208824      	(0.000000e+00 -9.826927e-01 0.000000e+00)
0.208841      	(0.000000e+00 -9.826335e-01 0.000000e+00)
0.208858      	(0.000000e+00 -9.825742e-01 0.000000e+00)
0.208875      	(0.000000e+00 -9.825148e-01 0.000000e+00)
0.208892      	(0.000000e+00 -9.824553e-01 0.000000e+00)
0.208909      	(0.000000e+00 -9.823957e-01 0.000000e+00)
0.208926      	(0.000000e+00 -9.823359e-01 0.000000e+00)
0.208943      	(0.000000e+00 -9.822761e-01 0.000000e+00)
0.20896       	(0.000000e+00 -9.822161e-01 0.000000e+00)
0.208977      	(0.000000e+00 -9.821561e-01 0.000000e+00)
0.208994      	(0.000000e+00 -9.820959e-01 0.000000e+00)
0.209011      	(0.000000e+00 -9.820356e-01 0.000000e+00)
0.209028      	(0.000000e+00 -9.819752e-01 0.000000e+00)
0.209045      	(0.000000e+00 -9.819147e-01 0.000000e+00)
0.209062      	(0.000000e+00 -9.818541e-01 0.000000e+00)
0.209079      	(0.000000e+00 -9.817934e-01 0.000000e+00)
0.209097      	(0.000000e+00 -9.817325e-01 0.000000e+00)
0.209114      	(0.000000e+00 -9.816716e-01 0.000000e+00)
0.209131      	(0.000000e+00 -9.816105e-01 0.000000e+00)
0.209148      	(0.000000e+00 -9.815494e-01 0.000000e+00)
0.209165      	(0.000000e+00 -9.814881e-01 0.000000e+00)
0.209182      	(0.000000e+00 -9.814267e-01 0.000000e+00)
0.209199      	(0.000000e+00 -9.813652e-01 0.000000e+00)
0.209216      	(0.000000e+00 -9.813036e-01 0.000000e+00)
0.209233      	(0.000000e+00 -9.812419e-01 0.000000e+00)
0.20925       	(0.000000e+00 -9.811800e-01 0.000000e+00)
0.209267      	(0.000000e+00 -9.811181e-01 0.000000e+00)
0.209284      	(0.000000e+00 -9.810560e-01 0.000000e+00)
0.209301      	(0.000000e+00 -9.809939e-01 0.000000e+00)
0.209318      	(0.000000e+00 -9.809316e-01 0.000000e+00)
0.209335      	(0.000000e+00 -9.808692e-01 0.000000e+00)
0.209352      	(0.000000e+00 -9.808067e-01 0.000000e+00)
0.209369      	(0.000000e+00 -9.807441e-01 0.000000e+00)
0.209386      	(0.000000e+00 -9.806814e-01 0.000000e+00)
0.209403      	(0.000000e+00 -9.806186e-01 0.000000e+00)
0.20942       	(0.000000e+00 -9.805557e-01 0.000000e+00)
0.209437      	(0.000000e+00 -9.804926e-01 0.000000e+00)
0.209454      	(0.000000e+00 -9.804295e-01 0.000000e+00)
0.209472      	(0.000000e+00 -9.803662e-01 0.000000e+00)
0.209489      	(0.000000e+00 -9.803028e-01 0.000000e+00)
0.209506      	(0.000000e+00 -9.802393e-01 0.000000e+00)
0.209523      	(0.000000e+00 -9.801758e-01 0.000000e+00)
