# Selection : patch(wallsGeo)
# Faces  :    6548
# Area   :    1.487874e-04
# Time        	areaAverage(U)
0             	(0.000000e+00 0.000000e+00 0.000000e+00)
0.0001        	(0.000000e+00 0.000000e+00 0.000000e+00)
0.000219277   	(0.000000e+00 0.000000e+00 0.000000e+00)
0.000361027   	(0.000000e+00 0.000000e+00 0.000000e+00)
0.000530132   	(0.000000e+00 0.000000e+00 0.000000e+00)
0.000731618   	(0.000000e+00 0.000000e+00 0.000000e+00)
0.000969269   	(0.000000e+00 0.000000e+00 0.000000e+00)
0.00125148    	(0.000000e+00 0.000000e+00 0.000000e+00)
0.00158796    	(0.000000e+00 0.000000e+00 0.000000e+00)
0.00198853    	(0.000000e+00 0.000000e+00 0.000000e+00)
0.0024598     	(0.000000e+00 0.000000e+00 0.000000e+00)
0.00299838    	(0.000000e+00 0.000000e+00 0.000000e+00)
0.00363489    	(0.000000e+00 0.000000e+00 0.000000e+00)
0.00434213    	(0.000000e+00 0.000000e+00 0.000000e+00)
0.00515039    	(0.000000e+00 0.000000e+00 0.000000e+00)
0.00612032    	(0.000000e+00 0.000000e+00 0.000000e+00)
0.00709024    	(0.000000e+00 0.000000e+00 0.000000e+00)
0.00806016    	(0.000000e+00 0.000000e+00 0.000000e+00)
0.00903008    	(0.000000e+00 0.000000e+00 0.000000e+00)
0.01          	(0.000000e+00 0.000000e+00 0.000000e+00)
0.0111111     	(0.000000e+00 0.000000e+00 0.000000e+00)
0.012381      	(0.000000e+00 0.000000e+00 0.000000e+00)
0.0139048     	(0.000000e+00 0.000000e+00 0.000000e+00)
0.0154286     	(0.000000e+00 0.000000e+00 0.000000e+00)
0.0169524     	(0.000000e+00 0.000000e+00 0.000000e+00)
0.0184762     	(0.000000e+00 0.000000e+00 0.000000e+00)
0.02          	(0.000000e+00 0.000000e+00 0.000000e+00)
0.0216667     	(0.000000e+00 0.000000e+00 0.000000e+00)
0.0233333     	(0.000000e+00 0.000000e+00 0.000000e+00)
0.025         	(0.000000e+00 0.000000e+00 0.000000e+00)
0.0266667     	(0.000000e+00 0.000000e+00 0.000000e+00)
0.0283333     	(0.000000e+00 0.000000e+00 0.000000e+00)
0.03          	(0.000000e+00 0.000000e+00 0.000000e+00)
0.032         	(0.000000e+00 0.000000e+00 0.000000e+00)
0.034         	(0.000000e+00 0.000000e+00 0.000000e+00)
0.036         	(0.000000e+00 0.000000e+00 0.000000e+00)
0.038         	(0.000000e+00 0.000000e+00 0.000000e+00)
0.04          	(0.000000e+00 0.000000e+00 0.000000e+00)
0.042         	(0.000000e+00 0.000000e+00 0.000000e+00)
0.044         	(0.000000e+00 0.000000e+00 0.000000e+00)
0.046         	(0.000000e+00 0.000000e+00 0.000000e+00)
0.048         	(0.000000e+00 0.000000e+00 0.000000e+00)
0.05          	(0.000000e+00 0.000000e+00 0.000000e+00)
0.052         	(0.000000e+00 0.000000e+00 0.000000e+00)
0.0536        	(0.000000e+00 0.000000e+00 0.000000e+00)
0.0552        	(0.000000e+00 0.000000e+00 0.000000e+00)
0.0568        	(0.000000e+00 0.000000e+00 0.000000e+00)
0.0578667     	(0.000000e+00 0.000000e+00 0.000000e+00)
0.0589333     	(0.000000e+00 0.000000e+00 0.000000e+00)
0.06          	(0.000000e+00 0.000000e+00 0.000000e+00)
0.0611111     	(0.000000e+00 0.000000e+00 0.000000e+00)
0.0622222     	(0.000000e+00 0.000000e+00 0.000000e+00)
0.0631944     	(0.000000e+00 0.000000e+00 0.000000e+00)
0.0641667     	(0.000000e+00 0.000000e+00 0.000000e+00)
0.065         	(0.000000e+00 0.000000e+00 0.000000e+00)
0.0658333     	(0.000000e+00 0.000000e+00 0.000000e+00)
0.0666667     	(0.000000e+00 0.000000e+00 0.000000e+00)
0.0673333     	(0.000000e+00 0.000000e+00 0.000000e+00)
0.068         	(0.000000e+00 0.000000e+00 0.000000e+00)
0.0686667     	(0.000000e+00 0.000000e+00 0.000000e+00)
0.0693333     	(0.000000e+00 0.000000e+00 0.000000e+00)
0.07          	(0.000000e+00 0.000000e+00 0.000000e+00)
0.070625      	(0.000000e+00 0.000000e+00 0.000000e+00)
0.07125       	(0.000000e+00 0.000000e+00 0.000000e+00)
0.0718333     	(0.000000e+00 0.000000e+00 0.000000e+00)
0.0724167     	(0.000000e+00 0.000000e+00 0.000000e+00)
0.0729583     	(0.000000e+00 0.000000e+00 0.000000e+00)
0.0735        	(0.000000e+00 0.000000e+00 0.000000e+00)
0.0740417     	(0.000000e+00 0.000000e+00 0.000000e+00)
0.0745382     	(0.000000e+00 0.000000e+00 0.000000e+00)
0.0750347     	(0.000000e+00 0.000000e+00 0.000000e+00)
0.0755313     	(0.000000e+00 0.000000e+00 0.000000e+00)
0.0759781     	(0.000000e+00 0.000000e+00 0.000000e+00)
0.076425      	(0.000000e+00 0.000000e+00 0.000000e+00)
0.0768719     	(0.000000e+00 0.000000e+00 0.000000e+00)
0.0773188     	(0.000000e+00 0.000000e+00 0.000000e+00)
0.0777018     	(0.000000e+00 0.000000e+00 0.000000e+00)
0.0780848     	(0.000000e+00 0.000000e+00 0.000000e+00)
0.0784679     	(0.000000e+00 0.000000e+00 0.000000e+00)
0.0788509     	(0.000000e+00 0.000000e+00 0.000000e+00)
0.0792339     	(0.000000e+00 0.000000e+00 0.000000e+00)
0.079617      	(0.000000e+00 0.000000e+00 0.000000e+00)
0.08          	(0.000000e+00 0.000000e+00 0.000000e+00)
0.0803704     	(0.000000e+00 0.000000e+00 0.000000e+00)
0.0807407     	(0.000000e+00 0.000000e+00 0.000000e+00)
0.0810969     	(0.000000e+00 0.000000e+00 0.000000e+00)
0.081453      	(0.000000e+00 0.000000e+00 0.000000e+00)
0.0817949     	(0.000000e+00 0.000000e+00 0.000000e+00)
0.0821368     	(0.000000e+00 0.000000e+00 0.000000e+00)
0.0824786     	(0.000000e+00 0.000000e+00 0.000000e+00)
0.0828056     	(0.000000e+00 0.000000e+00 0.000000e+00)
0.0831327     	(0.000000e+00 0.000000e+00 0.000000e+00)
0.0834448     	(0.000000e+00 0.000000e+00 0.000000e+00)
0.083757      	(0.000000e+00 0.000000e+00 0.000000e+00)
0.0840691     	(0.000000e+00 0.000000e+00 0.000000e+00)
0.0843813     	(0.000000e+00 0.000000e+00 0.000000e+00)
0.084677      	(0.000000e+00 0.000000e+00 0.000000e+00)
0.0849727     	(0.000000e+00 0.000000e+00 0.000000e+00)
0.0852684     	(0.000000e+00 0.000000e+00 0.000000e+00)
0.0855468     	(0.000000e+00 0.000000e+00 0.000000e+00)
0.0858251     	(0.000000e+00 0.000000e+00 0.000000e+00)
0.0861034     	(0.000000e+00 0.000000e+00 0.000000e+00)
0.0863817     	(0.000000e+00 0.000000e+00 0.000000e+00)
0.0866601     	(0.000000e+00 0.000000e+00 0.000000e+00)
0.086917      	(0.000000e+00 0.000000e+00 0.000000e+00)
0.0871739     	(0.000000e+00 0.000000e+00 0.000000e+00)
0.0874308     	(0.000000e+00 0.000000e+00 0.000000e+00)
0.0876877     	(0.000000e+00 0.000000e+00 0.000000e+00)
0.0879447     	(0.000000e+00 0.000000e+00 0.000000e+00)
0.0882016     	(0.000000e+00 0.000000e+00 0.000000e+00)
0.0884264     	(0.000000e+00 0.000000e+00 0.000000e+00)
0.0886512     	(0.000000e+00 0.000000e+00 0.000000e+00)
0.088876      	(0.000000e+00 0.000000e+00 0.000000e+00)
0.0891008     	(0.000000e+00 0.000000e+00 0.000000e+00)
0.0893256     	(0.000000e+00 0.000000e+00 0.000000e+00)
0.0895504     	(0.000000e+00 0.000000e+00 0.000000e+00)
0.0897752     	(0.000000e+00 0.000000e+00 0.000000e+00)
0.09          	(0.000000e+00 0.000000e+00 0.000000e+00)
0.0902326     	(0.000000e+00 0.000000e+00 0.000000e+00)
0.0904651     	(0.000000e+00 0.000000e+00 0.000000e+00)
0.0906921     	(0.000000e+00 0.000000e+00 0.000000e+00)
0.0909192     	(0.000000e+00 0.000000e+00 0.000000e+00)
0.0911406     	(0.000000e+00 0.000000e+00 0.000000e+00)
0.0913621     	(0.000000e+00 0.000000e+00 0.000000e+00)
0.0915836     	(0.000000e+00 0.000000e+00 0.000000e+00)
0.0917994     	(0.000000e+00 0.000000e+00 0.000000e+00)
0.0920152     	(0.000000e+00 0.000000e+00 0.000000e+00)
0.0922253     	(0.000000e+00 0.000000e+00 0.000000e+00)
0.0924355     	(0.000000e+00 0.000000e+00 0.000000e+00)
0.0926456     	(0.000000e+00 0.000000e+00 0.000000e+00)
0.0928499     	(0.000000e+00 0.000000e+00 0.000000e+00)
0.0930542     	(0.000000e+00 0.000000e+00 0.000000e+00)
0.0932585     	(0.000000e+00 0.000000e+00 0.000000e+00)
0.0934567     	(0.000000e+00 0.000000e+00 0.000000e+00)
0.093655      	(0.000000e+00 0.000000e+00 0.000000e+00)
0.0938533     	(0.000000e+00 0.000000e+00 0.000000e+00)
0.0940454     	(0.000000e+00 0.000000e+00 0.000000e+00)
0.0942375     	(0.000000e+00 0.000000e+00 0.000000e+00)
0.0944296     	(0.000000e+00 0.000000e+00 0.000000e+00)
0.0946216     	(0.000000e+00 0.000000e+00 0.000000e+00)
0.0948071     	(0.000000e+00 0.000000e+00 0.000000e+00)
0.0949926     	(0.000000e+00 0.000000e+00 0.000000e+00)
0.095178      	(0.000000e+00 0.000000e+00 0.000000e+00)
0.0953635     	(0.000000e+00 0.000000e+00 0.000000e+00)
0.0955489     	(0.000000e+00 0.000000e+00 0.000000e+00)
0.095727      	(0.000000e+00 0.000000e+00 0.000000e+00)
0.095905      	(0.000000e+00 0.000000e+00 0.000000e+00)
0.0960831     	(0.000000e+00 0.000000e+00 0.000000e+00)
0.0962611     	(0.000000e+00 0.000000e+00 0.000000e+00)
0.0964392     	(0.000000e+00 0.000000e+00 0.000000e+00)
0.0966087     	(0.000000e+00 0.000000e+00 0.000000e+00)
0.0967783     	(0.000000e+00 0.000000e+00 0.000000e+00)
0.0969478     	(0.000000e+00 0.000000e+00 0.000000e+00)
0.0971174     	(0.000000e+00 0.000000e+00 0.000000e+00)
0.097287      	(0.000000e+00 0.000000e+00 0.000000e+00)
0.0974565     	(0.000000e+00 0.000000e+00 0.000000e+00)
0.0976261     	(0.000000e+00 0.000000e+00 0.000000e+00)
0.0977844     	(0.000000e+00 0.000000e+00 0.000000e+00)
0.0979426     	(0.000000e+00 0.000000e+00 0.000000e+00)
0.0981009     	(0.000000e+00 0.000000e+00 0.000000e+00)
0.0982591     	(0.000000e+00 0.000000e+00 0.000000e+00)
0.0984174     	(0.000000e+00 0.000000e+00 0.000000e+00)
0.0985757     	(0.000000e+00 0.000000e+00 0.000000e+00)
0.0987339     	(0.000000e+00 0.000000e+00 0.000000e+00)
0.0988922     	(0.000000e+00 0.000000e+00 0.000000e+00)
0.0990504     	(0.000000e+00 0.000000e+00 0.000000e+00)
0.0992087     	(0.000000e+00 0.000000e+00 0.000000e+00)
0.0993406     	(0.000000e+00 0.000000e+00 0.000000e+00)
0.0994725     	(0.000000e+00 0.000000e+00 0.000000e+00)
0.0996044     	(0.000000e+00 0.000000e+00 0.000000e+00)
0.0997362     	(0.000000e+00 0.000000e+00 0.000000e+00)
0.0998681     	(0.000000e+00 0.000000e+00 0.000000e+00)
0.1           	(0.000000e+00 0.000000e+00 0.000000e+00)
0.100149      	(0.000000e+00 0.000000e+00 0.000000e+00)
0.100299      	(0.000000e+00 0.000000e+00 0.000000e+00)
0.100448      	(0.000000e+00 0.000000e+00 0.000000e+00)
0.100595      	(0.000000e+00 0.000000e+00 0.000000e+00)
0.100742      	(0.000000e+00 0.000000e+00 0.000000e+00)
0.100886      	(0.000000e+00 0.000000e+00 0.000000e+00)
0.101031      	(0.000000e+00 0.000000e+00 0.000000e+00)
0.101176      	(0.000000e+00 0.000000e+00 0.000000e+00)
0.101318      	(0.000000e+00 0.000000e+00 0.000000e+00)
0.10146       	(0.000000e+00 0.000000e+00 0.000000e+00)
0.1016        	(0.000000e+00 0.000000e+00 0.000000e+00)
0.10174       	(0.000000e+00 0.000000e+00 0.000000e+00)
0.10188       	(0.000000e+00 0.000000e+00 0.000000e+00)
0.102018      	(0.000000e+00 0.000000e+00 0.000000e+00)
0.102156      	(0.000000e+00 0.000000e+00 0.000000e+00)
0.102293      	(0.000000e+00 0.000000e+00 0.000000e+00)
0.102428      	(0.000000e+00 0.000000e+00 0.000000e+00)
0.102564      	(0.000000e+00 0.000000e+00 0.000000e+00)
0.102699      	(0.000000e+00 0.000000e+00 0.000000e+00)
0.102832      	(0.000000e+00 0.000000e+00 0.000000e+00)
0.102964      	(0.000000e+00 0.000000e+00 0.000000e+00)
0.103097      	(0.000000e+00 0.000000e+00 0.000000e+00)
0.103227      	(0.000000e+00 0.000000e+00 0.000000e+00)
0.103358      	(0.000000e+00 0.000000e+00 0.000000e+00)
0.103488      	(0.000000e+00 0.000000e+00 0.000000e+00)
0.103618      	(0.000000e+00 0.000000e+00 0.000000e+00)
0.103746      	(0.000000e+00 0.000000e+00 0.000000e+00)
0.103873      	(0.000000e+00 0.000000e+00 0.000000e+00)
0.104001      	(0.000000e+00 0.000000e+00 0.000000e+00)
0.104126      	(0.000000e+00 0.000000e+00 0.000000e+00)
0.104251      	(0.000000e+00 0.000000e+00 0.000000e+00)
0.104376      	(0.000000e+00 0.000000e+00 0.000000e+00)
0.104501      	(0.000000e+00 0.000000e+00 0.000000e+00)
0.104623      	(0.000000e+00 0.000000e+00 0.000000e+00)
0.104745      	(0.000000e+00 0.000000e+00 0.000000e+00)
0.104867      	(0.000000e+00 0.000000e+00 0.000000e+00)
0.10499       	(0.000000e+00 0.000000e+00 0.000000e+00)
0.105112      	(0.000000e+00 0.000000e+00 0.000000e+00)
0.105231      	(0.000000e+00 0.000000e+00 0.000000e+00)
0.10535       	(0.000000e+00 0.000000e+00 0.000000e+00)
0.10547       	(0.000000e+00 0.000000e+00 0.000000e+00)
0.105589      	(0.000000e+00 0.000000e+00 0.000000e+00)
0.105708      	(0.000000e+00 0.000000e+00 0.000000e+00)
0.105824      	(0.000000e+00 0.000000e+00 0.000000e+00)
0.10594       	(0.000000e+00 0.000000e+00 0.000000e+00)
0.106056      	(0.000000e+00 0.000000e+00 0.000000e+00)
0.106172      	(0.000000e+00 0.000000e+00 0.000000e+00)
0.106288      	(0.000000e+00 0.000000e+00 0.000000e+00)
0.1064        	(0.000000e+00 0.000000e+00 0.000000e+00)
0.106513      	(0.000000e+00 0.000000e+00 0.000000e+00)
0.106625      	(0.000000e+00 0.000000e+00 0.000000e+00)
0.106738      	(0.000000e+00 0.000000e+00 0.000000e+00)
0.10685       	(0.000000e+00 0.000000e+00 0.000000e+00)
0.106963      	(0.000000e+00 0.000000e+00 0.000000e+00)
0.107075      	(0.000000e+00 0.000000e+00 0.000000e+00)
0.107184      	(0.000000e+00 0.000000e+00 0.000000e+00)
0.107292      	(0.000000e+00 0.000000e+00 0.000000e+00)
0.1074        	(0.000000e+00 0.000000e+00 0.000000e+00)
0.107509      	(0.000000e+00 0.000000e+00 0.000000e+00)
0.107617      	(0.000000e+00 0.000000e+00 0.000000e+00)
0.107725      	(0.000000e+00 0.000000e+00 0.000000e+00)
0.107834      	(0.000000e+00 0.000000e+00 0.000000e+00)
0.107942      	(0.000000e+00 0.000000e+00 0.000000e+00)
0.10805       	(0.000000e+00 0.000000e+00 0.000000e+00)
0.108153      	(0.000000e+00 0.000000e+00 0.000000e+00)
0.108255      	(0.000000e+00 0.000000e+00 0.000000e+00)
0.108358      	(0.000000e+00 0.000000e+00 0.000000e+00)
0.108461      	(0.000000e+00 0.000000e+00 0.000000e+00)
0.108563      	(0.000000e+00 0.000000e+00 0.000000e+00)
0.108666      	(0.000000e+00 0.000000e+00 0.000000e+00)
0.108769      	(0.000000e+00 0.000000e+00 0.000000e+00)
0.108871      	(0.000000e+00 0.000000e+00 0.000000e+00)
0.108974      	(0.000000e+00 0.000000e+00 0.000000e+00)
0.109076      	(0.000000e+00 0.000000e+00 0.000000e+00)
0.109179      	(0.000000e+00 0.000000e+00 0.000000e+00)
0.109282      	(0.000000e+00 0.000000e+00 0.000000e+00)
0.109384      	(0.000000e+00 0.000000e+00 0.000000e+00)
0.109472      	(0.000000e+00 0.000000e+00 0.000000e+00)
0.10956       	(0.000000e+00 0.000000e+00 0.000000e+00)
0.109648      	(0.000000e+00 0.000000e+00 0.000000e+00)
0.109736      	(0.000000e+00 0.000000e+00 0.000000e+00)
0.109824      	(0.000000e+00 0.000000e+00 0.000000e+00)
0.109912      	(0.000000e+00 0.000000e+00 0.000000e+00)
0.11          	(0.000000e+00 0.000000e+00 0.000000e+00)
0.110099      	(0.000000e+00 0.000000e+00 0.000000e+00)
0.110198      	(0.000000e+00 0.000000e+00 0.000000e+00)
0.110296      	(0.000000e+00 0.000000e+00 0.000000e+00)
0.110394      	(0.000000e+00 0.000000e+00 0.000000e+00)
0.110491      	(0.000000e+00 0.000000e+00 0.000000e+00)
0.110588      	(0.000000e+00 0.000000e+00 0.000000e+00)
0.110685      	(0.000000e+00 0.000000e+00 0.000000e+00)
0.110781      	(0.000000e+00 0.000000e+00 0.000000e+00)
0.110877      	(0.000000e+00 0.000000e+00 0.000000e+00)
0.110973      	(0.000000e+00 0.000000e+00 0.000000e+00)
0.111068      	(0.000000e+00 0.000000e+00 0.000000e+00)
0.111163      	(0.000000e+00 0.000000e+00 0.000000e+00)
0.111258      	(0.000000e+00 0.000000e+00 0.000000e+00)
0.111352      	(0.000000e+00 0.000000e+00 0.000000e+00)
0.111446      	(0.000000e+00 0.000000e+00 0.000000e+00)
0.11154       	(0.000000e+00 0.000000e+00 0.000000e+00)
0.111633      	(0.000000e+00 0.000000e+00 0.000000e+00)
0.111726      	(0.000000e+00 0.000000e+00 0.000000e+00)
0.111819      	(0.000000e+00 0.000000e+00 0.000000e+00)
0.111911      	(0.000000e+00 0.000000e+00 0.000000e+00)
0.112003      	(0.000000e+00 0.000000e+00 0.000000e+00)
0.112095      	(0.000000e+00 0.000000e+00 0.000000e+00)
0.112186      	(0.000000e+00 0.000000e+00 0.000000e+00)
0.112277      	(0.000000e+00 0.000000e+00 0.000000e+00)
0.112368      	(0.000000e+00 0.000000e+00 0.000000e+00)
0.112457      	(0.000000e+00 0.000000e+00 0.000000e+00)
0.112547      	(0.000000e+00 0.000000e+00 0.000000e+00)
0.112637      	(0.000000e+00 0.000000e+00 0.000000e+00)
0.112727      	(0.000000e+00 0.000000e+00 0.000000e+00)
0.112815      	(0.000000e+00 0.000000e+00 0.000000e+00)
0.112904      	(0.000000e+00 0.000000e+00 0.000000e+00)
0.112993      	(0.000000e+00 0.000000e+00 0.000000e+00)
0.11308       	(0.000000e+00 0.000000e+00 0.000000e+00)
0.113168      	(0.000000e+00 0.000000e+00 0.000000e+00)
0.113256      	(0.000000e+00 0.000000e+00 0.000000e+00)
0.113343      	(0.000000e+00 0.000000e+00 0.000000e+00)
0.11343       	(0.000000e+00 0.000000e+00 0.000000e+00)
0.113516      	(0.000000e+00 0.000000e+00 0.000000e+00)
0.113603      	(0.000000e+00 0.000000e+00 0.000000e+00)
0.113689      	(0.000000e+00 0.000000e+00 0.000000e+00)
0.113774      	(0.000000e+00 0.000000e+00 0.000000e+00)
0.11386       	(0.000000e+00 0.000000e+00 0.000000e+00)
0.113945      	(0.000000e+00 0.000000e+00 0.000000e+00)
0.11403       	(0.000000e+00 0.000000e+00 0.000000e+00)
0.114114      	(0.000000e+00 0.000000e+00 0.000000e+00)
0.114198      	(0.000000e+00 0.000000e+00 0.000000e+00)
0.114282      	(0.000000e+00 0.000000e+00 0.000000e+00)
0.114366      	(0.000000e+00 0.000000e+00 0.000000e+00)
0.114451      	(0.000000e+00 0.000000e+00 0.000000e+00)
0.114533      	(0.000000e+00 0.000000e+00 0.000000e+00)
0.114616      	(0.000000e+00 0.000000e+00 0.000000e+00)
0.114699      	(0.000000e+00 0.000000e+00 0.000000e+00)
0.114782      	(0.000000e+00 0.000000e+00 0.000000e+00)
0.114863      	(0.000000e+00 0.000000e+00 0.000000e+00)
0.114945      	(0.000000e+00 0.000000e+00 0.000000e+00)
0.115026      	(0.000000e+00 0.000000e+00 0.000000e+00)
0.115108      	(0.000000e+00 0.000000e+00 0.000000e+00)
0.115189      	(0.000000e+00 0.000000e+00 0.000000e+00)
0.11527       	(0.000000e+00 0.000000e+00 0.000000e+00)
0.11535       	(0.000000e+00 0.000000e+00 0.000000e+00)
0.11543       	(0.000000e+00 0.000000e+00 0.000000e+00)
0.11551       	(0.000000e+00 0.000000e+00 0.000000e+00)
0.11559       	(0.000000e+00 0.000000e+00 0.000000e+00)
0.115671      	(0.000000e+00 0.000000e+00 0.000000e+00)
0.115749      	(0.000000e+00 0.000000e+00 0.000000e+00)
0.115828      	(0.000000e+00 0.000000e+00 0.000000e+00)
0.115907      	(0.000000e+00 0.000000e+00 0.000000e+00)
0.115985      	(0.000000e+00 0.000000e+00 0.000000e+00)
0.116064      	(0.000000e+00 0.000000e+00 0.000000e+00)
0.116143      	(0.000000e+00 0.000000e+00 0.000000e+00)
0.11622       	(0.000000e+00 0.000000e+00 0.000000e+00)
0.116297      	(0.000000e+00 0.000000e+00 0.000000e+00)
0.116374      	(0.000000e+00 0.000000e+00 0.000000e+00)
0.116451      	(0.000000e+00 0.000000e+00 0.000000e+00)
0.116529      	(0.000000e+00 0.000000e+00 0.000000e+00)
0.116606      	(0.000000e+00 0.000000e+00 0.000000e+00)
0.116683      	(0.000000e+00 0.000000e+00 0.000000e+00)
0.116758      	(0.000000e+00 0.000000e+00 0.000000e+00)
0.116834      	(0.000000e+00 0.000000e+00 0.000000e+00)
0.116909      	(0.000000e+00 0.000000e+00 0.000000e+00)
0.116984      	(0.000000e+00 0.000000e+00 0.000000e+00)
0.11706       	(0.000000e+00 0.000000e+00 0.000000e+00)
0.117135      	(0.000000e+00 0.000000e+00 0.000000e+00)
0.117211      	(0.000000e+00 0.000000e+00 0.000000e+00)
0.117286      	(0.000000e+00 0.000000e+00 0.000000e+00)
0.117361      	(0.000000e+00 0.000000e+00 0.000000e+00)
0.117435      	(0.000000e+00 0.000000e+00 0.000000e+00)
0.117508      	(0.000000e+00 0.000000e+00 0.000000e+00)
0.117581      	(0.000000e+00 0.000000e+00 0.000000e+00)
0.117655      	(0.000000e+00 0.000000e+00 0.000000e+00)
0.117728      	(0.000000e+00 0.000000e+00 0.000000e+00)
0.117801      	(0.000000e+00 0.000000e+00 0.000000e+00)
0.117874      	(0.000000e+00 0.000000e+00 0.000000e+00)
0.117948      	(0.000000e+00 0.000000e+00 0.000000e+00)
0.118021      	(0.000000e+00 0.000000e+00 0.000000e+00)
0.118094      	(0.000000e+00 0.000000e+00 0.000000e+00)
0.118165      	(0.000000e+00 0.000000e+00 0.000000e+00)
0.118235      	(0.000000e+00 0.000000e+00 0.000000e+00)
0.118306      	(0.000000e+00 0.000000e+00 0.000000e+00)
0.118377      	(0.000000e+00 0.000000e+00 0.000000e+00)
0.118447      	(0.000000e+00 0.000000e+00 0.000000e+00)
0.118518      	(0.000000e+00 0.000000e+00 0.000000e+00)
0.118588      	(0.000000e+00 0.000000e+00 0.000000e+00)
0.118659      	(0.000000e+00 0.000000e+00 0.000000e+00)
0.11873       	(0.000000e+00 0.000000e+00 0.000000e+00)
0.1188        	(0.000000e+00 0.000000e+00 0.000000e+00)
0.118871      	(0.000000e+00 0.000000e+00 0.000000e+00)
0.118941      	(0.000000e+00 0.000000e+00 0.000000e+00)
0.119012      	(0.000000e+00 0.000000e+00 0.000000e+00)
0.119082      	(0.000000e+00 0.000000e+00 0.000000e+00)
0.119153      	(0.000000e+00 0.000000e+00 0.000000e+00)
0.119218      	(0.000000e+00 0.000000e+00 0.000000e+00)
0.119283      	(0.000000e+00 0.000000e+00 0.000000e+00)
0.119348      	(0.000000e+00 0.000000e+00 0.000000e+00)
0.119414      	(0.000000e+00 0.000000e+00 0.000000e+00)
0.119479      	(0.000000e+00 0.000000e+00 0.000000e+00)
0.119544      	(0.000000e+00 0.000000e+00 0.000000e+00)
0.119609      	(0.000000e+00 0.000000e+00 0.000000e+00)
0.119674      	(0.000000e+00 0.000000e+00 0.000000e+00)
0.119739      	(0.000000e+00 0.000000e+00 0.000000e+00)
0.119805      	(0.000000e+00 0.000000e+00 0.000000e+00)
0.11987       	(0.000000e+00 0.000000e+00 0.000000e+00)
0.119935      	(0.000000e+00 0.000000e+00 0.000000e+00)
0.12          	(0.000000e+00 0.000000e+00 0.000000e+00)
0.120068      	(0.000000e+00 0.000000e+00 0.000000e+00)
0.120136      	(0.000000e+00 0.000000e+00 0.000000e+00)
0.120204      	(0.000000e+00 0.000000e+00 0.000000e+00)
0.120271      	(0.000000e+00 0.000000e+00 0.000000e+00)
0.120339      	(0.000000e+00 0.000000e+00 0.000000e+00)
0.120406      	(0.000000e+00 0.000000e+00 0.000000e+00)
0.120473      	(0.000000e+00 0.000000e+00 0.000000e+00)
0.12054       	(0.000000e+00 0.000000e+00 0.000000e+00)
0.120607      	(0.000000e+00 0.000000e+00 0.000000e+00)
0.120673      	(0.000000e+00 0.000000e+00 0.000000e+00)
0.12074       	(0.000000e+00 0.000000e+00 0.000000e+00)
0.120806      	(0.000000e+00 0.000000e+00 0.000000e+00)
0.120872      	(0.000000e+00 0.000000e+00 0.000000e+00)
0.120938      	(0.000000e+00 0.000000e+00 0.000000e+00)
0.121004      	(0.000000e+00 0.000000e+00 0.000000e+00)
0.12107       	(0.000000e+00 0.000000e+00 0.000000e+00)
0.121135      	(0.000000e+00 0.000000e+00 0.000000e+00)
0.1212        	(0.000000e+00 0.000000e+00 0.000000e+00)
0.121266      	(0.000000e+00 0.000000e+00 0.000000e+00)
0.121331      	(0.000000e+00 0.000000e+00 0.000000e+00)
0.121396      	(0.000000e+00 0.000000e+00 0.000000e+00)
0.12146       	(0.000000e+00 0.000000e+00 0.000000e+00)
0.121525      	(0.000000e+00 0.000000e+00 0.000000e+00)
0.12159       	(0.000000e+00 0.000000e+00 0.000000e+00)
0.121654      	(0.000000e+00 0.000000e+00 0.000000e+00)
0.121718      	(0.000000e+00 0.000000e+00 0.000000e+00)
0.121782      	(0.000000e+00 0.000000e+00 0.000000e+00)
0.121846      	(0.000000e+00 0.000000e+00 0.000000e+00)
0.12191       	(0.000000e+00 0.000000e+00 0.000000e+00)
0.121973      	(0.000000e+00 0.000000e+00 0.000000e+00)
0.122037      	(0.000000e+00 0.000000e+00 0.000000e+00)
0.1221        	(0.000000e+00 0.000000e+00 0.000000e+00)
0.122163      	(0.000000e+00 0.000000e+00 0.000000e+00)
0.122226      	(0.000000e+00 0.000000e+00 0.000000e+00)
0.122289      	(0.000000e+00 0.000000e+00 0.000000e+00)
0.122352      	(0.000000e+00 0.000000e+00 0.000000e+00)
0.122414      	(0.000000e+00 0.000000e+00 0.000000e+00)
0.122477      	(0.000000e+00 0.000000e+00 0.000000e+00)
0.122539      	(0.000000e+00 0.000000e+00 0.000000e+00)
0.122601      	(0.000000e+00 0.000000e+00 0.000000e+00)
0.122663      	(0.000000e+00 0.000000e+00 0.000000e+00)
0.122726      	(0.000000e+00 0.000000e+00 0.000000e+00)
0.122787      	(0.000000e+00 0.000000e+00 0.000000e+00)
0.122849      	(0.000000e+00 0.000000e+00 0.000000e+00)
0.122911      	(0.000000e+00 0.000000e+00 0.000000e+00)
0.122972      	(0.000000e+00 0.000000e+00 0.000000e+00)
0.123033      	(0.000000e+00 0.000000e+00 0.000000e+00)
0.123094      	(0.000000e+00 0.000000e+00 0.000000e+00)
0.123156      	(0.000000e+00 0.000000e+00 0.000000e+00)
0.123217      	(0.000000e+00 0.000000e+00 0.000000e+00)
0.123277      	(0.000000e+00 0.000000e+00 0.000000e+00)
0.123338      	(0.000000e+00 0.000000e+00 0.000000e+00)
0.123398      	(0.000000e+00 0.000000e+00 0.000000e+00)
0.123459      	(0.000000e+00 0.000000e+00 0.000000e+00)
0.123519      	(0.000000e+00 0.000000e+00 0.000000e+00)
0.123579      	(0.000000e+00 0.000000e+00 0.000000e+00)
0.123639      	(0.000000e+00 0.000000e+00 0.000000e+00)
0.123699      	(0.000000e+00 0.000000e+00 0.000000e+00)
0.123759      	(0.000000e+00 0.000000e+00 0.000000e+00)
0.123818      	(0.000000e+00 0.000000e+00 0.000000e+00)
0.123878      	(0.000000e+00 0.000000e+00 0.000000e+00)
0.123937      	(0.000000e+00 0.000000e+00 0.000000e+00)
0.123997      	(0.000000e+00 0.000000e+00 0.000000e+00)
0.124056      	(0.000000e+00 0.000000e+00 0.000000e+00)
0.124114      	(0.000000e+00 0.000000e+00 0.000000e+00)
0.124173      	(0.000000e+00 0.000000e+00 0.000000e+00)
0.124232      	(0.000000e+00 0.000000e+00 0.000000e+00)
0.124291      	(0.000000e+00 0.000000e+00 0.000000e+00)
0.124349      	(0.000000e+00 0.000000e+00 0.000000e+00)
0.124408      	(0.000000e+00 0.000000e+00 0.000000e+00)
0.124466      	(0.000000e+00 0.000000e+00 0.000000e+00)
0.124524      	(0.000000e+00 0.000000e+00 0.000000e+00)
0.124582      	(0.000000e+00 0.000000e+00 0.000000e+00)
0.12464       	(0.000000e+00 0.000000e+00 0.000000e+00)
0.124698      	(0.000000e+00 0.000000e+00 0.000000e+00)
0.124755      	(0.000000e+00 0.000000e+00 0.000000e+00)
0.124813      	(0.000000e+00 0.000000e+00 0.000000e+00)
0.12487       	(0.000000e+00 0.000000e+00 0.000000e+00)
0.124928      	(0.000000e+00 0.000000e+00 0.000000e+00)
0.124985      	(0.000000e+00 0.000000e+00 0.000000e+00)
0.125042      	(0.000000e+00 0.000000e+00 0.000000e+00)
0.125099      	(0.000000e+00 0.000000e+00 0.000000e+00)
0.125156      	(0.000000e+00 0.000000e+00 0.000000e+00)
0.125213      	(0.000000e+00 0.000000e+00 0.000000e+00)
0.125269      	(0.000000e+00 0.000000e+00 0.000000e+00)
0.125326      	(0.000000e+00 0.000000e+00 0.000000e+00)
0.125382      	(0.000000e+00 0.000000e+00 0.000000e+00)
0.125438      	(0.000000e+00 0.000000e+00 0.000000e+00)
0.125495      	(0.000000e+00 0.000000e+00 0.000000e+00)
0.125551      	(0.000000e+00 0.000000e+00 0.000000e+00)
0.125607      	(0.000000e+00 0.000000e+00 0.000000e+00)
0.125662      	(0.000000e+00 0.000000e+00 0.000000e+00)
0.125718      	(0.000000e+00 0.000000e+00 0.000000e+00)
0.125773      	(0.000000e+00 0.000000e+00 0.000000e+00)
0.125829      	(0.000000e+00 0.000000e+00 0.000000e+00)
0.125885      	(0.000000e+00 0.000000e+00 0.000000e+00)
0.12594       	(0.000000e+00 0.000000e+00 0.000000e+00)
0.125995      	(0.000000e+00 0.000000e+00 0.000000e+00)
0.12605       	(0.000000e+00 0.000000e+00 0.000000e+00)
0.126105      	(0.000000e+00 0.000000e+00 0.000000e+00)
0.12616       	(0.000000e+00 0.000000e+00 0.000000e+00)
0.126215      	(0.000000e+00 0.000000e+00 0.000000e+00)
0.126269      	(0.000000e+00 0.000000e+00 0.000000e+00)
0.126324      	(0.000000e+00 0.000000e+00 0.000000e+00)
0.126378      	(0.000000e+00 0.000000e+00 0.000000e+00)
0.126432      	(0.000000e+00 0.000000e+00 0.000000e+00)
0.126486      	(0.000000e+00 0.000000e+00 0.000000e+00)
0.12654       	(0.000000e+00 0.000000e+00 0.000000e+00)
0.126595      	(0.000000e+00 0.000000e+00 0.000000e+00)
0.126649      	(0.000000e+00 0.000000e+00 0.000000e+00)
0.126703      	(0.000000e+00 0.000000e+00 0.000000e+00)
0.126757      	(0.000000e+00 0.000000e+00 0.000000e+00)
0.12681       	(0.000000e+00 0.000000e+00 0.000000e+00)
0.126863      	(0.000000e+00 0.000000e+00 0.000000e+00)
0.126916      	(0.000000e+00 0.000000e+00 0.000000e+00)
0.126969      	(0.000000e+00 0.000000e+00 0.000000e+00)
0.127023      	(0.000000e+00 0.000000e+00 0.000000e+00)
0.127076      	(0.000000e+00 0.000000e+00 0.000000e+00)
0.127129      	(0.000000e+00 0.000000e+00 0.000000e+00)
0.127182      	(0.000000e+00 0.000000e+00 0.000000e+00)
0.127235      	(0.000000e+00 0.000000e+00 0.000000e+00)
0.127288      	(0.000000e+00 0.000000e+00 0.000000e+00)
0.127341      	(0.000000e+00 0.000000e+00 0.000000e+00)
0.127393      	(0.000000e+00 0.000000e+00 0.000000e+00)
0.127445      	(0.000000e+00 0.000000e+00 0.000000e+00)
0.127497      	(0.000000e+00 0.000000e+00 0.000000e+00)
0.127549      	(0.000000e+00 0.000000e+00 0.000000e+00)
0.127601      	(0.000000e+00 0.000000e+00 0.000000e+00)
0.127653      	(0.000000e+00 0.000000e+00 0.000000e+00)
0.127706      	(0.000000e+00 0.000000e+00 0.000000e+00)
0.127758      	(0.000000e+00 0.000000e+00 0.000000e+00)
0.12781       	(0.000000e+00 0.000000e+00 0.000000e+00)
0.127862      	(0.000000e+00 0.000000e+00 0.000000e+00)
0.127913      	(0.000000e+00 0.000000e+00 0.000000e+00)
0.127964      	(0.000000e+00 0.000000e+00 0.000000e+00)
0.128015      	(0.000000e+00 0.000000e+00 0.000000e+00)
0.128066      	(0.000000e+00 0.000000e+00 0.000000e+00)
0.128117      	(0.000000e+00 0.000000e+00 0.000000e+00)
0.128167      	(0.000000e+00 0.000000e+00 0.000000e+00)
0.128218      	(0.000000e+00 0.000000e+00 0.000000e+00)
0.128269      	(0.000000e+00 0.000000e+00 0.000000e+00)
0.12832       	(0.000000e+00 0.000000e+00 0.000000e+00)
0.128371      	(0.000000e+00 0.000000e+00 0.000000e+00)
0.128422      	(0.000000e+00 0.000000e+00 0.000000e+00)
0.128473      	(0.000000e+00 0.000000e+00 0.000000e+00)
0.128524      	(0.000000e+00 0.000000e+00 0.000000e+00)
0.128575      	(0.000000e+00 0.000000e+00 0.000000e+00)
0.128624      	(0.000000e+00 0.000000e+00 0.000000e+00)
0.128673      	(0.000000e+00 0.000000e+00 0.000000e+00)
0.128722      	(0.000000e+00 0.000000e+00 0.000000e+00)
0.128771      	(0.000000e+00 0.000000e+00 0.000000e+00)
0.12882       	(0.000000e+00 0.000000e+00 0.000000e+00)
0.12887       	(0.000000e+00 0.000000e+00 0.000000e+00)
0.128919      	(0.000000e+00 0.000000e+00 0.000000e+00)
0.128968      	(0.000000e+00 0.000000e+00 0.000000e+00)
0.129017      	(0.000000e+00 0.000000e+00 0.000000e+00)
0.129066      	(0.000000e+00 0.000000e+00 0.000000e+00)
0.129115      	(0.000000e+00 0.000000e+00 0.000000e+00)
0.129164      	(0.000000e+00 0.000000e+00 0.000000e+00)
0.129214      	(0.000000e+00 0.000000e+00 0.000000e+00)
0.129263      	(0.000000e+00 0.000000e+00 0.000000e+00)
0.129312      	(0.000000e+00 0.000000e+00 0.000000e+00)
0.129361      	(0.000000e+00 0.000000e+00 0.000000e+00)
0.12941       	(0.000000e+00 0.000000e+00 0.000000e+00)
0.129459      	(0.000000e+00 0.000000e+00 0.000000e+00)
0.129509      	(0.000000e+00 0.000000e+00 0.000000e+00)
0.129558      	(0.000000e+00 0.000000e+00 0.000000e+00)
0.129607      	(0.000000e+00 0.000000e+00 0.000000e+00)
0.129656      	(0.000000e+00 0.000000e+00 0.000000e+00)
0.129705      	(0.000000e+00 0.000000e+00 0.000000e+00)
0.129747      	(0.000000e+00 0.000000e+00 0.000000e+00)
0.129789      	(0.000000e+00 0.000000e+00 0.000000e+00)
0.129831      	(0.000000e+00 0.000000e+00 0.000000e+00)
0.129874      	(0.000000e+00 0.000000e+00 0.000000e+00)
0.129916      	(0.000000e+00 0.000000e+00 0.000000e+00)
0.129958      	(0.000000e+00 0.000000e+00 0.000000e+00)
0.13          	(0.000000e+00 0.000000e+00 0.000000e+00)
0.130048      	(0.000000e+00 0.000000e+00 0.000000e+00)
0.130097      	(0.000000e+00 0.000000e+00 0.000000e+00)
0.130145      	(0.000000e+00 0.000000e+00 0.000000e+00)
0.130193      	(0.000000e+00 0.000000e+00 0.000000e+00)
0.130241      	(0.000000e+00 0.000000e+00 0.000000e+00)
0.130289      	(0.000000e+00 0.000000e+00 0.000000e+00)
0.130337      	(0.000000e+00 0.000000e+00 0.000000e+00)
0.130385      	(0.000000e+00 0.000000e+00 0.000000e+00)
0.130433      	(0.000000e+00 0.000000e+00 0.000000e+00)
0.130481      	(0.000000e+00 0.000000e+00 0.000000e+00)
0.130528      	(0.000000e+00 0.000000e+00 0.000000e+00)
0.130576      	(0.000000e+00 0.000000e+00 0.000000e+00)
0.130624      	(0.000000e+00 0.000000e+00 0.000000e+00)
0.130671      	(0.000000e+00 0.000000e+00 0.000000e+00)
0.130718      	(0.000000e+00 0.000000e+00 0.000000e+00)
0.130766      	(0.000000e+00 0.000000e+00 0.000000e+00)
0.130813      	(0.000000e+00 0.000000e+00 0.000000e+00)
0.13086       	(0.000000e+00 0.000000e+00 0.000000e+00)
0.130907      	(0.000000e+00 0.000000e+00 0.000000e+00)
0.130955      	(0.000000e+00 0.000000e+00 0.000000e+00)
0.131001      	(0.000000e+00 0.000000e+00 0.000000e+00)
0.131048      	(0.000000e+00 0.000000e+00 0.000000e+00)
0.131095      	(0.000000e+00 0.000000e+00 0.000000e+00)
0.131142      	(0.000000e+00 0.000000e+00 0.000000e+00)
0.131189      	(0.000000e+00 0.000000e+00 0.000000e+00)
0.131235      	(0.000000e+00 0.000000e+00 0.000000e+00)
0.131282      	(0.000000e+00 0.000000e+00 0.000000e+00)
0.131328      	(0.000000e+00 0.000000e+00 0.000000e+00)
0.131375      	(0.000000e+00 0.000000e+00 0.000000e+00)
0.131421      	(0.000000e+00 0.000000e+00 0.000000e+00)
0.131467      	(0.000000e+00 0.000000e+00 0.000000e+00)
0.131513      	(0.000000e+00 0.000000e+00 0.000000e+00)
0.13156       	(0.000000e+00 0.000000e+00 0.000000e+00)
0.131606      	(0.000000e+00 0.000000e+00 0.000000e+00)
0.131652      	(0.000000e+00 0.000000e+00 0.000000e+00)
0.131698      	(0.000000e+00 0.000000e+00 0.000000e+00)
0.131744      	(0.000000e+00 0.000000e+00 0.000000e+00)
0.131789      	(0.000000e+00 0.000000e+00 0.000000e+00)
0.131835      	(0.000000e+00 0.000000e+00 0.000000e+00)
0.131881      	(0.000000e+00 0.000000e+00 0.000000e+00)
0.131927      	(0.000000e+00 0.000000e+00 0.000000e+00)
0.131972      	(0.000000e+00 0.000000e+00 0.000000e+00)
0.132018      	(0.000000e+00 0.000000e+00 0.000000e+00)
0.132063      	(0.000000e+00 0.000000e+00 0.000000e+00)
0.132108      	(0.000000e+00 0.000000e+00 0.000000e+00)
0.132154      	(0.000000e+00 0.000000e+00 0.000000e+00)
0.132199      	(0.000000e+00 0.000000e+00 0.000000e+00)
0.132244      	(0.000000e+00 0.000000e+00 0.000000e+00)
0.132289      	(0.000000e+00 0.000000e+00 0.000000e+00)
0.132334      	(0.000000e+00 0.000000e+00 0.000000e+00)
0.13238       	(0.000000e+00 0.000000e+00 0.000000e+00)
0.132424      	(0.000000e+00 0.000000e+00 0.000000e+00)
0.132469      	(0.000000e+00 0.000000e+00 0.000000e+00)
0.132514      	(0.000000e+00 0.000000e+00 0.000000e+00)
0.132559      	(0.000000e+00 0.000000e+00 0.000000e+00)
0.132603      	(0.000000e+00 0.000000e+00 0.000000e+00)
0.132648      	(0.000000e+00 0.000000e+00 0.000000e+00)
0.132693      	(0.000000e+00 0.000000e+00 0.000000e+00)
0.132737      	(0.000000e+00 0.000000e+00 0.000000e+00)
0.132782      	(0.000000e+00 0.000000e+00 0.000000e+00)
0.132826      	(0.000000e+00 0.000000e+00 0.000000e+00)
0.13287       	(0.000000e+00 0.000000e+00 0.000000e+00)
0.132914      	(0.000000e+00 0.000000e+00 0.000000e+00)
0.132959      	(0.000000e+00 0.000000e+00 0.000000e+00)
0.133003      	(0.000000e+00 0.000000e+00 0.000000e+00)
0.133047      	(0.000000e+00 0.000000e+00 0.000000e+00)
0.133091      	(0.000000e+00 0.000000e+00 0.000000e+00)
0.133135      	(0.000000e+00 0.000000e+00 0.000000e+00)
0.133179      	(0.000000e+00 0.000000e+00 0.000000e+00)
0.133223      	(0.000000e+00 0.000000e+00 0.000000e+00)
0.133266      	(0.000000e+00 0.000000e+00 0.000000e+00)
0.13331       	(0.000000e+00 0.000000e+00 0.000000e+00)
0.133354      	(0.000000e+00 0.000000e+00 0.000000e+00)
0.133397      	(0.000000e+00 0.000000e+00 0.000000e+00)
0.133441      	(0.000000e+00 0.000000e+00 0.000000e+00)
0.133484      	(0.000000e+00 0.000000e+00 0.000000e+00)
0.133528      	(0.000000e+00 0.000000e+00 0.000000e+00)
0.133571      	(0.000000e+00 0.000000e+00 0.000000e+00)
0.133615      	(0.000000e+00 0.000000e+00 0.000000e+00)
0.133658      	(0.000000e+00 0.000000e+00 0.000000e+00)
0.133701      	(0.000000e+00 0.000000e+00 0.000000e+00)
0.133744      	(0.000000e+00 0.000000e+00 0.000000e+00)
0.133787      	(0.000000e+00 0.000000e+00 0.000000e+00)
0.13383       	(0.000000e+00 0.000000e+00 0.000000e+00)
0.133873      	(0.000000e+00 0.000000e+00 0.000000e+00)
0.133916      	(0.000000e+00 0.000000e+00 0.000000e+00)
0.133959      	(0.000000e+00 0.000000e+00 0.000000e+00)
0.134002      	(0.000000e+00 0.000000e+00 0.000000e+00)
0.134045      	(0.000000e+00 0.000000e+00 0.000000e+00)
0.134087      	(0.000000e+00 0.000000e+00 0.000000e+00)
0.13413       	(0.000000e+00 0.000000e+00 0.000000e+00)
0.134172      	(0.000000e+00 0.000000e+00 0.000000e+00)
0.134215      	(0.000000e+00 0.000000e+00 0.000000e+00)
0.134257      	(0.000000e+00 0.000000e+00 0.000000e+00)
0.1343        	(0.000000e+00 0.000000e+00 0.000000e+00)
0.134342      	(0.000000e+00 0.000000e+00 0.000000e+00)
0.134384      	(0.000000e+00 0.000000e+00 0.000000e+00)
0.134426      	(0.000000e+00 0.000000e+00 0.000000e+00)
0.134469      	(0.000000e+00 0.000000e+00 0.000000e+00)
0.134511      	(0.000000e+00 0.000000e+00 0.000000e+00)
0.134553      	(0.000000e+00 0.000000e+00 0.000000e+00)
0.134595      	(0.000000e+00 0.000000e+00 0.000000e+00)
0.134637      	(0.000000e+00 0.000000e+00 0.000000e+00)
0.134679      	(0.000000e+00 0.000000e+00 0.000000e+00)
0.134721      	(0.000000e+00 0.000000e+00 0.000000e+00)
0.134763      	(0.000000e+00 0.000000e+00 0.000000e+00)
0.134805      	(0.000000e+00 0.000000e+00 0.000000e+00)
0.134846      	(0.000000e+00 0.000000e+00 0.000000e+00)
0.134888      	(0.000000e+00 0.000000e+00 0.000000e+00)
0.134929      	(0.000000e+00 0.000000e+00 0.000000e+00)
0.134971      	(0.000000e+00 0.000000e+00 0.000000e+00)
0.135012      	(0.000000e+00 0.000000e+00 0.000000e+00)
0.135054      	(0.000000e+00 0.000000e+00 0.000000e+00)
0.135095      	(0.000000e+00 0.000000e+00 0.000000e+00)
0.135136      	(0.000000e+00 0.000000e+00 0.000000e+00)
0.135178      	(0.000000e+00 0.000000e+00 0.000000e+00)
0.135219      	(0.000000e+00 0.000000e+00 0.000000e+00)
0.13526       	(0.000000e+00 0.000000e+00 0.000000e+00)
0.135301      	(0.000000e+00 0.000000e+00 0.000000e+00)
0.135342      	(0.000000e+00 0.000000e+00 0.000000e+00)
0.135383      	(0.000000e+00 0.000000e+00 0.000000e+00)
0.135424      	(0.000000e+00 0.000000e+00 0.000000e+00)
0.135465      	(0.000000e+00 0.000000e+00 0.000000e+00)
0.135506      	(0.000000e+00 0.000000e+00 0.000000e+00)
0.135547      	(0.000000e+00 0.000000e+00 0.000000e+00)
0.135588      	(0.000000e+00 0.000000e+00 0.000000e+00)
0.135628      	(0.000000e+00 0.000000e+00 0.000000e+00)
0.135669      	(0.000000e+00 0.000000e+00 0.000000e+00)
0.13571       	(0.000000e+00 0.000000e+00 0.000000e+00)
0.13575       	(0.000000e+00 0.000000e+00 0.000000e+00)
0.135791      	(0.000000e+00 0.000000e+00 0.000000e+00)
0.135831      	(0.000000e+00 0.000000e+00 0.000000e+00)
0.135872      	(0.000000e+00 0.000000e+00 0.000000e+00)
0.135912      	(0.000000e+00 0.000000e+00 0.000000e+00)
0.135953      	(0.000000e+00 0.000000e+00 0.000000e+00)
0.135993      	(0.000000e+00 0.000000e+00 0.000000e+00)
0.136033      	(0.000000e+00 0.000000e+00 0.000000e+00)
0.136073      	(0.000000e+00 0.000000e+00 0.000000e+00)
0.136113      	(0.000000e+00 0.000000e+00 0.000000e+00)
0.136153      	(0.000000e+00 0.000000e+00 0.000000e+00)
0.136193      	(0.000000e+00 0.000000e+00 0.000000e+00)
0.136233      	(0.000000e+00 0.000000e+00 0.000000e+00)
0.136273      	(0.000000e+00 0.000000e+00 0.000000e+00)
0.136313      	(0.000000e+00 0.000000e+00 0.000000e+00)
0.136353      	(0.000000e+00 0.000000e+00 0.000000e+00)
0.136393      	(0.000000e+00 0.000000e+00 0.000000e+00)
0.136432      	(0.000000e+00 0.000000e+00 0.000000e+00)
0.136472      	(0.000000e+00 0.000000e+00 0.000000e+00)
0.136511      	(0.000000e+00 0.000000e+00 0.000000e+00)
0.136551      	(0.000000e+00 0.000000e+00 0.000000e+00)
0.136591      	(0.000000e+00 0.000000e+00 0.000000e+00)
0.13663       	(0.000000e+00 0.000000e+00 0.000000e+00)
0.13667       	(0.000000e+00 0.000000e+00 0.000000e+00)
0.136709      	(0.000000e+00 0.000000e+00 0.000000e+00)
0.136748      	(0.000000e+00 0.000000e+00 0.000000e+00)
0.136788      	(0.000000e+00 0.000000e+00 0.000000e+00)
0.136827      	(0.000000e+00 0.000000e+00 0.000000e+00)
0.136866      	(0.000000e+00 0.000000e+00 0.000000e+00)
0.136905      	(0.000000e+00 0.000000e+00 0.000000e+00)
0.136944      	(0.000000e+00 0.000000e+00 0.000000e+00)
0.136983      	(0.000000e+00 0.000000e+00 0.000000e+00)
0.137023      	(0.000000e+00 0.000000e+00 0.000000e+00)
0.137062      	(0.000000e+00 0.000000e+00 0.000000e+00)
0.137101      	(0.000000e+00 0.000000e+00 0.000000e+00)
0.13714       	(0.000000e+00 0.000000e+00 0.000000e+00)
0.137178      	(0.000000e+00 0.000000e+00 0.000000e+00)
0.137217      	(0.000000e+00 0.000000e+00 0.000000e+00)
0.137256      	(0.000000e+00 0.000000e+00 0.000000e+00)
0.137294      	(0.000000e+00 0.000000e+00 0.000000e+00)
0.137333      	(0.000000e+00 0.000000e+00 0.000000e+00)
0.137372      	(0.000000e+00 0.000000e+00 0.000000e+00)
0.13741       	(0.000000e+00 0.000000e+00 0.000000e+00)
0.137449      	(0.000000e+00 0.000000e+00 0.000000e+00)
0.137488      	(0.000000e+00 0.000000e+00 0.000000e+00)
0.137526      	(0.000000e+00 0.000000e+00 0.000000e+00)
0.137565      	(0.000000e+00 0.000000e+00 0.000000e+00)
0.137603      	(0.000000e+00 0.000000e+00 0.000000e+00)
0.137641      	(0.000000e+00 0.000000e+00 0.000000e+00)
0.137679      	(0.000000e+00 0.000000e+00 0.000000e+00)
0.137717      	(0.000000e+00 0.000000e+00 0.000000e+00)
0.137755      	(0.000000e+00 0.000000e+00 0.000000e+00)
0.137793      	(0.000000e+00 0.000000e+00 0.000000e+00)
0.137831      	(0.000000e+00 0.000000e+00 0.000000e+00)
0.137869      	(0.000000e+00 0.000000e+00 0.000000e+00)
0.137907      	(0.000000e+00 0.000000e+00 0.000000e+00)
0.137945      	(0.000000e+00 0.000000e+00 0.000000e+00)
0.137983      	(0.000000e+00 0.000000e+00 0.000000e+00)
0.138021      	(0.000000e+00 0.000000e+00 0.000000e+00)
0.138059      	(0.000000e+00 0.000000e+00 0.000000e+00)
0.138098      	(0.000000e+00 0.000000e+00 0.000000e+00)
0.138136      	(0.000000e+00 0.000000e+00 0.000000e+00)
0.138173      	(0.000000e+00 0.000000e+00 0.000000e+00)
0.13821       	(0.000000e+00 0.000000e+00 0.000000e+00)
0.138247      	(0.000000e+00 0.000000e+00 0.000000e+00)
0.138285      	(0.000000e+00 0.000000e+00 0.000000e+00)
0.138322      	(0.000000e+00 0.000000e+00 0.000000e+00)
0.138359      	(0.000000e+00 0.000000e+00 0.000000e+00)
0.138397      	(0.000000e+00 0.000000e+00 0.000000e+00)
0.138434      	(0.000000e+00 0.000000e+00 0.000000e+00)
0.138471      	(0.000000e+00 0.000000e+00 0.000000e+00)
0.138508      	(0.000000e+00 0.000000e+00 0.000000e+00)
0.138546      	(0.000000e+00 0.000000e+00 0.000000e+00)
0.138583      	(0.000000e+00 0.000000e+00 0.000000e+00)
0.13862       	(0.000000e+00 0.000000e+00 0.000000e+00)
0.138658      	(0.000000e+00 0.000000e+00 0.000000e+00)
0.138695      	(0.000000e+00 0.000000e+00 0.000000e+00)
0.138732      	(0.000000e+00 0.000000e+00 0.000000e+00)
0.138769      	(0.000000e+00 0.000000e+00 0.000000e+00)
0.138807      	(0.000000e+00 0.000000e+00 0.000000e+00)
0.138844      	(0.000000e+00 0.000000e+00 0.000000e+00)
0.13888       	(0.000000e+00 0.000000e+00 0.000000e+00)
0.138916      	(0.000000e+00 0.000000e+00 0.000000e+00)
0.138952      	(0.000000e+00 0.000000e+00 0.000000e+00)
0.138989      	(0.000000e+00 0.000000e+00 0.000000e+00)
0.139025      	(0.000000e+00 0.000000e+00 0.000000e+00)
0.139061      	(0.000000e+00 0.000000e+00 0.000000e+00)
0.139097      	(0.000000e+00 0.000000e+00 0.000000e+00)
0.139133      	(0.000000e+00 0.000000e+00 0.000000e+00)
0.139169      	(0.000000e+00 0.000000e+00 0.000000e+00)
0.139205      	(0.000000e+00 0.000000e+00 0.000000e+00)
0.139241      	(0.000000e+00 0.000000e+00 0.000000e+00)
0.139278      	(0.000000e+00 0.000000e+00 0.000000e+00)
0.139314      	(0.000000e+00 0.000000e+00 0.000000e+00)
0.13935       	(0.000000e+00 0.000000e+00 0.000000e+00)
0.139386      	(0.000000e+00 0.000000e+00 0.000000e+00)
0.139422      	(0.000000e+00 0.000000e+00 0.000000e+00)
0.139458      	(0.000000e+00 0.000000e+00 0.000000e+00)
0.139494      	(0.000000e+00 0.000000e+00 0.000000e+00)
0.13953       	(0.000000e+00 0.000000e+00 0.000000e+00)
0.139567      	(0.000000e+00 0.000000e+00 0.000000e+00)
0.139603      	(0.000000e+00 0.000000e+00 0.000000e+00)
0.139639      	(0.000000e+00 0.000000e+00 0.000000e+00)
0.139675      	(0.000000e+00 0.000000e+00 0.000000e+00)
0.139711      	(0.000000e+00 0.000000e+00 0.000000e+00)
0.139747      	(0.000000e+00 0.000000e+00 0.000000e+00)
0.139783      	(0.000000e+00 0.000000e+00 0.000000e+00)
0.139819      	(0.000000e+00 0.000000e+00 0.000000e+00)
0.139856      	(0.000000e+00 0.000000e+00 0.000000e+00)
0.139892      	(0.000000e+00 0.000000e+00 0.000000e+00)
0.139928      	(0.000000e+00 0.000000e+00 0.000000e+00)
0.139964      	(0.000000e+00 0.000000e+00 0.000000e+00)
0.14          	(0.000000e+00 0.000000e+00 0.000000e+00)
0.140036      	(0.000000e+00 0.000000e+00 0.000000e+00)
0.140072      	(0.000000e+00 0.000000e+00 0.000000e+00)
0.140108      	(0.000000e+00 0.000000e+00 0.000000e+00)
0.140144      	(0.000000e+00 0.000000e+00 0.000000e+00)
0.14018       	(0.000000e+00 0.000000e+00 0.000000e+00)
0.140216      	(0.000000e+00 0.000000e+00 0.000000e+00)
0.140252      	(0.000000e+00 0.000000e+00 0.000000e+00)
0.140288      	(0.000000e+00 0.000000e+00 0.000000e+00)
0.140323      	(0.000000e+00 0.000000e+00 0.000000e+00)
0.140359      	(0.000000e+00 0.000000e+00 0.000000e+00)
0.140395      	(0.000000e+00 0.000000e+00 0.000000e+00)
0.14043       	(0.000000e+00 0.000000e+00 0.000000e+00)
0.140466      	(0.000000e+00 0.000000e+00 0.000000e+00)
0.140501      	(0.000000e+00 0.000000e+00 0.000000e+00)
0.140537      	(0.000000e+00 0.000000e+00 0.000000e+00)
0.140573      	(0.000000e+00 0.000000e+00 0.000000e+00)
0.140608      	(0.000000e+00 0.000000e+00 0.000000e+00)
0.140644      	(0.000000e+00 0.000000e+00 0.000000e+00)
0.140679      	(0.000000e+00 0.000000e+00 0.000000e+00)
0.140714      	(0.000000e+00 0.000000e+00 0.000000e+00)
0.14075       	(0.000000e+00 0.000000e+00 0.000000e+00)
0.140785      	(0.000000e+00 0.000000e+00 0.000000e+00)
0.14082       	(0.000000e+00 0.000000e+00 0.000000e+00)
0.140856      	(0.000000e+00 0.000000e+00 0.000000e+00)
0.140891      	(0.000000e+00 0.000000e+00 0.000000e+00)
0.140926      	(0.000000e+00 0.000000e+00 0.000000e+00)
0.140961      	(0.000000e+00 0.000000e+00 0.000000e+00)
0.140996      	(0.000000e+00 0.000000e+00 0.000000e+00)
0.141031      	(0.000000e+00 0.000000e+00 0.000000e+00)
0.141066      	(0.000000e+00 0.000000e+00 0.000000e+00)
0.141101      	(0.000000e+00 0.000000e+00 0.000000e+00)
0.141136      	(0.000000e+00 0.000000e+00 0.000000e+00)
0.141171      	(0.000000e+00 0.000000e+00 0.000000e+00)
0.141206      	(0.000000e+00 0.000000e+00 0.000000e+00)
0.141241      	(0.000000e+00 0.000000e+00 0.000000e+00)
0.141276      	(0.000000e+00 0.000000e+00 0.000000e+00)
0.141311      	(0.000000e+00 0.000000e+00 0.000000e+00)
0.141346      	(0.000000e+00 0.000000e+00 0.000000e+00)
0.141381      	(0.000000e+00 0.000000e+00 0.000000e+00)
0.141415      	(0.000000e+00 0.000000e+00 0.000000e+00)
0.14145       	(0.000000e+00 0.000000e+00 0.000000e+00)
0.141485      	(0.000000e+00 0.000000e+00 0.000000e+00)
0.141519      	(0.000000e+00 0.000000e+00 0.000000e+00)
0.141554      	(0.000000e+00 0.000000e+00 0.000000e+00)
0.141589      	(0.000000e+00 0.000000e+00 0.000000e+00)
0.141623      	(0.000000e+00 0.000000e+00 0.000000e+00)
0.141658      	(0.000000e+00 0.000000e+00 0.000000e+00)
0.141692      	(0.000000e+00 0.000000e+00 0.000000e+00)
0.141727      	(0.000000e+00 0.000000e+00 0.000000e+00)
0.141761      	(0.000000e+00 0.000000e+00 0.000000e+00)
0.141795      	(0.000000e+00 0.000000e+00 0.000000e+00)
0.14183       	(0.000000e+00 0.000000e+00 0.000000e+00)
0.141864      	(0.000000e+00 0.000000e+00 0.000000e+00)
0.141898      	(0.000000e+00 0.000000e+00 0.000000e+00)
0.141933      	(0.000000e+00 0.000000e+00 0.000000e+00)
0.141967      	(0.000000e+00 0.000000e+00 0.000000e+00)
0.142001      	(0.000000e+00 0.000000e+00 0.000000e+00)
0.142035      	(0.000000e+00 0.000000e+00 0.000000e+00)
0.142069      	(0.000000e+00 0.000000e+00 0.000000e+00)
0.142104      	(0.000000e+00 0.000000e+00 0.000000e+00)
0.142138      	(0.000000e+00 0.000000e+00 0.000000e+00)
0.142172      	(0.000000e+00 0.000000e+00 0.000000e+00)
0.142206      	(0.000000e+00 0.000000e+00 0.000000e+00)
0.14224       	(0.000000e+00 0.000000e+00 0.000000e+00)
0.142274      	(0.000000e+00 0.000000e+00 0.000000e+00)
0.142308      	(0.000000e+00 0.000000e+00 0.000000e+00)
0.142342      	(0.000000e+00 0.000000e+00 0.000000e+00)
0.142375      	(0.000000e+00 0.000000e+00 0.000000e+00)
0.142409      	(0.000000e+00 0.000000e+00 0.000000e+00)
0.142443      	(0.000000e+00 0.000000e+00 0.000000e+00)
0.142477      	(0.000000e+00 0.000000e+00 0.000000e+00)
0.142511      	(0.000000e+00 0.000000e+00 0.000000e+00)
0.142544      	(0.000000e+00 0.000000e+00 0.000000e+00)
0.142578      	(0.000000e+00 0.000000e+00 0.000000e+00)
0.142612      	(0.000000e+00 0.000000e+00 0.000000e+00)
0.142645      	(0.000000e+00 0.000000e+00 0.000000e+00)
0.142679      	(0.000000e+00 0.000000e+00 0.000000e+00)
0.142713      	(0.000000e+00 0.000000e+00 0.000000e+00)
0.142746      	(0.000000e+00 0.000000e+00 0.000000e+00)
0.14278       	(0.000000e+00 0.000000e+00 0.000000e+00)
0.142813      	(0.000000e+00 0.000000e+00 0.000000e+00)
0.142847      	(0.000000e+00 0.000000e+00 0.000000e+00)
0.14288       	(0.000000e+00 0.000000e+00 0.000000e+00)
0.142914      	(0.000000e+00 0.000000e+00 0.000000e+00)
0.142947      	(0.000000e+00 0.000000e+00 0.000000e+00)
0.14298       	(0.000000e+00 0.000000e+00 0.000000e+00)
0.143014      	(0.000000e+00 0.000000e+00 0.000000e+00)
0.143047      	(0.000000e+00 0.000000e+00 0.000000e+00)
0.14308       	(0.000000e+00 0.000000e+00 0.000000e+00)
0.143113      	(0.000000e+00 0.000000e+00 0.000000e+00)
0.143147      	(0.000000e+00 0.000000e+00 0.000000e+00)
0.14318       	(0.000000e+00 0.000000e+00 0.000000e+00)
0.143213      	(0.000000e+00 0.000000e+00 0.000000e+00)
0.143246      	(0.000000e+00 0.000000e+00 0.000000e+00)
0.143279      	(0.000000e+00 0.000000e+00 0.000000e+00)
0.143312      	(0.000000e+00 0.000000e+00 0.000000e+00)
0.143345      	(0.000000e+00 0.000000e+00 0.000000e+00)
0.143378      	(0.000000e+00 0.000000e+00 0.000000e+00)
0.143411      	(0.000000e+00 0.000000e+00 0.000000e+00)
0.143444      	(0.000000e+00 0.000000e+00 0.000000e+00)
0.143477      	(0.000000e+00 0.000000e+00 0.000000e+00)
0.14351       	(0.000000e+00 0.000000e+00 0.000000e+00)
0.143543      	(0.000000e+00 0.000000e+00 0.000000e+00)
0.143576      	(0.000000e+00 0.000000e+00 0.000000e+00)
0.143609      	(0.000000e+00 0.000000e+00 0.000000e+00)
0.143641      	(0.000000e+00 0.000000e+00 0.000000e+00)
0.143674      	(0.000000e+00 0.000000e+00 0.000000e+00)
0.143707      	(0.000000e+00 0.000000e+00 0.000000e+00)
0.14374       	(0.000000e+00 0.000000e+00 0.000000e+00)
0.143772      	(0.000000e+00 0.000000e+00 0.000000e+00)
0.143805      	(0.000000e+00 0.000000e+00 0.000000e+00)
0.143838      	(0.000000e+00 0.000000e+00 0.000000e+00)
0.14387       	(0.000000e+00 0.000000e+00 0.000000e+00)
0.143903      	(0.000000e+00 0.000000e+00 0.000000e+00)
0.143935      	(0.000000e+00 0.000000e+00 0.000000e+00)
0.143968      	(0.000000e+00 0.000000e+00 0.000000e+00)
0.144         	(0.000000e+00 0.000000e+00 0.000000e+00)
0.144033      	(0.000000e+00 0.000000e+00 0.000000e+00)
0.144065      	(0.000000e+00 0.000000e+00 0.000000e+00)
0.144098      	(0.000000e+00 0.000000e+00 0.000000e+00)
0.14413       	(0.000000e+00 0.000000e+00 0.000000e+00)
0.144163      	(0.000000e+00 0.000000e+00 0.000000e+00)
0.144195      	(0.000000e+00 0.000000e+00 0.000000e+00)
0.144227      	(0.000000e+00 0.000000e+00 0.000000e+00)
0.144259      	(0.000000e+00 0.000000e+00 0.000000e+00)
0.144292      	(0.000000e+00 0.000000e+00 0.000000e+00)
0.144324      	(0.000000e+00 0.000000e+00 0.000000e+00)
0.144356      	(0.000000e+00 0.000000e+00 0.000000e+00)
0.144388      	(0.000000e+00 0.000000e+00 0.000000e+00)
0.14442       	(0.000000e+00 0.000000e+00 0.000000e+00)
0.144452      	(0.000000e+00 0.000000e+00 0.000000e+00)
0.144484      	(0.000000e+00 0.000000e+00 0.000000e+00)
0.144517      	(0.000000e+00 0.000000e+00 0.000000e+00)
0.144549      	(0.000000e+00 0.000000e+00 0.000000e+00)
0.144581      	(0.000000e+00 0.000000e+00 0.000000e+00)
0.144613      	(0.000000e+00 0.000000e+00 0.000000e+00)
0.144645      	(0.000000e+00 0.000000e+00 0.000000e+00)
0.144677      	(0.000000e+00 0.000000e+00 0.000000e+00)
0.144709      	(0.000000e+00 0.000000e+00 0.000000e+00)
0.14474       	(0.000000e+00 0.000000e+00 0.000000e+00)
0.144772      	(0.000000e+00 0.000000e+00 0.000000e+00)
0.144804      	(0.000000e+00 0.000000e+00 0.000000e+00)
0.144836      	(0.000000e+00 0.000000e+00 0.000000e+00)
0.144868      	(0.000000e+00 0.000000e+00 0.000000e+00)
0.1449        	(0.000000e+00 0.000000e+00 0.000000e+00)
0.144931      	(0.000000e+00 0.000000e+00 0.000000e+00)
0.144963      	(0.000000e+00 0.000000e+00 0.000000e+00)
0.144995      	(0.000000e+00 0.000000e+00 0.000000e+00)
0.145026      	(0.000000e+00 0.000000e+00 0.000000e+00)
0.145058      	(0.000000e+00 0.000000e+00 0.000000e+00)
0.14509       	(0.000000e+00 0.000000e+00 0.000000e+00)
0.145121      	(0.000000e+00 0.000000e+00 0.000000e+00)
0.145153      	(0.000000e+00 0.000000e+00 0.000000e+00)
0.145184      	(0.000000e+00 0.000000e+00 0.000000e+00)
0.145216      	(0.000000e+00 0.000000e+00 0.000000e+00)
0.145247      	(0.000000e+00 0.000000e+00 0.000000e+00)
0.145279      	(0.000000e+00 0.000000e+00 0.000000e+00)
0.14531       	(0.000000e+00 0.000000e+00 0.000000e+00)
0.145342      	(0.000000e+00 0.000000e+00 0.000000e+00)
0.145373      	(0.000000e+00 0.000000e+00 0.000000e+00)
0.145405      	(0.000000e+00 0.000000e+00 0.000000e+00)
0.145436      	(0.000000e+00 0.000000e+00 0.000000e+00)
0.145467      	(0.000000e+00 0.000000e+00 0.000000e+00)
0.145498      	(0.000000e+00 0.000000e+00 0.000000e+00)
0.14553       	(0.000000e+00 0.000000e+00 0.000000e+00)
0.145561      	(0.000000e+00 0.000000e+00 0.000000e+00)
0.145592      	(0.000000e+00 0.000000e+00 0.000000e+00)
0.145623      	(0.000000e+00 0.000000e+00 0.000000e+00)
0.145655      	(0.000000e+00 0.000000e+00 0.000000e+00)
0.145686      	(0.000000e+00 0.000000e+00 0.000000e+00)
0.145717      	(0.000000e+00 0.000000e+00 0.000000e+00)
0.145748      	(0.000000e+00 0.000000e+00 0.000000e+00)
0.145779      	(0.000000e+00 0.000000e+00 0.000000e+00)
0.14581       	(0.000000e+00 0.000000e+00 0.000000e+00)
0.145841      	(0.000000e+00 0.000000e+00 0.000000e+00)
0.145872      	(0.000000e+00 0.000000e+00 0.000000e+00)
0.145903      	(0.000000e+00 0.000000e+00 0.000000e+00)
0.145934      	(0.000000e+00 0.000000e+00 0.000000e+00)
0.145965      	(0.000000e+00 0.000000e+00 0.000000e+00)
0.145996      	(0.000000e+00 0.000000e+00 0.000000e+00)
0.146027      	(0.000000e+00 0.000000e+00 0.000000e+00)
0.146058      	(0.000000e+00 0.000000e+00 0.000000e+00)
0.146089      	(0.000000e+00 0.000000e+00 0.000000e+00)
0.14612       	(0.000000e+00 0.000000e+00 0.000000e+00)
0.14615       	(0.000000e+00 0.000000e+00 0.000000e+00)
0.146181      	(0.000000e+00 0.000000e+00 0.000000e+00)
0.146212      	(0.000000e+00 0.000000e+00 0.000000e+00)
0.146243      	(0.000000e+00 0.000000e+00 0.000000e+00)
0.146274      	(0.000000e+00 0.000000e+00 0.000000e+00)
0.146304      	(0.000000e+00 0.000000e+00 0.000000e+00)
0.146335      	(0.000000e+00 0.000000e+00 0.000000e+00)
0.146365      	(0.000000e+00 0.000000e+00 0.000000e+00)
0.146396      	(0.000000e+00 0.000000e+00 0.000000e+00)
0.146426      	(0.000000e+00 0.000000e+00 0.000000e+00)
0.146457      	(0.000000e+00 0.000000e+00 0.000000e+00)
0.146488      	(0.000000e+00 0.000000e+00 0.000000e+00)
0.146518      	(0.000000e+00 0.000000e+00 0.000000e+00)
0.146549      	(0.000000e+00 0.000000e+00 0.000000e+00)
0.146579      	(0.000000e+00 0.000000e+00 0.000000e+00)
0.14661       	(0.000000e+00 0.000000e+00 0.000000e+00)
0.14664       	(0.000000e+00 0.000000e+00 0.000000e+00)
0.146671      	(0.000000e+00 0.000000e+00 0.000000e+00)
0.146701      	(0.000000e+00 0.000000e+00 0.000000e+00)
0.146731      	(0.000000e+00 0.000000e+00 0.000000e+00)
0.146762      	(0.000000e+00 0.000000e+00 0.000000e+00)
0.146792      	(0.000000e+00 0.000000e+00 0.000000e+00)
0.146822      	(0.000000e+00 0.000000e+00 0.000000e+00)
0.146852      	(0.000000e+00 0.000000e+00 0.000000e+00)
0.146883      	(0.000000e+00 0.000000e+00 0.000000e+00)
0.146913      	(0.000000e+00 0.000000e+00 0.000000e+00)
0.146943      	(0.000000e+00 0.000000e+00 0.000000e+00)
0.146973      	(0.000000e+00 0.000000e+00 0.000000e+00)
0.147004      	(0.000000e+00 0.000000e+00 0.000000e+00)
0.147034      	(0.000000e+00 0.000000e+00 0.000000e+00)
0.147064      	(0.000000e+00 0.000000e+00 0.000000e+00)
0.147094      	(0.000000e+00 0.000000e+00 0.000000e+00)
0.147124      	(0.000000e+00 0.000000e+00 0.000000e+00)
0.147154      	(0.000000e+00 0.000000e+00 0.000000e+00)
0.147184      	(0.000000e+00 0.000000e+00 0.000000e+00)
0.147214      	(0.000000e+00 0.000000e+00 0.000000e+00)
0.147244      	(0.000000e+00 0.000000e+00 0.000000e+00)
0.147274      	(0.000000e+00 0.000000e+00 0.000000e+00)
0.147304      	(0.000000e+00 0.000000e+00 0.000000e+00)
0.147334      	(0.000000e+00 0.000000e+00 0.000000e+00)
0.147364      	(0.000000e+00 0.000000e+00 0.000000e+00)
0.147394      	(0.000000e+00 0.000000e+00 0.000000e+00)
0.147424      	(0.000000e+00 0.000000e+00 0.000000e+00)
0.147454      	(0.000000e+00 0.000000e+00 0.000000e+00)
0.147484      	(0.000000e+00 0.000000e+00 0.000000e+00)
0.147513      	(0.000000e+00 0.000000e+00 0.000000e+00)
0.147543      	(0.000000e+00 0.000000e+00 0.000000e+00)
0.147572      	(0.000000e+00 0.000000e+00 0.000000e+00)
0.147602      	(0.000000e+00 0.000000e+00 0.000000e+00)
0.147632      	(0.000000e+00 0.000000e+00 0.000000e+00)
0.147661      	(0.000000e+00 0.000000e+00 0.000000e+00)
0.147691      	(0.000000e+00 0.000000e+00 0.000000e+00)
0.147721      	(0.000000e+00 0.000000e+00 0.000000e+00)
0.14775       	(0.000000e+00 0.000000e+00 0.000000e+00)
0.14778       	(0.000000e+00 0.000000e+00 0.000000e+00)
0.147809      	(0.000000e+00 0.000000e+00 0.000000e+00)
0.147839      	(0.000000e+00 0.000000e+00 0.000000e+00)
0.147869      	(0.000000e+00 0.000000e+00 0.000000e+00)
0.147898      	(0.000000e+00 0.000000e+00 0.000000e+00)
0.147928      	(0.000000e+00 0.000000e+00 0.000000e+00)
0.147957      	(0.000000e+00 0.000000e+00 0.000000e+00)
0.147987      	(0.000000e+00 0.000000e+00 0.000000e+00)
0.148017      	(0.000000e+00 0.000000e+00 0.000000e+00)
0.148046      	(0.000000e+00 0.000000e+00 0.000000e+00)
0.148075      	(0.000000e+00 0.000000e+00 0.000000e+00)
0.148104      	(0.000000e+00 0.000000e+00 0.000000e+00)
0.148133      	(0.000000e+00 0.000000e+00 0.000000e+00)
0.148162      	(0.000000e+00 0.000000e+00 0.000000e+00)
0.148192      	(0.000000e+00 0.000000e+00 0.000000e+00)
0.148221      	(0.000000e+00 0.000000e+00 0.000000e+00)
0.14825       	(0.000000e+00 0.000000e+00 0.000000e+00)
0.148279      	(0.000000e+00 0.000000e+00 0.000000e+00)
0.148308      	(0.000000e+00 0.000000e+00 0.000000e+00)
0.148337      	(0.000000e+00 0.000000e+00 0.000000e+00)
0.148367      	(0.000000e+00 0.000000e+00 0.000000e+00)
0.148396      	(0.000000e+00 0.000000e+00 0.000000e+00)
0.148425      	(0.000000e+00 0.000000e+00 0.000000e+00)
0.148454      	(0.000000e+00 0.000000e+00 0.000000e+00)
0.148483      	(0.000000e+00 0.000000e+00 0.000000e+00)
0.148512      	(0.000000e+00 0.000000e+00 0.000000e+00)
0.148542      	(0.000000e+00 0.000000e+00 0.000000e+00)
0.148571      	(0.000000e+00 0.000000e+00 0.000000e+00)
0.1486        	(0.000000e+00 0.000000e+00 0.000000e+00)
0.148629      	(0.000000e+00 0.000000e+00 0.000000e+00)
0.148658      	(0.000000e+00 0.000000e+00 0.000000e+00)
0.148687      	(0.000000e+00 0.000000e+00 0.000000e+00)
0.148716      	(0.000000e+00 0.000000e+00 0.000000e+00)
0.148744      	(0.000000e+00 0.000000e+00 0.000000e+00)
0.148773      	(0.000000e+00 0.000000e+00 0.000000e+00)
0.148802      	(0.000000e+00 0.000000e+00 0.000000e+00)
0.14883       	(0.000000e+00 0.000000e+00 0.000000e+00)
0.148859      	(0.000000e+00 0.000000e+00 0.000000e+00)
0.148887      	(0.000000e+00 0.000000e+00 0.000000e+00)
0.148916      	(0.000000e+00 0.000000e+00 0.000000e+00)
0.148944      	(0.000000e+00 0.000000e+00 0.000000e+00)
0.148973      	(0.000000e+00 0.000000e+00 0.000000e+00)
0.149001      	(0.000000e+00 0.000000e+00 0.000000e+00)
0.14903       	(0.000000e+00 0.000000e+00 0.000000e+00)
0.149058      	(0.000000e+00 0.000000e+00 0.000000e+00)
0.149087      	(0.000000e+00 0.000000e+00 0.000000e+00)
0.149115      	(0.000000e+00 0.000000e+00 0.000000e+00)
0.149144      	(0.000000e+00 0.000000e+00 0.000000e+00)
0.149173      	(0.000000e+00 0.000000e+00 0.000000e+00)
0.149201      	(0.000000e+00 0.000000e+00 0.000000e+00)
0.14923       	(0.000000e+00 0.000000e+00 0.000000e+00)
0.149258      	(0.000000e+00 0.000000e+00 0.000000e+00)
0.149287      	(0.000000e+00 0.000000e+00 0.000000e+00)
0.149315      	(0.000000e+00 0.000000e+00 0.000000e+00)
0.149344      	(0.000000e+00 0.000000e+00 0.000000e+00)
0.149372      	(0.000000e+00 0.000000e+00 0.000000e+00)
0.149401      	(0.000000e+00 0.000000e+00 0.000000e+00)
0.149429      	(0.000000e+00 0.000000e+00 0.000000e+00)
0.149458      	(0.000000e+00 0.000000e+00 0.000000e+00)
0.149486      	(0.000000e+00 0.000000e+00 0.000000e+00)
0.149515      	(0.000000e+00 0.000000e+00 0.000000e+00)
0.149543      	(0.000000e+00 0.000000e+00 0.000000e+00)
0.149572      	(0.000000e+00 0.000000e+00 0.000000e+00)
0.149601      	(0.000000e+00 0.000000e+00 0.000000e+00)
0.149629      	(0.000000e+00 0.000000e+00 0.000000e+00)
0.149658      	(0.000000e+00 0.000000e+00 0.000000e+00)
0.149686      	(0.000000e+00 0.000000e+00 0.000000e+00)
0.149712      	(0.000000e+00 0.000000e+00 0.000000e+00)
0.149738      	(0.000000e+00 0.000000e+00 0.000000e+00)
0.149765      	(0.000000e+00 0.000000e+00 0.000000e+00)
0.149791      	(0.000000e+00 0.000000e+00 0.000000e+00)
0.149817      	(0.000000e+00 0.000000e+00 0.000000e+00)
0.149843      	(0.000000e+00 0.000000e+00 0.000000e+00)
0.149869      	(0.000000e+00 0.000000e+00 0.000000e+00)
0.149895      	(0.000000e+00 0.000000e+00 0.000000e+00)
0.149922      	(0.000000e+00 0.000000e+00 0.000000e+00)
0.149948      	(0.000000e+00 0.000000e+00 0.000000e+00)
0.149974      	(0.000000e+00 0.000000e+00 0.000000e+00)
0.15          	(0.000000e+00 0.000000e+00 0.000000e+00)
0.150028      	(0.000000e+00 0.000000e+00 0.000000e+00)
0.150056      	(0.000000e+00 0.000000e+00 0.000000e+00)
0.150085      	(0.000000e+00 0.000000e+00 0.000000e+00)
0.150113      	(0.000000e+00 0.000000e+00 0.000000e+00)
0.150141      	(0.000000e+00 0.000000e+00 0.000000e+00)
0.150169      	(0.000000e+00 0.000000e+00 0.000000e+00)
0.150197      	(0.000000e+00 0.000000e+00 0.000000e+00)
0.150226      	(0.000000e+00 0.000000e+00 0.000000e+00)
0.150254      	(0.000000e+00 0.000000e+00 0.000000e+00)
0.150282      	(0.000000e+00 0.000000e+00 0.000000e+00)
0.15031       	(0.000000e+00 0.000000e+00 0.000000e+00)
0.150338      	(0.000000e+00 0.000000e+00 0.000000e+00)
0.150366      	(0.000000e+00 0.000000e+00 0.000000e+00)
0.150394      	(0.000000e+00 0.000000e+00 0.000000e+00)
0.150422      	(0.000000e+00 0.000000e+00 0.000000e+00)
0.15045       	(0.000000e+00 0.000000e+00 0.000000e+00)
0.150478      	(0.000000e+00 0.000000e+00 0.000000e+00)
0.150506      	(0.000000e+00 0.000000e+00 0.000000e+00)
0.150534      	(0.000000e+00 0.000000e+00 0.000000e+00)
0.150562      	(0.000000e+00 0.000000e+00 0.000000e+00)
0.15059       	(0.000000e+00 0.000000e+00 0.000000e+00)
0.150618      	(0.000000e+00 0.000000e+00 0.000000e+00)
0.150646      	(0.000000e+00 0.000000e+00 0.000000e+00)
0.150674      	(0.000000e+00 0.000000e+00 0.000000e+00)
0.150701      	(0.000000e+00 0.000000e+00 0.000000e+00)
0.150729      	(0.000000e+00 0.000000e+00 0.000000e+00)
0.150757      	(0.000000e+00 0.000000e+00 0.000000e+00)
0.150785      	(0.000000e+00 0.000000e+00 0.000000e+00)
0.150813      	(0.000000e+00 0.000000e+00 0.000000e+00)
0.15084       	(0.000000e+00 0.000000e+00 0.000000e+00)
0.150868      	(0.000000e+00 0.000000e+00 0.000000e+00)
0.150896      	(0.000000e+00 0.000000e+00 0.000000e+00)
0.150924      	(0.000000e+00 0.000000e+00 0.000000e+00)
0.150951      	(0.000000e+00 0.000000e+00 0.000000e+00)
0.150979      	(0.000000e+00 0.000000e+00 0.000000e+00)
0.151007      	(0.000000e+00 0.000000e+00 0.000000e+00)
0.151034      	(0.000000e+00 0.000000e+00 0.000000e+00)
0.151062      	(0.000000e+00 0.000000e+00 0.000000e+00)
0.15109       	(0.000000e+00 0.000000e+00 0.000000e+00)
0.151117      	(0.000000e+00 0.000000e+00 0.000000e+00)
0.151145      	(0.000000e+00 0.000000e+00 0.000000e+00)
0.151173      	(0.000000e+00 0.000000e+00 0.000000e+00)
0.1512        	(0.000000e+00 0.000000e+00 0.000000e+00)
0.151228      	(0.000000e+00 0.000000e+00 0.000000e+00)
0.151255      	(0.000000e+00 0.000000e+00 0.000000e+00)
0.151283      	(0.000000e+00 0.000000e+00 0.000000e+00)
0.15131       	(0.000000e+00 0.000000e+00 0.000000e+00)
0.151338      	(0.000000e+00 0.000000e+00 0.000000e+00)
0.151365      	(0.000000e+00 0.000000e+00 0.000000e+00)
0.151393      	(0.000000e+00 0.000000e+00 0.000000e+00)
0.15142       	(0.000000e+00 0.000000e+00 0.000000e+00)
0.151448      	(0.000000e+00 0.000000e+00 0.000000e+00)
0.151475      	(0.000000e+00 0.000000e+00 0.000000e+00)
0.151502      	(0.000000e+00 0.000000e+00 0.000000e+00)
0.15153       	(0.000000e+00 0.000000e+00 0.000000e+00)
0.151557      	(0.000000e+00 0.000000e+00 0.000000e+00)
0.151584      	(0.000000e+00 0.000000e+00 0.000000e+00)
0.151612      	(0.000000e+00 0.000000e+00 0.000000e+00)
0.151639      	(0.000000e+00 0.000000e+00 0.000000e+00)
0.151666      	(0.000000e+00 0.000000e+00 0.000000e+00)
0.151694      	(0.000000e+00 0.000000e+00 0.000000e+00)
0.151721      	(0.000000e+00 0.000000e+00 0.000000e+00)
0.151748      	(0.000000e+00 0.000000e+00 0.000000e+00)
0.151775      	(0.000000e+00 0.000000e+00 0.000000e+00)
0.151803      	(0.000000e+00 0.000000e+00 0.000000e+00)
0.15183       	(0.000000e+00 0.000000e+00 0.000000e+00)
0.151857      	(0.000000e+00 0.000000e+00 0.000000e+00)
0.151884      	(0.000000e+00 0.000000e+00 0.000000e+00)
0.151911      	(0.000000e+00 0.000000e+00 0.000000e+00)
0.151939      	(0.000000e+00 0.000000e+00 0.000000e+00)
0.151966      	(0.000000e+00 0.000000e+00 0.000000e+00)
0.151993      	(0.000000e+00 0.000000e+00 0.000000e+00)
0.15202       	(0.000000e+00 0.000000e+00 0.000000e+00)
0.152047      	(0.000000e+00 0.000000e+00 0.000000e+00)
0.152074      	(0.000000e+00 0.000000e+00 0.000000e+00)
0.152101      	(0.000000e+00 0.000000e+00 0.000000e+00)
0.152128      	(0.000000e+00 0.000000e+00 0.000000e+00)
0.152155      	(0.000000e+00 0.000000e+00 0.000000e+00)
0.152182      	(0.000000e+00 0.000000e+00 0.000000e+00)
0.152209      	(0.000000e+00 0.000000e+00 0.000000e+00)
0.152236      	(0.000000e+00 0.000000e+00 0.000000e+00)
0.152263      	(0.000000e+00 0.000000e+00 0.000000e+00)
0.15229       	(0.000000e+00 0.000000e+00 0.000000e+00)
0.152317      	(0.000000e+00 0.000000e+00 0.000000e+00)
0.152344      	(0.000000e+00 0.000000e+00 0.000000e+00)
0.152371      	(0.000000e+00 0.000000e+00 0.000000e+00)
0.152398      	(0.000000e+00 0.000000e+00 0.000000e+00)
0.152425      	(0.000000e+00 0.000000e+00 0.000000e+00)
0.152452      	(0.000000e+00 0.000000e+00 0.000000e+00)
0.152478      	(0.000000e+00 0.000000e+00 0.000000e+00)
0.152505      	(0.000000e+00 0.000000e+00 0.000000e+00)
0.152532      	(0.000000e+00 0.000000e+00 0.000000e+00)
0.152559      	(0.000000e+00 0.000000e+00 0.000000e+00)
0.152586      	(0.000000e+00 0.000000e+00 0.000000e+00)
0.152612      	(0.000000e+00 0.000000e+00 0.000000e+00)
0.152639      	(0.000000e+00 0.000000e+00 0.000000e+00)
0.152666      	(0.000000e+00 0.000000e+00 0.000000e+00)
0.152693      	(0.000000e+00 0.000000e+00 0.000000e+00)
0.152719      	(0.000000e+00 0.000000e+00 0.000000e+00)
0.152746      	(0.000000e+00 0.000000e+00 0.000000e+00)
0.152773      	(0.000000e+00 0.000000e+00 0.000000e+00)
0.152799      	(0.000000e+00 0.000000e+00 0.000000e+00)
0.152826      	(0.000000e+00 0.000000e+00 0.000000e+00)
0.152853      	(0.000000e+00 0.000000e+00 0.000000e+00)
0.152879      	(0.000000e+00 0.000000e+00 0.000000e+00)
0.152906      	(0.000000e+00 0.000000e+00 0.000000e+00)
0.152933      	(0.000000e+00 0.000000e+00 0.000000e+00)
0.152959      	(0.000000e+00 0.000000e+00 0.000000e+00)
0.152986      	(0.000000e+00 0.000000e+00 0.000000e+00)
0.153012      	(0.000000e+00 0.000000e+00 0.000000e+00)
0.153039      	(0.000000e+00 0.000000e+00 0.000000e+00)
0.153065      	(0.000000e+00 0.000000e+00 0.000000e+00)
0.153092      	(0.000000e+00 0.000000e+00 0.000000e+00)
0.153118      	(0.000000e+00 0.000000e+00 0.000000e+00)
0.153145      	(0.000000e+00 0.000000e+00 0.000000e+00)
0.153171      	(0.000000e+00 0.000000e+00 0.000000e+00)
0.153198      	(0.000000e+00 0.000000e+00 0.000000e+00)
0.153224      	(0.000000e+00 0.000000e+00 0.000000e+00)
0.153251      	(0.000000e+00 0.000000e+00 0.000000e+00)
0.153277      	(0.000000e+00 0.000000e+00 0.000000e+00)
0.153304      	(0.000000e+00 0.000000e+00 0.000000e+00)
0.15333       	(0.000000e+00 0.000000e+00 0.000000e+00)
0.153356      	(0.000000e+00 0.000000e+00 0.000000e+00)
0.153383      	(0.000000e+00 0.000000e+00 0.000000e+00)
0.153409      	(0.000000e+00 0.000000e+00 0.000000e+00)
0.153435      	(0.000000e+00 0.000000e+00 0.000000e+00)
0.153462      	(0.000000e+00 0.000000e+00 0.000000e+00)
0.153488      	(0.000000e+00 0.000000e+00 0.000000e+00)
0.153514      	(0.000000e+00 0.000000e+00 0.000000e+00)
0.153541      	(0.000000e+00 0.000000e+00 0.000000e+00)
0.153567      	(0.000000e+00 0.000000e+00 0.000000e+00)
0.153593      	(0.000000e+00 0.000000e+00 0.000000e+00)
0.153619      	(0.000000e+00 0.000000e+00 0.000000e+00)
0.153646      	(0.000000e+00 0.000000e+00 0.000000e+00)
0.153672      	(0.000000e+00 0.000000e+00 0.000000e+00)
0.153698      	(0.000000e+00 0.000000e+00 0.000000e+00)
0.153724      	(0.000000e+00 0.000000e+00 0.000000e+00)
0.15375       	(0.000000e+00 0.000000e+00 0.000000e+00)
0.153776      	(0.000000e+00 0.000000e+00 0.000000e+00)
0.153803      	(0.000000e+00 0.000000e+00 0.000000e+00)
0.153829      	(0.000000e+00 0.000000e+00 0.000000e+00)
0.153855      	(0.000000e+00 0.000000e+00 0.000000e+00)
0.153881      	(0.000000e+00 0.000000e+00 0.000000e+00)
0.153907      	(0.000000e+00 0.000000e+00 0.000000e+00)
0.153933      	(0.000000e+00 0.000000e+00 0.000000e+00)
0.153959      	(0.000000e+00 0.000000e+00 0.000000e+00)
0.153985      	(0.000000e+00 0.000000e+00 0.000000e+00)
0.154011      	(0.000000e+00 0.000000e+00 0.000000e+00)
0.154037      	(0.000000e+00 0.000000e+00 0.000000e+00)
0.154063      	(0.000000e+00 0.000000e+00 0.000000e+00)
0.154089      	(0.000000e+00 0.000000e+00 0.000000e+00)
0.154115      	(0.000000e+00 0.000000e+00 0.000000e+00)
0.154141      	(0.000000e+00 0.000000e+00 0.000000e+00)
0.154167      	(0.000000e+00 0.000000e+00 0.000000e+00)
0.154193      	(0.000000e+00 0.000000e+00 0.000000e+00)
0.154219      	(0.000000e+00 0.000000e+00 0.000000e+00)
0.154245      	(0.000000e+00 0.000000e+00 0.000000e+00)
0.154271      	(0.000000e+00 0.000000e+00 0.000000e+00)
0.154297      	(0.000000e+00 0.000000e+00 0.000000e+00)
0.154323      	(0.000000e+00 0.000000e+00 0.000000e+00)
0.154348      	(0.000000e+00 0.000000e+00 0.000000e+00)
0.154374      	(0.000000e+00 0.000000e+00 0.000000e+00)
0.1544        	(0.000000e+00 0.000000e+00 0.000000e+00)
0.154426      	(0.000000e+00 0.000000e+00 0.000000e+00)
0.154452      	(0.000000e+00 0.000000e+00 0.000000e+00)
0.154477      	(0.000000e+00 0.000000e+00 0.000000e+00)
0.154503      	(0.000000e+00 0.000000e+00 0.000000e+00)
0.154529      	(0.000000e+00 0.000000e+00 0.000000e+00)
0.154555      	(0.000000e+00 0.000000e+00 0.000000e+00)
0.154581      	(0.000000e+00 0.000000e+00 0.000000e+00)
0.154606      	(0.000000e+00 0.000000e+00 0.000000e+00)
0.154632      	(0.000000e+00 0.000000e+00 0.000000e+00)
0.154658      	(0.000000e+00 0.000000e+00 0.000000e+00)
0.154683      	(0.000000e+00 0.000000e+00 0.000000e+00)
0.154709      	(0.000000e+00 0.000000e+00 0.000000e+00)
0.154735      	(0.000000e+00 0.000000e+00 0.000000e+00)
0.15476       	(0.000000e+00 0.000000e+00 0.000000e+00)
0.154786      	(0.000000e+00 0.000000e+00 0.000000e+00)
0.154812      	(0.000000e+00 0.000000e+00 0.000000e+00)
0.154837      	(0.000000e+00 0.000000e+00 0.000000e+00)
0.154863      	(0.000000e+00 0.000000e+00 0.000000e+00)
0.154888      	(0.000000e+00 0.000000e+00 0.000000e+00)
0.154914      	(0.000000e+00 0.000000e+00 0.000000e+00)
0.15494       	(0.000000e+00 0.000000e+00 0.000000e+00)
0.154965      	(0.000000e+00 0.000000e+00 0.000000e+00)
0.154991      	(0.000000e+00 0.000000e+00 0.000000e+00)
0.155016      	(0.000000e+00 0.000000e+00 0.000000e+00)
0.155042      	(0.000000e+00 0.000000e+00 0.000000e+00)
0.155067      	(0.000000e+00 0.000000e+00 0.000000e+00)
0.155093      	(0.000000e+00 0.000000e+00 0.000000e+00)
0.155118      	(0.000000e+00 0.000000e+00 0.000000e+00)
0.155144      	(0.000000e+00 0.000000e+00 0.000000e+00)
0.155169      	(0.000000e+00 0.000000e+00 0.000000e+00)
0.155194      	(0.000000e+00 0.000000e+00 0.000000e+00)
0.15522       	(0.000000e+00 0.000000e+00 0.000000e+00)
0.155245      	(0.000000e+00 0.000000e+00 0.000000e+00)
0.155271      	(0.000000e+00 0.000000e+00 0.000000e+00)
0.155296      	(0.000000e+00 0.000000e+00 0.000000e+00)
0.155322      	(0.000000e+00 0.000000e+00 0.000000e+00)
0.155347      	(0.000000e+00 0.000000e+00 0.000000e+00)
0.155372      	(0.000000e+00 0.000000e+00 0.000000e+00)
0.155398      	(0.000000e+00 0.000000e+00 0.000000e+00)
0.155423      	(0.000000e+00 0.000000e+00 0.000000e+00)
0.155448      	(0.000000e+00 0.000000e+00 0.000000e+00)
0.155473      	(0.000000e+00 0.000000e+00 0.000000e+00)
0.155499      	(0.000000e+00 0.000000e+00 0.000000e+00)
0.155524      	(0.000000e+00 0.000000e+00 0.000000e+00)
0.155549      	(0.000000e+00 0.000000e+00 0.000000e+00)
0.155575      	(0.000000e+00 0.000000e+00 0.000000e+00)
0.1556        	(0.000000e+00 0.000000e+00 0.000000e+00)
0.155625      	(0.000000e+00 0.000000e+00 0.000000e+00)
0.15565       	(0.000000e+00 0.000000e+00 0.000000e+00)
0.155675      	(0.000000e+00 0.000000e+00 0.000000e+00)
0.155701      	(0.000000e+00 0.000000e+00 0.000000e+00)
0.155726      	(0.000000e+00 0.000000e+00 0.000000e+00)
0.155751      	(0.000000e+00 0.000000e+00 0.000000e+00)
0.155776      	(0.000000e+00 0.000000e+00 0.000000e+00)
0.155801      	(0.000000e+00 0.000000e+00 0.000000e+00)
0.155826      	(0.000000e+00 0.000000e+00 0.000000e+00)
0.155851      	(0.000000e+00 0.000000e+00 0.000000e+00)
0.155877      	(0.000000e+00 0.000000e+00 0.000000e+00)
0.155902      	(0.000000e+00 0.000000e+00 0.000000e+00)
0.155927      	(0.000000e+00 0.000000e+00 0.000000e+00)
0.155952      	(0.000000e+00 0.000000e+00 0.000000e+00)
0.155977      	(0.000000e+00 0.000000e+00 0.000000e+00)
0.156002      	(0.000000e+00 0.000000e+00 0.000000e+00)
0.156027      	(0.000000e+00 0.000000e+00 0.000000e+00)
0.156052      	(0.000000e+00 0.000000e+00 0.000000e+00)
0.156077      	(0.000000e+00 0.000000e+00 0.000000e+00)
0.156102      	(0.000000e+00 0.000000e+00 0.000000e+00)
0.156127      	(0.000000e+00 0.000000e+00 0.000000e+00)
0.156152      	(0.000000e+00 0.000000e+00 0.000000e+00)
0.156177      	(0.000000e+00 0.000000e+00 0.000000e+00)
0.156202      	(0.000000e+00 0.000000e+00 0.000000e+00)
0.156227      	(0.000000e+00 0.000000e+00 0.000000e+00)
0.156252      	(0.000000e+00 0.000000e+00 0.000000e+00)
0.156277      	(0.000000e+00 0.000000e+00 0.000000e+00)
0.156302      	(0.000000e+00 0.000000e+00 0.000000e+00)
0.156326      	(0.000000e+00 0.000000e+00 0.000000e+00)
0.156351      	(0.000000e+00 0.000000e+00 0.000000e+00)
0.156376      	(0.000000e+00 0.000000e+00 0.000000e+00)
0.156401      	(0.000000e+00 0.000000e+00 0.000000e+00)
0.156426      	(0.000000e+00 0.000000e+00 0.000000e+00)
0.15645       	(0.000000e+00 0.000000e+00 0.000000e+00)
0.156475      	(0.000000e+00 0.000000e+00 0.000000e+00)
0.1565        	(0.000000e+00 0.000000e+00 0.000000e+00)
0.156525      	(0.000000e+00 0.000000e+00 0.000000e+00)
0.15655       	(0.000000e+00 0.000000e+00 0.000000e+00)
0.156575      	(0.000000e+00 0.000000e+00 0.000000e+00)
0.156599      	(0.000000e+00 0.000000e+00 0.000000e+00)
0.156624      	(0.000000e+00 0.000000e+00 0.000000e+00)
0.156649      	(0.000000e+00 0.000000e+00 0.000000e+00)
0.156674      	(0.000000e+00 0.000000e+00 0.000000e+00)
0.156698      	(0.000000e+00 0.000000e+00 0.000000e+00)
0.156723      	(0.000000e+00 0.000000e+00 0.000000e+00)
0.156747      	(0.000000e+00 0.000000e+00 0.000000e+00)
0.156772      	(0.000000e+00 0.000000e+00 0.000000e+00)
0.156797      	(0.000000e+00 0.000000e+00 0.000000e+00)
0.156821      	(0.000000e+00 0.000000e+00 0.000000e+00)
0.156846      	(0.000000e+00 0.000000e+00 0.000000e+00)
0.156871      	(0.000000e+00 0.000000e+00 0.000000e+00)
0.156895      	(0.000000e+00 0.000000e+00 0.000000e+00)
0.15692       	(0.000000e+00 0.000000e+00 0.000000e+00)
0.156945      	(0.000000e+00 0.000000e+00 0.000000e+00)
0.156969      	(0.000000e+00 0.000000e+00 0.000000e+00)
0.156994      	(0.000000e+00 0.000000e+00 0.000000e+00)
0.157018      	(0.000000e+00 0.000000e+00 0.000000e+00)
0.157043      	(0.000000e+00 0.000000e+00 0.000000e+00)
0.157068      	(0.000000e+00 0.000000e+00 0.000000e+00)
0.157092      	(0.000000e+00 0.000000e+00 0.000000e+00)
0.157116      	(0.000000e+00 0.000000e+00 0.000000e+00)
0.157141      	(0.000000e+00 0.000000e+00 0.000000e+00)
0.157165      	(0.000000e+00 0.000000e+00 0.000000e+00)
0.15719       	(0.000000e+00 0.000000e+00 0.000000e+00)
0.157214      	(0.000000e+00 0.000000e+00 0.000000e+00)
0.157239      	(0.000000e+00 0.000000e+00 0.000000e+00)
0.157263      	(0.000000e+00 0.000000e+00 0.000000e+00)
0.157287      	(0.000000e+00 0.000000e+00 0.000000e+00)
0.157312      	(0.000000e+00 0.000000e+00 0.000000e+00)
0.157336      	(0.000000e+00 0.000000e+00 0.000000e+00)
0.157361      	(0.000000e+00 0.000000e+00 0.000000e+00)
0.157385      	(0.000000e+00 0.000000e+00 0.000000e+00)
0.15741       	(0.000000e+00 0.000000e+00 0.000000e+00)
0.157434      	(0.000000e+00 0.000000e+00 0.000000e+00)
0.157459      	(0.000000e+00 0.000000e+00 0.000000e+00)
0.157483      	(0.000000e+00 0.000000e+00 0.000000e+00)
0.157507      	(0.000000e+00 0.000000e+00 0.000000e+00)
0.157532      	(0.000000e+00 0.000000e+00 0.000000e+00)
0.157556      	(0.000000e+00 0.000000e+00 0.000000e+00)
0.15758       	(0.000000e+00 0.000000e+00 0.000000e+00)
0.157604      	(0.000000e+00 0.000000e+00 0.000000e+00)
0.157628      	(0.000000e+00 0.000000e+00 0.000000e+00)
0.157653      	(0.000000e+00 0.000000e+00 0.000000e+00)
0.157677      	(0.000000e+00 0.000000e+00 0.000000e+00)
0.157701      	(0.000000e+00 0.000000e+00 0.000000e+00)
0.157725      	(0.000000e+00 0.000000e+00 0.000000e+00)
0.157749      	(0.000000e+00 0.000000e+00 0.000000e+00)
0.157774      	(0.000000e+00 0.000000e+00 0.000000e+00)
0.157798      	(0.000000e+00 0.000000e+00 0.000000e+00)
0.157822      	(0.000000e+00 0.000000e+00 0.000000e+00)
0.157846      	(0.000000e+00 0.000000e+00 0.000000e+00)
0.15787       	(0.000000e+00 0.000000e+00 0.000000e+00)
0.157895      	(0.000000e+00 0.000000e+00 0.000000e+00)
0.157919      	(0.000000e+00 0.000000e+00 0.000000e+00)
0.157943      	(0.000000e+00 0.000000e+00 0.000000e+00)
0.157967      	(0.000000e+00 0.000000e+00 0.000000e+00)
0.157991      	(0.000000e+00 0.000000e+00 0.000000e+00)
0.158016      	(0.000000e+00 0.000000e+00 0.000000e+00)
0.15804       	(0.000000e+00 0.000000e+00 0.000000e+00)
0.158064      	(0.000000e+00 0.000000e+00 0.000000e+00)
0.158088      	(0.000000e+00 0.000000e+00 0.000000e+00)
0.158112      	(0.000000e+00 0.000000e+00 0.000000e+00)
0.158136      	(0.000000e+00 0.000000e+00 0.000000e+00)
0.15816       	(0.000000e+00 0.000000e+00 0.000000e+00)
0.158184      	(0.000000e+00 0.000000e+00 0.000000e+00)
0.158207      	(0.000000e+00 0.000000e+00 0.000000e+00)
0.158231      	(0.000000e+00 0.000000e+00 0.000000e+00)
0.158255      	(0.000000e+00 0.000000e+00 0.000000e+00)
0.158279      	(0.000000e+00 0.000000e+00 0.000000e+00)
0.158303      	(0.000000e+00 0.000000e+00 0.000000e+00)
0.158327      	(0.000000e+00 0.000000e+00 0.000000e+00)
0.158351      	(0.000000e+00 0.000000e+00 0.000000e+00)
0.158375      	(0.000000e+00 0.000000e+00 0.000000e+00)
0.158399      	(0.000000e+00 0.000000e+00 0.000000e+00)
0.158423      	(0.000000e+00 0.000000e+00 0.000000e+00)
0.158446      	(0.000000e+00 0.000000e+00 0.000000e+00)
0.15847       	(0.000000e+00 0.000000e+00 0.000000e+00)
0.158494      	(0.000000e+00 0.000000e+00 0.000000e+00)
0.158518      	(0.000000e+00 0.000000e+00 0.000000e+00)
0.158542      	(0.000000e+00 0.000000e+00 0.000000e+00)
0.158566      	(0.000000e+00 0.000000e+00 0.000000e+00)
0.15859       	(0.000000e+00 0.000000e+00 0.000000e+00)
0.158614      	(0.000000e+00 0.000000e+00 0.000000e+00)
0.158638      	(0.000000e+00 0.000000e+00 0.000000e+00)
0.158662      	(0.000000e+00 0.000000e+00 0.000000e+00)
0.158685      	(0.000000e+00 0.000000e+00 0.000000e+00)
0.158709      	(0.000000e+00 0.000000e+00 0.000000e+00)
0.158733      	(0.000000e+00 0.000000e+00 0.000000e+00)
0.158757      	(0.000000e+00 0.000000e+00 0.000000e+00)
0.158781      	(0.000000e+00 0.000000e+00 0.000000e+00)
0.158804      	(0.000000e+00 0.000000e+00 0.000000e+00)
0.158828      	(0.000000e+00 0.000000e+00 0.000000e+00)
0.158851      	(0.000000e+00 0.000000e+00 0.000000e+00)
0.158875      	(0.000000e+00 0.000000e+00 0.000000e+00)
0.158898      	(0.000000e+00 0.000000e+00 0.000000e+00)
0.158922      	(0.000000e+00 0.000000e+00 0.000000e+00)
0.158945      	(0.000000e+00 0.000000e+00 0.000000e+00)
0.158969      	(0.000000e+00 0.000000e+00 0.000000e+00)
0.158992      	(0.000000e+00 0.000000e+00 0.000000e+00)
0.159015      	(0.000000e+00 0.000000e+00 0.000000e+00)
0.159039      	(0.000000e+00 0.000000e+00 0.000000e+00)
0.159062      	(0.000000e+00 0.000000e+00 0.000000e+00)
0.159086      	(0.000000e+00 0.000000e+00 0.000000e+00)
0.159109      	(0.000000e+00 0.000000e+00 0.000000e+00)
0.159133      	(0.000000e+00 0.000000e+00 0.000000e+00)
0.159156      	(0.000000e+00 0.000000e+00 0.000000e+00)
0.15918       	(0.000000e+00 0.000000e+00 0.000000e+00)
0.159203      	(0.000000e+00 0.000000e+00 0.000000e+00)
0.159226      	(0.000000e+00 0.000000e+00 0.000000e+00)
0.15925       	(0.000000e+00 0.000000e+00 0.000000e+00)
0.159273      	(0.000000e+00 0.000000e+00 0.000000e+00)
0.159297      	(0.000000e+00 0.000000e+00 0.000000e+00)
0.15932       	(0.000000e+00 0.000000e+00 0.000000e+00)
0.159344      	(0.000000e+00 0.000000e+00 0.000000e+00)
0.159367      	(0.000000e+00 0.000000e+00 0.000000e+00)
0.159391      	(0.000000e+00 0.000000e+00 0.000000e+00)
0.159414      	(0.000000e+00 0.000000e+00 0.000000e+00)
0.159437      	(0.000000e+00 0.000000e+00 0.000000e+00)
0.159461      	(0.000000e+00 0.000000e+00 0.000000e+00)
0.159484      	(0.000000e+00 0.000000e+00 0.000000e+00)
0.159508      	(0.000000e+00 0.000000e+00 0.000000e+00)
0.159531      	(0.000000e+00 0.000000e+00 0.000000e+00)
0.159555      	(0.000000e+00 0.000000e+00 0.000000e+00)
0.159578      	(0.000000e+00 0.000000e+00 0.000000e+00)
0.159601      	(0.000000e+00 0.000000e+00 0.000000e+00)
0.159625      	(0.000000e+00 0.000000e+00 0.000000e+00)
0.159648      	(0.000000e+00 0.000000e+00 0.000000e+00)
0.159672      	(0.000000e+00 0.000000e+00 0.000000e+00)
0.159695      	(0.000000e+00 0.000000e+00 0.000000e+00)
0.159719      	(0.000000e+00 0.000000e+00 0.000000e+00)
0.159742      	(0.000000e+00 0.000000e+00 0.000000e+00)
0.159766      	(0.000000e+00 0.000000e+00 0.000000e+00)
0.159789      	(0.000000e+00 0.000000e+00 0.000000e+00)
0.159812      	(0.000000e+00 0.000000e+00 0.000000e+00)
0.159836      	(0.000000e+00 0.000000e+00 0.000000e+00)
0.159859      	(0.000000e+00 0.000000e+00 0.000000e+00)
0.159883      	(0.000000e+00 0.000000e+00 0.000000e+00)
0.159906      	(0.000000e+00 0.000000e+00 0.000000e+00)
0.15993       	(0.000000e+00 0.000000e+00 0.000000e+00)
0.159953      	(0.000000e+00 0.000000e+00 0.000000e+00)
0.159977      	(0.000000e+00 0.000000e+00 0.000000e+00)
0.16          	(0.000000e+00 0.000000e+00 0.000000e+00)
0.160023      	(0.000000e+00 0.000000e+00 0.000000e+00)
0.160047      	(0.000000e+00 0.000000e+00 0.000000e+00)
0.16007       	(0.000000e+00 0.000000e+00 0.000000e+00)
0.160093      	(0.000000e+00 0.000000e+00 0.000000e+00)
0.160117      	(0.000000e+00 0.000000e+00 0.000000e+00)
0.16014       	(0.000000e+00 0.000000e+00 0.000000e+00)
0.160163      	(0.000000e+00 0.000000e+00 0.000000e+00)
0.160187      	(0.000000e+00 0.000000e+00 0.000000e+00)
0.16021       	(0.000000e+00 0.000000e+00 0.000000e+00)
0.160233      	(0.000000e+00 0.000000e+00 0.000000e+00)
0.160257      	(0.000000e+00 0.000000e+00 0.000000e+00)
0.16028       	(0.000000e+00 0.000000e+00 0.000000e+00)
0.160303      	(0.000000e+00 0.000000e+00 0.000000e+00)
0.160326      	(0.000000e+00 0.000000e+00 0.000000e+00)
0.16035       	(0.000000e+00 0.000000e+00 0.000000e+00)
0.160373      	(0.000000e+00 0.000000e+00 0.000000e+00)
0.160396      	(0.000000e+00 0.000000e+00 0.000000e+00)
0.160419      	(0.000000e+00 0.000000e+00 0.000000e+00)
0.160443      	(0.000000e+00 0.000000e+00 0.000000e+00)
0.160466      	(0.000000e+00 0.000000e+00 0.000000e+00)
0.160489      	(0.000000e+00 0.000000e+00 0.000000e+00)
0.160512      	(0.000000e+00 0.000000e+00 0.000000e+00)
0.160535      	(0.000000e+00 0.000000e+00 0.000000e+00)
0.160559      	(0.000000e+00 0.000000e+00 0.000000e+00)
0.160582      	(0.000000e+00 0.000000e+00 0.000000e+00)
0.160605      	(0.000000e+00 0.000000e+00 0.000000e+00)
0.160628      	(0.000000e+00 0.000000e+00 0.000000e+00)
0.160651      	(0.000000e+00 0.000000e+00 0.000000e+00)
0.160674      	(0.000000e+00 0.000000e+00 0.000000e+00)
0.160697      	(0.000000e+00 0.000000e+00 0.000000e+00)
0.160721      	(0.000000e+00 0.000000e+00 0.000000e+00)
0.160744      	(0.000000e+00 0.000000e+00 0.000000e+00)
0.160767      	(0.000000e+00 0.000000e+00 0.000000e+00)
0.16079       	(0.000000e+00 0.000000e+00 0.000000e+00)
0.160813      	(0.000000e+00 0.000000e+00 0.000000e+00)
0.160836      	(0.000000e+00 0.000000e+00 0.000000e+00)
0.160859      	(0.000000e+00 0.000000e+00 0.000000e+00)
0.160882      	(0.000000e+00 0.000000e+00 0.000000e+00)
0.160905      	(0.000000e+00 0.000000e+00 0.000000e+00)
0.160928      	(0.000000e+00 0.000000e+00 0.000000e+00)
0.160951      	(0.000000e+00 0.000000e+00 0.000000e+00)
0.160974      	(0.000000e+00 0.000000e+00 0.000000e+00)
0.160997      	(0.000000e+00 0.000000e+00 0.000000e+00)
0.16102       	(0.000000e+00 0.000000e+00 0.000000e+00)
0.161043      	(0.000000e+00 0.000000e+00 0.000000e+00)
0.161066      	(0.000000e+00 0.000000e+00 0.000000e+00)
0.161089      	(0.000000e+00 0.000000e+00 0.000000e+00)
0.161112      	(0.000000e+00 0.000000e+00 0.000000e+00)
0.161135      	(0.000000e+00 0.000000e+00 0.000000e+00)
0.161158      	(0.000000e+00 0.000000e+00 0.000000e+00)
0.161181      	(0.000000e+00 0.000000e+00 0.000000e+00)
0.161204      	(0.000000e+00 0.000000e+00 0.000000e+00)
0.161227      	(0.000000e+00 0.000000e+00 0.000000e+00)
0.16125       	(0.000000e+00 0.000000e+00 0.000000e+00)
0.161273      	(0.000000e+00 0.000000e+00 0.000000e+00)
0.161295      	(0.000000e+00 0.000000e+00 0.000000e+00)
0.161318      	(0.000000e+00 0.000000e+00 0.000000e+00)
0.161341      	(0.000000e+00 0.000000e+00 0.000000e+00)
0.161364      	(0.000000e+00 0.000000e+00 0.000000e+00)
0.161387      	(0.000000e+00 0.000000e+00 0.000000e+00)
0.16141       	(0.000000e+00 0.000000e+00 0.000000e+00)
0.161433      	(0.000000e+00 0.000000e+00 0.000000e+00)
0.161455      	(0.000000e+00 0.000000e+00 0.000000e+00)
0.161478      	(0.000000e+00 0.000000e+00 0.000000e+00)
0.161501      	(0.000000e+00 0.000000e+00 0.000000e+00)
0.161524      	(0.000000e+00 0.000000e+00 0.000000e+00)
0.161547      	(0.000000e+00 0.000000e+00 0.000000e+00)
0.16157       	(0.000000e+00 0.000000e+00 0.000000e+00)
0.161592      	(0.000000e+00 0.000000e+00 0.000000e+00)
0.161615      	(0.000000e+00 0.000000e+00 0.000000e+00)
0.161638      	(0.000000e+00 0.000000e+00 0.000000e+00)
0.161661      	(0.000000e+00 0.000000e+00 0.000000e+00)
0.161683      	(0.000000e+00 0.000000e+00 0.000000e+00)
0.161706      	(0.000000e+00 0.000000e+00 0.000000e+00)
0.161729      	(0.000000e+00 0.000000e+00 0.000000e+00)
0.161752      	(0.000000e+00 0.000000e+00 0.000000e+00)
0.161774      	(0.000000e+00 0.000000e+00 0.000000e+00)
0.161797      	(0.000000e+00 0.000000e+00 0.000000e+00)
0.16182       	(0.000000e+00 0.000000e+00 0.000000e+00)
0.161842      	(0.000000e+00 0.000000e+00 0.000000e+00)
0.161865      	(0.000000e+00 0.000000e+00 0.000000e+00)
0.161888      	(0.000000e+00 0.000000e+00 0.000000e+00)
0.16191       	(0.000000e+00 0.000000e+00 0.000000e+00)
0.161933      	(0.000000e+00 0.000000e+00 0.000000e+00)
0.161956      	(0.000000e+00 0.000000e+00 0.000000e+00)
0.161978      	(0.000000e+00 0.000000e+00 0.000000e+00)
0.162001      	(0.000000e+00 0.000000e+00 0.000000e+00)
0.162024      	(0.000000e+00 0.000000e+00 0.000000e+00)
0.162046      	(0.000000e+00 0.000000e+00 0.000000e+00)
0.162069      	(0.000000e+00 0.000000e+00 0.000000e+00)
0.162092      	(0.000000e+00 0.000000e+00 0.000000e+00)
0.162114      	(0.000000e+00 0.000000e+00 0.000000e+00)
0.162137      	(0.000000e+00 0.000000e+00 0.000000e+00)
0.162159      	(0.000000e+00 0.000000e+00 0.000000e+00)
0.162182      	(0.000000e+00 0.000000e+00 0.000000e+00)
0.162204      	(0.000000e+00 0.000000e+00 0.000000e+00)
0.162227      	(0.000000e+00 0.000000e+00 0.000000e+00)
0.16225       	(0.000000e+00 0.000000e+00 0.000000e+00)
0.162272      	(0.000000e+00 0.000000e+00 0.000000e+00)
0.162295      	(0.000000e+00 0.000000e+00 0.000000e+00)
0.162317      	(0.000000e+00 0.000000e+00 0.000000e+00)
0.16234       	(0.000000e+00 0.000000e+00 0.000000e+00)
0.162362      	(0.000000e+00 0.000000e+00 0.000000e+00)
0.162385      	(0.000000e+00 0.000000e+00 0.000000e+00)
0.162407      	(0.000000e+00 0.000000e+00 0.000000e+00)
0.16243       	(0.000000e+00 0.000000e+00 0.000000e+00)
0.162452      	(0.000000e+00 0.000000e+00 0.000000e+00)
0.162475      	(0.000000e+00 0.000000e+00 0.000000e+00)
0.162497      	(0.000000e+00 0.000000e+00 0.000000e+00)
0.16252       	(0.000000e+00 0.000000e+00 0.000000e+00)
0.162542      	(0.000000e+00 0.000000e+00 0.000000e+00)
0.162564      	(0.000000e+00 0.000000e+00 0.000000e+00)
0.162587      	(0.000000e+00 0.000000e+00 0.000000e+00)
0.162609      	(0.000000e+00 0.000000e+00 0.000000e+00)
0.162632      	(0.000000e+00 0.000000e+00 0.000000e+00)
0.162654      	(0.000000e+00 0.000000e+00 0.000000e+00)
0.162676      	(0.000000e+00 0.000000e+00 0.000000e+00)
0.162699      	(0.000000e+00 0.000000e+00 0.000000e+00)
0.162721      	(0.000000e+00 0.000000e+00 0.000000e+00)
0.162744      	(0.000000e+00 0.000000e+00 0.000000e+00)
0.162766      	(0.000000e+00 0.000000e+00 0.000000e+00)
0.162788      	(0.000000e+00 0.000000e+00 0.000000e+00)
0.162811      	(0.000000e+00 0.000000e+00 0.000000e+00)
0.162833      	(0.000000e+00 0.000000e+00 0.000000e+00)
0.162855      	(0.000000e+00 0.000000e+00 0.000000e+00)
0.162878      	(0.000000e+00 0.000000e+00 0.000000e+00)
0.1629        	(0.000000e+00 0.000000e+00 0.000000e+00)
0.162922      	(0.000000e+00 0.000000e+00 0.000000e+00)
0.162945      	(0.000000e+00 0.000000e+00 0.000000e+00)
0.162967      	(0.000000e+00 0.000000e+00 0.000000e+00)
0.162989      	(0.000000e+00 0.000000e+00 0.000000e+00)
0.163012      	(0.000000e+00 0.000000e+00 0.000000e+00)
0.163034      	(0.000000e+00 0.000000e+00 0.000000e+00)
0.163056      	(0.000000e+00 0.000000e+00 0.000000e+00)
0.163078      	(0.000000e+00 0.000000e+00 0.000000e+00)
0.163101      	(0.000000e+00 0.000000e+00 0.000000e+00)
0.163123      	(0.000000e+00 0.000000e+00 0.000000e+00)
0.163145      	(0.000000e+00 0.000000e+00 0.000000e+00)
0.163167      	(0.000000e+00 0.000000e+00 0.000000e+00)
0.16319       	(0.000000e+00 0.000000e+00 0.000000e+00)
0.163212      	(0.000000e+00 0.000000e+00 0.000000e+00)
0.163234      	(0.000000e+00 0.000000e+00 0.000000e+00)
0.163256      	(0.000000e+00 0.000000e+00 0.000000e+00)
0.163278      	(0.000000e+00 0.000000e+00 0.000000e+00)
0.1633        	(0.000000e+00 0.000000e+00 0.000000e+00)
0.163323      	(0.000000e+00 0.000000e+00 0.000000e+00)
0.163345      	(0.000000e+00 0.000000e+00 0.000000e+00)
0.163367      	(0.000000e+00 0.000000e+00 0.000000e+00)
0.163389      	(0.000000e+00 0.000000e+00 0.000000e+00)
0.163411      	(0.000000e+00 0.000000e+00 0.000000e+00)
0.163433      	(0.000000e+00 0.000000e+00 0.000000e+00)
0.163456      	(0.000000e+00 0.000000e+00 0.000000e+00)
0.163478      	(0.000000e+00 0.000000e+00 0.000000e+00)
0.1635        	(0.000000e+00 0.000000e+00 0.000000e+00)
0.163522      	(0.000000e+00 0.000000e+00 0.000000e+00)
0.163544      	(0.000000e+00 0.000000e+00 0.000000e+00)
0.163566      	(0.000000e+00 0.000000e+00 0.000000e+00)
0.163588      	(0.000000e+00 0.000000e+00 0.000000e+00)
0.16361       	(0.000000e+00 0.000000e+00 0.000000e+00)
0.163632      	(0.000000e+00 0.000000e+00 0.000000e+00)
0.163654      	(0.000000e+00 0.000000e+00 0.000000e+00)
0.163677      	(0.000000e+00 0.000000e+00 0.000000e+00)
0.163699      	(0.000000e+00 0.000000e+00 0.000000e+00)
0.163721      	(0.000000e+00 0.000000e+00 0.000000e+00)
0.163743      	(0.000000e+00 0.000000e+00 0.000000e+00)
0.163765      	(0.000000e+00 0.000000e+00 0.000000e+00)
0.163787      	(0.000000e+00 0.000000e+00 0.000000e+00)
0.163809      	(0.000000e+00 0.000000e+00 0.000000e+00)
0.163831      	(0.000000e+00 0.000000e+00 0.000000e+00)
0.163853      	(0.000000e+00 0.000000e+00 0.000000e+00)
0.163875      	(0.000000e+00 0.000000e+00 0.000000e+00)
0.163897      	(0.000000e+00 0.000000e+00 0.000000e+00)
0.163919      	(0.000000e+00 0.000000e+00 0.000000e+00)
0.163941      	(0.000000e+00 0.000000e+00 0.000000e+00)
0.163963      	(0.000000e+00 0.000000e+00 0.000000e+00)
0.163984      	(0.000000e+00 0.000000e+00 0.000000e+00)
0.164006      	(0.000000e+00 0.000000e+00 0.000000e+00)
0.164028      	(0.000000e+00 0.000000e+00 0.000000e+00)
0.16405       	(0.000000e+00 0.000000e+00 0.000000e+00)
0.164072      	(0.000000e+00 0.000000e+00 0.000000e+00)
0.164094      	(0.000000e+00 0.000000e+00 0.000000e+00)
0.164116      	(0.000000e+00 0.000000e+00 0.000000e+00)
0.164138      	(0.000000e+00 0.000000e+00 0.000000e+00)
0.16416       	(0.000000e+00 0.000000e+00 0.000000e+00)
0.164182      	(0.000000e+00 0.000000e+00 0.000000e+00)
0.164204      	(0.000000e+00 0.000000e+00 0.000000e+00)
0.164226      	(0.000000e+00 0.000000e+00 0.000000e+00)
0.164247      	(0.000000e+00 0.000000e+00 0.000000e+00)
0.164269      	(0.000000e+00 0.000000e+00 0.000000e+00)
0.164291      	(0.000000e+00 0.000000e+00 0.000000e+00)
0.164313      	(0.000000e+00 0.000000e+00 0.000000e+00)
0.164335      	(0.000000e+00 0.000000e+00 0.000000e+00)
0.164357      	(0.000000e+00 0.000000e+00 0.000000e+00)
0.164379      	(0.000000e+00 0.000000e+00 0.000000e+00)
0.1644        	(0.000000e+00 0.000000e+00 0.000000e+00)
0.164422      	(0.000000e+00 0.000000e+00 0.000000e+00)
0.164444      	(0.000000e+00 0.000000e+00 0.000000e+00)
0.164466      	(0.000000e+00 0.000000e+00 0.000000e+00)
0.164487      	(0.000000e+00 0.000000e+00 0.000000e+00)
0.164509      	(0.000000e+00 0.000000e+00 0.000000e+00)
0.164531      	(0.000000e+00 0.000000e+00 0.000000e+00)
0.164553      	(0.000000e+00 0.000000e+00 0.000000e+00)
0.164575      	(0.000000e+00 0.000000e+00 0.000000e+00)
0.164596      	(0.000000e+00 0.000000e+00 0.000000e+00)
0.164618      	(0.000000e+00 0.000000e+00 0.000000e+00)
0.16464       	(0.000000e+00 0.000000e+00 0.000000e+00)
0.164662      	(0.000000e+00 0.000000e+00 0.000000e+00)
0.164683      	(0.000000e+00 0.000000e+00 0.000000e+00)
0.164705      	(0.000000e+00 0.000000e+00 0.000000e+00)
0.164727      	(0.000000e+00 0.000000e+00 0.000000e+00)
0.164748      	(0.000000e+00 0.000000e+00 0.000000e+00)
0.16477       	(0.000000e+00 0.000000e+00 0.000000e+00)
0.164792      	(0.000000e+00 0.000000e+00 0.000000e+00)
0.164814      	(0.000000e+00 0.000000e+00 0.000000e+00)
0.164835      	(0.000000e+00 0.000000e+00 0.000000e+00)
0.164857      	(0.000000e+00 0.000000e+00 0.000000e+00)
0.164879      	(0.000000e+00 0.000000e+00 0.000000e+00)
0.1649        	(0.000000e+00 0.000000e+00 0.000000e+00)
0.164922      	(0.000000e+00 0.000000e+00 0.000000e+00)
0.164944      	(0.000000e+00 0.000000e+00 0.000000e+00)
0.164965      	(0.000000e+00 0.000000e+00 0.000000e+00)
0.164987      	(0.000000e+00 0.000000e+00 0.000000e+00)
0.165008      	(0.000000e+00 0.000000e+00 0.000000e+00)
0.16503       	(0.000000e+00 0.000000e+00 0.000000e+00)
0.165052      	(0.000000e+00 0.000000e+00 0.000000e+00)
0.165073      	(0.000000e+00 0.000000e+00 0.000000e+00)
0.165095      	(0.000000e+00 0.000000e+00 0.000000e+00)
0.165116      	(0.000000e+00 0.000000e+00 0.000000e+00)
0.165138      	(0.000000e+00 0.000000e+00 0.000000e+00)
0.16516       	(0.000000e+00 0.000000e+00 0.000000e+00)
0.165181      	(0.000000e+00 0.000000e+00 0.000000e+00)
0.165203      	(0.000000e+00 0.000000e+00 0.000000e+00)
0.165224      	(0.000000e+00 0.000000e+00 0.000000e+00)
0.165246      	(0.000000e+00 0.000000e+00 0.000000e+00)
0.165267      	(0.000000e+00 0.000000e+00 0.000000e+00)
0.165289      	(0.000000e+00 0.000000e+00 0.000000e+00)
0.16531       	(0.000000e+00 0.000000e+00 0.000000e+00)
0.165332      	(0.000000e+00 0.000000e+00 0.000000e+00)
0.165353      	(0.000000e+00 0.000000e+00 0.000000e+00)
0.165375      	(0.000000e+00 0.000000e+00 0.000000e+00)
0.165396      	(0.000000e+00 0.000000e+00 0.000000e+00)
0.165418      	(0.000000e+00 0.000000e+00 0.000000e+00)
0.165439      	(0.000000e+00 0.000000e+00 0.000000e+00)
0.165461      	(0.000000e+00 0.000000e+00 0.000000e+00)
0.165482      	(0.000000e+00 0.000000e+00 0.000000e+00)
0.165504      	(0.000000e+00 0.000000e+00 0.000000e+00)
0.165525      	(0.000000e+00 0.000000e+00 0.000000e+00)
0.165547      	(0.000000e+00 0.000000e+00 0.000000e+00)
0.165568      	(0.000000e+00 0.000000e+00 0.000000e+00)
0.16559       	(0.000000e+00 0.000000e+00 0.000000e+00)
0.165611      	(0.000000e+00 0.000000e+00 0.000000e+00)
0.165632      	(0.000000e+00 0.000000e+00 0.000000e+00)
0.165654      	(0.000000e+00 0.000000e+00 0.000000e+00)
0.165675      	(0.000000e+00 0.000000e+00 0.000000e+00)
0.165697      	(0.000000e+00 0.000000e+00 0.000000e+00)
0.165718      	(0.000000e+00 0.000000e+00 0.000000e+00)
0.16574       	(0.000000e+00 0.000000e+00 0.000000e+00)
0.165761      	(0.000000e+00 0.000000e+00 0.000000e+00)
0.165782      	(0.000000e+00 0.000000e+00 0.000000e+00)
0.165804      	(0.000000e+00 0.000000e+00 0.000000e+00)
0.165825      	(0.000000e+00 0.000000e+00 0.000000e+00)
0.165847      	(0.000000e+00 0.000000e+00 0.000000e+00)
0.165868      	(0.000000e+00 0.000000e+00 0.000000e+00)
0.165889      	(0.000000e+00 0.000000e+00 0.000000e+00)
0.16591       	(0.000000e+00 0.000000e+00 0.000000e+00)
0.165932      	(0.000000e+00 0.000000e+00 0.000000e+00)
0.165953      	(0.000000e+00 0.000000e+00 0.000000e+00)
0.165974      	(0.000000e+00 0.000000e+00 0.000000e+00)
0.165996      	(0.000000e+00 0.000000e+00 0.000000e+00)
0.166017      	(0.000000e+00 0.000000e+00 0.000000e+00)
0.166038      	(0.000000e+00 0.000000e+00 0.000000e+00)
0.16606       	(0.000000e+00 0.000000e+00 0.000000e+00)
0.166081      	(0.000000e+00 0.000000e+00 0.000000e+00)
0.166102      	(0.000000e+00 0.000000e+00 0.000000e+00)
0.166123      	(0.000000e+00 0.000000e+00 0.000000e+00)
0.166145      	(0.000000e+00 0.000000e+00 0.000000e+00)
0.166166      	(0.000000e+00 0.000000e+00 0.000000e+00)
0.166187      	(0.000000e+00 0.000000e+00 0.000000e+00)
0.166209      	(0.000000e+00 0.000000e+00 0.000000e+00)
0.16623       	(0.000000e+00 0.000000e+00 0.000000e+00)
0.166251      	(0.000000e+00 0.000000e+00 0.000000e+00)
0.166272      	(0.000000e+00 0.000000e+00 0.000000e+00)
0.166293      	(0.000000e+00 0.000000e+00 0.000000e+00)
0.166315      	(0.000000e+00 0.000000e+00 0.000000e+00)
0.166336      	(0.000000e+00 0.000000e+00 0.000000e+00)
0.166357      	(0.000000e+00 0.000000e+00 0.000000e+00)
0.166378      	(0.000000e+00 0.000000e+00 0.000000e+00)
0.166399      	(0.000000e+00 0.000000e+00 0.000000e+00)
0.166421      	(0.000000e+00 0.000000e+00 0.000000e+00)
0.166442      	(0.000000e+00 0.000000e+00 0.000000e+00)
0.166463      	(0.000000e+00 0.000000e+00 0.000000e+00)
0.166484      	(0.000000e+00 0.000000e+00 0.000000e+00)
0.166505      	(0.000000e+00 0.000000e+00 0.000000e+00)
0.166526      	(0.000000e+00 0.000000e+00 0.000000e+00)
0.166548      	(0.000000e+00 0.000000e+00 0.000000e+00)
0.166569      	(0.000000e+00 0.000000e+00 0.000000e+00)
0.16659       	(0.000000e+00 0.000000e+00 0.000000e+00)
0.166611      	(0.000000e+00 0.000000e+00 0.000000e+00)
0.166632      	(0.000000e+00 0.000000e+00 0.000000e+00)
0.166653      	(0.000000e+00 0.000000e+00 0.000000e+00)
0.166674      	(0.000000e+00 0.000000e+00 0.000000e+00)
0.166696      	(0.000000e+00 0.000000e+00 0.000000e+00)
0.166717      	(0.000000e+00 0.000000e+00 0.000000e+00)
0.166738      	(0.000000e+00 0.000000e+00 0.000000e+00)
0.166759      	(0.000000e+00 0.000000e+00 0.000000e+00)
0.16678       	(0.000000e+00 0.000000e+00 0.000000e+00)
0.166801      	(0.000000e+00 0.000000e+00 0.000000e+00)
0.166822      	(0.000000e+00 0.000000e+00 0.000000e+00)
0.166843      	(0.000000e+00 0.000000e+00 0.000000e+00)
0.166864      	(0.000000e+00 0.000000e+00 0.000000e+00)
0.166885      	(0.000000e+00 0.000000e+00 0.000000e+00)
0.166906      	(0.000000e+00 0.000000e+00 0.000000e+00)
0.166927      	(0.000000e+00 0.000000e+00 0.000000e+00)
0.166948      	(0.000000e+00 0.000000e+00 0.000000e+00)
0.166969      	(0.000000e+00 0.000000e+00 0.000000e+00)
0.16699       	(0.000000e+00 0.000000e+00 0.000000e+00)
0.167011      	(0.000000e+00 0.000000e+00 0.000000e+00)
0.167032      	(0.000000e+00 0.000000e+00 0.000000e+00)
0.167053      	(0.000000e+00 0.000000e+00 0.000000e+00)
0.167074      	(0.000000e+00 0.000000e+00 0.000000e+00)
0.167095      	(0.000000e+00 0.000000e+00 0.000000e+00)
0.167116      	(0.000000e+00 0.000000e+00 0.000000e+00)
0.167137      	(0.000000e+00 0.000000e+00 0.000000e+00)
0.167158      	(0.000000e+00 0.000000e+00 0.000000e+00)
0.167179      	(0.000000e+00 0.000000e+00 0.000000e+00)
0.1672        	(0.000000e+00 0.000000e+00 0.000000e+00)
0.167221      	(0.000000e+00 0.000000e+00 0.000000e+00)
0.167242      	(0.000000e+00 0.000000e+00 0.000000e+00)
0.167263      	(0.000000e+00 0.000000e+00 0.000000e+00)
0.167283      	(0.000000e+00 0.000000e+00 0.000000e+00)
0.167304      	(0.000000e+00 0.000000e+00 0.000000e+00)
0.167325      	(0.000000e+00 0.000000e+00 0.000000e+00)
0.167346      	(0.000000e+00 0.000000e+00 0.000000e+00)
0.167367      	(0.000000e+00 0.000000e+00 0.000000e+00)
0.167388      	(0.000000e+00 0.000000e+00 0.000000e+00)
0.167409      	(0.000000e+00 0.000000e+00 0.000000e+00)
0.16743       	(0.000000e+00 0.000000e+00 0.000000e+00)
0.167451      	(0.000000e+00 0.000000e+00 0.000000e+00)
0.167472      	(0.000000e+00 0.000000e+00 0.000000e+00)
0.167492      	(0.000000e+00 0.000000e+00 0.000000e+00)
0.167513      	(0.000000e+00 0.000000e+00 0.000000e+00)
0.167534      	(0.000000e+00 0.000000e+00 0.000000e+00)
0.167555      	(0.000000e+00 0.000000e+00 0.000000e+00)
0.167576      	(0.000000e+00 0.000000e+00 0.000000e+00)
0.167597      	(0.000000e+00 0.000000e+00 0.000000e+00)
0.167618      	(0.000000e+00 0.000000e+00 0.000000e+00)
0.167639      	(0.000000e+00 0.000000e+00 0.000000e+00)
0.167659      	(0.000000e+00 0.000000e+00 0.000000e+00)
0.16768       	(0.000000e+00 0.000000e+00 0.000000e+00)
0.167701      	(0.000000e+00 0.000000e+00 0.000000e+00)
0.167722      	(0.000000e+00 0.000000e+00 0.000000e+00)
0.167742      	(0.000000e+00 0.000000e+00 0.000000e+00)
0.167763      	(0.000000e+00 0.000000e+00 0.000000e+00)
0.167784      	(0.000000e+00 0.000000e+00 0.000000e+00)
0.167804      	(0.000000e+00 0.000000e+00 0.000000e+00)
0.167825      	(0.000000e+00 0.000000e+00 0.000000e+00)
0.167846      	(0.000000e+00 0.000000e+00 0.000000e+00)
0.167867      	(0.000000e+00 0.000000e+00 0.000000e+00)
0.167887      	(0.000000e+00 0.000000e+00 0.000000e+00)
0.167908      	(0.000000e+00 0.000000e+00 0.000000e+00)
0.167929      	(0.000000e+00 0.000000e+00 0.000000e+00)
0.167949      	(0.000000e+00 0.000000e+00 0.000000e+00)
0.16797       	(0.000000e+00 0.000000e+00 0.000000e+00)
0.167991      	(0.000000e+00 0.000000e+00 0.000000e+00)
0.168012      	(0.000000e+00 0.000000e+00 0.000000e+00)
0.168032      	(0.000000e+00 0.000000e+00 0.000000e+00)
0.168053      	(0.000000e+00 0.000000e+00 0.000000e+00)
0.168074      	(0.000000e+00 0.000000e+00 0.000000e+00)
0.168094      	(0.000000e+00 0.000000e+00 0.000000e+00)
0.168115      	(0.000000e+00 0.000000e+00 0.000000e+00)
0.168136      	(0.000000e+00 0.000000e+00 0.000000e+00)
0.168157      	(0.000000e+00 0.000000e+00 0.000000e+00)
0.168177      	(0.000000e+00 0.000000e+00 0.000000e+00)
0.168198      	(0.000000e+00 0.000000e+00 0.000000e+00)
0.168219      	(0.000000e+00 0.000000e+00 0.000000e+00)
0.168239      	(0.000000e+00 0.000000e+00 0.000000e+00)
0.16826       	(0.000000e+00 0.000000e+00 0.000000e+00)
0.168281      	(0.000000e+00 0.000000e+00 0.000000e+00)
0.168302      	(0.000000e+00 0.000000e+00 0.000000e+00)
0.168322      	(0.000000e+00 0.000000e+00 0.000000e+00)
0.168343      	(0.000000e+00 0.000000e+00 0.000000e+00)
0.168363      	(0.000000e+00 0.000000e+00 0.000000e+00)
0.168384      	(0.000000e+00 0.000000e+00 0.000000e+00)
0.168404      	(0.000000e+00 0.000000e+00 0.000000e+00)
0.168425      	(0.000000e+00 0.000000e+00 0.000000e+00)
0.168445      	(0.000000e+00 0.000000e+00 0.000000e+00)
0.168465      	(0.000000e+00 0.000000e+00 0.000000e+00)
0.168486      	(0.000000e+00 0.000000e+00 0.000000e+00)
0.168506      	(0.000000e+00 0.000000e+00 0.000000e+00)
0.168527      	(0.000000e+00 0.000000e+00 0.000000e+00)
0.168547      	(0.000000e+00 0.000000e+00 0.000000e+00)
0.168568      	(0.000000e+00 0.000000e+00 0.000000e+00)
0.168588      	(0.000000e+00 0.000000e+00 0.000000e+00)
0.168609      	(0.000000e+00 0.000000e+00 0.000000e+00)
0.168629      	(0.000000e+00 0.000000e+00 0.000000e+00)
0.16865       	(0.000000e+00 0.000000e+00 0.000000e+00)
0.16867       	(0.000000e+00 0.000000e+00 0.000000e+00)
0.168691      	(0.000000e+00 0.000000e+00 0.000000e+00)
0.168711      	(0.000000e+00 0.000000e+00 0.000000e+00)
0.168731      	(0.000000e+00 0.000000e+00 0.000000e+00)
0.168752      	(0.000000e+00 0.000000e+00 0.000000e+00)
0.168772      	(0.000000e+00 0.000000e+00 0.000000e+00)
0.168793      	(0.000000e+00 0.000000e+00 0.000000e+00)
0.168813      	(0.000000e+00 0.000000e+00 0.000000e+00)
0.168834      	(0.000000e+00 0.000000e+00 0.000000e+00)
0.168854      	(0.000000e+00 0.000000e+00 0.000000e+00)
0.168875      	(0.000000e+00 0.000000e+00 0.000000e+00)
0.168895      	(0.000000e+00 0.000000e+00 0.000000e+00)
0.168916      	(0.000000e+00 0.000000e+00 0.000000e+00)
0.168936      	(0.000000e+00 0.000000e+00 0.000000e+00)
0.168957      	(0.000000e+00 0.000000e+00 0.000000e+00)
0.168977      	(0.000000e+00 0.000000e+00 0.000000e+00)
0.168997      	(0.000000e+00 0.000000e+00 0.000000e+00)
0.169018      	(0.000000e+00 0.000000e+00 0.000000e+00)
0.169038      	(0.000000e+00 0.000000e+00 0.000000e+00)
0.169059      	(0.000000e+00 0.000000e+00 0.000000e+00)
0.169079      	(0.000000e+00 0.000000e+00 0.000000e+00)
0.1691        	(0.000000e+00 0.000000e+00 0.000000e+00)
0.16912       	(0.000000e+00 0.000000e+00 0.000000e+00)
0.169141      	(0.000000e+00 0.000000e+00 0.000000e+00)
0.169161      	(0.000000e+00 0.000000e+00 0.000000e+00)
0.169182      	(0.000000e+00 0.000000e+00 0.000000e+00)
0.169202      	(0.000000e+00 0.000000e+00 0.000000e+00)
0.169223      	(0.000000e+00 0.000000e+00 0.000000e+00)
0.169243      	(0.000000e+00 0.000000e+00 0.000000e+00)
0.169263      	(0.000000e+00 0.000000e+00 0.000000e+00)
0.169284      	(0.000000e+00 0.000000e+00 0.000000e+00)
0.169304      	(0.000000e+00 0.000000e+00 0.000000e+00)
0.169324      	(0.000000e+00 0.000000e+00 0.000000e+00)
0.169344      	(0.000000e+00 0.000000e+00 0.000000e+00)
0.169364      	(0.000000e+00 0.000000e+00 0.000000e+00)
0.169384      	(0.000000e+00 0.000000e+00 0.000000e+00)
0.169404      	(0.000000e+00 0.000000e+00 0.000000e+00)
0.169424      	(0.000000e+00 0.000000e+00 0.000000e+00)
0.169443      	(0.000000e+00 0.000000e+00 0.000000e+00)
0.169463      	(0.000000e+00 0.000000e+00 0.000000e+00)
0.169483      	(0.000000e+00 0.000000e+00 0.000000e+00)
0.169503      	(0.000000e+00 0.000000e+00 0.000000e+00)
0.169523      	(0.000000e+00 0.000000e+00 0.000000e+00)
0.169543      	(0.000000e+00 0.000000e+00 0.000000e+00)
0.169563      	(0.000000e+00 0.000000e+00 0.000000e+00)
0.169583      	(0.000000e+00 0.000000e+00 0.000000e+00)
0.169602      	(0.000000e+00 0.000000e+00 0.000000e+00)
0.169622      	(0.000000e+00 0.000000e+00 0.000000e+00)
0.169642      	(0.000000e+00 0.000000e+00 0.000000e+00)
0.169662      	(0.000000e+00 0.000000e+00 0.000000e+00)
0.169682      	(0.000000e+00 0.000000e+00 0.000000e+00)
0.169702      	(0.000000e+00 0.000000e+00 0.000000e+00)
0.169722      	(0.000000e+00 0.000000e+00 0.000000e+00)
0.169742      	(0.000000e+00 0.000000e+00 0.000000e+00)
0.169761      	(0.000000e+00 0.000000e+00 0.000000e+00)
0.169781      	(0.000000e+00 0.000000e+00 0.000000e+00)
0.169801      	(0.000000e+00 0.000000e+00 0.000000e+00)
0.169821      	(0.000000e+00 0.000000e+00 0.000000e+00)
0.169841      	(0.000000e+00 0.000000e+00 0.000000e+00)
0.169861      	(0.000000e+00 0.000000e+00 0.000000e+00)
0.169881      	(0.000000e+00 0.000000e+00 0.000000e+00)
0.169901      	(0.000000e+00 0.000000e+00 0.000000e+00)
0.16992       	(0.000000e+00 0.000000e+00 0.000000e+00)
0.16994       	(0.000000e+00 0.000000e+00 0.000000e+00)
0.16996       	(0.000000e+00 0.000000e+00 0.000000e+00)
0.16998       	(0.000000e+00 0.000000e+00 0.000000e+00)
0.17          	(0.000000e+00 0.000000e+00 0.000000e+00)
0.17002       	(0.000000e+00 0.000000e+00 0.000000e+00)
0.17004       	(0.000000e+00 0.000000e+00 0.000000e+00)
0.170061      	(0.000000e+00 0.000000e+00 0.000000e+00)
0.170081      	(0.000000e+00 0.000000e+00 0.000000e+00)
0.170101      	(0.000000e+00 0.000000e+00 0.000000e+00)
0.170121      	(0.000000e+00 0.000000e+00 0.000000e+00)
0.170142      	(0.000000e+00 0.000000e+00 0.000000e+00)
0.170162      	(0.000000e+00 0.000000e+00 0.000000e+00)
0.170182      	(0.000000e+00 0.000000e+00 0.000000e+00)
0.170202      	(0.000000e+00 0.000000e+00 0.000000e+00)
0.170223      	(0.000000e+00 0.000000e+00 0.000000e+00)
0.170243      	(0.000000e+00 0.000000e+00 0.000000e+00)
0.170263      	(0.000000e+00 0.000000e+00 0.000000e+00)
0.170283      	(0.000000e+00 0.000000e+00 0.000000e+00)
0.170303      	(0.000000e+00 0.000000e+00 0.000000e+00)
0.170323      	(0.000000e+00 0.000000e+00 0.000000e+00)
0.170344      	(0.000000e+00 0.000000e+00 0.000000e+00)
0.170364      	(0.000000e+00 0.000000e+00 0.000000e+00)
0.170384      	(0.000000e+00 0.000000e+00 0.000000e+00)
0.170404      	(0.000000e+00 0.000000e+00 0.000000e+00)
0.170424      	(0.000000e+00 0.000000e+00 0.000000e+00)
0.170444      	(0.000000e+00 0.000000e+00 0.000000e+00)
0.170465      	(0.000000e+00 0.000000e+00 0.000000e+00)
0.170485      	(0.000000e+00 0.000000e+00 0.000000e+00)
0.170505      	(0.000000e+00 0.000000e+00 0.000000e+00)
0.170525      	(0.000000e+00 0.000000e+00 0.000000e+00)
0.170545      	(0.000000e+00 0.000000e+00 0.000000e+00)
0.170565      	(0.000000e+00 0.000000e+00 0.000000e+00)
0.170585      	(0.000000e+00 0.000000e+00 0.000000e+00)
0.170605      	(0.000000e+00 0.000000e+00 0.000000e+00)
0.170626      	(0.000000e+00 0.000000e+00 0.000000e+00)
0.170646      	(0.000000e+00 0.000000e+00 0.000000e+00)
0.170666      	(0.000000e+00 0.000000e+00 0.000000e+00)
0.170686      	(0.000000e+00 0.000000e+00 0.000000e+00)
0.170706      	(0.000000e+00 0.000000e+00 0.000000e+00)
0.170726      	(0.000000e+00 0.000000e+00 0.000000e+00)
0.170746      	(0.000000e+00 0.000000e+00 0.000000e+00)
0.170766      	(0.000000e+00 0.000000e+00 0.000000e+00)
0.170786      	(0.000000e+00 0.000000e+00 0.000000e+00)
0.170806      	(0.000000e+00 0.000000e+00 0.000000e+00)
0.170826      	(0.000000e+00 0.000000e+00 0.000000e+00)
0.170846      	(0.000000e+00 0.000000e+00 0.000000e+00)
0.170866      	(0.000000e+00 0.000000e+00 0.000000e+00)
0.170887      	(0.000000e+00 0.000000e+00 0.000000e+00)
0.170907      	(0.000000e+00 0.000000e+00 0.000000e+00)
0.170927      	(0.000000e+00 0.000000e+00 0.000000e+00)
0.170947      	(0.000000e+00 0.000000e+00 0.000000e+00)
0.170967      	(0.000000e+00 0.000000e+00 0.000000e+00)
0.170987      	(0.000000e+00 0.000000e+00 0.000000e+00)
0.171007      	(0.000000e+00 0.000000e+00 0.000000e+00)
0.171027      	(0.000000e+00 0.000000e+00 0.000000e+00)
0.171047      	(0.000000e+00 0.000000e+00 0.000000e+00)
0.171067      	(0.000000e+00 0.000000e+00 0.000000e+00)
0.171087      	(0.000000e+00 0.000000e+00 0.000000e+00)
0.171107      	(0.000000e+00 0.000000e+00 0.000000e+00)
0.171127      	(0.000000e+00 0.000000e+00 0.000000e+00)
0.171147      	(0.000000e+00 0.000000e+00 0.000000e+00)
0.171167      	(0.000000e+00 0.000000e+00 0.000000e+00)
0.171187      	(0.000000e+00 0.000000e+00 0.000000e+00)
0.171207      	(0.000000e+00 0.000000e+00 0.000000e+00)
0.171227      	(0.000000e+00 0.000000e+00 0.000000e+00)
0.171247      	(0.000000e+00 0.000000e+00 0.000000e+00)
0.171266      	(0.000000e+00 0.000000e+00 0.000000e+00)
0.171286      	(0.000000e+00 0.000000e+00 0.000000e+00)
0.171306      	(0.000000e+00 0.000000e+00 0.000000e+00)
0.171326      	(0.000000e+00 0.000000e+00 0.000000e+00)
0.171346      	(0.000000e+00 0.000000e+00 0.000000e+00)
0.171366      	(0.000000e+00 0.000000e+00 0.000000e+00)
0.171386      	(0.000000e+00 0.000000e+00 0.000000e+00)
0.171406      	(0.000000e+00 0.000000e+00 0.000000e+00)
0.171426      	(0.000000e+00 0.000000e+00 0.000000e+00)
0.171446      	(0.000000e+00 0.000000e+00 0.000000e+00)
0.171466      	(0.000000e+00 0.000000e+00 0.000000e+00)
0.171486      	(0.000000e+00 0.000000e+00 0.000000e+00)
0.171506      	(0.000000e+00 0.000000e+00 0.000000e+00)
0.171525      	(0.000000e+00 0.000000e+00 0.000000e+00)
0.171545      	(0.000000e+00 0.000000e+00 0.000000e+00)
0.171565      	(0.000000e+00 0.000000e+00 0.000000e+00)
0.171585      	(0.000000e+00 0.000000e+00 0.000000e+00)
0.171605      	(0.000000e+00 0.000000e+00 0.000000e+00)
0.171625      	(0.000000e+00 0.000000e+00 0.000000e+00)
0.171645      	(0.000000e+00 0.000000e+00 0.000000e+00)
0.171665      	(0.000000e+00 0.000000e+00 0.000000e+00)
0.171684      	(0.000000e+00 0.000000e+00 0.000000e+00)
0.171704      	(0.000000e+00 0.000000e+00 0.000000e+00)
0.171724      	(0.000000e+00 0.000000e+00 0.000000e+00)
0.171744      	(0.000000e+00 0.000000e+00 0.000000e+00)
0.171764      	(0.000000e+00 0.000000e+00 0.000000e+00)
0.171784      	(0.000000e+00 0.000000e+00 0.000000e+00)
0.171804      	(0.000000e+00 0.000000e+00 0.000000e+00)
0.171823      	(0.000000e+00 0.000000e+00 0.000000e+00)
0.171843      	(0.000000e+00 0.000000e+00 0.000000e+00)
0.171863      	(0.000000e+00 0.000000e+00 0.000000e+00)
0.171883      	(0.000000e+00 0.000000e+00 0.000000e+00)
0.171903      	(0.000000e+00 0.000000e+00 0.000000e+00)
0.171922      	(0.000000e+00 0.000000e+00 0.000000e+00)
0.171942      	(0.000000e+00 0.000000e+00 0.000000e+00)
0.171962      	(0.000000e+00 0.000000e+00 0.000000e+00)
0.171982      	(0.000000e+00 0.000000e+00 0.000000e+00)
0.172002      	(0.000000e+00 0.000000e+00 0.000000e+00)
0.172021      	(0.000000e+00 0.000000e+00 0.000000e+00)
0.172041      	(0.000000e+00 0.000000e+00 0.000000e+00)
0.172061      	(0.000000e+00 0.000000e+00 0.000000e+00)
0.172081      	(0.000000e+00 0.000000e+00 0.000000e+00)
0.172101      	(0.000000e+00 0.000000e+00 0.000000e+00)
0.17212       	(0.000000e+00 0.000000e+00 0.000000e+00)
0.17214       	(0.000000e+00 0.000000e+00 0.000000e+00)
0.17216       	(0.000000e+00 0.000000e+00 0.000000e+00)
0.17218       	(0.000000e+00 0.000000e+00 0.000000e+00)
0.172199      	(0.000000e+00 0.000000e+00 0.000000e+00)
0.172219      	(0.000000e+00 0.000000e+00 0.000000e+00)
0.172239      	(0.000000e+00 0.000000e+00 0.000000e+00)
0.172259      	(0.000000e+00 0.000000e+00 0.000000e+00)
0.172278      	(0.000000e+00 0.000000e+00 0.000000e+00)
0.172298      	(0.000000e+00 0.000000e+00 0.000000e+00)
0.172318      	(0.000000e+00 0.000000e+00 0.000000e+00)
0.172337      	(0.000000e+00 0.000000e+00 0.000000e+00)
0.172357      	(0.000000e+00 0.000000e+00 0.000000e+00)
0.172377      	(0.000000e+00 0.000000e+00 0.000000e+00)
0.172396      	(0.000000e+00 0.000000e+00 0.000000e+00)
0.172416      	(0.000000e+00 0.000000e+00 0.000000e+00)
0.172436      	(0.000000e+00 0.000000e+00 0.000000e+00)
0.172456      	(0.000000e+00 0.000000e+00 0.000000e+00)
0.172475      	(0.000000e+00 0.000000e+00 0.000000e+00)
0.172495      	(0.000000e+00 0.000000e+00 0.000000e+00)
0.172515      	(0.000000e+00 0.000000e+00 0.000000e+00)
0.172534      	(0.000000e+00 0.000000e+00 0.000000e+00)
0.172554      	(0.000000e+00 0.000000e+00 0.000000e+00)
0.172574      	(0.000000e+00 0.000000e+00 0.000000e+00)
0.172593      	(0.000000e+00 0.000000e+00 0.000000e+00)
0.172613      	(0.000000e+00 0.000000e+00 0.000000e+00)
0.172632      	(0.000000e+00 0.000000e+00 0.000000e+00)
0.172652      	(0.000000e+00 0.000000e+00 0.000000e+00)
0.172672      	(0.000000e+00 0.000000e+00 0.000000e+00)
0.172691      	(0.000000e+00 0.000000e+00 0.000000e+00)
0.172711      	(0.000000e+00 0.000000e+00 0.000000e+00)
0.172731      	(0.000000e+00 0.000000e+00 0.000000e+00)
0.17275       	(0.000000e+00 0.000000e+00 0.000000e+00)
0.17277       	(0.000000e+00 0.000000e+00 0.000000e+00)
0.172789      	(0.000000e+00 0.000000e+00 0.000000e+00)
0.172809      	(0.000000e+00 0.000000e+00 0.000000e+00)
0.172829      	(0.000000e+00 0.000000e+00 0.000000e+00)
0.172848      	(0.000000e+00 0.000000e+00 0.000000e+00)
0.172868      	(0.000000e+00 0.000000e+00 0.000000e+00)
0.172887      	(0.000000e+00 0.000000e+00 0.000000e+00)
0.172907      	(0.000000e+00 0.000000e+00 0.000000e+00)
0.172927      	(0.000000e+00 0.000000e+00 0.000000e+00)
0.172946      	(0.000000e+00 0.000000e+00 0.000000e+00)
0.172966      	(0.000000e+00 0.000000e+00 0.000000e+00)
0.172985      	(0.000000e+00 0.000000e+00 0.000000e+00)
0.173005      	(0.000000e+00 0.000000e+00 0.000000e+00)
0.173025      	(0.000000e+00 0.000000e+00 0.000000e+00)
0.173044      	(0.000000e+00 0.000000e+00 0.000000e+00)
0.173064      	(0.000000e+00 0.000000e+00 0.000000e+00)
0.173083      	(0.000000e+00 0.000000e+00 0.000000e+00)
0.173103      	(0.000000e+00 0.000000e+00 0.000000e+00)
0.173122      	(0.000000e+00 0.000000e+00 0.000000e+00)
0.173142      	(0.000000e+00 0.000000e+00 0.000000e+00)
0.173161      	(0.000000e+00 0.000000e+00 0.000000e+00)
0.173181      	(0.000000e+00 0.000000e+00 0.000000e+00)
0.1732        	(0.000000e+00 0.000000e+00 0.000000e+00)
0.17322       	(0.000000e+00 0.000000e+00 0.000000e+00)
0.173239      	(0.000000e+00 0.000000e+00 0.000000e+00)
0.173259      	(0.000000e+00 0.000000e+00 0.000000e+00)
0.173278      	(0.000000e+00 0.000000e+00 0.000000e+00)
0.173298      	(0.000000e+00 0.000000e+00 0.000000e+00)
0.173317      	(0.000000e+00 0.000000e+00 0.000000e+00)
0.173337      	(0.000000e+00 0.000000e+00 0.000000e+00)
0.173356      	(0.000000e+00 0.000000e+00 0.000000e+00)
0.173376      	(0.000000e+00 0.000000e+00 0.000000e+00)
0.173395      	(0.000000e+00 0.000000e+00 0.000000e+00)
0.173415      	(0.000000e+00 0.000000e+00 0.000000e+00)
0.173434      	(0.000000e+00 0.000000e+00 0.000000e+00)
0.173454      	(0.000000e+00 0.000000e+00 0.000000e+00)
0.173473      	(0.000000e+00 0.000000e+00 0.000000e+00)
0.173493      	(0.000000e+00 0.000000e+00 0.000000e+00)
0.173512      	(0.000000e+00 0.000000e+00 0.000000e+00)
0.173532      	(0.000000e+00 0.000000e+00 0.000000e+00)
0.173551      	(0.000000e+00 0.000000e+00 0.000000e+00)
0.17357       	(0.000000e+00 0.000000e+00 0.000000e+00)
0.17359       	(0.000000e+00 0.000000e+00 0.000000e+00)
0.173609      	(0.000000e+00 0.000000e+00 0.000000e+00)
0.173629      	(0.000000e+00 0.000000e+00 0.000000e+00)
0.173648      	(0.000000e+00 0.000000e+00 0.000000e+00)
0.173668      	(0.000000e+00 0.000000e+00 0.000000e+00)
0.173687      	(0.000000e+00 0.000000e+00 0.000000e+00)
0.173706      	(0.000000e+00 0.000000e+00 0.000000e+00)
0.173726      	(0.000000e+00 0.000000e+00 0.000000e+00)
0.173745      	(0.000000e+00 0.000000e+00 0.000000e+00)
0.173765      	(0.000000e+00 0.000000e+00 0.000000e+00)
0.173784      	(0.000000e+00 0.000000e+00 0.000000e+00)
0.173804      	(0.000000e+00 0.000000e+00 0.000000e+00)
0.173823      	(0.000000e+00 0.000000e+00 0.000000e+00)
0.173842      	(0.000000e+00 0.000000e+00 0.000000e+00)
0.173862      	(0.000000e+00 0.000000e+00 0.000000e+00)
0.173881      	(0.000000e+00 0.000000e+00 0.000000e+00)
0.1739        	(0.000000e+00 0.000000e+00 0.000000e+00)
0.17392       	(0.000000e+00 0.000000e+00 0.000000e+00)
0.173939      	(0.000000e+00 0.000000e+00 0.000000e+00)
0.173958      	(0.000000e+00 0.000000e+00 0.000000e+00)
0.173978      	(0.000000e+00 0.000000e+00 0.000000e+00)
0.173997      	(0.000000e+00 0.000000e+00 0.000000e+00)
0.174017      	(0.000000e+00 0.000000e+00 0.000000e+00)
0.174036      	(0.000000e+00 0.000000e+00 0.000000e+00)
0.174055      	(0.000000e+00 0.000000e+00 0.000000e+00)
0.174075      	(0.000000e+00 0.000000e+00 0.000000e+00)
0.174094      	(0.000000e+00 0.000000e+00 0.000000e+00)
0.174113      	(0.000000e+00 0.000000e+00 0.000000e+00)
0.174133      	(0.000000e+00 0.000000e+00 0.000000e+00)
0.174152      	(0.000000e+00 0.000000e+00 0.000000e+00)
0.174171      	(0.000000e+00 0.000000e+00 0.000000e+00)
0.17419       	(0.000000e+00 0.000000e+00 0.000000e+00)
0.17421       	(0.000000e+00 0.000000e+00 0.000000e+00)
0.174229      	(0.000000e+00 0.000000e+00 0.000000e+00)
0.174248      	(0.000000e+00 0.000000e+00 0.000000e+00)
0.174268      	(0.000000e+00 0.000000e+00 0.000000e+00)
0.174287      	(0.000000e+00 0.000000e+00 0.000000e+00)
0.174306      	(0.000000e+00 0.000000e+00 0.000000e+00)
0.174326      	(0.000000e+00 0.000000e+00 0.000000e+00)
0.174345      	(0.000000e+00 0.000000e+00 0.000000e+00)
0.174364      	(0.000000e+00 0.000000e+00 0.000000e+00)
0.174383      	(0.000000e+00 0.000000e+00 0.000000e+00)
0.174403      	(0.000000e+00 0.000000e+00 0.000000e+00)
0.174422      	(0.000000e+00 0.000000e+00 0.000000e+00)
0.174441      	(0.000000e+00 0.000000e+00 0.000000e+00)
0.17446       	(0.000000e+00 0.000000e+00 0.000000e+00)
0.17448       	(0.000000e+00 0.000000e+00 0.000000e+00)
0.174499      	(0.000000e+00 0.000000e+00 0.000000e+00)
0.174518      	(0.000000e+00 0.000000e+00 0.000000e+00)
0.174537      	(0.000000e+00 0.000000e+00 0.000000e+00)
0.174557      	(0.000000e+00 0.000000e+00 0.000000e+00)
0.174576      	(0.000000e+00 0.000000e+00 0.000000e+00)
0.174595      	(0.000000e+00 0.000000e+00 0.000000e+00)
0.174614      	(0.000000e+00 0.000000e+00 0.000000e+00)
0.174634      	(0.000000e+00 0.000000e+00 0.000000e+00)
0.174653      	(0.000000e+00 0.000000e+00 0.000000e+00)
0.174672      	(0.000000e+00 0.000000e+00 0.000000e+00)
0.174691      	(0.000000e+00 0.000000e+00 0.000000e+00)
0.174711      	(0.000000e+00 0.000000e+00 0.000000e+00)
0.17473       	(0.000000e+00 0.000000e+00 0.000000e+00)
0.174749      	(0.000000e+00 0.000000e+00 0.000000e+00)
0.174768      	(0.000000e+00 0.000000e+00 0.000000e+00)
0.174787      	(0.000000e+00 0.000000e+00 0.000000e+00)
0.174806      	(0.000000e+00 0.000000e+00 0.000000e+00)
0.174826      	(0.000000e+00 0.000000e+00 0.000000e+00)
0.174845      	(0.000000e+00 0.000000e+00 0.000000e+00)
0.174864      	(0.000000e+00 0.000000e+00 0.000000e+00)
0.174883      	(0.000000e+00 0.000000e+00 0.000000e+00)
0.174902      	(0.000000e+00 0.000000e+00 0.000000e+00)
0.174921      	(0.000000e+00 0.000000e+00 0.000000e+00)
0.174941      	(0.000000e+00 0.000000e+00 0.000000e+00)
0.17496       	(0.000000e+00 0.000000e+00 0.000000e+00)
0.174979      	(0.000000e+00 0.000000e+00 0.000000e+00)
0.174998      	(0.000000e+00 0.000000e+00 0.000000e+00)
0.175017      	(0.000000e+00 0.000000e+00 0.000000e+00)
0.175036      	(0.000000e+00 0.000000e+00 0.000000e+00)
0.175056      	(0.000000e+00 0.000000e+00 0.000000e+00)
0.175075      	(0.000000e+00 0.000000e+00 0.000000e+00)
0.175094      	(0.000000e+00 0.000000e+00 0.000000e+00)
0.175113      	(0.000000e+00 0.000000e+00 0.000000e+00)
0.175132      	(0.000000e+00 0.000000e+00 0.000000e+00)
0.175151      	(0.000000e+00 0.000000e+00 0.000000e+00)
0.17517       	(0.000000e+00 0.000000e+00 0.000000e+00)
0.175189      	(0.000000e+00 0.000000e+00 0.000000e+00)
0.175208      	(0.000000e+00 0.000000e+00 0.000000e+00)
0.175228      	(0.000000e+00 0.000000e+00 0.000000e+00)
0.175247      	(0.000000e+00 0.000000e+00 0.000000e+00)
0.175266      	(0.000000e+00 0.000000e+00 0.000000e+00)
0.175285      	(0.000000e+00 0.000000e+00 0.000000e+00)
0.175304      	(0.000000e+00 0.000000e+00 0.000000e+00)
0.175323      	(0.000000e+00 0.000000e+00 0.000000e+00)
0.175342      	(0.000000e+00 0.000000e+00 0.000000e+00)
0.175361      	(0.000000e+00 0.000000e+00 0.000000e+00)
0.17538       	(0.000000e+00 0.000000e+00 0.000000e+00)
0.175399      	(0.000000e+00 0.000000e+00 0.000000e+00)
0.175418      	(0.000000e+00 0.000000e+00 0.000000e+00)
0.175438      	(0.000000e+00 0.000000e+00 0.000000e+00)
0.175457      	(0.000000e+00 0.000000e+00 0.000000e+00)
0.175476      	(0.000000e+00 0.000000e+00 0.000000e+00)
0.175495      	(0.000000e+00 0.000000e+00 0.000000e+00)
0.175514      	(0.000000e+00 0.000000e+00 0.000000e+00)
0.175533      	(0.000000e+00 0.000000e+00 0.000000e+00)
0.175552      	(0.000000e+00 0.000000e+00 0.000000e+00)
0.175571      	(0.000000e+00 0.000000e+00 0.000000e+00)
0.17559       	(0.000000e+00 0.000000e+00 0.000000e+00)
0.175609      	(0.000000e+00 0.000000e+00 0.000000e+00)
0.175628      	(0.000000e+00 0.000000e+00 0.000000e+00)
0.175647      	(0.000000e+00 0.000000e+00 0.000000e+00)
0.175666      	(0.000000e+00 0.000000e+00 0.000000e+00)
0.175685      	(0.000000e+00 0.000000e+00 0.000000e+00)
0.175704      	(0.000000e+00 0.000000e+00 0.000000e+00)
0.175723      	(0.000000e+00 0.000000e+00 0.000000e+00)
0.175742      	(0.000000e+00 0.000000e+00 0.000000e+00)
0.175761      	(0.000000e+00 0.000000e+00 0.000000e+00)
0.17578       	(0.000000e+00 0.000000e+00 0.000000e+00)
0.175799      	(0.000000e+00 0.000000e+00 0.000000e+00)
0.175818      	(0.000000e+00 0.000000e+00 0.000000e+00)
0.175837      	(0.000000e+00 0.000000e+00 0.000000e+00)
0.175856      	(0.000000e+00 0.000000e+00 0.000000e+00)
0.175875      	(0.000000e+00 0.000000e+00 0.000000e+00)
0.175894      	(0.000000e+00 0.000000e+00 0.000000e+00)
0.175913      	(0.000000e+00 0.000000e+00 0.000000e+00)
0.175932      	(0.000000e+00 0.000000e+00 0.000000e+00)
0.175951      	(0.000000e+00 0.000000e+00 0.000000e+00)
0.17597       	(0.000000e+00 0.000000e+00 0.000000e+00)
0.175989      	(0.000000e+00 0.000000e+00 0.000000e+00)
0.176008      	(0.000000e+00 0.000000e+00 0.000000e+00)
0.176027      	(0.000000e+00 0.000000e+00 0.000000e+00)
0.176045      	(0.000000e+00 0.000000e+00 0.000000e+00)
0.176064      	(0.000000e+00 0.000000e+00 0.000000e+00)
0.176083      	(0.000000e+00 0.000000e+00 0.000000e+00)
0.176102      	(0.000000e+00 0.000000e+00 0.000000e+00)
0.176121      	(0.000000e+00 0.000000e+00 0.000000e+00)
0.17614       	(0.000000e+00 0.000000e+00 0.000000e+00)
0.176159      	(0.000000e+00 0.000000e+00 0.000000e+00)
0.176178      	(0.000000e+00 0.000000e+00 0.000000e+00)
0.176197      	(0.000000e+00 0.000000e+00 0.000000e+00)
0.176216      	(0.000000e+00 0.000000e+00 0.000000e+00)
0.176235      	(0.000000e+00 0.000000e+00 0.000000e+00)
0.176254      	(0.000000e+00 0.000000e+00 0.000000e+00)
0.176272      	(0.000000e+00 0.000000e+00 0.000000e+00)
0.176291      	(0.000000e+00 0.000000e+00 0.000000e+00)
0.17631       	(0.000000e+00 0.000000e+00 0.000000e+00)
0.176329      	(0.000000e+00 0.000000e+00 0.000000e+00)
0.176348      	(0.000000e+00 0.000000e+00 0.000000e+00)
0.176367      	(0.000000e+00 0.000000e+00 0.000000e+00)
0.176386      	(0.000000e+00 0.000000e+00 0.000000e+00)
0.176405      	(0.000000e+00 0.000000e+00 0.000000e+00)
0.176424      	(0.000000e+00 0.000000e+00 0.000000e+00)
0.176443      	(0.000000e+00 0.000000e+00 0.000000e+00)
0.176461      	(0.000000e+00 0.000000e+00 0.000000e+00)
0.17648       	(0.000000e+00 0.000000e+00 0.000000e+00)
0.176499      	(0.000000e+00 0.000000e+00 0.000000e+00)
0.176518      	(0.000000e+00 0.000000e+00 0.000000e+00)
0.176537      	(0.000000e+00 0.000000e+00 0.000000e+00)
0.176556      	(0.000000e+00 0.000000e+00 0.000000e+00)
0.176574      	(0.000000e+00 0.000000e+00 0.000000e+00)
0.176593      	(0.000000e+00 0.000000e+00 0.000000e+00)
0.176612      	(0.000000e+00 0.000000e+00 0.000000e+00)
0.176631      	(0.000000e+00 0.000000e+00 0.000000e+00)
0.17665       	(0.000000e+00 0.000000e+00 0.000000e+00)
0.176668      	(0.000000e+00 0.000000e+00 0.000000e+00)
0.176687      	(0.000000e+00 0.000000e+00 0.000000e+00)
0.176706      	(0.000000e+00 0.000000e+00 0.000000e+00)
0.176725      	(0.000000e+00 0.000000e+00 0.000000e+00)
0.176744      	(0.000000e+00 0.000000e+00 0.000000e+00)
0.176763      	(0.000000e+00 0.000000e+00 0.000000e+00)
0.176781      	(0.000000e+00 0.000000e+00 0.000000e+00)
0.1768        	(0.000000e+00 0.000000e+00 0.000000e+00)
0.176819      	(0.000000e+00 0.000000e+00 0.000000e+00)
0.176838      	(0.000000e+00 0.000000e+00 0.000000e+00)
0.176857      	(0.000000e+00 0.000000e+00 0.000000e+00)
0.176875      	(0.000000e+00 0.000000e+00 0.000000e+00)
0.176894      	(0.000000e+00 0.000000e+00 0.000000e+00)
0.176913      	(0.000000e+00 0.000000e+00 0.000000e+00)
0.176932      	(0.000000e+00 0.000000e+00 0.000000e+00)
0.176951      	(0.000000e+00 0.000000e+00 0.000000e+00)
0.176969      	(0.000000e+00 0.000000e+00 0.000000e+00)
0.176988      	(0.000000e+00 0.000000e+00 0.000000e+00)
0.177007      	(0.000000e+00 0.000000e+00 0.000000e+00)
0.177026      	(0.000000e+00 0.000000e+00 0.000000e+00)
0.177044      	(0.000000e+00 0.000000e+00 0.000000e+00)
0.177063      	(0.000000e+00 0.000000e+00 0.000000e+00)
0.177082      	(0.000000e+00 0.000000e+00 0.000000e+00)
0.1771        	(0.000000e+00 0.000000e+00 0.000000e+00)
0.177119      	(0.000000e+00 0.000000e+00 0.000000e+00)
0.177138      	(0.000000e+00 0.000000e+00 0.000000e+00)
0.177157      	(0.000000e+00 0.000000e+00 0.000000e+00)
0.177175      	(0.000000e+00 0.000000e+00 0.000000e+00)
0.177194      	(0.000000e+00 0.000000e+00 0.000000e+00)
0.177213      	(0.000000e+00 0.000000e+00 0.000000e+00)
0.177231      	(0.000000e+00 0.000000e+00 0.000000e+00)
0.17725       	(0.000000e+00 0.000000e+00 0.000000e+00)
0.177269      	(0.000000e+00 0.000000e+00 0.000000e+00)
0.177288      	(0.000000e+00 0.000000e+00 0.000000e+00)
0.177306      	(0.000000e+00 0.000000e+00 0.000000e+00)
0.177325      	(0.000000e+00 0.000000e+00 0.000000e+00)
0.177344      	(0.000000e+00 0.000000e+00 0.000000e+00)
0.177362      	(0.000000e+00 0.000000e+00 0.000000e+00)
0.177381      	(0.000000e+00 0.000000e+00 0.000000e+00)
0.1774        	(0.000000e+00 0.000000e+00 0.000000e+00)
0.177418      	(0.000000e+00 0.000000e+00 0.000000e+00)
0.177437      	(0.000000e+00 0.000000e+00 0.000000e+00)
0.177456      	(0.000000e+00 0.000000e+00 0.000000e+00)
0.177475      	(0.000000e+00 0.000000e+00 0.000000e+00)
0.177493      	(0.000000e+00 0.000000e+00 0.000000e+00)
0.177512      	(0.000000e+00 0.000000e+00 0.000000e+00)
0.177531      	(0.000000e+00 0.000000e+00 0.000000e+00)
0.177549      	(0.000000e+00 0.000000e+00 0.000000e+00)
0.177568      	(0.000000e+00 0.000000e+00 0.000000e+00)
0.177587      	(0.000000e+00 0.000000e+00 0.000000e+00)
0.177606      	(0.000000e+00 0.000000e+00 0.000000e+00)
0.177624      	(0.000000e+00 0.000000e+00 0.000000e+00)
0.177643      	(0.000000e+00 0.000000e+00 0.000000e+00)
0.177661      	(0.000000e+00 0.000000e+00 0.000000e+00)
0.17768       	(0.000000e+00 0.000000e+00 0.000000e+00)
0.177698      	(0.000000e+00 0.000000e+00 0.000000e+00)
0.177717      	(0.000000e+00 0.000000e+00 0.000000e+00)
0.177736      	(0.000000e+00 0.000000e+00 0.000000e+00)
0.177754      	(0.000000e+00 0.000000e+00 0.000000e+00)
0.177773      	(0.000000e+00 0.000000e+00 0.000000e+00)
0.177791      	(0.000000e+00 0.000000e+00 0.000000e+00)
0.17781       	(0.000000e+00 0.000000e+00 0.000000e+00)
0.177828      	(0.000000e+00 0.000000e+00 0.000000e+00)
0.177847      	(0.000000e+00 0.000000e+00 0.000000e+00)
0.177866      	(0.000000e+00 0.000000e+00 0.000000e+00)
0.177884      	(0.000000e+00 0.000000e+00 0.000000e+00)
0.177903      	(0.000000e+00 0.000000e+00 0.000000e+00)
0.177921      	(0.000000e+00 0.000000e+00 0.000000e+00)
0.17794       	(0.000000e+00 0.000000e+00 0.000000e+00)
0.177958      	(0.000000e+00 0.000000e+00 0.000000e+00)
0.177977      	(0.000000e+00 0.000000e+00 0.000000e+00)
0.177995      	(0.000000e+00 0.000000e+00 0.000000e+00)
0.178014      	(0.000000e+00 0.000000e+00 0.000000e+00)
0.178033      	(0.000000e+00 0.000000e+00 0.000000e+00)
0.178051      	(0.000000e+00 0.000000e+00 0.000000e+00)
0.17807       	(0.000000e+00 0.000000e+00 0.000000e+00)
0.178088      	(0.000000e+00 0.000000e+00 0.000000e+00)
0.178107      	(0.000000e+00 0.000000e+00 0.000000e+00)
0.178125      	(0.000000e+00 0.000000e+00 0.000000e+00)
0.178144      	(0.000000e+00 0.000000e+00 0.000000e+00)
0.178162      	(0.000000e+00 0.000000e+00 0.000000e+00)
0.178181      	(0.000000e+00 0.000000e+00 0.000000e+00)
0.1782        	(0.000000e+00 0.000000e+00 0.000000e+00)
0.178218      	(0.000000e+00 0.000000e+00 0.000000e+00)
0.178237      	(0.000000e+00 0.000000e+00 0.000000e+00)
0.178255      	(0.000000e+00 0.000000e+00 0.000000e+00)
0.178274      	(0.000000e+00 0.000000e+00 0.000000e+00)
0.178292      	(0.000000e+00 0.000000e+00 0.000000e+00)
0.178311      	(0.000000e+00 0.000000e+00 0.000000e+00)
0.17833       	(0.000000e+00 0.000000e+00 0.000000e+00)
0.178348      	(0.000000e+00 0.000000e+00 0.000000e+00)
0.178367      	(0.000000e+00 0.000000e+00 0.000000e+00)
0.178385      	(0.000000e+00 0.000000e+00 0.000000e+00)
0.178404      	(0.000000e+00 0.000000e+00 0.000000e+00)
0.178422      	(0.000000e+00 0.000000e+00 0.000000e+00)
0.178441      	(0.000000e+00 0.000000e+00 0.000000e+00)
0.178459      	(0.000000e+00 0.000000e+00 0.000000e+00)
0.178478      	(0.000000e+00 0.000000e+00 0.000000e+00)
0.178497      	(0.000000e+00 0.000000e+00 0.000000e+00)
0.178515      	(0.000000e+00 0.000000e+00 0.000000e+00)
0.178533      	(0.000000e+00 0.000000e+00 0.000000e+00)
0.178552      	(0.000000e+00 0.000000e+00 0.000000e+00)
0.17857       	(0.000000e+00 0.000000e+00 0.000000e+00)
0.178588      	(0.000000e+00 0.000000e+00 0.000000e+00)
0.178607      	(0.000000e+00 0.000000e+00 0.000000e+00)
0.178625      	(0.000000e+00 0.000000e+00 0.000000e+00)
0.178643      	(0.000000e+00 0.000000e+00 0.000000e+00)
0.178662      	(0.000000e+00 0.000000e+00 0.000000e+00)
0.17868       	(0.000000e+00 0.000000e+00 0.000000e+00)
0.178698      	(0.000000e+00 0.000000e+00 0.000000e+00)
0.178717      	(0.000000e+00 0.000000e+00 0.000000e+00)
0.178735      	(0.000000e+00 0.000000e+00 0.000000e+00)
0.178753      	(0.000000e+00 0.000000e+00 0.000000e+00)
0.178772      	(0.000000e+00 0.000000e+00 0.000000e+00)
0.17879       	(0.000000e+00 0.000000e+00 0.000000e+00)
0.178808      	(0.000000e+00 0.000000e+00 0.000000e+00)
0.178827      	(0.000000e+00 0.000000e+00 0.000000e+00)
0.178845      	(0.000000e+00 0.000000e+00 0.000000e+00)
0.178863      	(0.000000e+00 0.000000e+00 0.000000e+00)
0.178882      	(0.000000e+00 0.000000e+00 0.000000e+00)
0.1789        	(0.000000e+00 0.000000e+00 0.000000e+00)
0.178918      	(0.000000e+00 0.000000e+00 0.000000e+00)
0.178937      	(0.000000e+00 0.000000e+00 0.000000e+00)
0.178955      	(0.000000e+00 0.000000e+00 0.000000e+00)
0.178973      	(0.000000e+00 0.000000e+00 0.000000e+00)
0.178992      	(0.000000e+00 0.000000e+00 0.000000e+00)
0.17901       	(0.000000e+00 0.000000e+00 0.000000e+00)
0.179028      	(0.000000e+00 0.000000e+00 0.000000e+00)
0.179047      	(0.000000e+00 0.000000e+00 0.000000e+00)
0.179065      	(0.000000e+00 0.000000e+00 0.000000e+00)
0.179083      	(0.000000e+00 0.000000e+00 0.000000e+00)
0.179102      	(0.000000e+00 0.000000e+00 0.000000e+00)
0.17912       	(0.000000e+00 0.000000e+00 0.000000e+00)
0.179138      	(0.000000e+00 0.000000e+00 0.000000e+00)
0.179157      	(0.000000e+00 0.000000e+00 0.000000e+00)
0.179175      	(0.000000e+00 0.000000e+00 0.000000e+00)
0.179193      	(0.000000e+00 0.000000e+00 0.000000e+00)
0.179212      	(0.000000e+00 0.000000e+00 0.000000e+00)
0.17923       	(0.000000e+00 0.000000e+00 0.000000e+00)
0.179248      	(0.000000e+00 0.000000e+00 0.000000e+00)
0.179267      	(0.000000e+00 0.000000e+00 0.000000e+00)
0.179285      	(0.000000e+00 0.000000e+00 0.000000e+00)
0.179303      	(0.000000e+00 0.000000e+00 0.000000e+00)
0.179322      	(0.000000e+00 0.000000e+00 0.000000e+00)
0.17934       	(0.000000e+00 0.000000e+00 0.000000e+00)
0.179358      	(0.000000e+00 0.000000e+00 0.000000e+00)
0.179377      	(0.000000e+00 0.000000e+00 0.000000e+00)
0.179395      	(0.000000e+00 0.000000e+00 0.000000e+00)
0.179413      	(0.000000e+00 0.000000e+00 0.000000e+00)
0.179432      	(0.000000e+00 0.000000e+00 0.000000e+00)
0.17945       	(0.000000e+00 0.000000e+00 0.000000e+00)
0.179468      	(0.000000e+00 0.000000e+00 0.000000e+00)
0.179487      	(0.000000e+00 0.000000e+00 0.000000e+00)
0.179505      	(0.000000e+00 0.000000e+00 0.000000e+00)
0.179523      	(0.000000e+00 0.000000e+00 0.000000e+00)
0.179542      	(0.000000e+00 0.000000e+00 0.000000e+00)
0.17956       	(0.000000e+00 0.000000e+00 0.000000e+00)
0.179578      	(0.000000e+00 0.000000e+00 0.000000e+00)
0.179597      	(0.000000e+00 0.000000e+00 0.000000e+00)
0.179615      	(0.000000e+00 0.000000e+00 0.000000e+00)
0.179633      	(0.000000e+00 0.000000e+00 0.000000e+00)
0.179652      	(0.000000e+00 0.000000e+00 0.000000e+00)
0.17967       	(0.000000e+00 0.000000e+00 0.000000e+00)
0.179688      	(0.000000e+00 0.000000e+00 0.000000e+00)
0.179707      	(0.000000e+00 0.000000e+00 0.000000e+00)
0.179725      	(0.000000e+00 0.000000e+00 0.000000e+00)
0.179743      	(0.000000e+00 0.000000e+00 0.000000e+00)
0.179762      	(0.000000e+00 0.000000e+00 0.000000e+00)
0.17978       	(0.000000e+00 0.000000e+00 0.000000e+00)
0.179798      	(0.000000e+00 0.000000e+00 0.000000e+00)
0.179817      	(0.000000e+00 0.000000e+00 0.000000e+00)
0.179835      	(0.000000e+00 0.000000e+00 0.000000e+00)
0.179853      	(0.000000e+00 0.000000e+00 0.000000e+00)
0.179872      	(0.000000e+00 0.000000e+00 0.000000e+00)
0.17989       	(0.000000e+00 0.000000e+00 0.000000e+00)
0.179908      	(0.000000e+00 0.000000e+00 0.000000e+00)
0.179927      	(0.000000e+00 0.000000e+00 0.000000e+00)
0.179945      	(0.000000e+00 0.000000e+00 0.000000e+00)
0.179963      	(0.000000e+00 0.000000e+00 0.000000e+00)
0.179982      	(0.000000e+00 0.000000e+00 0.000000e+00)
0.18          	(0.000000e+00 0.000000e+00 0.000000e+00)
0.180018      	(0.000000e+00 0.000000e+00 0.000000e+00)
0.180037      	(0.000000e+00 0.000000e+00 0.000000e+00)
0.180055      	(0.000000e+00 0.000000e+00 0.000000e+00)
0.180073      	(0.000000e+00 0.000000e+00 0.000000e+00)
0.180092      	(0.000000e+00 0.000000e+00 0.000000e+00)
0.18011       	(0.000000e+00 0.000000e+00 0.000000e+00)
0.180128      	(0.000000e+00 0.000000e+00 0.000000e+00)
0.180146      	(0.000000e+00 0.000000e+00 0.000000e+00)
0.180165      	(0.000000e+00 0.000000e+00 0.000000e+00)
0.180183      	(0.000000e+00 0.000000e+00 0.000000e+00)
0.180201      	(0.000000e+00 0.000000e+00 0.000000e+00)
0.18022       	(0.000000e+00 0.000000e+00 0.000000e+00)
0.180238      	(0.000000e+00 0.000000e+00 0.000000e+00)
0.180256      	(0.000000e+00 0.000000e+00 0.000000e+00)
0.180274      	(0.000000e+00 0.000000e+00 0.000000e+00)
0.180293      	(0.000000e+00 0.000000e+00 0.000000e+00)
0.180311      	(0.000000e+00 0.000000e+00 0.000000e+00)
0.180329      	(0.000000e+00 0.000000e+00 0.000000e+00)
0.180348      	(0.000000e+00 0.000000e+00 0.000000e+00)
0.180366      	(0.000000e+00 0.000000e+00 0.000000e+00)
0.180384      	(0.000000e+00 0.000000e+00 0.000000e+00)
0.180402      	(0.000000e+00 0.000000e+00 0.000000e+00)
0.180421      	(0.000000e+00 0.000000e+00 0.000000e+00)
0.180439      	(0.000000e+00 0.000000e+00 0.000000e+00)
0.180457      	(0.000000e+00 0.000000e+00 0.000000e+00)
0.180475      	(0.000000e+00 0.000000e+00 0.000000e+00)
0.180494      	(0.000000e+00 0.000000e+00 0.000000e+00)
0.180512      	(0.000000e+00 0.000000e+00 0.000000e+00)
0.18053       	(0.000000e+00 0.000000e+00 0.000000e+00)
0.180548      	(0.000000e+00 0.000000e+00 0.000000e+00)
0.180567      	(0.000000e+00 0.000000e+00 0.000000e+00)
0.180585      	(0.000000e+00 0.000000e+00 0.000000e+00)
0.180603      	(0.000000e+00 0.000000e+00 0.000000e+00)
0.180621      	(0.000000e+00 0.000000e+00 0.000000e+00)
0.180639      	(0.000000e+00 0.000000e+00 0.000000e+00)
0.180658      	(0.000000e+00 0.000000e+00 0.000000e+00)
0.180676      	(0.000000e+00 0.000000e+00 0.000000e+00)
0.180694      	(0.000000e+00 0.000000e+00 0.000000e+00)
0.180712      	(0.000000e+00 0.000000e+00 0.000000e+00)
0.18073       	(0.000000e+00 0.000000e+00 0.000000e+00)
0.180749      	(0.000000e+00 0.000000e+00 0.000000e+00)
0.180767      	(0.000000e+00 0.000000e+00 0.000000e+00)
0.180785      	(0.000000e+00 0.000000e+00 0.000000e+00)
0.180803      	(0.000000e+00 0.000000e+00 0.000000e+00)
0.180821      	(0.000000e+00 0.000000e+00 0.000000e+00)
0.18084       	(0.000000e+00 0.000000e+00 0.000000e+00)
0.180858      	(0.000000e+00 0.000000e+00 0.000000e+00)
0.180876      	(0.000000e+00 0.000000e+00 0.000000e+00)
0.180894      	(0.000000e+00 0.000000e+00 0.000000e+00)
0.180912      	(0.000000e+00 0.000000e+00 0.000000e+00)
0.180931      	(0.000000e+00 0.000000e+00 0.000000e+00)
0.180949      	(0.000000e+00 0.000000e+00 0.000000e+00)
0.180967      	(0.000000e+00 0.000000e+00 0.000000e+00)
0.180985      	(0.000000e+00 0.000000e+00 0.000000e+00)
0.181003      	(0.000000e+00 0.000000e+00 0.000000e+00)
0.181021      	(0.000000e+00 0.000000e+00 0.000000e+00)
0.18104       	(0.000000e+00 0.000000e+00 0.000000e+00)
0.181058      	(0.000000e+00 0.000000e+00 0.000000e+00)
0.181076      	(0.000000e+00 0.000000e+00 0.000000e+00)
0.181094      	(0.000000e+00 0.000000e+00 0.000000e+00)
0.181112      	(0.000000e+00 0.000000e+00 0.000000e+00)
0.18113       	(0.000000e+00 0.000000e+00 0.000000e+00)
0.181149      	(0.000000e+00 0.000000e+00 0.000000e+00)
0.181167      	(0.000000e+00 0.000000e+00 0.000000e+00)
0.181185      	(0.000000e+00 0.000000e+00 0.000000e+00)
0.181203      	(0.000000e+00 0.000000e+00 0.000000e+00)
0.181221      	(0.000000e+00 0.000000e+00 0.000000e+00)
0.181239      	(0.000000e+00 0.000000e+00 0.000000e+00)
0.181257      	(0.000000e+00 0.000000e+00 0.000000e+00)
0.181276      	(0.000000e+00 0.000000e+00 0.000000e+00)
0.181294      	(0.000000e+00 0.000000e+00 0.000000e+00)
0.181312      	(0.000000e+00 0.000000e+00 0.000000e+00)
0.18133       	(0.000000e+00 0.000000e+00 0.000000e+00)
0.181348      	(0.000000e+00 0.000000e+00 0.000000e+00)
0.181366      	(0.000000e+00 0.000000e+00 0.000000e+00)
0.181384      	(0.000000e+00 0.000000e+00 0.000000e+00)
0.181402      	(0.000000e+00 0.000000e+00 0.000000e+00)
0.181421      	(0.000000e+00 0.000000e+00 0.000000e+00)
0.181439      	(0.000000e+00 0.000000e+00 0.000000e+00)
0.181457      	(0.000000e+00 0.000000e+00 0.000000e+00)
0.181475      	(0.000000e+00 0.000000e+00 0.000000e+00)
0.181493      	(0.000000e+00 0.000000e+00 0.000000e+00)
0.181511      	(0.000000e+00 0.000000e+00 0.000000e+00)
0.181529      	(0.000000e+00 0.000000e+00 0.000000e+00)
0.181547      	(0.000000e+00 0.000000e+00 0.000000e+00)
0.181565      	(0.000000e+00 0.000000e+00 0.000000e+00)
0.181583      	(0.000000e+00 0.000000e+00 0.000000e+00)
0.181602      	(0.000000e+00 0.000000e+00 0.000000e+00)
0.18162       	(0.000000e+00 0.000000e+00 0.000000e+00)
0.181638      	(0.000000e+00 0.000000e+00 0.000000e+00)
0.181656      	(0.000000e+00 0.000000e+00 0.000000e+00)
0.181674      	(0.000000e+00 0.000000e+00 0.000000e+00)
0.181692      	(0.000000e+00 0.000000e+00 0.000000e+00)
0.18171       	(0.000000e+00 0.000000e+00 0.000000e+00)
0.181728      	(0.000000e+00 0.000000e+00 0.000000e+00)
0.181746      	(0.000000e+00 0.000000e+00 0.000000e+00)
0.181764      	(0.000000e+00 0.000000e+00 0.000000e+00)
0.181782      	(0.000000e+00 0.000000e+00 0.000000e+00)
0.1818        	(0.000000e+00 0.000000e+00 0.000000e+00)
0.181818      	(0.000000e+00 0.000000e+00 0.000000e+00)
0.181836      	(0.000000e+00 0.000000e+00 0.000000e+00)
0.181855      	(0.000000e+00 0.000000e+00 0.000000e+00)
0.181873      	(0.000000e+00 0.000000e+00 0.000000e+00)
0.181891      	(0.000000e+00 0.000000e+00 0.000000e+00)
0.181909      	(0.000000e+00 0.000000e+00 0.000000e+00)
0.181927      	(0.000000e+00 0.000000e+00 0.000000e+00)
0.181945      	(0.000000e+00 0.000000e+00 0.000000e+00)
0.181963      	(0.000000e+00 0.000000e+00 0.000000e+00)
0.181981      	(0.000000e+00 0.000000e+00 0.000000e+00)
0.181999      	(0.000000e+00 0.000000e+00 0.000000e+00)
0.182017      	(0.000000e+00 0.000000e+00 0.000000e+00)
0.182035      	(0.000000e+00 0.000000e+00 0.000000e+00)
0.182053      	(0.000000e+00 0.000000e+00 0.000000e+00)
0.182071      	(0.000000e+00 0.000000e+00 0.000000e+00)
0.182089      	(0.000000e+00 0.000000e+00 0.000000e+00)
0.182107      	(0.000000e+00 0.000000e+00 0.000000e+00)
0.182125      	(0.000000e+00 0.000000e+00 0.000000e+00)
0.182143      	(0.000000e+00 0.000000e+00 0.000000e+00)
0.182161      	(0.000000e+00 0.000000e+00 0.000000e+00)
0.182179      	(0.000000e+00 0.000000e+00 0.000000e+00)
0.182197      	(0.000000e+00 0.000000e+00 0.000000e+00)
0.182215      	(0.000000e+00 0.000000e+00 0.000000e+00)
0.182233      	(0.000000e+00 0.000000e+00 0.000000e+00)
0.182251      	(0.000000e+00 0.000000e+00 0.000000e+00)
0.182269      	(0.000000e+00 0.000000e+00 0.000000e+00)
0.182287      	(0.000000e+00 0.000000e+00 0.000000e+00)
0.182305      	(0.000000e+00 0.000000e+00 0.000000e+00)
0.182323      	(0.000000e+00 0.000000e+00 0.000000e+00)
0.182341      	(0.000000e+00 0.000000e+00 0.000000e+00)
0.182359      	(0.000000e+00 0.000000e+00 0.000000e+00)
0.182377      	(0.000000e+00 0.000000e+00 0.000000e+00)
0.182395      	(0.000000e+00 0.000000e+00 0.000000e+00)
0.182413      	(0.000000e+00 0.000000e+00 0.000000e+00)
0.182431      	(0.000000e+00 0.000000e+00 0.000000e+00)
0.182449      	(0.000000e+00 0.000000e+00 0.000000e+00)
0.182467      	(0.000000e+00 0.000000e+00 0.000000e+00)
0.182485      	(0.000000e+00 0.000000e+00 0.000000e+00)
0.182503      	(0.000000e+00 0.000000e+00 0.000000e+00)
0.182521      	(0.000000e+00 0.000000e+00 0.000000e+00)
0.182539      	(0.000000e+00 0.000000e+00 0.000000e+00)
0.182557      	(0.000000e+00 0.000000e+00 0.000000e+00)
0.182575      	(0.000000e+00 0.000000e+00 0.000000e+00)
0.182593      	(0.000000e+00 0.000000e+00 0.000000e+00)
0.182611      	(0.000000e+00 0.000000e+00 0.000000e+00)
0.182629      	(0.000000e+00 0.000000e+00 0.000000e+00)
0.182647      	(0.000000e+00 0.000000e+00 0.000000e+00)
0.182664      	(0.000000e+00 0.000000e+00 0.000000e+00)
0.182682      	(0.000000e+00 0.000000e+00 0.000000e+00)
0.1827        	(0.000000e+00 0.000000e+00 0.000000e+00)
0.182718      	(0.000000e+00 0.000000e+00 0.000000e+00)
0.182736      	(0.000000e+00 0.000000e+00 0.000000e+00)
0.182754      	(0.000000e+00 0.000000e+00 0.000000e+00)
0.182772      	(0.000000e+00 0.000000e+00 0.000000e+00)
0.18279       	(0.000000e+00 0.000000e+00 0.000000e+00)
0.182808      	(0.000000e+00 0.000000e+00 0.000000e+00)
0.182826      	(0.000000e+00 0.000000e+00 0.000000e+00)
0.182844      	(0.000000e+00 0.000000e+00 0.000000e+00)
0.182862      	(0.000000e+00 0.000000e+00 0.000000e+00)
0.18288       	(0.000000e+00 0.000000e+00 0.000000e+00)
0.182898      	(0.000000e+00 0.000000e+00 0.000000e+00)
0.182916      	(0.000000e+00 0.000000e+00 0.000000e+00)
0.182933      	(0.000000e+00 0.000000e+00 0.000000e+00)
0.182951      	(0.000000e+00 0.000000e+00 0.000000e+00)
0.182969      	(0.000000e+00 0.000000e+00 0.000000e+00)
0.182987      	(0.000000e+00 0.000000e+00 0.000000e+00)
0.183005      	(0.000000e+00 0.000000e+00 0.000000e+00)
0.183023      	(0.000000e+00 0.000000e+00 0.000000e+00)
0.183041      	(0.000000e+00 0.000000e+00 0.000000e+00)
0.183059      	(0.000000e+00 0.000000e+00 0.000000e+00)
0.183077      	(0.000000e+00 0.000000e+00 0.000000e+00)
0.183094      	(0.000000e+00 0.000000e+00 0.000000e+00)
0.183112      	(0.000000e+00 0.000000e+00 0.000000e+00)
0.18313       	(0.000000e+00 0.000000e+00 0.000000e+00)
0.183148      	(0.000000e+00 0.000000e+00 0.000000e+00)
0.183166      	(0.000000e+00 0.000000e+00 0.000000e+00)
0.183184      	(0.000000e+00 0.000000e+00 0.000000e+00)
0.183202      	(0.000000e+00 0.000000e+00 0.000000e+00)
0.18322       	(0.000000e+00 0.000000e+00 0.000000e+00)
0.183238      	(0.000000e+00 0.000000e+00 0.000000e+00)
0.183256      	(0.000000e+00 0.000000e+00 0.000000e+00)
0.183273      	(0.000000e+00 0.000000e+00 0.000000e+00)
0.183291      	(0.000000e+00 0.000000e+00 0.000000e+00)
0.183309      	(0.000000e+00 0.000000e+00 0.000000e+00)
0.183327      	(0.000000e+00 0.000000e+00 0.000000e+00)
0.183345      	(0.000000e+00 0.000000e+00 0.000000e+00)
0.183363      	(0.000000e+00 0.000000e+00 0.000000e+00)
0.183381      	(0.000000e+00 0.000000e+00 0.000000e+00)
0.183398      	(0.000000e+00 0.000000e+00 0.000000e+00)
0.183416      	(0.000000e+00 0.000000e+00 0.000000e+00)
0.183434      	(0.000000e+00 0.000000e+00 0.000000e+00)
0.183452      	(0.000000e+00 0.000000e+00 0.000000e+00)
0.18347       	(0.000000e+00 0.000000e+00 0.000000e+00)
0.183488      	(0.000000e+00 0.000000e+00 0.000000e+00)
0.183505      	(0.000000e+00 0.000000e+00 0.000000e+00)
0.183523      	(0.000000e+00 0.000000e+00 0.000000e+00)
0.183541      	(0.000000e+00 0.000000e+00 0.000000e+00)
0.183559      	(0.000000e+00 0.000000e+00 0.000000e+00)
0.183577      	(0.000000e+00 0.000000e+00 0.000000e+00)
0.183595      	(0.000000e+00 0.000000e+00 0.000000e+00)
0.183612      	(0.000000e+00 0.000000e+00 0.000000e+00)
0.18363       	(0.000000e+00 0.000000e+00 0.000000e+00)
0.183648      	(0.000000e+00 0.000000e+00 0.000000e+00)
0.183666      	(0.000000e+00 0.000000e+00 0.000000e+00)
0.183684      	(0.000000e+00 0.000000e+00 0.000000e+00)
0.183702      	(0.000000e+00 0.000000e+00 0.000000e+00)
0.183719      	(0.000000e+00 0.000000e+00 0.000000e+00)
0.183737      	(0.000000e+00 0.000000e+00 0.000000e+00)
0.183755      	(0.000000e+00 0.000000e+00 0.000000e+00)
0.183773      	(0.000000e+00 0.000000e+00 0.000000e+00)
0.183791      	(0.000000e+00 0.000000e+00 0.000000e+00)
0.183808      	(0.000000e+00 0.000000e+00 0.000000e+00)
0.183826      	(0.000000e+00 0.000000e+00 0.000000e+00)
0.183844      	(0.000000e+00 0.000000e+00 0.000000e+00)
0.183862      	(0.000000e+00 0.000000e+00 0.000000e+00)
0.18388       	(0.000000e+00 0.000000e+00 0.000000e+00)
0.183897      	(0.000000e+00 0.000000e+00 0.000000e+00)
0.183915      	(0.000000e+00 0.000000e+00 0.000000e+00)
0.183933      	(0.000000e+00 0.000000e+00 0.000000e+00)
0.183951      	(0.000000e+00 0.000000e+00 0.000000e+00)
0.183969      	(0.000000e+00 0.000000e+00 0.000000e+00)
0.183986      	(0.000000e+00 0.000000e+00 0.000000e+00)
0.184004      	(0.000000e+00 0.000000e+00 0.000000e+00)
0.184022      	(0.000000e+00 0.000000e+00 0.000000e+00)
0.18404       	(0.000000e+00 0.000000e+00 0.000000e+00)
0.184058      	(0.000000e+00 0.000000e+00 0.000000e+00)
0.184075      	(0.000000e+00 0.000000e+00 0.000000e+00)
0.184093      	(0.000000e+00 0.000000e+00 0.000000e+00)
0.184111      	(0.000000e+00 0.000000e+00 0.000000e+00)
0.184129      	(0.000000e+00 0.000000e+00 0.000000e+00)
0.184146      	(0.000000e+00 0.000000e+00 0.000000e+00)
0.184164      	(0.000000e+00 0.000000e+00 0.000000e+00)
0.184182      	(0.000000e+00 0.000000e+00 0.000000e+00)
0.1842        	(0.000000e+00 0.000000e+00 0.000000e+00)
0.184217      	(0.000000e+00 0.000000e+00 0.000000e+00)
0.184235      	(0.000000e+00 0.000000e+00 0.000000e+00)
0.184253      	(0.000000e+00 0.000000e+00 0.000000e+00)
0.184271      	(0.000000e+00 0.000000e+00 0.000000e+00)
0.184288      	(0.000000e+00 0.000000e+00 0.000000e+00)
0.184306      	(0.000000e+00 0.000000e+00 0.000000e+00)
0.184324      	(0.000000e+00 0.000000e+00 0.000000e+00)
0.184342      	(0.000000e+00 0.000000e+00 0.000000e+00)
0.184359      	(0.000000e+00 0.000000e+00 0.000000e+00)
0.184377      	(0.000000e+00 0.000000e+00 0.000000e+00)
0.184395      	(0.000000e+00 0.000000e+00 0.000000e+00)
0.184413      	(0.000000e+00 0.000000e+00 0.000000e+00)
0.18443       	(0.000000e+00 0.000000e+00 0.000000e+00)
0.184448      	(0.000000e+00 0.000000e+00 0.000000e+00)
0.184466      	(0.000000e+00 0.000000e+00 0.000000e+00)
0.184484      	(0.000000e+00 0.000000e+00 0.000000e+00)
0.184501      	(0.000000e+00 0.000000e+00 0.000000e+00)
0.184519      	(0.000000e+00 0.000000e+00 0.000000e+00)
0.184537      	(0.000000e+00 0.000000e+00 0.000000e+00)
0.184554      	(0.000000e+00 0.000000e+00 0.000000e+00)
0.184572      	(0.000000e+00 0.000000e+00 0.000000e+00)
0.18459       	(0.000000e+00 0.000000e+00 0.000000e+00)
0.184608      	(0.000000e+00 0.000000e+00 0.000000e+00)
0.184625      	(0.000000e+00 0.000000e+00 0.000000e+00)
0.184643      	(0.000000e+00 0.000000e+00 0.000000e+00)
0.184661      	(0.000000e+00 0.000000e+00 0.000000e+00)
0.184678      	(0.000000e+00 0.000000e+00 0.000000e+00)
0.184696      	(0.000000e+00 0.000000e+00 0.000000e+00)
0.184714      	(0.000000e+00 0.000000e+00 0.000000e+00)
0.184731      	(0.000000e+00 0.000000e+00 0.000000e+00)
0.184749      	(0.000000e+00 0.000000e+00 0.000000e+00)
0.184767      	(0.000000e+00 0.000000e+00 0.000000e+00)
0.184785      	(0.000000e+00 0.000000e+00 0.000000e+00)
0.184802      	(0.000000e+00 0.000000e+00 0.000000e+00)
0.18482       	(0.000000e+00 0.000000e+00 0.000000e+00)
0.184838      	(0.000000e+00 0.000000e+00 0.000000e+00)
0.184855      	(0.000000e+00 0.000000e+00 0.000000e+00)
0.184873      	(0.000000e+00 0.000000e+00 0.000000e+00)
0.184891      	(0.000000e+00 0.000000e+00 0.000000e+00)
0.184908      	(0.000000e+00 0.000000e+00 0.000000e+00)
0.184926      	(0.000000e+00 0.000000e+00 0.000000e+00)
0.184944      	(0.000000e+00 0.000000e+00 0.000000e+00)
0.184961      	(0.000000e+00 0.000000e+00 0.000000e+00)
0.184979      	(0.000000e+00 0.000000e+00 0.000000e+00)
0.184997      	(0.000000e+00 0.000000e+00 0.000000e+00)
0.185014      	(0.000000e+00 0.000000e+00 0.000000e+00)
0.185032      	(0.000000e+00 0.000000e+00 0.000000e+00)
0.18505       	(0.000000e+00 0.000000e+00 0.000000e+00)
0.185067      	(0.000000e+00 0.000000e+00 0.000000e+00)
0.185085      	(0.000000e+00 0.000000e+00 0.000000e+00)
0.185103      	(0.000000e+00 0.000000e+00 0.000000e+00)
0.18512       	(0.000000e+00 0.000000e+00 0.000000e+00)
0.185138      	(0.000000e+00 0.000000e+00 0.000000e+00)
0.185156      	(0.000000e+00 0.000000e+00 0.000000e+00)
0.185173      	(0.000000e+00 0.000000e+00 0.000000e+00)
0.185191      	(0.000000e+00 0.000000e+00 0.000000e+00)
0.185209      	(0.000000e+00 0.000000e+00 0.000000e+00)
0.185226      	(0.000000e+00 0.000000e+00 0.000000e+00)
0.185244      	(0.000000e+00 0.000000e+00 0.000000e+00)
0.185262      	(0.000000e+00 0.000000e+00 0.000000e+00)
0.185279      	(0.000000e+00 0.000000e+00 0.000000e+00)
0.185297      	(0.000000e+00 0.000000e+00 0.000000e+00)
0.185314      	(0.000000e+00 0.000000e+00 0.000000e+00)
0.185332      	(0.000000e+00 0.000000e+00 0.000000e+00)
0.18535       	(0.000000e+00 0.000000e+00 0.000000e+00)
0.185367      	(0.000000e+00 0.000000e+00 0.000000e+00)
0.185385      	(0.000000e+00 0.000000e+00 0.000000e+00)
0.185402      	(0.000000e+00 0.000000e+00 0.000000e+00)
0.18542       	(0.000000e+00 0.000000e+00 0.000000e+00)
0.185438      	(0.000000e+00 0.000000e+00 0.000000e+00)
0.185455      	(0.000000e+00 0.000000e+00 0.000000e+00)
0.185473      	(0.000000e+00 0.000000e+00 0.000000e+00)
0.185491      	(0.000000e+00 0.000000e+00 0.000000e+00)
0.185508      	(0.000000e+00 0.000000e+00 0.000000e+00)
0.185526      	(0.000000e+00 0.000000e+00 0.000000e+00)
0.185543      	(0.000000e+00 0.000000e+00 0.000000e+00)
0.185561      	(0.000000e+00 0.000000e+00 0.000000e+00)
0.185579      	(0.000000e+00 0.000000e+00 0.000000e+00)
0.185596      	(0.000000e+00 0.000000e+00 0.000000e+00)
0.185614      	(0.000000e+00 0.000000e+00 0.000000e+00)
0.185631      	(0.000000e+00 0.000000e+00 0.000000e+00)
0.185649      	(0.000000e+00 0.000000e+00 0.000000e+00)
0.185667      	(0.000000e+00 0.000000e+00 0.000000e+00)
0.185684      	(0.000000e+00 0.000000e+00 0.000000e+00)
0.185702      	(0.000000e+00 0.000000e+00 0.000000e+00)
0.18572       	(0.000000e+00 0.000000e+00 0.000000e+00)
0.185737      	(0.000000e+00 0.000000e+00 0.000000e+00)
0.185755      	(0.000000e+00 0.000000e+00 0.000000e+00)
0.185772      	(0.000000e+00 0.000000e+00 0.000000e+00)
0.18579       	(0.000000e+00 0.000000e+00 0.000000e+00)
0.185808      	(0.000000e+00 0.000000e+00 0.000000e+00)
0.185825      	(0.000000e+00 0.000000e+00 0.000000e+00)
0.185843      	(0.000000e+00 0.000000e+00 0.000000e+00)
0.18586       	(0.000000e+00 0.000000e+00 0.000000e+00)
0.185878      	(0.000000e+00 0.000000e+00 0.000000e+00)
0.185895      	(0.000000e+00 0.000000e+00 0.000000e+00)
0.185913      	(0.000000e+00 0.000000e+00 0.000000e+00)
0.18593       	(0.000000e+00 0.000000e+00 0.000000e+00)
0.185948      	(0.000000e+00 0.000000e+00 0.000000e+00)
0.185965      	(0.000000e+00 0.000000e+00 0.000000e+00)
0.185983      	(0.000000e+00 0.000000e+00 0.000000e+00)
0.186001      	(0.000000e+00 0.000000e+00 0.000000e+00)
0.186018      	(0.000000e+00 0.000000e+00 0.000000e+00)
0.186036      	(0.000000e+00 0.000000e+00 0.000000e+00)
0.186053      	(0.000000e+00 0.000000e+00 0.000000e+00)
0.186071      	(0.000000e+00 0.000000e+00 0.000000e+00)
0.186088      	(0.000000e+00 0.000000e+00 0.000000e+00)
0.186106      	(0.000000e+00 0.000000e+00 0.000000e+00)
0.186123      	(0.000000e+00 0.000000e+00 0.000000e+00)
0.186141      	(0.000000e+00 0.000000e+00 0.000000e+00)
0.186158      	(0.000000e+00 0.000000e+00 0.000000e+00)
0.186176      	(0.000000e+00 0.000000e+00 0.000000e+00)
0.186193      	(0.000000e+00 0.000000e+00 0.000000e+00)
0.186211      	(0.000000e+00 0.000000e+00 0.000000e+00)
0.186229      	(0.000000e+00 0.000000e+00 0.000000e+00)
0.186246      	(0.000000e+00 0.000000e+00 0.000000e+00)
0.186264      	(0.000000e+00 0.000000e+00 0.000000e+00)
0.186281      	(0.000000e+00 0.000000e+00 0.000000e+00)
0.186299      	(0.000000e+00 0.000000e+00 0.000000e+00)
0.186316      	(0.000000e+00 0.000000e+00 0.000000e+00)
0.186334      	(0.000000e+00 0.000000e+00 0.000000e+00)
0.186351      	(0.000000e+00 0.000000e+00 0.000000e+00)
0.186369      	(0.000000e+00 0.000000e+00 0.000000e+00)
0.186386      	(0.000000e+00 0.000000e+00 0.000000e+00)
0.186404      	(0.000000e+00 0.000000e+00 0.000000e+00)
0.186422      	(0.000000e+00 0.000000e+00 0.000000e+00)
0.186439      	(0.000000e+00 0.000000e+00 0.000000e+00)
0.186457      	(0.000000e+00 0.000000e+00 0.000000e+00)
0.186474      	(0.000000e+00 0.000000e+00 0.000000e+00)
0.186492      	(0.000000e+00 0.000000e+00 0.000000e+00)
0.186509      	(0.000000e+00 0.000000e+00 0.000000e+00)
0.186527      	(0.000000e+00 0.000000e+00 0.000000e+00)
0.186544      	(0.000000e+00 0.000000e+00 0.000000e+00)
0.186562      	(0.000000e+00 0.000000e+00 0.000000e+00)
0.186579      	(0.000000e+00 0.000000e+00 0.000000e+00)
0.186597      	(0.000000e+00 0.000000e+00 0.000000e+00)
0.186614      	(0.000000e+00 0.000000e+00 0.000000e+00)
0.186632      	(0.000000e+00 0.000000e+00 0.000000e+00)
0.186649      	(0.000000e+00 0.000000e+00 0.000000e+00)
0.186666      	(0.000000e+00 0.000000e+00 0.000000e+00)
0.186684      	(0.000000e+00 0.000000e+00 0.000000e+00)
0.186701      	(0.000000e+00 0.000000e+00 0.000000e+00)
0.186719      	(0.000000e+00 0.000000e+00 0.000000e+00)
0.186736      	(0.000000e+00 0.000000e+00 0.000000e+00)
0.186754      	(0.000000e+00 0.000000e+00 0.000000e+00)
0.186771      	(0.000000e+00 0.000000e+00 0.000000e+00)
0.186789      	(0.000000e+00 0.000000e+00 0.000000e+00)
0.186806      	(0.000000e+00 0.000000e+00 0.000000e+00)
0.186824      	(0.000000e+00 0.000000e+00 0.000000e+00)
0.186841      	(0.000000e+00 0.000000e+00 0.000000e+00)
0.186858      	(0.000000e+00 0.000000e+00 0.000000e+00)
0.186876      	(0.000000e+00 0.000000e+00 0.000000e+00)
0.186893      	(0.000000e+00 0.000000e+00 0.000000e+00)
0.186911      	(0.000000e+00 0.000000e+00 0.000000e+00)
0.186928      	(0.000000e+00 0.000000e+00 0.000000e+00)
0.186946      	(0.000000e+00 0.000000e+00 0.000000e+00)
0.186963      	(0.000000e+00 0.000000e+00 0.000000e+00)
0.186981      	(0.000000e+00 0.000000e+00 0.000000e+00)
0.186998      	(0.000000e+00 0.000000e+00 0.000000e+00)
0.187016      	(0.000000e+00 0.000000e+00 0.000000e+00)
0.187033      	(0.000000e+00 0.000000e+00 0.000000e+00)
0.18705       	(0.000000e+00 0.000000e+00 0.000000e+00)
0.187068      	(0.000000e+00 0.000000e+00 0.000000e+00)
0.187085      	(0.000000e+00 0.000000e+00 0.000000e+00)
0.187103      	(0.000000e+00 0.000000e+00 0.000000e+00)
0.18712       	(0.000000e+00 0.000000e+00 0.000000e+00)
0.187138      	(0.000000e+00 0.000000e+00 0.000000e+00)
0.187155      	(0.000000e+00 0.000000e+00 0.000000e+00)
0.187173      	(0.000000e+00 0.000000e+00 0.000000e+00)
0.18719       	(0.000000e+00 0.000000e+00 0.000000e+00)
0.187208      	(0.000000e+00 0.000000e+00 0.000000e+00)
0.187225      	(0.000000e+00 0.000000e+00 0.000000e+00)
0.187242      	(0.000000e+00 0.000000e+00 0.000000e+00)
0.18726       	(0.000000e+00 0.000000e+00 0.000000e+00)
0.187277      	(0.000000e+00 0.000000e+00 0.000000e+00)
0.187295      	(0.000000e+00 0.000000e+00 0.000000e+00)
0.187312      	(0.000000e+00 0.000000e+00 0.000000e+00)
0.18733       	(0.000000e+00 0.000000e+00 0.000000e+00)
0.187347      	(0.000000e+00 0.000000e+00 0.000000e+00)
0.187365      	(0.000000e+00 0.000000e+00 0.000000e+00)
0.187382      	(0.000000e+00 0.000000e+00 0.000000e+00)
0.187399      	(0.000000e+00 0.000000e+00 0.000000e+00)
0.187417      	(0.000000e+00 0.000000e+00 0.000000e+00)
0.187434      	(0.000000e+00 0.000000e+00 0.000000e+00)
0.187452      	(0.000000e+00 0.000000e+00 0.000000e+00)
0.187469      	(0.000000e+00 0.000000e+00 0.000000e+00)
0.187487      	(0.000000e+00 0.000000e+00 0.000000e+00)
0.187504      	(0.000000e+00 0.000000e+00 0.000000e+00)
0.187522      	(0.000000e+00 0.000000e+00 0.000000e+00)
0.187539      	(0.000000e+00 0.000000e+00 0.000000e+00)
0.187556      	(0.000000e+00 0.000000e+00 0.000000e+00)
0.187574      	(0.000000e+00 0.000000e+00 0.000000e+00)
0.187591      	(0.000000e+00 0.000000e+00 0.000000e+00)
0.187608      	(0.000000e+00 0.000000e+00 0.000000e+00)
0.187626      	(0.000000e+00 0.000000e+00 0.000000e+00)
0.187643      	(0.000000e+00 0.000000e+00 0.000000e+00)
0.18766       	(0.000000e+00 0.000000e+00 0.000000e+00)
0.187678      	(0.000000e+00 0.000000e+00 0.000000e+00)
0.187695      	(0.000000e+00 0.000000e+00 0.000000e+00)
0.187712      	(0.000000e+00 0.000000e+00 0.000000e+00)
0.18773       	(0.000000e+00 0.000000e+00 0.000000e+00)
0.187747      	(0.000000e+00 0.000000e+00 0.000000e+00)
0.187764      	(0.000000e+00 0.000000e+00 0.000000e+00)
0.187782      	(0.000000e+00 0.000000e+00 0.000000e+00)
0.187799      	(0.000000e+00 0.000000e+00 0.000000e+00)
0.187816      	(0.000000e+00 0.000000e+00 0.000000e+00)
0.187834      	(0.000000e+00 0.000000e+00 0.000000e+00)
0.187851      	(0.000000e+00 0.000000e+00 0.000000e+00)
0.187868      	(0.000000e+00 0.000000e+00 0.000000e+00)
0.187886      	(0.000000e+00 0.000000e+00 0.000000e+00)
0.187903      	(0.000000e+00 0.000000e+00 0.000000e+00)
0.18792       	(0.000000e+00 0.000000e+00 0.000000e+00)
0.187938      	(0.000000e+00 0.000000e+00 0.000000e+00)
0.187955      	(0.000000e+00 0.000000e+00 0.000000e+00)
0.187972      	(0.000000e+00 0.000000e+00 0.000000e+00)
0.18799       	(0.000000e+00 0.000000e+00 0.000000e+00)
0.188007      	(0.000000e+00 0.000000e+00 0.000000e+00)
0.188024      	(0.000000e+00 0.000000e+00 0.000000e+00)
0.188042      	(0.000000e+00 0.000000e+00 0.000000e+00)
0.188059      	(0.000000e+00 0.000000e+00 0.000000e+00)
0.188076      	(0.000000e+00 0.000000e+00 0.000000e+00)
0.188094      	(0.000000e+00 0.000000e+00 0.000000e+00)
0.188111      	(0.000000e+00 0.000000e+00 0.000000e+00)
0.188128      	(0.000000e+00 0.000000e+00 0.000000e+00)
0.188146      	(0.000000e+00 0.000000e+00 0.000000e+00)
0.188163      	(0.000000e+00 0.000000e+00 0.000000e+00)
0.18818       	(0.000000e+00 0.000000e+00 0.000000e+00)
0.188198      	(0.000000e+00 0.000000e+00 0.000000e+00)
0.188215      	(0.000000e+00 0.000000e+00 0.000000e+00)
0.188232      	(0.000000e+00 0.000000e+00 0.000000e+00)
0.18825       	(0.000000e+00 0.000000e+00 0.000000e+00)
0.188267      	(0.000000e+00 0.000000e+00 0.000000e+00)
0.188284      	(0.000000e+00 0.000000e+00 0.000000e+00)
0.188302      	(0.000000e+00 0.000000e+00 0.000000e+00)
0.188319      	(0.000000e+00 0.000000e+00 0.000000e+00)
0.188336      	(0.000000e+00 0.000000e+00 0.000000e+00)
0.188354      	(0.000000e+00 0.000000e+00 0.000000e+00)
0.188371      	(0.000000e+00 0.000000e+00 0.000000e+00)
0.188388      	(0.000000e+00 0.000000e+00 0.000000e+00)
0.188406      	(0.000000e+00 0.000000e+00 0.000000e+00)
0.188423      	(0.000000e+00 0.000000e+00 0.000000e+00)
0.18844       	(0.000000e+00 0.000000e+00 0.000000e+00)
0.188458      	(0.000000e+00 0.000000e+00 0.000000e+00)
0.188475      	(0.000000e+00 0.000000e+00 0.000000e+00)
0.188492      	(0.000000e+00 0.000000e+00 0.000000e+00)
0.18851       	(0.000000e+00 0.000000e+00 0.000000e+00)
0.188527      	(0.000000e+00 0.000000e+00 0.000000e+00)
0.188544      	(0.000000e+00 0.000000e+00 0.000000e+00)
0.188562      	(0.000000e+00 0.000000e+00 0.000000e+00)
0.188579      	(0.000000e+00 0.000000e+00 0.000000e+00)
0.188596      	(0.000000e+00 0.000000e+00 0.000000e+00)
0.188614      	(0.000000e+00 0.000000e+00 0.000000e+00)
0.188631      	(0.000000e+00 0.000000e+00 0.000000e+00)
0.188648      	(0.000000e+00 0.000000e+00 0.000000e+00)
0.188666      	(0.000000e+00 0.000000e+00 0.000000e+00)
0.188683      	(0.000000e+00 0.000000e+00 0.000000e+00)
0.1887        	(0.000000e+00 0.000000e+00 0.000000e+00)
0.188718      	(0.000000e+00 0.000000e+00 0.000000e+00)
0.188735      	(0.000000e+00 0.000000e+00 0.000000e+00)
0.188752      	(0.000000e+00 0.000000e+00 0.000000e+00)
0.18877       	(0.000000e+00 0.000000e+00 0.000000e+00)
0.188787      	(0.000000e+00 0.000000e+00 0.000000e+00)
0.188804      	(0.000000e+00 0.000000e+00 0.000000e+00)
0.188821      	(0.000000e+00 0.000000e+00 0.000000e+00)
0.188839      	(0.000000e+00 0.000000e+00 0.000000e+00)
0.188856      	(0.000000e+00 0.000000e+00 0.000000e+00)
0.188873      	(0.000000e+00 0.000000e+00 0.000000e+00)
0.188891      	(0.000000e+00 0.000000e+00 0.000000e+00)
0.188908      	(0.000000e+00 0.000000e+00 0.000000e+00)
0.188925      	(0.000000e+00 0.000000e+00 0.000000e+00)
0.188943      	(0.000000e+00 0.000000e+00 0.000000e+00)
0.18896       	(0.000000e+00 0.000000e+00 0.000000e+00)
0.188977      	(0.000000e+00 0.000000e+00 0.000000e+00)
0.188995      	(0.000000e+00 0.000000e+00 0.000000e+00)
0.189012      	(0.000000e+00 0.000000e+00 0.000000e+00)
0.189029      	(0.000000e+00 0.000000e+00 0.000000e+00)
0.189046      	(0.000000e+00 0.000000e+00 0.000000e+00)
0.189064      	(0.000000e+00 0.000000e+00 0.000000e+00)
0.189081      	(0.000000e+00 0.000000e+00 0.000000e+00)
0.189098      	(0.000000e+00 0.000000e+00 0.000000e+00)
0.189115      	(0.000000e+00 0.000000e+00 0.000000e+00)
0.189132      	(0.000000e+00 0.000000e+00 0.000000e+00)
0.189149      	(0.000000e+00 0.000000e+00 0.000000e+00)
0.189166      	(0.000000e+00 0.000000e+00 0.000000e+00)
0.189183      	(0.000000e+00 0.000000e+00 0.000000e+00)
0.1892        	(0.000000e+00 0.000000e+00 0.000000e+00)
0.189217      	(0.000000e+00 0.000000e+00 0.000000e+00)
0.189234      	(0.000000e+00 0.000000e+00 0.000000e+00)
0.189251      	(0.000000e+00 0.000000e+00 0.000000e+00)
0.189268      	(0.000000e+00 0.000000e+00 0.000000e+00)
0.189285      	(0.000000e+00 0.000000e+00 0.000000e+00)
0.189302      	(0.000000e+00 0.000000e+00 0.000000e+00)
0.189319      	(0.000000e+00 0.000000e+00 0.000000e+00)
0.189336      	(0.000000e+00 0.000000e+00 0.000000e+00)
0.189353      	(0.000000e+00 0.000000e+00 0.000000e+00)
0.18937       	(0.000000e+00 0.000000e+00 0.000000e+00)
0.189387      	(0.000000e+00 0.000000e+00 0.000000e+00)
0.189404      	(0.000000e+00 0.000000e+00 0.000000e+00)
0.189421      	(0.000000e+00 0.000000e+00 0.000000e+00)
0.189438      	(0.000000e+00 0.000000e+00 0.000000e+00)
0.189455      	(0.000000e+00 0.000000e+00 0.000000e+00)
0.189472      	(0.000000e+00 0.000000e+00 0.000000e+00)
0.189489      	(0.000000e+00 0.000000e+00 0.000000e+00)
0.189506      	(0.000000e+00 0.000000e+00 0.000000e+00)
0.189523      	(0.000000e+00 0.000000e+00 0.000000e+00)
0.18954       	(0.000000e+00 0.000000e+00 0.000000e+00)
0.189557      	(0.000000e+00 0.000000e+00 0.000000e+00)
0.189574      	(0.000000e+00 0.000000e+00 0.000000e+00)
0.189591      	(0.000000e+00 0.000000e+00 0.000000e+00)
0.189608      	(0.000000e+00 0.000000e+00 0.000000e+00)
0.189625      	(0.000000e+00 0.000000e+00 0.000000e+00)
0.189642      	(0.000000e+00 0.000000e+00 0.000000e+00)
0.189659      	(0.000000e+00 0.000000e+00 0.000000e+00)
0.189676      	(0.000000e+00 0.000000e+00 0.000000e+00)
0.189694      	(0.000000e+00 0.000000e+00 0.000000e+00)
0.189711      	(0.000000e+00 0.000000e+00 0.000000e+00)
0.189728      	(0.000000e+00 0.000000e+00 0.000000e+00)
0.189745      	(0.000000e+00 0.000000e+00 0.000000e+00)
0.189762      	(0.000000e+00 0.000000e+00 0.000000e+00)
0.189779      	(0.000000e+00 0.000000e+00 0.000000e+00)
0.189796      	(0.000000e+00 0.000000e+00 0.000000e+00)
0.189813      	(0.000000e+00 0.000000e+00 0.000000e+00)
0.18983       	(0.000000e+00 0.000000e+00 0.000000e+00)
0.189847      	(0.000000e+00 0.000000e+00 0.000000e+00)
0.189864      	(0.000000e+00 0.000000e+00 0.000000e+00)
0.189881      	(0.000000e+00 0.000000e+00 0.000000e+00)
0.189898      	(0.000000e+00 0.000000e+00 0.000000e+00)
0.189915      	(0.000000e+00 0.000000e+00 0.000000e+00)
0.189932      	(0.000000e+00 0.000000e+00 0.000000e+00)
0.189949      	(0.000000e+00 0.000000e+00 0.000000e+00)
0.189966      	(0.000000e+00 0.000000e+00 0.000000e+00)
0.189983      	(0.000000e+00 0.000000e+00 0.000000e+00)
0.19          	(0.000000e+00 0.000000e+00 0.000000e+00)
0.190017      	(0.000000e+00 0.000000e+00 0.000000e+00)
0.190034      	(0.000000e+00 0.000000e+00 0.000000e+00)
0.190052      	(0.000000e+00 0.000000e+00 0.000000e+00)
0.190069      	(0.000000e+00 0.000000e+00 0.000000e+00)
0.190086      	(0.000000e+00 0.000000e+00 0.000000e+00)
0.190103      	(0.000000e+00 0.000000e+00 0.000000e+00)
0.190121      	(0.000000e+00 0.000000e+00 0.000000e+00)
0.190138      	(0.000000e+00 0.000000e+00 0.000000e+00)
0.190155      	(0.000000e+00 0.000000e+00 0.000000e+00)
0.190172      	(0.000000e+00 0.000000e+00 0.000000e+00)
0.19019       	(0.000000e+00 0.000000e+00 0.000000e+00)
0.190207      	(0.000000e+00 0.000000e+00 0.000000e+00)
0.190224      	(0.000000e+00 0.000000e+00 0.000000e+00)
0.190241      	(0.000000e+00 0.000000e+00 0.000000e+00)
0.190259      	(0.000000e+00 0.000000e+00 0.000000e+00)
0.190276      	(0.000000e+00 0.000000e+00 0.000000e+00)
0.190293      	(0.000000e+00 0.000000e+00 0.000000e+00)
0.19031       	(0.000000e+00 0.000000e+00 0.000000e+00)
0.190327      	(0.000000e+00 0.000000e+00 0.000000e+00)
0.190345      	(0.000000e+00 0.000000e+00 0.000000e+00)
0.190362      	(0.000000e+00 0.000000e+00 0.000000e+00)
0.190379      	(0.000000e+00 0.000000e+00 0.000000e+00)
0.190396      	(0.000000e+00 0.000000e+00 0.000000e+00)
0.190413      	(0.000000e+00 0.000000e+00 0.000000e+00)
0.190431      	(0.000000e+00 0.000000e+00 0.000000e+00)
0.190448      	(0.000000e+00 0.000000e+00 0.000000e+00)
0.190465      	(0.000000e+00 0.000000e+00 0.000000e+00)
0.190482      	(0.000000e+00 0.000000e+00 0.000000e+00)
0.190499      	(0.000000e+00 0.000000e+00 0.000000e+00)
0.190517      	(0.000000e+00 0.000000e+00 0.000000e+00)
0.190534      	(0.000000e+00 0.000000e+00 0.000000e+00)
0.190551      	(0.000000e+00 0.000000e+00 0.000000e+00)
0.190568      	(0.000000e+00 0.000000e+00 0.000000e+00)
0.190586      	(0.000000e+00 0.000000e+00 0.000000e+00)
0.190603      	(0.000000e+00 0.000000e+00 0.000000e+00)
0.19062       	(0.000000e+00 0.000000e+00 0.000000e+00)
0.190637      	(0.000000e+00 0.000000e+00 0.000000e+00)
0.190654      	(0.000000e+00 0.000000e+00 0.000000e+00)
0.190672      	(0.000000e+00 0.000000e+00 0.000000e+00)
0.190689      	(0.000000e+00 0.000000e+00 0.000000e+00)
0.190706      	(0.000000e+00 0.000000e+00 0.000000e+00)
0.190723      	(0.000000e+00 0.000000e+00 0.000000e+00)
0.19074       	(0.000000e+00 0.000000e+00 0.000000e+00)
0.190758      	(0.000000e+00 0.000000e+00 0.000000e+00)
0.190775      	(0.000000e+00 0.000000e+00 0.000000e+00)
0.190792      	(0.000000e+00 0.000000e+00 0.000000e+00)
0.190809      	(0.000000e+00 0.000000e+00 0.000000e+00)
0.190826      	(0.000000e+00 0.000000e+00 0.000000e+00)
0.190843      	(0.000000e+00 0.000000e+00 0.000000e+00)
0.190861      	(0.000000e+00 0.000000e+00 0.000000e+00)
0.190878      	(0.000000e+00 0.000000e+00 0.000000e+00)
0.190895      	(0.000000e+00 0.000000e+00 0.000000e+00)
0.190912      	(0.000000e+00 0.000000e+00 0.000000e+00)
0.190929      	(0.000000e+00 0.000000e+00 0.000000e+00)
0.190946      	(0.000000e+00 0.000000e+00 0.000000e+00)
0.190964      	(0.000000e+00 0.000000e+00 0.000000e+00)
0.190981      	(0.000000e+00 0.000000e+00 0.000000e+00)
0.190998      	(0.000000e+00 0.000000e+00 0.000000e+00)
0.191015      	(0.000000e+00 0.000000e+00 0.000000e+00)
0.191032      	(0.000000e+00 0.000000e+00 0.000000e+00)
0.19105       	(0.000000e+00 0.000000e+00 0.000000e+00)
0.191067      	(0.000000e+00 0.000000e+00 0.000000e+00)
0.191084      	(0.000000e+00 0.000000e+00 0.000000e+00)
0.191101      	(0.000000e+00 0.000000e+00 0.000000e+00)
0.191118      	(0.000000e+00 0.000000e+00 0.000000e+00)
0.191135      	(0.000000e+00 0.000000e+00 0.000000e+00)
0.191153      	(0.000000e+00 0.000000e+00 0.000000e+00)
0.19117       	(0.000000e+00 0.000000e+00 0.000000e+00)
0.191187      	(0.000000e+00 0.000000e+00 0.000000e+00)
0.191204      	(0.000000e+00 0.000000e+00 0.000000e+00)
0.191221      	(0.000000e+00 0.000000e+00 0.000000e+00)
0.191239      	(0.000000e+00 0.000000e+00 0.000000e+00)
0.191256      	(0.000000e+00 0.000000e+00 0.000000e+00)
0.191273      	(0.000000e+00 0.000000e+00 0.000000e+00)
0.19129       	(0.000000e+00 0.000000e+00 0.000000e+00)
0.191307      	(0.000000e+00 0.000000e+00 0.000000e+00)
0.191324      	(0.000000e+00 0.000000e+00 0.000000e+00)
0.191341      	(0.000000e+00 0.000000e+00 0.000000e+00)
0.191359      	(0.000000e+00 0.000000e+00 0.000000e+00)
0.191376      	(0.000000e+00 0.000000e+00 0.000000e+00)
0.191393      	(0.000000e+00 0.000000e+00 0.000000e+00)
0.19141       	(0.000000e+00 0.000000e+00 0.000000e+00)
0.191427      	(0.000000e+00 0.000000e+00 0.000000e+00)
0.191444      	(0.000000e+00 0.000000e+00 0.000000e+00)
0.191461      	(0.000000e+00 0.000000e+00 0.000000e+00)
0.191479      	(0.000000e+00 0.000000e+00 0.000000e+00)
0.191496      	(0.000000e+00 0.000000e+00 0.000000e+00)
0.191513      	(0.000000e+00 0.000000e+00 0.000000e+00)
0.19153       	(0.000000e+00 0.000000e+00 0.000000e+00)
0.191547      	(0.000000e+00 0.000000e+00 0.000000e+00)
0.191564      	(0.000000e+00 0.000000e+00 0.000000e+00)
0.191581      	(0.000000e+00 0.000000e+00 0.000000e+00)
0.191599      	(0.000000e+00 0.000000e+00 0.000000e+00)
0.191616      	(0.000000e+00 0.000000e+00 0.000000e+00)
0.191633      	(0.000000e+00 0.000000e+00 0.000000e+00)
0.19165       	(0.000000e+00 0.000000e+00 0.000000e+00)
0.191667      	(0.000000e+00 0.000000e+00 0.000000e+00)
0.191684      	(0.000000e+00 0.000000e+00 0.000000e+00)
0.191701      	(0.000000e+00 0.000000e+00 0.000000e+00)
0.191719      	(0.000000e+00 0.000000e+00 0.000000e+00)
0.191736      	(0.000000e+00 0.000000e+00 0.000000e+00)
0.191753      	(0.000000e+00 0.000000e+00 0.000000e+00)
0.19177       	(0.000000e+00 0.000000e+00 0.000000e+00)
0.191787      	(0.000000e+00 0.000000e+00 0.000000e+00)
0.191804      	(0.000000e+00 0.000000e+00 0.000000e+00)
0.191821      	(0.000000e+00 0.000000e+00 0.000000e+00)
0.191839      	(0.000000e+00 0.000000e+00 0.000000e+00)
0.191856      	(0.000000e+00 0.000000e+00 0.000000e+00)
0.191873      	(0.000000e+00 0.000000e+00 0.000000e+00)
0.19189       	(0.000000e+00 0.000000e+00 0.000000e+00)
0.191907      	(0.000000e+00 0.000000e+00 0.000000e+00)
0.191924      	(0.000000e+00 0.000000e+00 0.000000e+00)
0.191941      	(0.000000e+00 0.000000e+00 0.000000e+00)
0.191958      	(0.000000e+00 0.000000e+00 0.000000e+00)
0.191975      	(0.000000e+00 0.000000e+00 0.000000e+00)
0.191993      	(0.000000e+00 0.000000e+00 0.000000e+00)
0.19201       	(0.000000e+00 0.000000e+00 0.000000e+00)
0.192027      	(0.000000e+00 0.000000e+00 0.000000e+00)
0.192044      	(0.000000e+00 0.000000e+00 0.000000e+00)
0.192061      	(0.000000e+00 0.000000e+00 0.000000e+00)
0.192078      	(0.000000e+00 0.000000e+00 0.000000e+00)
0.192095      	(0.000000e+00 0.000000e+00 0.000000e+00)
0.192112      	(0.000000e+00 0.000000e+00 0.000000e+00)
0.192129      	(0.000000e+00 0.000000e+00 0.000000e+00)
0.192147      	(0.000000e+00 0.000000e+00 0.000000e+00)
0.192164      	(0.000000e+00 0.000000e+00 0.000000e+00)
0.192181      	(0.000000e+00 0.000000e+00 0.000000e+00)
0.192198      	(0.000000e+00 0.000000e+00 0.000000e+00)
0.192215      	(0.000000e+00 0.000000e+00 0.000000e+00)
0.192232      	(0.000000e+00 0.000000e+00 0.000000e+00)
0.192249      	(0.000000e+00 0.000000e+00 0.000000e+00)
0.192266      	(0.000000e+00 0.000000e+00 0.000000e+00)
0.192283      	(0.000000e+00 0.000000e+00 0.000000e+00)
0.192301      	(0.000000e+00 0.000000e+00 0.000000e+00)
0.192318      	(0.000000e+00 0.000000e+00 0.000000e+00)
0.192335      	(0.000000e+00 0.000000e+00 0.000000e+00)
0.192352      	(0.000000e+00 0.000000e+00 0.000000e+00)
0.192369      	(0.000000e+00 0.000000e+00 0.000000e+00)
0.192386      	(0.000000e+00 0.000000e+00 0.000000e+00)
0.192403      	(0.000000e+00 0.000000e+00 0.000000e+00)
0.19242       	(0.000000e+00 0.000000e+00 0.000000e+00)
0.192437      	(0.000000e+00 0.000000e+00 0.000000e+00)
0.192455      	(0.000000e+00 0.000000e+00 0.000000e+00)
0.192472      	(0.000000e+00 0.000000e+00 0.000000e+00)
0.192489      	(0.000000e+00 0.000000e+00 0.000000e+00)
0.192506      	(0.000000e+00 0.000000e+00 0.000000e+00)
0.192523      	(0.000000e+00 0.000000e+00 0.000000e+00)
0.19254       	(0.000000e+00 0.000000e+00 0.000000e+00)
0.192557      	(0.000000e+00 0.000000e+00 0.000000e+00)
0.192574      	(0.000000e+00 0.000000e+00 0.000000e+00)
0.192591      	(0.000000e+00 0.000000e+00 0.000000e+00)
0.192608      	(0.000000e+00 0.000000e+00 0.000000e+00)
0.192625      	(0.000000e+00 0.000000e+00 0.000000e+00)
0.192642      	(0.000000e+00 0.000000e+00 0.000000e+00)
0.192659      	(0.000000e+00 0.000000e+00 0.000000e+00)
0.192676      	(0.000000e+00 0.000000e+00 0.000000e+00)
0.192693      	(0.000000e+00 0.000000e+00 0.000000e+00)
0.192711      	(0.000000e+00 0.000000e+00 0.000000e+00)
0.192728      	(0.000000e+00 0.000000e+00 0.000000e+00)
0.192745      	(0.000000e+00 0.000000e+00 0.000000e+00)
0.192762      	(0.000000e+00 0.000000e+00 0.000000e+00)
0.192779      	(0.000000e+00 0.000000e+00 0.000000e+00)
0.192796      	(0.000000e+00 0.000000e+00 0.000000e+00)
0.192813      	(0.000000e+00 0.000000e+00 0.000000e+00)
0.19283       	(0.000000e+00 0.000000e+00 0.000000e+00)
0.192847      	(0.000000e+00 0.000000e+00 0.000000e+00)
0.192864      	(0.000000e+00 0.000000e+00 0.000000e+00)
0.192881      	(0.000000e+00 0.000000e+00 0.000000e+00)
0.192898      	(0.000000e+00 0.000000e+00 0.000000e+00)
0.192915      	(0.000000e+00 0.000000e+00 0.000000e+00)
0.192932      	(0.000000e+00 0.000000e+00 0.000000e+00)
0.19295       	(0.000000e+00 0.000000e+00 0.000000e+00)
0.192967      	(0.000000e+00 0.000000e+00 0.000000e+00)
0.192984      	(0.000000e+00 0.000000e+00 0.000000e+00)
0.193001      	(0.000000e+00 0.000000e+00 0.000000e+00)
0.193018      	(0.000000e+00 0.000000e+00 0.000000e+00)
0.193035      	(0.000000e+00 0.000000e+00 0.000000e+00)
0.193052      	(0.000000e+00 0.000000e+00 0.000000e+00)
0.193069      	(0.000000e+00 0.000000e+00 0.000000e+00)
0.193086      	(0.000000e+00 0.000000e+00 0.000000e+00)
0.193103      	(0.000000e+00 0.000000e+00 0.000000e+00)
0.19312       	(0.000000e+00 0.000000e+00 0.000000e+00)
0.193137      	(0.000000e+00 0.000000e+00 0.000000e+00)
0.193154      	(0.000000e+00 0.000000e+00 0.000000e+00)
0.193171      	(0.000000e+00 0.000000e+00 0.000000e+00)
0.193189      	(0.000000e+00 0.000000e+00 0.000000e+00)
0.193206      	(0.000000e+00 0.000000e+00 0.000000e+00)
0.193223      	(0.000000e+00 0.000000e+00 0.000000e+00)
0.19324       	(0.000000e+00 0.000000e+00 0.000000e+00)
0.193257      	(0.000000e+00 0.000000e+00 0.000000e+00)
0.193274      	(0.000000e+00 0.000000e+00 0.000000e+00)
0.193291      	(0.000000e+00 0.000000e+00 0.000000e+00)
0.193308      	(0.000000e+00 0.000000e+00 0.000000e+00)
0.193325      	(0.000000e+00 0.000000e+00 0.000000e+00)
0.193342      	(0.000000e+00 0.000000e+00 0.000000e+00)
0.193359      	(0.000000e+00 0.000000e+00 0.000000e+00)
0.193376      	(0.000000e+00 0.000000e+00 0.000000e+00)
0.193393      	(0.000000e+00 0.000000e+00 0.000000e+00)
0.19341       	(0.000000e+00 0.000000e+00 0.000000e+00)
0.193427      	(0.000000e+00 0.000000e+00 0.000000e+00)
0.193444      	(0.000000e+00 0.000000e+00 0.000000e+00)
0.193461      	(0.000000e+00 0.000000e+00 0.000000e+00)
0.193478      	(0.000000e+00 0.000000e+00 0.000000e+00)
0.193495      	(0.000000e+00 0.000000e+00 0.000000e+00)
0.193512      	(0.000000e+00 0.000000e+00 0.000000e+00)
0.193529      	(0.000000e+00 0.000000e+00 0.000000e+00)
0.193546      	(0.000000e+00 0.000000e+00 0.000000e+00)
0.193563      	(0.000000e+00 0.000000e+00 0.000000e+00)
0.19358       	(0.000000e+00 0.000000e+00 0.000000e+00)
0.193597      	(0.000000e+00 0.000000e+00 0.000000e+00)
0.193614      	(0.000000e+00 0.000000e+00 0.000000e+00)
0.193631      	(0.000000e+00 0.000000e+00 0.000000e+00)
0.193648      	(0.000000e+00 0.000000e+00 0.000000e+00)
0.193666      	(0.000000e+00 0.000000e+00 0.000000e+00)
0.193683      	(0.000000e+00 0.000000e+00 0.000000e+00)
0.1937        	(0.000000e+00 0.000000e+00 0.000000e+00)
0.193717      	(0.000000e+00 0.000000e+00 0.000000e+00)
0.193734      	(0.000000e+00 0.000000e+00 0.000000e+00)
0.193751      	(0.000000e+00 0.000000e+00 0.000000e+00)
0.193768      	(0.000000e+00 0.000000e+00 0.000000e+00)
0.193785      	(0.000000e+00 0.000000e+00 0.000000e+00)
0.193802      	(0.000000e+00 0.000000e+00 0.000000e+00)
0.193819      	(0.000000e+00 0.000000e+00 0.000000e+00)
0.193836      	(0.000000e+00 0.000000e+00 0.000000e+00)
0.193853      	(0.000000e+00 0.000000e+00 0.000000e+00)
0.19387       	(0.000000e+00 0.000000e+00 0.000000e+00)
0.193887      	(0.000000e+00 0.000000e+00 0.000000e+00)
0.193904      	(0.000000e+00 0.000000e+00 0.000000e+00)
0.193921      	(0.000000e+00 0.000000e+00 0.000000e+00)
0.193938      	(0.000000e+00 0.000000e+00 0.000000e+00)
0.193955      	(0.000000e+00 0.000000e+00 0.000000e+00)
0.193972      	(0.000000e+00 0.000000e+00 0.000000e+00)
0.193989      	(0.000000e+00 0.000000e+00 0.000000e+00)
0.194006      	(0.000000e+00 0.000000e+00 0.000000e+00)
0.194023      	(0.000000e+00 0.000000e+00 0.000000e+00)
0.19404       	(0.000000e+00 0.000000e+00 0.000000e+00)
0.194057      	(0.000000e+00 0.000000e+00 0.000000e+00)
0.194074      	(0.000000e+00 0.000000e+00 0.000000e+00)
0.194091      	(0.000000e+00 0.000000e+00 0.000000e+00)
0.194108      	(0.000000e+00 0.000000e+00 0.000000e+00)
0.194125      	(0.000000e+00 0.000000e+00 0.000000e+00)
0.194142      	(0.000000e+00 0.000000e+00 0.000000e+00)
0.194159      	(0.000000e+00 0.000000e+00 0.000000e+00)
0.194176      	(0.000000e+00 0.000000e+00 0.000000e+00)
0.194193      	(0.000000e+00 0.000000e+00 0.000000e+00)
0.19421       	(0.000000e+00 0.000000e+00 0.000000e+00)
0.194227      	(0.000000e+00 0.000000e+00 0.000000e+00)
0.194244      	(0.000000e+00 0.000000e+00 0.000000e+00)
0.194262      	(0.000000e+00 0.000000e+00 0.000000e+00)
0.194278      	(0.000000e+00 0.000000e+00 0.000000e+00)
0.194295      	(0.000000e+00 0.000000e+00 0.000000e+00)
0.194312      	(0.000000e+00 0.000000e+00 0.000000e+00)
0.194329      	(0.000000e+00 0.000000e+00 0.000000e+00)
0.194346      	(0.000000e+00 0.000000e+00 0.000000e+00)
0.194363      	(0.000000e+00 0.000000e+00 0.000000e+00)
0.19438       	(0.000000e+00 0.000000e+00 0.000000e+00)
0.194397      	(0.000000e+00 0.000000e+00 0.000000e+00)
0.194414      	(0.000000e+00 0.000000e+00 0.000000e+00)
0.194431      	(0.000000e+00 0.000000e+00 0.000000e+00)
0.194448      	(0.000000e+00 0.000000e+00 0.000000e+00)
0.194465      	(0.000000e+00 0.000000e+00 0.000000e+00)
0.194482      	(0.000000e+00 0.000000e+00 0.000000e+00)
0.194499      	(0.000000e+00 0.000000e+00 0.000000e+00)
0.194516      	(0.000000e+00 0.000000e+00 0.000000e+00)
0.194533      	(0.000000e+00 0.000000e+00 0.000000e+00)
0.19455       	(0.000000e+00 0.000000e+00 0.000000e+00)
0.194567      	(0.000000e+00 0.000000e+00 0.000000e+00)
0.194584      	(0.000000e+00 0.000000e+00 0.000000e+00)
0.194601      	(0.000000e+00 0.000000e+00 0.000000e+00)
0.194618      	(0.000000e+00 0.000000e+00 0.000000e+00)
0.194635      	(0.000000e+00 0.000000e+00 0.000000e+00)
0.194652      	(0.000000e+00 0.000000e+00 0.000000e+00)
0.194669      	(0.000000e+00 0.000000e+00 0.000000e+00)
0.194686      	(0.000000e+00 0.000000e+00 0.000000e+00)
0.194703      	(0.000000e+00 0.000000e+00 0.000000e+00)
0.19472       	(0.000000e+00 0.000000e+00 0.000000e+00)
0.194737      	(0.000000e+00 0.000000e+00 0.000000e+00)
0.194754      	(0.000000e+00 0.000000e+00 0.000000e+00)
0.194771      	(0.000000e+00 0.000000e+00 0.000000e+00)
0.194788      	(0.000000e+00 0.000000e+00 0.000000e+00)
0.194805      	(0.000000e+00 0.000000e+00 0.000000e+00)
0.194822      	(0.000000e+00 0.000000e+00 0.000000e+00)
0.194839      	(0.000000e+00 0.000000e+00 0.000000e+00)
0.194856      	(0.000000e+00 0.000000e+00 0.000000e+00)
0.194873      	(0.000000e+00 0.000000e+00 0.000000e+00)
0.19489       	(0.000000e+00 0.000000e+00 0.000000e+00)
0.194907      	(0.000000e+00 0.000000e+00 0.000000e+00)
0.194924      	(0.000000e+00 0.000000e+00 0.000000e+00)
0.194941      	(0.000000e+00 0.000000e+00 0.000000e+00)
0.194958      	(0.000000e+00 0.000000e+00 0.000000e+00)
0.194975      	(0.000000e+00 0.000000e+00 0.000000e+00)
0.194992      	(0.000000e+00 0.000000e+00 0.000000e+00)
0.195009      	(0.000000e+00 0.000000e+00 0.000000e+00)
0.195026      	(0.000000e+00 0.000000e+00 0.000000e+00)
0.195042      	(0.000000e+00 0.000000e+00 0.000000e+00)
0.195059      	(0.000000e+00 0.000000e+00 0.000000e+00)
0.195076      	(0.000000e+00 0.000000e+00 0.000000e+00)
0.195093      	(0.000000e+00 0.000000e+00 0.000000e+00)
0.19511       	(0.000000e+00 0.000000e+00 0.000000e+00)
0.195127      	(0.000000e+00 0.000000e+00 0.000000e+00)
0.195144      	(0.000000e+00 0.000000e+00 0.000000e+00)
0.195161      	(0.000000e+00 0.000000e+00 0.000000e+00)
0.195178      	(0.000000e+00 0.000000e+00 0.000000e+00)
0.195195      	(0.000000e+00 0.000000e+00 0.000000e+00)
0.195212      	(0.000000e+00 0.000000e+00 0.000000e+00)
0.195229      	(0.000000e+00 0.000000e+00 0.000000e+00)
0.195246      	(0.000000e+00 0.000000e+00 0.000000e+00)
0.195263      	(0.000000e+00 0.000000e+00 0.000000e+00)
0.19528       	(0.000000e+00 0.000000e+00 0.000000e+00)
0.195297      	(0.000000e+00 0.000000e+00 0.000000e+00)
0.195314      	(0.000000e+00 0.000000e+00 0.000000e+00)
0.195331      	(0.000000e+00 0.000000e+00 0.000000e+00)
0.195348      	(0.000000e+00 0.000000e+00 0.000000e+00)
0.195365      	(0.000000e+00 0.000000e+00 0.000000e+00)
0.195382      	(0.000000e+00 0.000000e+00 0.000000e+00)
0.195399      	(0.000000e+00 0.000000e+00 0.000000e+00)
0.195416      	(0.000000e+00 0.000000e+00 0.000000e+00)
0.195433      	(0.000000e+00 0.000000e+00 0.000000e+00)
0.19545       	(0.000000e+00 0.000000e+00 0.000000e+00)
0.195467      	(0.000000e+00 0.000000e+00 0.000000e+00)
0.195484      	(0.000000e+00 0.000000e+00 0.000000e+00)
0.195501      	(0.000000e+00 0.000000e+00 0.000000e+00)
0.195518      	(0.000000e+00 0.000000e+00 0.000000e+00)
0.195535      	(0.000000e+00 0.000000e+00 0.000000e+00)
0.195552      	(0.000000e+00 0.000000e+00 0.000000e+00)
0.195569      	(0.000000e+00 0.000000e+00 0.000000e+00)
0.195586      	(0.000000e+00 0.000000e+00 0.000000e+00)
0.195603      	(0.000000e+00 0.000000e+00 0.000000e+00)
0.19562       	(0.000000e+00 0.000000e+00 0.000000e+00)
0.195637      	(0.000000e+00 0.000000e+00 0.000000e+00)
0.195654      	(0.000000e+00 0.000000e+00 0.000000e+00)
0.195671      	(0.000000e+00 0.000000e+00 0.000000e+00)
0.195688      	(0.000000e+00 0.000000e+00 0.000000e+00)
0.195705      	(0.000000e+00 0.000000e+00 0.000000e+00)
0.195722      	(0.000000e+00 0.000000e+00 0.000000e+00)
0.195739      	(0.000000e+00 0.000000e+00 0.000000e+00)
0.195755      	(0.000000e+00 0.000000e+00 0.000000e+00)
0.195772      	(0.000000e+00 0.000000e+00 0.000000e+00)
0.195789      	(0.000000e+00 0.000000e+00 0.000000e+00)
0.195806      	(0.000000e+00 0.000000e+00 0.000000e+00)
0.195823      	(0.000000e+00 0.000000e+00 0.000000e+00)
0.19584       	(0.000000e+00 0.000000e+00 0.000000e+00)
0.195857      	(0.000000e+00 0.000000e+00 0.000000e+00)
0.195874      	(0.000000e+00 0.000000e+00 0.000000e+00)
0.195891      	(0.000000e+00 0.000000e+00 0.000000e+00)
0.195908      	(0.000000e+00 0.000000e+00 0.000000e+00)
0.195925      	(0.000000e+00 0.000000e+00 0.000000e+00)
0.195942      	(0.000000e+00 0.000000e+00 0.000000e+00)
0.195958      	(0.000000e+00 0.000000e+00 0.000000e+00)
0.195975      	(0.000000e+00 0.000000e+00 0.000000e+00)
0.195992      	(0.000000e+00 0.000000e+00 0.000000e+00)
0.196009      	(0.000000e+00 0.000000e+00 0.000000e+00)
0.196026      	(0.000000e+00 0.000000e+00 0.000000e+00)
0.196043      	(0.000000e+00 0.000000e+00 0.000000e+00)
0.19606       	(0.000000e+00 0.000000e+00 0.000000e+00)
0.196077      	(0.000000e+00 0.000000e+00 0.000000e+00)
0.196094      	(0.000000e+00 0.000000e+00 0.000000e+00)
0.196111      	(0.000000e+00 0.000000e+00 0.000000e+00)
0.196128      	(0.000000e+00 0.000000e+00 0.000000e+00)
0.196144      	(0.000000e+00 0.000000e+00 0.000000e+00)
0.196161      	(0.000000e+00 0.000000e+00 0.000000e+00)
0.196178      	(0.000000e+00 0.000000e+00 0.000000e+00)
0.196195      	(0.000000e+00 0.000000e+00 0.000000e+00)
0.196212      	(0.000000e+00 0.000000e+00 0.000000e+00)
0.196229      	(0.000000e+00 0.000000e+00 0.000000e+00)
0.196246      	(0.000000e+00 0.000000e+00 0.000000e+00)
0.196263      	(0.000000e+00 0.000000e+00 0.000000e+00)
0.19628       	(0.000000e+00 0.000000e+00 0.000000e+00)
0.196297      	(0.000000e+00 0.000000e+00 0.000000e+00)
0.196314      	(0.000000e+00 0.000000e+00 0.000000e+00)
0.19633       	(0.000000e+00 0.000000e+00 0.000000e+00)
0.196347      	(0.000000e+00 0.000000e+00 0.000000e+00)
0.196364      	(0.000000e+00 0.000000e+00 0.000000e+00)
0.196381      	(0.000000e+00 0.000000e+00 0.000000e+00)
0.196398      	(0.000000e+00 0.000000e+00 0.000000e+00)
0.196415      	(0.000000e+00 0.000000e+00 0.000000e+00)
0.196432      	(0.000000e+00 0.000000e+00 0.000000e+00)
0.196449      	(0.000000e+00 0.000000e+00 0.000000e+00)
0.196466      	(0.000000e+00 0.000000e+00 0.000000e+00)
0.196483      	(0.000000e+00 0.000000e+00 0.000000e+00)
0.1965        	(0.000000e+00 0.000000e+00 0.000000e+00)
0.196516      	(0.000000e+00 0.000000e+00 0.000000e+00)
0.196533      	(0.000000e+00 0.000000e+00 0.000000e+00)
0.19655       	(0.000000e+00 0.000000e+00 0.000000e+00)
0.196567      	(0.000000e+00 0.000000e+00 0.000000e+00)
0.196584      	(0.000000e+00 0.000000e+00 0.000000e+00)
0.196601      	(0.000000e+00 0.000000e+00 0.000000e+00)
0.196618      	(0.000000e+00 0.000000e+00 0.000000e+00)
0.196635      	(0.000000e+00 0.000000e+00 0.000000e+00)
0.196652      	(0.000000e+00 0.000000e+00 0.000000e+00)
0.196669      	(0.000000e+00 0.000000e+00 0.000000e+00)
0.196686      	(0.000000e+00 0.000000e+00 0.000000e+00)
0.196702      	(0.000000e+00 0.000000e+00 0.000000e+00)
0.196719      	(0.000000e+00 0.000000e+00 0.000000e+00)
0.196736      	(0.000000e+00 0.000000e+00 0.000000e+00)
0.196753      	(0.000000e+00 0.000000e+00 0.000000e+00)
0.19677       	(0.000000e+00 0.000000e+00 0.000000e+00)
0.196787      	(0.000000e+00 0.000000e+00 0.000000e+00)
0.196804      	(0.000000e+00 0.000000e+00 0.000000e+00)
0.196821      	(0.000000e+00 0.000000e+00 0.000000e+00)
0.196838      	(0.000000e+00 0.000000e+00 0.000000e+00)
0.196855      	(0.000000e+00 0.000000e+00 0.000000e+00)
0.196872      	(0.000000e+00 0.000000e+00 0.000000e+00)
0.196888      	(0.000000e+00 0.000000e+00 0.000000e+00)
0.196905      	(0.000000e+00 0.000000e+00 0.000000e+00)
0.196922      	(0.000000e+00 0.000000e+00 0.000000e+00)
0.196939      	(0.000000e+00 0.000000e+00 0.000000e+00)
0.196956      	(0.000000e+00 0.000000e+00 0.000000e+00)
0.196973      	(0.000000e+00 0.000000e+00 0.000000e+00)
0.19699       	(0.000000e+00 0.000000e+00 0.000000e+00)
0.197007      	(0.000000e+00 0.000000e+00 0.000000e+00)
0.197024      	(0.000000e+00 0.000000e+00 0.000000e+00)
0.197041      	(0.000000e+00 0.000000e+00 0.000000e+00)
0.197058      	(0.000000e+00 0.000000e+00 0.000000e+00)
0.197075      	(0.000000e+00 0.000000e+00 0.000000e+00)
0.197091      	(0.000000e+00 0.000000e+00 0.000000e+00)
0.197108      	(0.000000e+00 0.000000e+00 0.000000e+00)
0.197125      	(0.000000e+00 0.000000e+00 0.000000e+00)
0.197142      	(0.000000e+00 0.000000e+00 0.000000e+00)
0.197159      	(0.000000e+00 0.000000e+00 0.000000e+00)
0.197176      	(0.000000e+00 0.000000e+00 0.000000e+00)
0.197193      	(0.000000e+00 0.000000e+00 0.000000e+00)
0.19721       	(0.000000e+00 0.000000e+00 0.000000e+00)
0.197227      	(0.000000e+00 0.000000e+00 0.000000e+00)
0.197244      	(0.000000e+00 0.000000e+00 0.000000e+00)
0.197261      	(0.000000e+00 0.000000e+00 0.000000e+00)
0.197277      	(0.000000e+00 0.000000e+00 0.000000e+00)
0.197294      	(0.000000e+00 0.000000e+00 0.000000e+00)
0.197311      	(0.000000e+00 0.000000e+00 0.000000e+00)
0.197328      	(0.000000e+00 0.000000e+00 0.000000e+00)
0.197345      	(0.000000e+00 0.000000e+00 0.000000e+00)
0.197362      	(0.000000e+00 0.000000e+00 0.000000e+00)
0.197379      	(0.000000e+00 0.000000e+00 0.000000e+00)
0.197396      	(0.000000e+00 0.000000e+00 0.000000e+00)
0.197413      	(0.000000e+00 0.000000e+00 0.000000e+00)
0.19743       	(0.000000e+00 0.000000e+00 0.000000e+00)
0.197447      	(0.000000e+00 0.000000e+00 0.000000e+00)
0.197463      	(0.000000e+00 0.000000e+00 0.000000e+00)
0.19748       	(0.000000e+00 0.000000e+00 0.000000e+00)
0.197497      	(0.000000e+00 0.000000e+00 0.000000e+00)
0.197514      	(0.000000e+00 0.000000e+00 0.000000e+00)
0.197531      	(0.000000e+00 0.000000e+00 0.000000e+00)
0.197548      	(0.000000e+00 0.000000e+00 0.000000e+00)
0.197565      	(0.000000e+00 0.000000e+00 0.000000e+00)
0.197582      	(0.000000e+00 0.000000e+00 0.000000e+00)
0.197599      	(0.000000e+00 0.000000e+00 0.000000e+00)
0.197616      	(0.000000e+00 0.000000e+00 0.000000e+00)
0.197633      	(0.000000e+00 0.000000e+00 0.000000e+00)
0.197649      	(0.000000e+00 0.000000e+00 0.000000e+00)
0.197666      	(0.000000e+00 0.000000e+00 0.000000e+00)
0.197683      	(0.000000e+00 0.000000e+00 0.000000e+00)
0.1977        	(0.000000e+00 0.000000e+00 0.000000e+00)
0.197717      	(0.000000e+00 0.000000e+00 0.000000e+00)
0.197734      	(0.000000e+00 0.000000e+00 0.000000e+00)
0.197751      	(0.000000e+00 0.000000e+00 0.000000e+00)
0.197768      	(0.000000e+00 0.000000e+00 0.000000e+00)
0.197785      	(0.000000e+00 0.000000e+00 0.000000e+00)
0.197802      	(0.000000e+00 0.000000e+00 0.000000e+00)
0.197819      	(0.000000e+00 0.000000e+00 0.000000e+00)
0.197835      	(0.000000e+00 0.000000e+00 0.000000e+00)
0.197852      	(0.000000e+00 0.000000e+00 0.000000e+00)
0.197869      	(0.000000e+00 0.000000e+00 0.000000e+00)
0.197886      	(0.000000e+00 0.000000e+00 0.000000e+00)
0.197903      	(0.000000e+00 0.000000e+00 0.000000e+00)
0.19792       	(0.000000e+00 0.000000e+00 0.000000e+00)
0.197937      	(0.000000e+00 0.000000e+00 0.000000e+00)
0.197954      	(0.000000e+00 0.000000e+00 0.000000e+00)
0.197971      	(0.000000e+00 0.000000e+00 0.000000e+00)
0.197988      	(0.000000e+00 0.000000e+00 0.000000e+00)
0.198005      	(0.000000e+00 0.000000e+00 0.000000e+00)
0.198021      	(0.000000e+00 0.000000e+00 0.000000e+00)
0.198038      	(0.000000e+00 0.000000e+00 0.000000e+00)
0.198055      	(0.000000e+00 0.000000e+00 0.000000e+00)
0.198072      	(0.000000e+00 0.000000e+00 0.000000e+00)
0.198089      	(0.000000e+00 0.000000e+00 0.000000e+00)
0.198106      	(0.000000e+00 0.000000e+00 0.000000e+00)
0.198123      	(0.000000e+00 0.000000e+00 0.000000e+00)
0.19814       	(0.000000e+00 0.000000e+00 0.000000e+00)
0.198157      	(0.000000e+00 0.000000e+00 0.000000e+00)
0.198174      	(0.000000e+00 0.000000e+00 0.000000e+00)
0.198191      	(0.000000e+00 0.000000e+00 0.000000e+00)
0.198207      	(0.000000e+00 0.000000e+00 0.000000e+00)
0.198224      	(0.000000e+00 0.000000e+00 0.000000e+00)
0.198241      	(0.000000e+00 0.000000e+00 0.000000e+00)
0.198258      	(0.000000e+00 0.000000e+00 0.000000e+00)
0.198275      	(0.000000e+00 0.000000e+00 0.000000e+00)
0.198292      	(0.000000e+00 0.000000e+00 0.000000e+00)
0.198309      	(0.000000e+00 0.000000e+00 0.000000e+00)
0.198326      	(0.000000e+00 0.000000e+00 0.000000e+00)
0.198343      	(0.000000e+00 0.000000e+00 0.000000e+00)
0.19836       	(0.000000e+00 0.000000e+00 0.000000e+00)
0.198377      	(0.000000e+00 0.000000e+00 0.000000e+00)
0.198394      	(0.000000e+00 0.000000e+00 0.000000e+00)
0.19841       	(0.000000e+00 0.000000e+00 0.000000e+00)
0.198427      	(0.000000e+00 0.000000e+00 0.000000e+00)
0.198444      	(0.000000e+00 0.000000e+00 0.000000e+00)
0.198461      	(0.000000e+00 0.000000e+00 0.000000e+00)
0.198478      	(0.000000e+00 0.000000e+00 0.000000e+00)
0.198495      	(0.000000e+00 0.000000e+00 0.000000e+00)
0.198512      	(0.000000e+00 0.000000e+00 0.000000e+00)
0.198529      	(0.000000e+00 0.000000e+00 0.000000e+00)
0.198546      	(0.000000e+00 0.000000e+00 0.000000e+00)
0.198563      	(0.000000e+00 0.000000e+00 0.000000e+00)
0.19858       	(0.000000e+00 0.000000e+00 0.000000e+00)
0.198596      	(0.000000e+00 0.000000e+00 0.000000e+00)
0.198613      	(0.000000e+00 0.000000e+00 0.000000e+00)
0.19863       	(0.000000e+00 0.000000e+00 0.000000e+00)
0.198647      	(0.000000e+00 0.000000e+00 0.000000e+00)
0.198664      	(0.000000e+00 0.000000e+00 0.000000e+00)
0.198681      	(0.000000e+00 0.000000e+00 0.000000e+00)
0.198698      	(0.000000e+00 0.000000e+00 0.000000e+00)
0.198715      	(0.000000e+00 0.000000e+00 0.000000e+00)
0.198732      	(0.000000e+00 0.000000e+00 0.000000e+00)
0.198749      	(0.000000e+00 0.000000e+00 0.000000e+00)
0.198766      	(0.000000e+00 0.000000e+00 0.000000e+00)
0.198782      	(0.000000e+00 0.000000e+00 0.000000e+00)
0.198799      	(0.000000e+00 0.000000e+00 0.000000e+00)
0.198816      	(0.000000e+00 0.000000e+00 0.000000e+00)
0.198833      	(0.000000e+00 0.000000e+00 0.000000e+00)
0.19885       	(0.000000e+00 0.000000e+00 0.000000e+00)
0.198867      	(0.000000e+00 0.000000e+00 0.000000e+00)
0.198884      	(0.000000e+00 0.000000e+00 0.000000e+00)
0.198901      	(0.000000e+00 0.000000e+00 0.000000e+00)
0.198918      	(0.000000e+00 0.000000e+00 0.000000e+00)
0.198935      	(0.000000e+00 0.000000e+00 0.000000e+00)
0.198952      	(0.000000e+00 0.000000e+00 0.000000e+00)
0.198968      	(0.000000e+00 0.000000e+00 0.000000e+00)
0.198985      	(0.000000e+00 0.000000e+00 0.000000e+00)
0.199002      	(0.000000e+00 0.000000e+00 0.000000e+00)
0.199019      	(0.000000e+00 0.000000e+00 0.000000e+00)
0.199036      	(0.000000e+00 0.000000e+00 0.000000e+00)
0.199053      	(0.000000e+00 0.000000e+00 0.000000e+00)
0.19907       	(0.000000e+00 0.000000e+00 0.000000e+00)
0.199087      	(0.000000e+00 0.000000e+00 0.000000e+00)
0.199104      	(0.000000e+00 0.000000e+00 0.000000e+00)
0.199121      	(0.000000e+00 0.000000e+00 0.000000e+00)
0.199138      	(0.000000e+00 0.000000e+00 0.000000e+00)
0.199154      	(0.000000e+00 0.000000e+00 0.000000e+00)
0.199171      	(0.000000e+00 0.000000e+00 0.000000e+00)
0.199188      	(0.000000e+00 0.000000e+00 0.000000e+00)
0.199205      	(0.000000e+00 0.000000e+00 0.000000e+00)
0.199222      	(0.000000e+00 0.000000e+00 0.000000e+00)
0.199239      	(0.000000e+00 0.000000e+00 0.000000e+00)
0.199256      	(0.000000e+00 0.000000e+00 0.000000e+00)
0.199273      	(0.000000e+00 0.000000e+00 0.000000e+00)
0.19929       	(0.000000e+00 0.000000e+00 0.000000e+00)
0.199307      	(0.000000e+00 0.000000e+00 0.000000e+00)
0.199324      	(0.000000e+00 0.000000e+00 0.000000e+00)
0.19934       	(0.000000e+00 0.000000e+00 0.000000e+00)
0.199357      	(0.000000e+00 0.000000e+00 0.000000e+00)
0.199374      	(0.000000e+00 0.000000e+00 0.000000e+00)
0.199391      	(0.000000e+00 0.000000e+00 0.000000e+00)
0.199408      	(0.000000e+00 0.000000e+00 0.000000e+00)
0.199425      	(0.000000e+00 0.000000e+00 0.000000e+00)
0.199442      	(0.000000e+00 0.000000e+00 0.000000e+00)
0.199459      	(0.000000e+00 0.000000e+00 0.000000e+00)
0.199476      	(0.000000e+00 0.000000e+00 0.000000e+00)
0.199493      	(0.000000e+00 0.000000e+00 0.000000e+00)
0.19951       	(0.000000e+00 0.000000e+00 0.000000e+00)
0.199527      	(0.000000e+00 0.000000e+00 0.000000e+00)
0.199543      	(0.000000e+00 0.000000e+00 0.000000e+00)
0.19956       	(0.000000e+00 0.000000e+00 0.000000e+00)
0.199577      	(0.000000e+00 0.000000e+00 0.000000e+00)
0.199594      	(0.000000e+00 0.000000e+00 0.000000e+00)
0.199611      	(0.000000e+00 0.000000e+00 0.000000e+00)
0.199628      	(0.000000e+00 0.000000e+00 0.000000e+00)
0.199645      	(0.000000e+00 0.000000e+00 0.000000e+00)
0.199662      	(0.000000e+00 0.000000e+00 0.000000e+00)
0.199679      	(0.000000e+00 0.000000e+00 0.000000e+00)
0.199696      	(0.000000e+00 0.000000e+00 0.000000e+00)
0.199713      	(0.000000e+00 0.000000e+00 0.000000e+00)
0.199729      	(0.000000e+00 0.000000e+00 0.000000e+00)
0.199746      	(0.000000e+00 0.000000e+00 0.000000e+00)
0.199763      	(0.000000e+00 0.000000e+00 0.000000e+00)
0.19978       	(0.000000e+00 0.000000e+00 0.000000e+00)
0.199797      	(0.000000e+00 0.000000e+00 0.000000e+00)
0.199814      	(0.000000e+00 0.000000e+00 0.000000e+00)
0.199831      	(0.000000e+00 0.000000e+00 0.000000e+00)
0.199848      	(0.000000e+00 0.000000e+00 0.000000e+00)
0.199865      	(0.000000e+00 0.000000e+00 0.000000e+00)
0.199882      	(0.000000e+00 0.000000e+00 0.000000e+00)
0.199899      	(0.000000e+00 0.000000e+00 0.000000e+00)
0.199915      	(0.000000e+00 0.000000e+00 0.000000e+00)
0.199932      	(0.000000e+00 0.000000e+00 0.000000e+00)
0.199949      	(0.000000e+00 0.000000e+00 0.000000e+00)
0.199966      	(0.000000e+00 0.000000e+00 0.000000e+00)
0.199983      	(0.000000e+00 0.000000e+00 0.000000e+00)
0.2           	(0.000000e+00 0.000000e+00 0.000000e+00)
0.200017      	(0.000000e+00 0.000000e+00 0.000000e+00)
0.200034      	(0.000000e+00 0.000000e+00 0.000000e+00)
0.200051      	(0.000000e+00 0.000000e+00 0.000000e+00)
0.200068      	(0.000000e+00 0.000000e+00 0.000000e+00)
0.200084      	(0.000000e+00 0.000000e+00 0.000000e+00)
0.200101      	(0.000000e+00 0.000000e+00 0.000000e+00)
0.200118      	(0.000000e+00 0.000000e+00 0.000000e+00)
0.200135      	(0.000000e+00 0.000000e+00 0.000000e+00)
0.200152      	(0.000000e+00 0.000000e+00 0.000000e+00)
0.200169      	(0.000000e+00 0.000000e+00 0.000000e+00)
0.200186      	(0.000000e+00 0.000000e+00 0.000000e+00)
0.200203      	(0.000000e+00 0.000000e+00 0.000000e+00)
0.20022       	(0.000000e+00 0.000000e+00 0.000000e+00)
0.200236      	(0.000000e+00 0.000000e+00 0.000000e+00)
0.200253      	(0.000000e+00 0.000000e+00 0.000000e+00)
0.20027       	(0.000000e+00 0.000000e+00 0.000000e+00)
0.200287      	(0.000000e+00 0.000000e+00 0.000000e+00)
0.200304      	(0.000000e+00 0.000000e+00 0.000000e+00)
0.200321      	(0.000000e+00 0.000000e+00 0.000000e+00)
0.200338      	(0.000000e+00 0.000000e+00 0.000000e+00)
0.200355      	(0.000000e+00 0.000000e+00 0.000000e+00)
0.200372      	(0.000000e+00 0.000000e+00 0.000000e+00)
0.200389      	(0.000000e+00 0.000000e+00 0.000000e+00)
0.200405      	(0.000000e+00 0.000000e+00 0.000000e+00)
0.200422      	(0.000000e+00 0.000000e+00 0.000000e+00)
0.200439      	(0.000000e+00 0.000000e+00 0.000000e+00)
0.200456      	(0.000000e+00 0.000000e+00 0.000000e+00)
0.200473      	(0.000000e+00 0.000000e+00 0.000000e+00)
0.20049       	(0.000000e+00 0.000000e+00 0.000000e+00)
0.200507      	(0.000000e+00 0.000000e+00 0.000000e+00)
0.200524      	(0.000000e+00 0.000000e+00 0.000000e+00)
0.200541      	(0.000000e+00 0.000000e+00 0.000000e+00)
0.200557      	(0.000000e+00 0.000000e+00 0.000000e+00)
0.200574      	(0.000000e+00 0.000000e+00 0.000000e+00)
0.200591      	(0.000000e+00 0.000000e+00 0.000000e+00)
0.200608      	(0.000000e+00 0.000000e+00 0.000000e+00)
0.200625      	(0.000000e+00 0.000000e+00 0.000000e+00)
0.200642      	(0.000000e+00 0.000000e+00 0.000000e+00)
0.200659      	(0.000000e+00 0.000000e+00 0.000000e+00)
0.200676      	(0.000000e+00 0.000000e+00 0.000000e+00)
0.200693      	(0.000000e+00 0.000000e+00 0.000000e+00)
0.200709      	(0.000000e+00 0.000000e+00 0.000000e+00)
0.200726      	(0.000000e+00 0.000000e+00 0.000000e+00)
0.200743      	(0.000000e+00 0.000000e+00 0.000000e+00)
0.20076       	(0.000000e+00 0.000000e+00 0.000000e+00)
0.200777      	(0.000000e+00 0.000000e+00 0.000000e+00)
0.200794      	(0.000000e+00 0.000000e+00 0.000000e+00)
0.200811      	(0.000000e+00 0.000000e+00 0.000000e+00)
0.200828      	(0.000000e+00 0.000000e+00 0.000000e+00)
0.200845      	(0.000000e+00 0.000000e+00 0.000000e+00)
0.200861      	(0.000000e+00 0.000000e+00 0.000000e+00)
0.200878      	(0.000000e+00 0.000000e+00 0.000000e+00)
0.200895      	(0.000000e+00 0.000000e+00 0.000000e+00)
0.200912      	(0.000000e+00 0.000000e+00 0.000000e+00)
0.200929      	(0.000000e+00 0.000000e+00 0.000000e+00)
0.200946      	(0.000000e+00 0.000000e+00 0.000000e+00)
0.200963      	(0.000000e+00 0.000000e+00 0.000000e+00)
0.20098       	(0.000000e+00 0.000000e+00 0.000000e+00)
0.200997      	(0.000000e+00 0.000000e+00 0.000000e+00)
0.201014      	(0.000000e+00 0.000000e+00 0.000000e+00)
0.20103       	(0.000000e+00 0.000000e+00 0.000000e+00)
0.201047      	(0.000000e+00 0.000000e+00 0.000000e+00)
0.201064      	(0.000000e+00 0.000000e+00 0.000000e+00)
0.201081      	(0.000000e+00 0.000000e+00 0.000000e+00)
0.201098      	(0.000000e+00 0.000000e+00 0.000000e+00)
0.201115      	(0.000000e+00 0.000000e+00 0.000000e+00)
0.201132      	(0.000000e+00 0.000000e+00 0.000000e+00)
0.201149      	(0.000000e+00 0.000000e+00 0.000000e+00)
0.201166      	(0.000000e+00 0.000000e+00 0.000000e+00)
0.201182      	(0.000000e+00 0.000000e+00 0.000000e+00)
0.201199      	(0.000000e+00 0.000000e+00 0.000000e+00)
0.201216      	(0.000000e+00 0.000000e+00 0.000000e+00)
0.201233      	(0.000000e+00 0.000000e+00 0.000000e+00)
0.20125       	(0.000000e+00 0.000000e+00 0.000000e+00)
0.201267      	(0.000000e+00 0.000000e+00 0.000000e+00)
0.201284      	(0.000000e+00 0.000000e+00 0.000000e+00)
0.201301      	(0.000000e+00 0.000000e+00 0.000000e+00)
0.201318      	(0.000000e+00 0.000000e+00 0.000000e+00)
0.201334      	(0.000000e+00 0.000000e+00 0.000000e+00)
0.201351      	(0.000000e+00 0.000000e+00 0.000000e+00)
0.201368      	(0.000000e+00 0.000000e+00 0.000000e+00)
0.201385      	(0.000000e+00 0.000000e+00 0.000000e+00)
0.201402      	(0.000000e+00 0.000000e+00 0.000000e+00)
0.201419      	(0.000000e+00 0.000000e+00 0.000000e+00)
0.201436      	(0.000000e+00 0.000000e+00 0.000000e+00)
0.201453      	(0.000000e+00 0.000000e+00 0.000000e+00)
0.20147       	(0.000000e+00 0.000000e+00 0.000000e+00)
0.201486      	(0.000000e+00 0.000000e+00 0.000000e+00)
0.201503      	(0.000000e+00 0.000000e+00 0.000000e+00)
0.20152       	(0.000000e+00 0.000000e+00 0.000000e+00)
0.201537      	(0.000000e+00 0.000000e+00 0.000000e+00)
0.201554      	(0.000000e+00 0.000000e+00 0.000000e+00)
0.201571      	(0.000000e+00 0.000000e+00 0.000000e+00)
0.201588      	(0.000000e+00 0.000000e+00 0.000000e+00)
0.201605      	(0.000000e+00 0.000000e+00 0.000000e+00)
0.201622      	(0.000000e+00 0.000000e+00 0.000000e+00)
0.201639      	(0.000000e+00 0.000000e+00 0.000000e+00)
0.201656      	(0.000000e+00 0.000000e+00 0.000000e+00)
0.201673      	(0.000000e+00 0.000000e+00 0.000000e+00)
0.201689      	(0.000000e+00 0.000000e+00 0.000000e+00)
0.201706      	(0.000000e+00 0.000000e+00 0.000000e+00)
0.201723      	(0.000000e+00 0.000000e+00 0.000000e+00)
0.20174       	(0.000000e+00 0.000000e+00 0.000000e+00)
0.201757      	(0.000000e+00 0.000000e+00 0.000000e+00)
0.201774      	(0.000000e+00 0.000000e+00 0.000000e+00)
0.201791      	(0.000000e+00 0.000000e+00 0.000000e+00)
0.201808      	(0.000000e+00 0.000000e+00 0.000000e+00)
0.201825      	(0.000000e+00 0.000000e+00 0.000000e+00)
0.201842      	(0.000000e+00 0.000000e+00 0.000000e+00)
0.201859      	(0.000000e+00 0.000000e+00 0.000000e+00)
0.201876      	(0.000000e+00 0.000000e+00 0.000000e+00)
0.201893      	(0.000000e+00 0.000000e+00 0.000000e+00)
0.201909      	(0.000000e+00 0.000000e+00 0.000000e+00)
0.201926      	(0.000000e+00 0.000000e+00 0.000000e+00)
0.201943      	(0.000000e+00 0.000000e+00 0.000000e+00)
0.20196       	(0.000000e+00 0.000000e+00 0.000000e+00)
0.201977      	(0.000000e+00 0.000000e+00 0.000000e+00)
0.201994      	(0.000000e+00 0.000000e+00 0.000000e+00)
0.202011      	(0.000000e+00 0.000000e+00 0.000000e+00)
0.202028      	(0.000000e+00 0.000000e+00 0.000000e+00)
0.202045      	(0.000000e+00 0.000000e+00 0.000000e+00)
0.202062      	(0.000000e+00 0.000000e+00 0.000000e+00)
0.202079      	(0.000000e+00 0.000000e+00 0.000000e+00)
0.202096      	(0.000000e+00 0.000000e+00 0.000000e+00)
0.202113      	(0.000000e+00 0.000000e+00 0.000000e+00)
0.20213       	(0.000000e+00 0.000000e+00 0.000000e+00)
0.202146      	(0.000000e+00 0.000000e+00 0.000000e+00)
0.202163      	(0.000000e+00 0.000000e+00 0.000000e+00)
0.20218       	(0.000000e+00 0.000000e+00 0.000000e+00)
0.202197      	(0.000000e+00 0.000000e+00 0.000000e+00)
0.202214      	(0.000000e+00 0.000000e+00 0.000000e+00)
0.202231      	(0.000000e+00 0.000000e+00 0.000000e+00)
0.202248      	(0.000000e+00 0.000000e+00 0.000000e+00)
0.202265      	(0.000000e+00 0.000000e+00 0.000000e+00)
0.202282      	(0.000000e+00 0.000000e+00 0.000000e+00)
0.202299      	(0.000000e+00 0.000000e+00 0.000000e+00)
0.202316      	(0.000000e+00 0.000000e+00 0.000000e+00)
0.202333      	(0.000000e+00 0.000000e+00 0.000000e+00)
0.20235       	(0.000000e+00 0.000000e+00 0.000000e+00)
0.202366      	(0.000000e+00 0.000000e+00 0.000000e+00)
0.202383      	(0.000000e+00 0.000000e+00 0.000000e+00)
0.2024        	(0.000000e+00 0.000000e+00 0.000000e+00)
0.202417      	(0.000000e+00 0.000000e+00 0.000000e+00)
0.202434      	(0.000000e+00 0.000000e+00 0.000000e+00)
0.202451      	(0.000000e+00 0.000000e+00 0.000000e+00)
0.202468      	(0.000000e+00 0.000000e+00 0.000000e+00)
0.202485      	(0.000000e+00 0.000000e+00 0.000000e+00)
0.202502      	(0.000000e+00 0.000000e+00 0.000000e+00)
0.202519      	(0.000000e+00 0.000000e+00 0.000000e+00)
0.202536      	(0.000000e+00 0.000000e+00 0.000000e+00)
0.202553      	(0.000000e+00 0.000000e+00 0.000000e+00)
0.20257       	(0.000000e+00 0.000000e+00 0.000000e+00)
0.202587      	(0.000000e+00 0.000000e+00 0.000000e+00)
0.202603      	(0.000000e+00 0.000000e+00 0.000000e+00)
0.20262       	(0.000000e+00 0.000000e+00 0.000000e+00)
0.202637      	(0.000000e+00 0.000000e+00 0.000000e+00)
0.202654      	(0.000000e+00 0.000000e+00 0.000000e+00)
0.202671      	(0.000000e+00 0.000000e+00 0.000000e+00)
0.202688      	(0.000000e+00 0.000000e+00 0.000000e+00)
0.202705      	(0.000000e+00 0.000000e+00 0.000000e+00)
0.202722      	(0.000000e+00 0.000000e+00 0.000000e+00)
0.202739      	(0.000000e+00 0.000000e+00 0.000000e+00)
0.202756      	(0.000000e+00 0.000000e+00 0.000000e+00)
0.202773      	(0.000000e+00 0.000000e+00 0.000000e+00)
0.20279       	(0.000000e+00 0.000000e+00 0.000000e+00)
0.202807      	(0.000000e+00 0.000000e+00 0.000000e+00)
0.202823      	(0.000000e+00 0.000000e+00 0.000000e+00)
0.20284       	(0.000000e+00 0.000000e+00 0.000000e+00)
0.202857      	(0.000000e+00 0.000000e+00 0.000000e+00)
0.202874      	(0.000000e+00 0.000000e+00 0.000000e+00)
0.202891      	(0.000000e+00 0.000000e+00 0.000000e+00)
0.202908      	(0.000000e+00 0.000000e+00 0.000000e+00)
0.202925      	(0.000000e+00 0.000000e+00 0.000000e+00)
0.202942      	(0.000000e+00 0.000000e+00 0.000000e+00)
0.202959      	(0.000000e+00 0.000000e+00 0.000000e+00)
0.202976      	(0.000000e+00 0.000000e+00 0.000000e+00)
0.202993      	(0.000000e+00 0.000000e+00 0.000000e+00)
0.20301       	(0.000000e+00 0.000000e+00 0.000000e+00)
0.203027      	(0.000000e+00 0.000000e+00 0.000000e+00)
0.203044      	(0.000000e+00 0.000000e+00 0.000000e+00)
0.20306       	(0.000000e+00 0.000000e+00 0.000000e+00)
0.203077      	(0.000000e+00 0.000000e+00 0.000000e+00)
0.203094      	(0.000000e+00 0.000000e+00 0.000000e+00)
0.203111      	(0.000000e+00 0.000000e+00 0.000000e+00)
0.203128      	(0.000000e+00 0.000000e+00 0.000000e+00)
0.203145      	(0.000000e+00 0.000000e+00 0.000000e+00)
0.203162      	(0.000000e+00 0.000000e+00 0.000000e+00)
0.203179      	(0.000000e+00 0.000000e+00 0.000000e+00)
0.203196      	(0.000000e+00 0.000000e+00 0.000000e+00)
0.203213      	(0.000000e+00 0.000000e+00 0.000000e+00)
0.20323       	(0.000000e+00 0.000000e+00 0.000000e+00)
0.203247      	(0.000000e+00 0.000000e+00 0.000000e+00)
0.203264      	(0.000000e+00 0.000000e+00 0.000000e+00)
0.20328       	(0.000000e+00 0.000000e+00 0.000000e+00)
0.203297      	(0.000000e+00 0.000000e+00 0.000000e+00)
0.203314      	(0.000000e+00 0.000000e+00 0.000000e+00)
0.203331      	(0.000000e+00 0.000000e+00 0.000000e+00)
0.203348      	(0.000000e+00 0.000000e+00 0.000000e+00)
0.203365      	(0.000000e+00 0.000000e+00 0.000000e+00)
0.203382      	(0.000000e+00 0.000000e+00 0.000000e+00)
0.203399      	(0.000000e+00 0.000000e+00 0.000000e+00)
0.203416      	(0.000000e+00 0.000000e+00 0.000000e+00)
0.203433      	(0.000000e+00 0.000000e+00 0.000000e+00)
0.20345       	(0.000000e+00 0.000000e+00 0.000000e+00)
0.203467      	(0.000000e+00 0.000000e+00 0.000000e+00)
0.203484      	(0.000000e+00 0.000000e+00 0.000000e+00)
0.203501      	(0.000000e+00 0.000000e+00 0.000000e+00)
0.203517      	(0.000000e+00 0.000000e+00 0.000000e+00)
0.203534      	(0.000000e+00 0.000000e+00 0.000000e+00)
0.203551      	(0.000000e+00 0.000000e+00 0.000000e+00)
0.203568      	(0.000000e+00 0.000000e+00 0.000000e+00)
0.203585      	(0.000000e+00 0.000000e+00 0.000000e+00)
0.203602      	(0.000000e+00 0.000000e+00 0.000000e+00)
0.203619      	(0.000000e+00 0.000000e+00 0.000000e+00)
0.203636      	(0.000000e+00 0.000000e+00 0.000000e+00)
0.203653      	(0.000000e+00 0.000000e+00 0.000000e+00)
0.20367       	(0.000000e+00 0.000000e+00 0.000000e+00)
0.203687      	(0.000000e+00 0.000000e+00 0.000000e+00)
0.203704      	(0.000000e+00 0.000000e+00 0.000000e+00)
0.203721      	(0.000000e+00 0.000000e+00 0.000000e+00)
0.203737      	(0.000000e+00 0.000000e+00 0.000000e+00)
0.203754      	(0.000000e+00 0.000000e+00 0.000000e+00)
0.203771      	(0.000000e+00 0.000000e+00 0.000000e+00)
0.203788      	(0.000000e+00 0.000000e+00 0.000000e+00)
0.203805      	(0.000000e+00 0.000000e+00 0.000000e+00)
0.203822      	(0.000000e+00 0.000000e+00 0.000000e+00)
0.203839      	(0.000000e+00 0.000000e+00 0.000000e+00)
0.203856      	(0.000000e+00 0.000000e+00 0.000000e+00)
0.203873      	(0.000000e+00 0.000000e+00 0.000000e+00)
0.20389       	(0.000000e+00 0.000000e+00 0.000000e+00)
0.203907      	(0.000000e+00 0.000000e+00 0.000000e+00)
0.203924      	(0.000000e+00 0.000000e+00 0.000000e+00)
0.203941      	(0.000000e+00 0.000000e+00 0.000000e+00)
0.203958      	(0.000000e+00 0.000000e+00 0.000000e+00)
0.203974      	(0.000000e+00 0.000000e+00 0.000000e+00)
0.203991      	(0.000000e+00 0.000000e+00 0.000000e+00)
0.204008      	(0.000000e+00 0.000000e+00 0.000000e+00)
0.204025      	(0.000000e+00 0.000000e+00 0.000000e+00)
0.204042      	(0.000000e+00 0.000000e+00 0.000000e+00)
0.204059      	(0.000000e+00 0.000000e+00 0.000000e+00)
0.204076      	(0.000000e+00 0.000000e+00 0.000000e+00)
0.204093      	(0.000000e+00 0.000000e+00 0.000000e+00)
0.20411       	(0.000000e+00 0.000000e+00 0.000000e+00)
0.204127      	(0.000000e+00 0.000000e+00 0.000000e+00)
0.204144      	(0.000000e+00 0.000000e+00 0.000000e+00)
0.204161      	(0.000000e+00 0.000000e+00 0.000000e+00)
0.204178      	(0.000000e+00 0.000000e+00 0.000000e+00)
0.204195      	(0.000000e+00 0.000000e+00 0.000000e+00)
0.204212      	(0.000000e+00 0.000000e+00 0.000000e+00)
0.204229      	(0.000000e+00 0.000000e+00 0.000000e+00)
0.204246      	(0.000000e+00 0.000000e+00 0.000000e+00)
0.204263      	(0.000000e+00 0.000000e+00 0.000000e+00)
0.20428       	(0.000000e+00 0.000000e+00 0.000000e+00)
0.204297      	(0.000000e+00 0.000000e+00 0.000000e+00)
0.204314      	(0.000000e+00 0.000000e+00 0.000000e+00)
0.204331      	(0.000000e+00 0.000000e+00 0.000000e+00)
0.204348      	(0.000000e+00 0.000000e+00 0.000000e+00)
0.204365      	(0.000000e+00 0.000000e+00 0.000000e+00)
0.204382      	(0.000000e+00 0.000000e+00 0.000000e+00)
0.204399      	(0.000000e+00 0.000000e+00 0.000000e+00)
0.204416      	(0.000000e+00 0.000000e+00 0.000000e+00)
0.204433      	(0.000000e+00 0.000000e+00 0.000000e+00)
0.20445       	(0.000000e+00 0.000000e+00 0.000000e+00)
0.204467      	(0.000000e+00 0.000000e+00 0.000000e+00)
0.204484      	(0.000000e+00 0.000000e+00 0.000000e+00)
0.204501      	(0.000000e+00 0.000000e+00 0.000000e+00)
0.204518      	(0.000000e+00 0.000000e+00 0.000000e+00)
0.204535      	(0.000000e+00 0.000000e+00 0.000000e+00)
0.204552      	(0.000000e+00 0.000000e+00 0.000000e+00)
0.204569      	(0.000000e+00 0.000000e+00 0.000000e+00)
0.204585      	(0.000000e+00 0.000000e+00 0.000000e+00)
0.204602      	(0.000000e+00 0.000000e+00 0.000000e+00)
0.204619      	(0.000000e+00 0.000000e+00 0.000000e+00)
0.204636      	(0.000000e+00 0.000000e+00 0.000000e+00)
0.204653      	(0.000000e+00 0.000000e+00 0.000000e+00)
0.20467       	(0.000000e+00 0.000000e+00 0.000000e+00)
0.204687      	(0.000000e+00 0.000000e+00 0.000000e+00)
0.204704      	(0.000000e+00 0.000000e+00 0.000000e+00)
0.204721      	(0.000000e+00 0.000000e+00 0.000000e+00)
0.204738      	(0.000000e+00 0.000000e+00 0.000000e+00)
0.204755      	(0.000000e+00 0.000000e+00 0.000000e+00)
0.204772      	(0.000000e+00 0.000000e+00 0.000000e+00)
0.204789      	(0.000000e+00 0.000000e+00 0.000000e+00)
0.204806      	(0.000000e+00 0.000000e+00 0.000000e+00)
0.204823      	(0.000000e+00 0.000000e+00 0.000000e+00)
0.20484       	(0.000000e+00 0.000000e+00 0.000000e+00)
0.204857      	(0.000000e+00 0.000000e+00 0.000000e+00)
0.204874      	(0.000000e+00 0.000000e+00 0.000000e+00)
0.204891      	(0.000000e+00 0.000000e+00 0.000000e+00)
0.204908      	(0.000000e+00 0.000000e+00 0.000000e+00)
0.204925      	(0.000000e+00 0.000000e+00 0.000000e+00)
0.204942      	(0.000000e+00 0.000000e+00 0.000000e+00)
0.204959      	(0.000000e+00 0.000000e+00 0.000000e+00)
0.204976      	(0.000000e+00 0.000000e+00 0.000000e+00)
0.204993      	(0.000000e+00 0.000000e+00 0.000000e+00)
0.20501       	(0.000000e+00 0.000000e+00 0.000000e+00)
0.205027      	(0.000000e+00 0.000000e+00 0.000000e+00)
0.205044      	(0.000000e+00 0.000000e+00 0.000000e+00)
0.205061      	(0.000000e+00 0.000000e+00 0.000000e+00)
0.205078      	(0.000000e+00 0.000000e+00 0.000000e+00)
0.205095      	(0.000000e+00 0.000000e+00 0.000000e+00)
0.205112      	(0.000000e+00 0.000000e+00 0.000000e+00)
0.205129      	(0.000000e+00 0.000000e+00 0.000000e+00)
0.205146      	(0.000000e+00 0.000000e+00 0.000000e+00)
0.205163      	(0.000000e+00 0.000000e+00 0.000000e+00)
0.20518       	(0.000000e+00 0.000000e+00 0.000000e+00)
0.205197      	(0.000000e+00 0.000000e+00 0.000000e+00)
0.205213      	(0.000000e+00 0.000000e+00 0.000000e+00)
0.20523       	(0.000000e+00 0.000000e+00 0.000000e+00)
0.205247      	(0.000000e+00 0.000000e+00 0.000000e+00)
0.205264      	(0.000000e+00 0.000000e+00 0.000000e+00)
0.205281      	(0.000000e+00 0.000000e+00 0.000000e+00)
0.205298      	(0.000000e+00 0.000000e+00 0.000000e+00)
0.205315      	(0.000000e+00 0.000000e+00 0.000000e+00)
0.205332      	(0.000000e+00 0.000000e+00 0.000000e+00)
0.205349      	(0.000000e+00 0.000000e+00 0.000000e+00)
0.205366      	(0.000000e+00 0.000000e+00 0.000000e+00)
0.205383      	(0.000000e+00 0.000000e+00 0.000000e+00)
0.2054        	(0.000000e+00 0.000000e+00 0.000000e+00)
0.205417      	(0.000000e+00 0.000000e+00 0.000000e+00)
0.205434      	(0.000000e+00 0.000000e+00 0.000000e+00)
0.205451      	(0.000000e+00 0.000000e+00 0.000000e+00)
0.205468      	(0.000000e+00 0.000000e+00 0.000000e+00)
0.205485      	(0.000000e+00 0.000000e+00 0.000000e+00)
0.205502      	(0.000000e+00 0.000000e+00 0.000000e+00)
0.205519      	(0.000000e+00 0.000000e+00 0.000000e+00)
0.205536      	(0.000000e+00 0.000000e+00 0.000000e+00)
0.205553      	(0.000000e+00 0.000000e+00 0.000000e+00)
0.20557       	(0.000000e+00 0.000000e+00 0.000000e+00)
0.205587      	(0.000000e+00 0.000000e+00 0.000000e+00)
0.205604      	(0.000000e+00 0.000000e+00 0.000000e+00)
0.205621      	(0.000000e+00 0.000000e+00 0.000000e+00)
0.205638      	(0.000000e+00 0.000000e+00 0.000000e+00)
0.205655      	(0.000000e+00 0.000000e+00 0.000000e+00)
0.205672      	(0.000000e+00 0.000000e+00 0.000000e+00)
0.205689      	(0.000000e+00 0.000000e+00 0.000000e+00)
0.205706      	(0.000000e+00 0.000000e+00 0.000000e+00)
0.205723      	(0.000000e+00 0.000000e+00 0.000000e+00)
0.20574       	(0.000000e+00 0.000000e+00 0.000000e+00)
0.205757      	(0.000000e+00 0.000000e+00 0.000000e+00)
0.205774      	(0.000000e+00 0.000000e+00 0.000000e+00)
0.205791      	(0.000000e+00 0.000000e+00 0.000000e+00)
0.205808      	(0.000000e+00 0.000000e+00 0.000000e+00)
0.205825      	(0.000000e+00 0.000000e+00 0.000000e+00)
0.205842      	(0.000000e+00 0.000000e+00 0.000000e+00)
0.205858      	(0.000000e+00 0.000000e+00 0.000000e+00)
0.205875      	(0.000000e+00 0.000000e+00 0.000000e+00)
0.205892      	(0.000000e+00 0.000000e+00 0.000000e+00)
0.205909      	(0.000000e+00 0.000000e+00 0.000000e+00)
0.205926      	(0.000000e+00 0.000000e+00 0.000000e+00)
0.205943      	(0.000000e+00 0.000000e+00 0.000000e+00)
0.20596       	(0.000000e+00 0.000000e+00 0.000000e+00)
0.205977      	(0.000000e+00 0.000000e+00 0.000000e+00)
0.205994      	(0.000000e+00 0.000000e+00 0.000000e+00)
0.206011      	(0.000000e+00 0.000000e+00 0.000000e+00)
0.206028      	(0.000000e+00 0.000000e+00 0.000000e+00)
0.206045      	(0.000000e+00 0.000000e+00 0.000000e+00)
0.206062      	(0.000000e+00 0.000000e+00 0.000000e+00)
0.206079      	(0.000000e+00 0.000000e+00 0.000000e+00)
0.206096      	(0.000000e+00 0.000000e+00 0.000000e+00)
0.206113      	(0.000000e+00 0.000000e+00 0.000000e+00)
0.20613       	(0.000000e+00 0.000000e+00 0.000000e+00)
0.206147      	(0.000000e+00 0.000000e+00 0.000000e+00)
0.206164      	(0.000000e+00 0.000000e+00 0.000000e+00)
0.206181      	(0.000000e+00 0.000000e+00 0.000000e+00)
0.206199      	(0.000000e+00 0.000000e+00 0.000000e+00)
0.206216      	(0.000000e+00 0.000000e+00 0.000000e+00)
0.206233      	(0.000000e+00 0.000000e+00 0.000000e+00)
0.20625       	(0.000000e+00 0.000000e+00 0.000000e+00)
0.206267      	(0.000000e+00 0.000000e+00 0.000000e+00)
0.206284      	(0.000000e+00 0.000000e+00 0.000000e+00)
0.206301      	(0.000000e+00 0.000000e+00 0.000000e+00)
0.206318      	(0.000000e+00 0.000000e+00 0.000000e+00)
0.206335      	(0.000000e+00 0.000000e+00 0.000000e+00)
0.206352      	(0.000000e+00 0.000000e+00 0.000000e+00)
0.206369      	(0.000000e+00 0.000000e+00 0.000000e+00)
0.206386      	(0.000000e+00 0.000000e+00 0.000000e+00)
0.206403      	(0.000000e+00 0.000000e+00 0.000000e+00)
0.20642       	(0.000000e+00 0.000000e+00 0.000000e+00)
0.206437      	(0.000000e+00 0.000000e+00 0.000000e+00)
0.206454      	(0.000000e+00 0.000000e+00 0.000000e+00)
0.206471      	(0.000000e+00 0.000000e+00 0.000000e+00)
0.206488      	(0.000000e+00 0.000000e+00 0.000000e+00)
0.206505      	(0.000000e+00 0.000000e+00 0.000000e+00)
0.206522      	(0.000000e+00 0.000000e+00 0.000000e+00)
0.206539      	(0.000000e+00 0.000000e+00 0.000000e+00)
0.206557      	(0.000000e+00 0.000000e+00 0.000000e+00)
0.206574      	(0.000000e+00 0.000000e+00 0.000000e+00)
0.206591      	(0.000000e+00 0.000000e+00 0.000000e+00)
0.206608      	(0.000000e+00 0.000000e+00 0.000000e+00)
0.206625      	(0.000000e+00 0.000000e+00 0.000000e+00)
0.206642      	(0.000000e+00 0.000000e+00 0.000000e+00)
0.206659      	(0.000000e+00 0.000000e+00 0.000000e+00)
0.206676      	(0.000000e+00 0.000000e+00 0.000000e+00)
0.206693      	(0.000000e+00 0.000000e+00 0.000000e+00)
0.20671       	(0.000000e+00 0.000000e+00 0.000000e+00)
0.206727      	(0.000000e+00 0.000000e+00 0.000000e+00)
0.206744      	(0.000000e+00 0.000000e+00 0.000000e+00)
0.206761      	(0.000000e+00 0.000000e+00 0.000000e+00)
0.206778      	(0.000000e+00 0.000000e+00 0.000000e+00)
0.206795      	(0.000000e+00 0.000000e+00 0.000000e+00)
0.206812      	(0.000000e+00 0.000000e+00 0.000000e+00)
0.206829      	(0.000000e+00 0.000000e+00 0.000000e+00)
0.206846      	(0.000000e+00 0.000000e+00 0.000000e+00)
0.206863      	(0.000000e+00 0.000000e+00 0.000000e+00)
0.20688       	(0.000000e+00 0.000000e+00 0.000000e+00)
0.206897      	(0.000000e+00 0.000000e+00 0.000000e+00)
0.206915      	(0.000000e+00 0.000000e+00 0.000000e+00)
0.206932      	(0.000000e+00 0.000000e+00 0.000000e+00)
0.206949      	(0.000000e+00 0.000000e+00 0.000000e+00)
0.206966      	(0.000000e+00 0.000000e+00 0.000000e+00)
0.206983      	(0.000000e+00 0.000000e+00 0.000000e+00)
0.207         	(0.000000e+00 0.000000e+00 0.000000e+00)
0.207017      	(0.000000e+00 0.000000e+00 0.000000e+00)
0.207034      	(0.000000e+00 0.000000e+00 0.000000e+00)
0.207051      	(0.000000e+00 0.000000e+00 0.000000e+00)
0.207068      	(0.000000e+00 0.000000e+00 0.000000e+00)
0.207085      	(0.000000e+00 0.000000e+00 0.000000e+00)
0.207102      	(0.000000e+00 0.000000e+00 0.000000e+00)
0.207119      	(0.000000e+00 0.000000e+00 0.000000e+00)
0.207136      	(0.000000e+00 0.000000e+00 0.000000e+00)
0.207153      	(0.000000e+00 0.000000e+00 0.000000e+00)
0.20717       	(0.000000e+00 0.000000e+00 0.000000e+00)
0.207187      	(0.000000e+00 0.000000e+00 0.000000e+00)
0.207204      	(0.000000e+00 0.000000e+00 0.000000e+00)
0.207221      	(0.000000e+00 0.000000e+00 0.000000e+00)
0.207238      	(0.000000e+00 0.000000e+00 0.000000e+00)
0.207255      	(0.000000e+00 0.000000e+00 0.000000e+00)
0.207272      	(0.000000e+00 0.000000e+00 0.000000e+00)
0.20729       	(0.000000e+00 0.000000e+00 0.000000e+00)
0.207307      	(0.000000e+00 0.000000e+00 0.000000e+00)
0.207324      	(0.000000e+00 0.000000e+00 0.000000e+00)
0.207341      	(0.000000e+00 0.000000e+00 0.000000e+00)
0.207358      	(0.000000e+00 0.000000e+00 0.000000e+00)
0.207375      	(0.000000e+00 0.000000e+00 0.000000e+00)
0.207392      	(0.000000e+00 0.000000e+00 0.000000e+00)
0.207409      	(0.000000e+00 0.000000e+00 0.000000e+00)
0.207426      	(0.000000e+00 0.000000e+00 0.000000e+00)
0.207443      	(0.000000e+00 0.000000e+00 0.000000e+00)
0.20746       	(0.000000e+00 0.000000e+00 0.000000e+00)
0.207477      	(0.000000e+00 0.000000e+00 0.000000e+00)
0.207494      	(0.000000e+00 0.000000e+00 0.000000e+00)
0.207511      	(0.000000e+00 0.000000e+00 0.000000e+00)
0.207528      	(0.000000e+00 0.000000e+00 0.000000e+00)
0.207545      	(0.000000e+00 0.000000e+00 0.000000e+00)
0.207562      	(0.000000e+00 0.000000e+00 0.000000e+00)
0.207579      	(0.000000e+00 0.000000e+00 0.000000e+00)
0.207596      	(0.000000e+00 0.000000e+00 0.000000e+00)
0.207613      	(0.000000e+00 0.000000e+00 0.000000e+00)
0.20763       	(0.000000e+00 0.000000e+00 0.000000e+00)
0.207648      	(0.000000e+00 0.000000e+00 0.000000e+00)
0.207665      	(0.000000e+00 0.000000e+00 0.000000e+00)
0.207682      	(0.000000e+00 0.000000e+00 0.000000e+00)
0.207699      	(0.000000e+00 0.000000e+00 0.000000e+00)
0.207716      	(0.000000e+00 0.000000e+00 0.000000e+00)
0.207733      	(0.000000e+00 0.000000e+00 0.000000e+00)
0.20775       	(0.000000e+00 0.000000e+00 0.000000e+00)
0.207767      	(0.000000e+00 0.000000e+00 0.000000e+00)
0.207784      	(0.000000e+00 0.000000e+00 0.000000e+00)
0.207801      	(0.000000e+00 0.000000e+00 0.000000e+00)
0.207818      	(0.000000e+00 0.000000e+00 0.000000e+00)
0.207835      	(0.000000e+00 0.000000e+00 0.000000e+00)
0.207852      	(0.000000e+00 0.000000e+00 0.000000e+00)
0.207869      	(0.000000e+00 0.000000e+00 0.000000e+00)
0.207886      	(0.000000e+00 0.000000e+00 0.000000e+00)
0.207903      	(0.000000e+00 0.000000e+00 0.000000e+00)
0.20792       	(0.000000e+00 0.000000e+00 0.000000e+00)
0.207937      	(0.000000e+00 0.000000e+00 0.000000e+00)
0.207954      	(0.000000e+00 0.000000e+00 0.000000e+00)
0.207971      	(0.000000e+00 0.000000e+00 0.000000e+00)
0.207988      	(0.000000e+00 0.000000e+00 0.000000e+00)
0.208006      	(0.000000e+00 0.000000e+00 0.000000e+00)
0.208023      	(0.000000e+00 0.000000e+00 0.000000e+00)
0.20804       	(0.000000e+00 0.000000e+00 0.000000e+00)
0.208057      	(0.000000e+00 0.000000e+00 0.000000e+00)
0.208074      	(0.000000e+00 0.000000e+00 0.000000e+00)
0.208091      	(0.000000e+00 0.000000e+00 0.000000e+00)
0.208108      	(0.000000e+00 0.000000e+00 0.000000e+00)
0.208125      	(0.000000e+00 0.000000e+00 0.000000e+00)
0.208142      	(0.000000e+00 0.000000e+00 0.000000e+00)
0.208159      	(0.000000e+00 0.000000e+00 0.000000e+00)
0.208176      	(0.000000e+00 0.000000e+00 0.000000e+00)
0.208193      	(0.000000e+00 0.000000e+00 0.000000e+00)
0.20821       	(0.000000e+00 0.000000e+00 0.000000e+00)
0.208227      	(0.000000e+00 0.000000e+00 0.000000e+00)
0.208244      	(0.000000e+00 0.000000e+00 0.000000e+00)
0.208261      	(0.000000e+00 0.000000e+00 0.000000e+00)
0.208278      	(0.000000e+00 0.000000e+00 0.000000e+00)
0.208295      	(0.000000e+00 0.000000e+00 0.000000e+00)
0.208312      	(0.000000e+00 0.000000e+00 0.000000e+00)
0.208329      	(0.000000e+00 0.000000e+00 0.000000e+00)
0.208346      	(0.000000e+00 0.000000e+00 0.000000e+00)
0.208363      	(0.000000e+00 0.000000e+00 0.000000e+00)
0.208381      	(0.000000e+00 0.000000e+00 0.000000e+00)
0.208398      	(0.000000e+00 0.000000e+00 0.000000e+00)
0.208415      	(0.000000e+00 0.000000e+00 0.000000e+00)
0.208432      	(0.000000e+00 0.000000e+00 0.000000e+00)
0.208449      	(0.000000e+00 0.000000e+00 0.000000e+00)
0.208466      	(0.000000e+00 0.000000e+00 0.000000e+00)
0.208483      	(0.000000e+00 0.000000e+00 0.000000e+00)
0.2085        	(0.000000e+00 0.000000e+00 0.000000e+00)
0.208517      	(0.000000e+00 0.000000e+00 0.000000e+00)
0.208534      	(0.000000e+00 0.000000e+00 0.000000e+00)
0.208551      	(0.000000e+00 0.000000e+00 0.000000e+00)
0.208568      	(0.000000e+00 0.000000e+00 0.000000e+00)
0.208585      	(0.000000e+00 0.000000e+00 0.000000e+00)
0.208602      	(0.000000e+00 0.000000e+00 0.000000e+00)
0.208619      	(0.000000e+00 0.000000e+00 0.000000e+00)
0.208636      	(0.000000e+00 0.000000e+00 0.000000e+00)
0.208653      	(0.000000e+00 0.000000e+00 0.000000e+00)
0.20867       	(0.000000e+00 0.000000e+00 0.000000e+00)
0.208687      	(0.000000e+00 0.000000e+00 0.000000e+00)
0.208704      	(0.000000e+00 0.000000e+00 0.000000e+00)
0.208721      	(0.000000e+00 0.000000e+00 0.000000e+00)
0.208739      	(0.000000e+00 0.000000e+00 0.000000e+00)
0.208756      	(0.000000e+00 0.000000e+00 0.000000e+00)
0.208773      	(0.000000e+00 0.000000e+00 0.000000e+00)
0.20879       	(0.000000e+00 0.000000e+00 0.000000e+00)
0.208807      	(0.000000e+00 0.000000e+00 0.000000e+00)
0.208824      	(0.000000e+00 0.000000e+00 0.000000e+00)
0.208841      	(0.000000e+00 0.000000e+00 0.000000e+00)
0.208858      	(0.000000e+00 0.000000e+00 0.000000e+00)
0.208875      	(0.000000e+00 0.000000e+00 0.000000e+00)
0.208892      	(0.000000e+00 0.000000e+00 0.000000e+00)
0.208909      	(0.000000e+00 0.000000e+00 0.000000e+00)
0.208926      	(0.000000e+00 0.000000e+00 0.000000e+00)
0.208943      	(0.000000e+00 0.000000e+00 0.000000e+00)
0.20896       	(0.000000e+00 0.000000e+00 0.000000e+00)
0.208977      	(0.000000e+00 0.000000e+00 0.000000e+00)
0.208994      	(0.000000e+00 0.000000e+00 0.000000e+00)
0.209011      	(0.000000e+00 0.000000e+00 0.000000e+00)
0.209028      	(0.000000e+00 0.000000e+00 0.000000e+00)
0.209045      	(0.000000e+00 0.000000e+00 0.000000e+00)
0.209062      	(0.000000e+00 0.000000e+00 0.000000e+00)
0.209079      	(0.000000e+00 0.000000e+00 0.000000e+00)
0.209097      	(0.000000e+00 0.000000e+00 0.000000e+00)
0.209114      	(0.000000e+00 0.000000e+00 0.000000e+00)
0.209131      	(0.000000e+00 0.000000e+00 0.000000e+00)
0.209148      	(0.000000e+00 0.000000e+00 0.000000e+00)
0.209165      	(0.000000e+00 0.000000e+00 0.000000e+00)
0.209182      	(0.000000e+00 0.000000e+00 0.000000e+00)
0.209199      	(0.000000e+00 0.000000e+00 0.000000e+00)
0.209216      	(0.000000e+00 0.000000e+00 0.000000e+00)
0.209233      	(0.000000e+00 0.000000e+00 0.000000e+00)
0.20925       	(0.000000e+00 0.000000e+00 0.000000e+00)
0.209267      	(0.000000e+00 0.000000e+00 0.000000e+00)
0.209284      	(0.000000e+00 0.000000e+00 0.000000e+00)
0.209301      	(0.000000e+00 0.000000e+00 0.000000e+00)
0.209318      	(0.000000e+00 0.000000e+00 0.000000e+00)
0.209335      	(0.000000e+00 0.000000e+00 0.000000e+00)
0.209352      	(0.000000e+00 0.000000e+00 0.000000e+00)
0.209369      	(0.000000e+00 0.000000e+00 0.000000e+00)
0.209386      	(0.000000e+00 0.000000e+00 0.000000e+00)
0.209403      	(0.000000e+00 0.000000e+00 0.000000e+00)
0.20942       	(0.000000e+00 0.000000e+00 0.000000e+00)
0.209437      	(0.000000e+00 0.000000e+00 0.000000e+00)
0.209454      	(0.000000e+00 0.000000e+00 0.000000e+00)
0.209472      	(0.000000e+00 0.000000e+00 0.000000e+00)
0.209489      	(0.000000e+00 0.000000e+00 0.000000e+00)
0.209506      	(0.000000e+00 0.000000e+00 0.000000e+00)
0.209523      	(0.000000e+00 0.000000e+00 0.000000e+00)
