solid 
 facet normal  0.000000e+00  0.000000e+00  1.000000e+00
   outer loop
     vertex  1.308535e-02 -4.177237e-02  1.000000e-03
     vertex -1.972520e-02 -4.207296e-02  1.000000e-03
     vertex -1.967374e-02 -4.222791e-02  1.000000e-03
   endloop
 endfacet
 facet normal  0.000000e+00  0.000000e+00  1.000000e+00
   outer loop
     vertex  1.308535e-02 -4.177237e-02  1.000000e-03
     vertex -1.967374e-02 -4.222791e-02  1.000000e-03
     vertex -1.962174e-02 -4.238279e-02  1.000000e-03
   endloop
 endfacet
 facet normal  0.000000e+00  0.000000e+00  1.000000e+00
   outer loop
     vertex  1.308535e-02 -4.177237e-02  1.000000e-03
     vertex -1.962174e-02 -4.238279e-02  1.000000e-03
     vertex  1.302978e-02 -4.195404e-02  1.000000e-03
   endloop
 endfacet
 facet normal  0.000000e+00  0.000000e+00  1.000000e+00
   outer loop
     vertex  1.314042e-02 -4.159035e-02  1.000000e-03
     vertex -1.977614e-02 -4.191793e-02  1.000000e-03
     vertex -1.972520e-02 -4.207296e-02  1.000000e-03
   endloop
 endfacet
 facet normal  0.000000e+00  0.000000e+00  1.000000e+00
   outer loop
     vertex  1.314042e-02 -4.159035e-02  1.000000e-03
     vertex -1.972520e-02 -4.207296e-02  1.000000e-03
     vertex  1.308535e-02 -4.177237e-02  1.000000e-03
   endloop
 endfacet
 facet normal  0.000000e+00  0.000000e+00  1.000000e+00
   outer loop
     vertex  1.319496e-02 -4.140801e-02  1.000000e-03
     vertex -1.982656e-02 -4.176284e-02  1.000000e-03
     vertex -1.977614e-02 -4.191793e-02  1.000000e-03
   endloop
 endfacet
 facet normal  0.000000e+00  0.000000e+00  1.000000e+00
   outer loop
     vertex  1.319496e-02 -4.140801e-02  1.000000e-03
     vertex -1.977614e-02 -4.191793e-02  1.000000e-03
     vertex  1.314042e-02 -4.159035e-02  1.000000e-03
   endloop
 endfacet
 facet normal  0.000000e+00  0.000000e+00  1.000000e+00
   outer loop
     vertex  1.324898e-02 -4.122535e-02  1.000000e-03
     vertex -1.992587e-02 -4.145246e-02  1.000000e-03
     vertex -1.987647e-02 -4.160768e-02  1.000000e-03
   endloop
 endfacet
 facet normal  0.000000e+00  0.000000e+00  1.000000e+00
   outer loop
     vertex  1.324898e-02 -4.122535e-02  1.000000e-03
     vertex -1.987647e-02 -4.160768e-02  1.000000e-03
     vertex -1.982656e-02 -4.176284e-02  1.000000e-03
   endloop
 endfacet
 facet normal  0.000000e+00  0.000000e+00  1.000000e+00
   outer loop
     vertex  1.324898e-02 -4.122535e-02  1.000000e-03
     vertex -1.982656e-02 -4.176284e-02  1.000000e-03
     vertex  1.319496e-02 -4.140801e-02  1.000000e-03
   endloop
 endfacet
 facet normal  0.000000e+00  0.000000e+00  1.000000e+00
   outer loop
     vertex  1.330245e-02 -4.104240e-02  1.000000e-03
     vertex -1.997476e-02 -4.129718e-02  1.000000e-03
     vertex -1.992587e-02 -4.145246e-02  1.000000e-03
   endloop
 endfacet
 facet normal  0.000000e+00  0.000000e+00  1.000000e+00
   outer loop
     vertex  1.330245e-02 -4.104240e-02  1.000000e-03
     vertex -1.992587e-02 -4.145246e-02  1.000000e-03
     vertex  1.324898e-02 -4.122535e-02  1.000000e-03
   endloop
 endfacet
 facet normal  0.000000e+00  0.000000e+00  1.000000e+00
   outer loop
     vertex -9.846926e-03 -5.566652e-02  1.000000e-03
     vertex -1.014853e-02 -5.551028e-02  1.000000e-03
     vertex -9.998299e-03 -5.558923e-02  1.000000e-03
   endloop
 endfacet
 facet normal  0.000000e+00  0.000000e+00  1.000000e+00
   outer loop
     vertex -9.694425e-03 -5.574215e-02  1.000000e-03
     vertex -1.029762e-02 -5.542970e-02  1.000000e-03
     vertex -1.014853e-02 -5.551028e-02  1.000000e-03
   endloop
 endfacet
 facet normal  0.000000e+00  0.000000e+00  1.000000e+00
   outer loop
     vertex -9.694425e-03 -5.574215e-02  1.000000e-03
     vertex -1.014853e-02 -5.551028e-02  1.000000e-03
     vertex -9.846926e-03 -5.566652e-02  1.000000e-03
   endloop
 endfacet
 facet normal  0.000000e+00  0.000000e+00  1.000000e+00
   outer loop
     vertex  1.335536e-02 -4.085917e-02  1.000000e-03
     vertex -2.002317e-02 -4.114184e-02  1.000000e-03
     vertex -1.997476e-02 -4.129718e-02  1.000000e-03
   endloop
 endfacet
 facet normal  0.000000e+00  0.000000e+00  1.000000e+00
   outer loop
     vertex  1.335536e-02 -4.085917e-02  1.000000e-03
     vertex -1.997476e-02 -4.129718e-02  1.000000e-03
     vertex  1.330245e-02 -4.104240e-02  1.000000e-03
   endloop
 endfacet
 facet normal  0.000000e+00  0.000000e+00  1.000000e+00
   outer loop
     vertex -9.386083e-03 -5.588837e-02  1.000000e-03
     vertex -1.044556e-02 -5.534750e-02  1.000000e-03
     vertex -1.029762e-02 -5.542970e-02  1.000000e-03
   endloop
 endfacet
 facet normal  0.000000e+00  0.000000e+00  1.000000e+00
   outer loop
     vertex -9.386083e-03 -5.588837e-02  1.000000e-03
     vertex -9.694425e-03 -5.574215e-02  1.000000e-03
     vertex -9.540808e-03 -5.581611e-02  1.000000e-03
   endloop
 endfacet
 facet normal  0.000000e+00  0.000000e+00  1.000000e+00
   outer loop
     vertex -9.386083e-03 -5.588837e-02  1.000000e-03
     vertex -1.029762e-02 -5.542970e-02  1.000000e-03
     vertex -9.694425e-03 -5.574215e-02  1.000000e-03
   endloop
 endfacet
 facet normal  0.000000e+00  0.000000e+00  1.000000e+00
   outer loop
     vertex -9.230265e-03 -5.595891e-02  1.000000e-03
     vertex -1.059232e-02 -5.526371e-02  1.000000e-03
     vertex -1.044556e-02 -5.534750e-02  1.000000e-03
   endloop
 endfacet
 facet normal  0.000000e+00  0.000000e+00  1.000000e+00
   outer loop
     vertex -9.230265e-03 -5.595891e-02  1.000000e-03
     vertex -1.044556e-02 -5.534750e-02  1.000000e-03
     vertex -9.386083e-03 -5.588837e-02  1.000000e-03
   endloop
 endfacet
 facet normal  0.000000e+00  0.000000e+00  1.000000e+00
   outer loop
     vertex -9.073363e-03 -5.602774e-02  1.000000e-03
     vertex -1.073792e-02 -5.517832e-02  1.000000e-03
     vertex -1.059232e-02 -5.526371e-02  1.000000e-03
   endloop
 endfacet
 facet normal  0.000000e+00  0.000000e+00  1.000000e+00
   outer loop
     vertex  1.340769e-02 -4.067568e-02  1.000000e-03
     vertex -2.007109e-02 -4.098644e-02  1.000000e-03
     vertex -2.002317e-02 -4.114184e-02  1.000000e-03
   endloop
 endfacet
 facet normal  0.000000e+00  0.000000e+00  1.000000e+00
   outer loop
     vertex  1.340769e-02 -4.067568e-02  1.000000e-03
     vertex -2.002317e-02 -4.114184e-02  1.000000e-03
     vertex  1.335536e-02 -4.085917e-02  1.000000e-03
   endloop
 endfacet
 facet normal  0.000000e+00  0.000000e+00  1.000000e+00
   outer loop
     vertex -9.073363e-03 -5.602774e-02  1.000000e-03
     vertex -1.059232e-02 -5.526371e-02  1.000000e-03
     vertex -9.230265e-03 -5.595891e-02  1.000000e-03
   endloop
 endfacet
 facet normal  0.000000e+00  0.000000e+00  1.000000e+00
   outer loop
     vertex -8.915393e-03 -5.609483e-02  1.000000e-03
     vertex -1.088234e-02 -5.509137e-02  1.000000e-03
     vertex -1.073792e-02 -5.517832e-02  1.000000e-03
   endloop
 endfacet
 facet normal  0.000000e+00  0.000000e+00  1.000000e+00
   outer loop
     vertex -8.915393e-03 -5.609483e-02  1.000000e-03
     vertex -1.073792e-02 -5.517832e-02  1.000000e-03
     vertex -9.073363e-03 -5.602774e-02  1.000000e-03
   endloop
 endfacet
 facet normal  0.000000e+00  0.000000e+00  1.000000e+00
   outer loop
     vertex -8.756367e-03 -5.616017e-02  1.000000e-03
     vertex -1.102558e-02 -5.500286e-02  1.000000e-03
     vertex -1.088234e-02 -5.509137e-02  1.000000e-03
   endloop
 endfacet
 facet normal  0.000000e+00  0.000000e+00  1.000000e+00
   outer loop
     vertex -8.756367e-03 -5.616017e-02  1.000000e-03
     vertex -1.088234e-02 -5.509137e-02  1.000000e-03
     vertex -8.915393e-03 -5.609483e-02  1.000000e-03
   endloop
 endfacet
 facet normal  0.000000e+00  0.000000e+00  1.000000e+00
   outer loop
     vertex -8.596300e-03 -5.622375e-02  1.000000e-03
     vertex -1.116762e-02 -5.491282e-02  1.000000e-03
     vertex -1.102558e-02 -5.500286e-02  1.000000e-03
   endloop
 endfacet
 facet normal  0.000000e+00  0.000000e+00  1.000000e+00
   outer loop
     vertex  1.345942e-02 -4.049195e-02  1.000000e-03
     vertex -2.011852e-02 -4.083099e-02  1.000000e-03
     vertex -2.007109e-02 -4.098644e-02  1.000000e-03
   endloop
 endfacet
 facet normal  0.000000e+00  0.000000e+00  1.000000e+00
   outer loop
     vertex  1.345942e-02 -4.049195e-02  1.000000e-03
     vertex -2.007109e-02 -4.098644e-02  1.000000e-03
     vertex  1.340769e-02 -4.067568e-02  1.000000e-03
   endloop
 endfacet
 facet normal  0.000000e+00  0.000000e+00  1.000000e+00
   outer loop
     vertex -8.596300e-03 -5.622375e-02  1.000000e-03
     vertex -1.102558e-02 -5.500286e-02  1.000000e-03
     vertex -8.756367e-03 -5.616017e-02  1.000000e-03
   endloop
 endfacet
 facet normal  0.000000e+00  0.000000e+00  1.000000e+00
   outer loop
     vertex -8.435206e-03 -5.628554e-02  1.000000e-03
     vertex -1.130847e-02 -5.482126e-02  1.000000e-03
     vertex -1.116762e-02 -5.491282e-02  1.000000e-03
   endloop
 endfacet
 facet normal  0.000000e+00  0.000000e+00  1.000000e+00
   outer loop
     vertex -8.435206e-03 -5.628554e-02  1.000000e-03
     vertex -1.116762e-02 -5.491282e-02  1.000000e-03
     vertex -8.596300e-03 -5.622375e-02  1.000000e-03
   endloop
 endfacet
 facet normal  0.000000e+00  0.000000e+00  1.000000e+00
   outer loop
     vertex -8.273101e-03 -5.634555e-02  1.000000e-03
     vertex -1.144812e-02 -5.472820e-02  1.000000e-03
     vertex -1.130847e-02 -5.482126e-02  1.000000e-03
   endloop
 endfacet
 facet normal  0.000000e+00  0.000000e+00  1.000000e+00
   outer loop
     vertex -8.273101e-03 -5.634555e-02  1.000000e-03
     vertex -1.130847e-02 -5.482126e-02  1.000000e-03
     vertex -8.435206e-03 -5.628554e-02  1.000000e-03
   endloop
 endfacet
 facet normal  0.000000e+00  0.000000e+00  1.000000e+00
   outer loop
     vertex -8.110001e-03 -5.640376e-02  1.000000e-03
     vertex -1.144812e-02 -5.472820e-02  1.000000e-03
     vertex -8.273101e-03 -5.634555e-02  1.000000e-03
   endloop
 endfacet
 facet normal  0.000000e+00  0.000000e+00  1.000000e+00
   outer loop
     vertex  1.351054e-02 -4.030798e-02  1.000000e-03
     vertex -2.016548e-02 -4.067549e-02  1.000000e-03
     vertex -2.011852e-02 -4.083099e-02  1.000000e-03
   endloop
 endfacet
 facet normal  0.000000e+00  0.000000e+00  1.000000e+00
   outer loop
     vertex  1.351054e-02 -4.030798e-02  1.000000e-03
     vertex -2.011852e-02 -4.083099e-02  1.000000e-03
     vertex  1.345942e-02 -4.049195e-02  1.000000e-03
   endloop
 endfacet
 facet normal  0.000000e+00  0.000000e+00  1.000000e+00
   outer loop
     vertex -7.945924e-03 -5.646015e-02  1.000000e-03
     vertex -1.144812e-02 -5.472820e-02  1.000000e-03
     vertex -8.110001e-03 -5.640376e-02  1.000000e-03
   endloop
 endfacet
 facet normal  0.000000e+00  0.000000e+00  1.000000e+00
   outer loop
     vertex -7.945924e-03 -5.646015e-02  1.000000e-03
     vertex -1.158657e-02 -5.463366e-02  1.000000e-03
     vertex -1.144812e-02 -5.472820e-02  1.000000e-03
   endloop
 endfacet
 facet normal  0.000000e+00  0.000000e+00  1.000000e+00
   outer loop
     vertex -7.780888e-03 -5.651472e-02  1.000000e-03
     vertex -1.158657e-02 -5.463366e-02  1.000000e-03
     vertex -7.945924e-03 -5.646015e-02  1.000000e-03
   endloop
 endfacet
 facet normal  0.000000e+00  0.000000e+00  1.000000e+00
   outer loop
     vertex  1.356103e-02 -4.012380e-02  1.000000e-03
     vertex -2.025799e-02 -4.036432e-02  1.000000e-03
     vertex -2.021197e-02 -4.051993e-02  1.000000e-03
   endloop
 endfacet
 facet normal  0.000000e+00  0.000000e+00  1.000000e+00
   outer loop
     vertex  1.356103e-02 -4.012380e-02  1.000000e-03
     vertex -2.021197e-02 -4.051993e-02  1.000000e-03
     vertex -2.016548e-02 -4.067549e-02  1.000000e-03
   endloop
 endfacet
 facet normal  0.000000e+00  0.000000e+00  1.000000e+00
   outer loop
     vertex  1.356103e-02 -4.012380e-02  1.000000e-03
     vertex -2.016548e-02 -4.067549e-02  1.000000e-03
     vertex  1.351054e-02 -4.030798e-02  1.000000e-03
   endloop
 endfacet
 facet normal  0.000000e+00  0.000000e+00  1.000000e+00
   outer loop
     vertex -7.780888e-03 -5.651472e-02  1.000000e-03
     vertex -1.172381e-02 -5.453765e-02  1.000000e-03
     vertex -1.158657e-02 -5.463366e-02  1.000000e-03
   endloop
 endfacet
 facet normal  0.000000e+00  0.000000e+00  1.000000e+00
   outer loop
     vertex -7.614909e-03 -5.656745e-02  1.000000e-03
     vertex -1.172381e-02 -5.453765e-02  1.000000e-03
     vertex -7.780888e-03 -5.651472e-02  1.000000e-03
   endloop
 endfacet
 facet normal  0.000000e+00  0.000000e+00  1.000000e+00
   outer loop
     vertex -7.614909e-03 -5.656745e-02  1.000000e-03
     vertex -1.185983e-02 -5.444020e-02  1.000000e-03
     vertex -1.172381e-02 -5.453765e-02  1.000000e-03
   endloop
 endfacet
 facet normal  0.000000e+00  0.000000e+00  1.000000e+00
   outer loop
     vertex -7.448009e-03 -5.661833e-02  1.000000e-03
     vertex -1.185983e-02 -5.444020e-02  1.000000e-03
     vertex -7.614909e-03 -5.656745e-02  1.000000e-03
   endloop
 endfacet
 facet normal  0.000000e+00  0.000000e+00  1.000000e+00
   outer loop
     vertex -7.448009e-03 -5.661833e-02  1.000000e-03
     vertex -1.199464e-02 -5.434131e-02  1.000000e-03
     vertex -1.185983e-02 -5.444020e-02  1.000000e-03
   endloop
 endfacet
 facet normal  0.000000e+00  0.000000e+00  1.000000e+00
   outer loop
     vertex -7.280206e-03 -5.666736e-02  1.000000e-03
     vertex -1.199464e-02 -5.434131e-02  1.000000e-03
     vertex -7.448009e-03 -5.661833e-02  1.000000e-03
   endloop
 endfacet
 facet normal  0.000000e+00  0.000000e+00  1.000000e+00
   outer loop
     vertex -7.280206e-03 -5.666736e-02  1.000000e-03
     vertex -1.212824e-02 -5.424101e-02  1.000000e-03
     vertex -1.199464e-02 -5.434131e-02  1.000000e-03
   endloop
 endfacet
 facet normal  0.000000e+00  0.000000e+00  1.000000e+00
   outer loop
     vertex -7.111521e-03 -5.671451e-02  1.000000e-03
     vertex -1.212824e-02 -5.424101e-02  1.000000e-03
     vertex -7.280206e-03 -5.666736e-02  1.000000e-03
   endloop
 endfacet
 facet normal  0.000000e+00  0.000000e+00  1.000000e+00
   outer loop
     vertex  1.361087e-02 -3.993943e-02  1.000000e-03
     vertex -2.030356e-02 -4.020866e-02  1.000000e-03
     vertex -2.025799e-02 -4.036432e-02  1.000000e-03
   endloop
 endfacet
 facet normal  0.000000e+00  0.000000e+00  1.000000e+00
   outer loop
     vertex  1.361087e-02 -3.993943e-02  1.000000e-03
     vertex -2.025799e-02 -4.036432e-02  1.000000e-03
     vertex  1.356103e-02 -4.012380e-02  1.000000e-03
   endloop
 endfacet
 facet normal  0.000000e+00  0.000000e+00  1.000000e+00
   outer loop
     vertex -7.111521e-03 -5.671451e-02  1.000000e-03
     vertex -1.226061e-02 -5.413932e-02  1.000000e-03
     vertex -1.212824e-02 -5.424101e-02  1.000000e-03
   endloop
 endfacet
 facet normal  0.000000e+00  0.000000e+00  1.000000e+00
   outer loop
     vertex -6.941976e-03 -5.675979e-02  1.000000e-03
     vertex -1.226061e-02 -5.413932e-02  1.000000e-03
     vertex -7.111521e-03 -5.671451e-02  1.000000e-03
   endloop
 endfacet
 facet normal  0.000000e+00  0.000000e+00  1.000000e+00
   outer loop
     vertex -6.941976e-03 -5.675979e-02  1.000000e-03
     vertex -1.239177e-02 -5.403626e-02  1.000000e-03
     vertex -1.226061e-02 -5.413932e-02  1.000000e-03
   endloop
 endfacet
 facet normal  0.000000e+00  0.000000e+00  1.000000e+00
   outer loop
     vertex -6.771593e-03 -5.680318e-02  1.000000e-03
     vertex -1.239177e-02 -5.403626e-02  1.000000e-03
     vertex -6.941976e-03 -5.675979e-02  1.000000e-03
   endloop
 endfacet
 facet normal  0.000000e+00  0.000000e+00  1.000000e+00
   outer loop
     vertex -6.771593e-03 -5.680318e-02  1.000000e-03
     vertex -1.252171e-02 -5.393184e-02  1.000000e-03
     vertex -1.239177e-02 -5.403626e-02  1.000000e-03
   endloop
 endfacet
 facet normal  0.000000e+00  0.000000e+00  1.000000e+00
   outer loop
     vertex  1.366004e-02 -3.975488e-02  1.000000e-03
     vertex -2.034867e-02 -4.005294e-02  1.000000e-03
     vertex -2.030356e-02 -4.020866e-02  1.000000e-03
   endloop
 endfacet
 facet normal  0.000000e+00  0.000000e+00  1.000000e+00
   outer loop
     vertex  1.366004e-02 -3.975488e-02  1.000000e-03
     vertex -2.030356e-02 -4.020866e-02  1.000000e-03
     vertex  1.361087e-02 -3.993943e-02  1.000000e-03
   endloop
 endfacet
 facet normal  0.000000e+00  0.000000e+00  1.000000e+00
   outer loop
     vertex -6.600394e-03 -5.684467e-02  1.000000e-03
     vertex -1.252171e-02 -5.393184e-02  1.000000e-03
     vertex -6.771593e-03 -5.680318e-02  1.000000e-03
   endloop
 endfacet
 facet normal  0.000000e+00  0.000000e+00  1.000000e+00
   outer loop
     vertex -6.600394e-03 -5.684467e-02  1.000000e-03
     vertex -1.265042e-02 -5.382608e-02  1.000000e-03
     vertex -1.252171e-02 -5.393184e-02  1.000000e-03
   endloop
 endfacet
 facet normal  0.000000e+00  0.000000e+00  1.000000e+00
   outer loop
     vertex -6.428403e-03 -5.688425e-02  1.000000e-03
     vertex -1.265042e-02 -5.382608e-02  1.000000e-03
     vertex -6.600394e-03 -5.684467e-02  1.000000e-03
   endloop
 endfacet
 facet normal  0.000000e+00  0.000000e+00  1.000000e+00
   outer loop
     vertex  1.370853e-02 -3.957016e-02  1.000000e-03
     vertex -2.039334e-02 -3.989717e-02  1.000000e-03
     vertex -2.034867e-02 -4.005294e-02  1.000000e-03
   endloop
 endfacet
 facet normal  0.000000e+00  0.000000e+00  1.000000e+00
   outer loop
     vertex  1.370853e-02 -3.957016e-02  1.000000e-03
     vertex -2.034867e-02 -4.005294e-02  1.000000e-03
     vertex  1.366004e-02 -3.975488e-02  1.000000e-03
   endloop
 endfacet
 facet normal  0.000000e+00  0.000000e+00  1.000000e+00
   outer loop
     vertex -6.255645e-03 -5.692192e-02  1.000000e-03
     vertex -1.265042e-02 -5.382608e-02  1.000000e-03
     vertex -6.428403e-03 -5.688425e-02  1.000000e-03
   endloop
 endfacet
 facet normal  0.000000e+00  0.000000e+00  1.000000e+00
   outer loop
     vertex -6.255645e-03 -5.692192e-02  1.000000e-03
     vertex -1.277792e-02 -5.371900e-02  1.000000e-03
     vertex -1.265042e-02 -5.382608e-02  1.000000e-03
   endloop
 endfacet
 facet normal  0.000000e+00  0.000000e+00  1.000000e+00
   outer loop
     vertex -6.082145e-03 -5.695767e-02  1.000000e-03
     vertex -1.277792e-02 -5.371900e-02  1.000000e-03
     vertex -6.255645e-03 -5.692192e-02  1.000000e-03
   endloop
 endfacet
 facet normal  0.000000e+00  0.000000e+00  1.000000e+00
   outer loop
     vertex -6.082145e-03 -5.695767e-02  1.000000e-03
     vertex -1.290420e-02 -5.361062e-02  1.000000e-03
     vertex -1.277792e-02 -5.371900e-02  1.000000e-03
   endloop
 endfacet
 facet normal  0.000000e+00  0.000000e+00  1.000000e+00
   outer loop
     vertex -5.907928e-03 -5.699150e-02  1.000000e-03
     vertex -1.290420e-02 -5.361062e-02  1.000000e-03
     vertex -6.082145e-03 -5.695767e-02  1.000000e-03
   endloop
 endfacet
 facet normal  0.000000e+00  0.000000e+00  1.000000e+00
   outer loop
     vertex -5.907928e-03 -5.699150e-02  1.000000e-03
     vertex -1.302925e-02 -5.350097e-02  1.000000e-03
     vertex -1.290420e-02 -5.361062e-02  1.000000e-03
   endloop
 endfacet
 facet normal  0.000000e+00  0.000000e+00  1.000000e+00
   outer loop
     vertex  1.375632e-02 -3.938530e-02  1.000000e-03
     vertex -2.043756e-02 -3.974135e-02  1.000000e-03
     vertex -2.039334e-02 -3.989717e-02  1.000000e-03
   endloop
 endfacet
 facet normal  0.000000e+00  0.000000e+00  1.000000e+00
   outer loop
     vertex  1.375632e-02 -3.938530e-02  1.000000e-03
     vertex -2.039334e-02 -3.989717e-02  1.000000e-03
     vertex  1.370853e-02 -3.957016e-02  1.000000e-03
   endloop
 endfacet
 facet normal  0.000000e+00  0.000000e+00  1.000000e+00
   outer loop
     vertex -5.733023e-03 -5.702338e-02  1.000000e-03
     vertex -1.302925e-02 -5.350097e-02  1.000000e-03
     vertex -5.907928e-03 -5.699150e-02  1.000000e-03
   endloop
 endfacet
 facet normal  0.000000e+00  0.000000e+00  1.000000e+00
   outer loop
     vertex -5.733023e-03 -5.702338e-02  1.000000e-03
     vertex -1.315309e-02 -5.339005e-02  1.000000e-03
     vertex -1.302925e-02 -5.350097e-02  1.000000e-03
   endloop
 endfacet
 facet normal  0.000000e+00  0.000000e+00  1.000000e+00
   outer loop
     vertex -5.557455e-03 -5.705332e-02  1.000000e-03
     vertex -1.315309e-02 -5.339005e-02  1.000000e-03
     vertex -5.733023e-03 -5.702338e-02  1.000000e-03
   endloop
 endfacet
 facet normal  0.000000e+00  0.000000e+00  1.000000e+00
   outer loop
     vertex -5.557455e-03 -5.705332e-02  1.000000e-03
     vertex -1.327571e-02 -5.327789e-02  1.000000e-03
     vertex -1.315309e-02 -5.339005e-02  1.000000e-03
   endloop
 endfacet
 facet normal  0.000000e+00  0.000000e+00  1.000000e+00
   outer loop
     vertex  1.380338e-02 -3.920031e-02  1.000000e-03
     vertex -2.048134e-02 -3.958547e-02  1.000000e-03
     vertex -2.043756e-02 -3.974135e-02  1.000000e-03
   endloop
 endfacet
 facet normal  0.000000e+00  0.000000e+00  1.000000e+00
   outer loop
     vertex  1.380338e-02 -3.920031e-02  1.000000e-03
     vertex -2.043756e-02 -3.974135e-02  1.000000e-03
     vertex  1.375632e-02 -3.938530e-02  1.000000e-03
   endloop
 endfacet
 facet normal  0.000000e+00  0.000000e+00  1.000000e+00
   outer loop
     vertex -5.381255e-03 -5.708132e-02  1.000000e-03
     vertex -1.327571e-02 -5.327789e-02  1.000000e-03
     vertex -5.557455e-03 -5.705332e-02  1.000000e-03
   endloop
 endfacet
 facet normal  0.000000e+00  0.000000e+00  1.000000e+00
   outer loop
     vertex -5.204450e-03 -5.710735e-02  1.000000e-03
     vertex -1.327571e-02 -5.327789e-02  1.000000e-03
     vertex -5.381255e-03 -5.708132e-02  1.000000e-03
   endloop
 endfacet
 facet normal  0.000000e+00  0.000000e+00  1.000000e+00
   outer loop
     vertex -5.204450e-03 -5.710735e-02  1.000000e-03
     vertex -1.339712e-02 -5.316450e-02  1.000000e-03
     vertex -1.327571e-02 -5.327789e-02  1.000000e-03
   endloop
 endfacet
 facet normal  0.000000e+00  0.000000e+00  1.000000e+00
   outer loop
     vertex  1.384971e-02 -3.901521e-02  1.000000e-03
     vertex -2.052468e-02 -3.942954e-02  1.000000e-03
     vertex -2.048134e-02 -3.958547e-02  1.000000e-03
   endloop
 endfacet
 facet normal  0.000000e+00  0.000000e+00  1.000000e+00
   outer loop
     vertex  1.384971e-02 -3.901521e-02  1.000000e-03
     vertex -2.048134e-02 -3.958547e-02  1.000000e-03
     vertex  1.380338e-02 -3.920031e-02  1.000000e-03
   endloop
 endfacet
 facet normal  0.000000e+00  0.000000e+00  1.000000e+00
   outer loop
     vertex -5.027072e-03 -5.713144e-02  1.000000e-03
     vertex -1.351732e-02 -5.304992e-02  1.000000e-03
     vertex -1.339712e-02 -5.316450e-02  1.000000e-03
   endloop
 endfacet
 facet normal  0.000000e+00  0.000000e+00  1.000000e+00
   outer loop
     vertex -5.027072e-03 -5.713144e-02  1.000000e-03
     vertex -1.339712e-02 -5.316450e-02  1.000000e-03
     vertex -5.204450e-03 -5.710735e-02  1.000000e-03
   endloop
 endfacet
 facet normal  0.000000e+00  0.000000e+00  1.000000e+00
   outer loop
     vertex  1.389527e-02 -3.883000e-02  1.000000e-03
     vertex -2.056760e-02 -3.927356e-02  1.000000e-03
     vertex -2.052468e-02 -3.942954e-02  1.000000e-03
   endloop
 endfacet
 facet normal  0.000000e+00  0.000000e+00  1.000000e+00
   outer loop
     vertex  1.389527e-02 -3.883000e-02  1.000000e-03
     vertex -2.052468e-02 -3.942954e-02  1.000000e-03
     vertex  1.384971e-02 -3.901521e-02  1.000000e-03
   endloop
 endfacet
 facet normal  0.000000e+00  0.000000e+00  1.000000e+00
   outer loop
     vertex  1.394005e-02 -3.864471e-02  1.000000e-03
     vertex -2.061010e-02 -3.911751e-02  1.000000e-03
     vertex -2.056760e-02 -3.927356e-02  1.000000e-03
   endloop
 endfacet
 facet normal  0.000000e+00  0.000000e+00  1.000000e+00
   outer loop
     vertex  1.394005e-02 -3.864471e-02  1.000000e-03
     vertex -2.056760e-02 -3.927356e-02  1.000000e-03
     vertex  1.389527e-02 -3.883000e-02  1.000000e-03
   endloop
 endfacet
 facet normal  0.000000e+00  0.000000e+00  1.000000e+00
   outer loop
     vertex  1.398403e-02 -3.845936e-02  1.000000e-03
     vertex -2.065217e-02 -3.896141e-02  1.000000e-03
     vertex -2.061010e-02 -3.911751e-02  1.000000e-03
   endloop
 endfacet
 facet normal  0.000000e+00  0.000000e+00  1.000000e+00
   outer loop
     vertex  1.398403e-02 -3.845936e-02  1.000000e-03
     vertex -2.061010e-02 -3.911751e-02  1.000000e-03
     vertex  1.394005e-02 -3.864471e-02  1.000000e-03
   endloop
 endfacet
 facet normal  0.000000e+00  0.000000e+00  1.000000e+00
   outer loop
     vertex  1.402718e-02 -3.827396e-02  1.000000e-03
     vertex -2.069382e-02 -3.880524e-02  1.000000e-03
     vertex -2.065217e-02 -3.896141e-02  1.000000e-03
   endloop
 endfacet
 facet normal  0.000000e+00  0.000000e+00  1.000000e+00
   outer loop
     vertex  1.402718e-02 -3.827396e-02  1.000000e-03
     vertex -2.065217e-02 -3.896141e-02  1.000000e-03
     vertex  1.398403e-02 -3.845936e-02  1.000000e-03
   endloop
 endfacet
 facet normal  0.000000e+00  0.000000e+00  1.000000e+00
   outer loop
     vertex  1.406950e-02 -3.808852e-02  1.000000e-03
     vertex -2.073507e-02 -3.864901e-02  1.000000e-03
     vertex -2.069382e-02 -3.880524e-02  1.000000e-03
   endloop
 endfacet
 facet normal  0.000000e+00  0.000000e+00  1.000000e+00
   outer loop
     vertex  1.406950e-02 -3.808852e-02  1.000000e-03
     vertex -2.069382e-02 -3.880524e-02  1.000000e-03
     vertex  1.402718e-02 -3.827396e-02  1.000000e-03
   endloop
 endfacet
 facet normal  0.000000e+00  0.000000e+00  1.000000e+00
   outer loop
     vertex  1.411096e-02 -3.790306e-02  1.000000e-03
     vertex -2.077590e-02 -3.849272e-02  1.000000e-03
     vertex -2.073507e-02 -3.864901e-02  1.000000e-03
   endloop
 endfacet
 facet normal  0.000000e+00  0.000000e+00  1.000000e+00
   outer loop
     vertex  1.411096e-02 -3.790306e-02  1.000000e-03
     vertex -2.073507e-02 -3.864901e-02  1.000000e-03
     vertex  1.406950e-02 -3.808852e-02  1.000000e-03
   endloop
 endfacet
 facet normal  0.000000e+00  0.000000e+00  1.000000e+00
   outer loop
     vertex  1.415153e-02 -3.771760e-02  1.000000e-03
     vertex -2.081634e-02 -3.833636e-02  1.000000e-03
     vertex -2.077590e-02 -3.849272e-02  1.000000e-03
   endloop
 endfacet
 facet normal  0.000000e+00  0.000000e+00  1.000000e+00
   outer loop
     vertex  1.415153e-02 -3.771760e-02  1.000000e-03
     vertex -2.077590e-02 -3.849272e-02  1.000000e-03
     vertex  1.411096e-02 -3.790306e-02  1.000000e-03
   endloop
 endfacet
 facet normal  0.000000e+00  0.000000e+00  1.000000e+00
   outer loop
     vertex  1.419121e-02 -3.753214e-02  1.000000e-03
     vertex -2.085637e-02 -3.817992e-02  1.000000e-03
     vertex -2.081634e-02 -3.833636e-02  1.000000e-03
   endloop
 endfacet
 facet normal  0.000000e+00  0.000000e+00  1.000000e+00
   outer loop
     vertex  1.419121e-02 -3.753214e-02  1.000000e-03
     vertex -2.081634e-02 -3.833636e-02  1.000000e-03
     vertex  1.415153e-02 -3.771760e-02  1.000000e-03
   endloop
 endfacet
 facet normal  0.000000e+00  0.000000e+00  1.000000e+00
   outer loop
     vertex  1.422996e-02 -3.734672e-02  1.000000e-03
     vertex -2.089600e-02 -3.802342e-02  1.000000e-03
     vertex -2.085637e-02 -3.817992e-02  1.000000e-03
   endloop
 endfacet
 facet normal  0.000000e+00  0.000000e+00  1.000000e+00
   outer loop
     vertex  1.422996e-02 -3.734672e-02  1.000000e-03
     vertex -2.085637e-02 -3.817992e-02  1.000000e-03
     vertex  1.419121e-02 -3.753214e-02  1.000000e-03
   endloop
 endfacet
 facet normal  0.000000e+00  0.000000e+00  1.000000e+00
   outer loop
     vertex  1.426776e-02 -3.716133e-02  1.000000e-03
     vertex -2.093524e-02 -3.786683e-02  1.000000e-03
     vertex -2.089600e-02 -3.802342e-02  1.000000e-03
   endloop
 endfacet
 facet normal  0.000000e+00  0.000000e+00  1.000000e+00
   outer loop
     vertex  1.426776e-02 -3.716133e-02  1.000000e-03
     vertex -2.089600e-02 -3.802342e-02  1.000000e-03
     vertex  1.422996e-02 -3.734672e-02  1.000000e-03
   endloop
 endfacet
 facet normal  0.000000e+00  0.000000e+00  1.000000e+00
   outer loop
     vertex  1.430461e-02 -3.697600e-02  1.000000e-03
     vertex -2.093524e-02 -3.786683e-02  1.000000e-03
     vertex  1.426776e-02 -3.716133e-02  1.000000e-03
   endloop
 endfacet
 facet normal  0.000000e+00  0.000000e+00  1.000000e+00
   outer loop
     vertex  1.434047e-02 -3.679073e-02  1.000000e-03
     vertex -2.097409e-02 -3.771017e-02  1.000000e-03
     vertex -2.093524e-02 -3.786683e-02  1.000000e-03
   endloop
 endfacet
 facet normal  0.000000e+00  0.000000e+00  1.000000e+00
   outer loop
     vertex  1.434047e-02 -3.679073e-02  1.000000e-03
     vertex -2.093524e-02 -3.786683e-02  1.000000e-03
     vertex  1.430461e-02 -3.697600e-02  1.000000e-03
   endloop
 endfacet
 facet normal  0.000000e+00  0.000000e+00  1.000000e+00
   outer loop
     vertex  1.437532e-02 -3.660555e-02  1.000000e-03
     vertex -2.101255e-02 -3.755342e-02  1.000000e-03
     vertex -2.097409e-02 -3.771017e-02  1.000000e-03
   endloop
 endfacet
 facet normal  0.000000e+00  0.000000e+00  1.000000e+00
   outer loop
     vertex  1.437532e-02 -3.660555e-02  1.000000e-03
     vertex -2.097409e-02 -3.771017e-02  1.000000e-03
     vertex  1.434047e-02 -3.679073e-02  1.000000e-03
   endloop
 endfacet
 facet normal  0.000000e+00  0.000000e+00  1.000000e+00
   outer loop
     vertex  1.440916e-02 -3.642047e-02  1.000000e-03
     vertex -2.105063e-02 -3.739659e-02  1.000000e-03
     vertex -2.101255e-02 -3.755342e-02  1.000000e-03
   endloop
 endfacet
 facet normal  0.000000e+00  0.000000e+00  1.000000e+00
   outer loop
     vertex  1.440916e-02 -3.642047e-02  1.000000e-03
     vertex -2.101255e-02 -3.755342e-02  1.000000e-03
     vertex  1.437532e-02 -3.660555e-02  1.000000e-03
   endloop
 endfacet
 facet normal  0.000000e+00  0.000000e+00  1.000000e+00
   outer loop
     vertex  1.444195e-02 -3.623550e-02  1.000000e-03
     vertex -2.108832e-02 -3.723967e-02  1.000000e-03
     vertex -2.105063e-02 -3.739659e-02  1.000000e-03
   endloop
 endfacet
 facet normal  0.000000e+00  0.000000e+00  1.000000e+00
   outer loop
     vertex  1.444195e-02 -3.623550e-02  1.000000e-03
     vertex -2.105063e-02 -3.739659e-02  1.000000e-03
     vertex  1.440916e-02 -3.642047e-02  1.000000e-03
   endloop
 endfacet
 facet normal  0.000000e+00  0.000000e+00  1.000000e+00
   outer loop
     vertex  1.447368e-02 -3.605065e-02  1.000000e-03
     vertex -2.108832e-02 -3.723967e-02  1.000000e-03
     vertex  1.444195e-02 -3.623550e-02  1.000000e-03
   endloop
 endfacet
 facet normal  0.000000e+00  0.000000e+00  1.000000e+00
   outer loop
     vertex  1.450432e-02 -3.586595e-02  1.000000e-03
     vertex -2.112564e-02 -3.708265e-02  1.000000e-03
     vertex -2.108832e-02 -3.723967e-02  1.000000e-03
   endloop
 endfacet
 facet normal  0.000000e+00  0.000000e+00  1.000000e+00
   outer loop
     vertex  1.450432e-02 -3.586595e-02  1.000000e-03
     vertex -2.108832e-02 -3.723967e-02  1.000000e-03
     vertex  1.447368e-02 -3.605065e-02  1.000000e-03
   endloop
 endfacet
 facet normal  0.000000e+00  0.000000e+00  1.000000e+00
   outer loop
     vertex  1.453386e-02 -3.568139e-02  1.000000e-03
     vertex -2.116258e-02 -3.692553e-02  1.000000e-03
     vertex -2.112564e-02 -3.708265e-02  1.000000e-03
   endloop
 endfacet
 facet normal  0.000000e+00  0.000000e+00  1.000000e+00
   outer loop
     vertex  1.453386e-02 -3.568139e-02  1.000000e-03
     vertex -2.112564e-02 -3.708265e-02  1.000000e-03
     vertex  1.450432e-02 -3.586595e-02  1.000000e-03
   endloop
 endfacet
 facet normal  0.000000e+00  0.000000e+00  1.000000e+00
   outer loop
     vertex  1.456229e-02 -3.549700e-02  1.000000e-03
     vertex -2.116258e-02 -3.692553e-02  1.000000e-03
     vertex  1.453386e-02 -3.568139e-02  1.000000e-03
   endloop
 endfacet
 facet normal  0.000000e+00  0.000000e+00  1.000000e+00
   outer loop
     vertex  1.458957e-02 -3.531279e-02  1.000000e-03
     vertex -2.119915e-02 -3.676832e-02  1.000000e-03
     vertex -2.116258e-02 -3.692553e-02  1.000000e-03
   endloop
 endfacet
 facet normal  0.000000e+00  0.000000e+00  1.000000e+00
   outer loop
     vertex  1.458957e-02 -3.531279e-02  1.000000e-03
     vertex -2.116258e-02 -3.692553e-02  1.000000e-03
     vertex  1.456229e-02 -3.549700e-02  1.000000e-03
   endloop
 endfacet
 facet normal  0.000000e+00  0.000000e+00  1.000000e+00
   outer loop
     vertex  1.461570e-02 -3.512877e-02  1.000000e-03
     vertex -2.123534e-02 -3.661099e-02  1.000000e-03
     vertex -2.119915e-02 -3.676832e-02  1.000000e-03
   endloop
 endfacet
 facet normal  0.000000e+00  0.000000e+00  1.000000e+00
   outer loop
     vertex  1.461570e-02 -3.512877e-02  1.000000e-03
     vertex -2.119915e-02 -3.676832e-02  1.000000e-03
     vertex  1.458957e-02 -3.531279e-02  1.000000e-03
   endloop
 endfacet
 facet normal  0.000000e+00  0.000000e+00  1.000000e+00
   outer loop
     vertex  1.464064e-02 -3.494496e-02  1.000000e-03
     vertex -2.123534e-02 -3.661099e-02  1.000000e-03
     vertex  1.461570e-02 -3.512877e-02  1.000000e-03
   endloop
 endfacet
 facet normal  0.000000e+00  0.000000e+00  1.000000e+00
   outer loop
     vertex  1.466440e-02 -3.476136e-02  1.000000e-03
     vertex -2.127117e-02 -3.645355e-02  1.000000e-03
     vertex -2.123534e-02 -3.661099e-02  1.000000e-03
   endloop
 endfacet
 facet normal  0.000000e+00  0.000000e+00  1.000000e+00
   outer loop
     vertex  1.466440e-02 -3.476136e-02  1.000000e-03
     vertex -2.123534e-02 -3.661099e-02  1.000000e-03
     vertex  1.464064e-02 -3.494496e-02  1.000000e-03
   endloop
 endfacet
 facet normal  0.000000e+00  0.000000e+00  1.000000e+00
   outer loop
     vertex  1.468694e-02 -3.457798e-02  1.000000e-03
     vertex -2.127117e-02 -3.645355e-02  1.000000e-03
     vertex  1.466440e-02 -3.476136e-02  1.000000e-03
   endloop
 endfacet
 facet normal  0.000000e+00  0.000000e+00  1.000000e+00
   outer loop
     vertex  1.470826e-02 -3.439485e-02  1.000000e-03
     vertex -2.130663e-02 -3.629600e-02  1.000000e-03
     vertex -2.127117e-02 -3.645355e-02  1.000000e-03
   endloop
 endfacet
 facet normal  0.000000e+00  0.000000e+00  1.000000e+00
   outer loop
     vertex  1.470826e-02 -3.439485e-02  1.000000e-03
     vertex -2.127117e-02 -3.645355e-02  1.000000e-03
     vertex  1.468694e-02 -3.457798e-02  1.000000e-03
   endloop
 endfacet
 facet normal  0.000000e+00  0.000000e+00  1.000000e+00
   outer loop
     vertex  1.472833e-02 -3.421197e-02  1.000000e-03
     vertex -2.130663e-02 -3.629600e-02  1.000000e-03
     vertex  1.470826e-02 -3.439485e-02  1.000000e-03
   endloop
 endfacet
 facet normal  0.000000e+00  0.000000e+00  1.000000e+00
   outer loop
     vertex  1.474714e-02 -3.402935e-02  1.000000e-03
     vertex -2.134173e-02 -3.613833e-02  1.000000e-03
     vertex -2.130663e-02 -3.629600e-02  1.000000e-03
   endloop
 endfacet
 facet normal  0.000000e+00  0.000000e+00  1.000000e+00
   outer loop
     vertex  1.474714e-02 -3.402935e-02  1.000000e-03
     vertex -2.130663e-02 -3.629600e-02  1.000000e-03
     vertex  1.472833e-02 -3.421197e-02  1.000000e-03
   endloop
 endfacet
 facet normal  0.000000e+00  0.000000e+00  1.000000e+00
   outer loop
     vertex  1.476467e-02 -3.384700e-02  1.000000e-03
     vertex -2.134173e-02 -3.613833e-02  1.000000e-03
     vertex  1.474714e-02 -3.402935e-02  1.000000e-03
   endloop
 endfacet
 facet normal  0.000000e+00  0.000000e+00  1.000000e+00
   outer loop
     vertex  1.478091e-02 -3.366494e-02  1.000000e-03
     vertex -2.137646e-02 -3.598053e-02  1.000000e-03
     vertex -2.134173e-02 -3.613833e-02  1.000000e-03
   endloop
 endfacet
 facet normal  0.000000e+00  0.000000e+00  1.000000e+00
   outer loop
     vertex  1.478091e-02 -3.366494e-02  1.000000e-03
     vertex -2.134173e-02 -3.613833e-02  1.000000e-03
     vertex  1.476467e-02 -3.384700e-02  1.000000e-03
   endloop
 endfacet
 facet normal  0.000000e+00  0.000000e+00  1.000000e+00
   outer loop
     vertex  1.479584e-02 -3.348317e-02  1.000000e-03
     vertex -2.137646e-02 -3.598053e-02  1.000000e-03
     vertex  1.478091e-02 -3.366494e-02  1.000000e-03
   endloop
 endfacet
 facet normal  0.000000e+00  0.000000e+00  1.000000e+00
   outer loop
     vertex  1.480946e-02 -3.330171e-02  1.000000e-03
     vertex -2.141083e-02 -3.582260e-02  1.000000e-03
     vertex -2.137646e-02 -3.598053e-02  1.000000e-03
   endloop
 endfacet
 facet normal  0.000000e+00  0.000000e+00  1.000000e+00
   outer loop
     vertex  1.480946e-02 -3.330171e-02  1.000000e-03
     vertex -2.137646e-02 -3.598053e-02  1.000000e-03
     vertex  1.479584e-02 -3.348317e-02  1.000000e-03
   endloop
 endfacet
 facet normal  0.000000e+00  0.000000e+00  1.000000e+00
   outer loop
     vertex  1.482174e-02 -3.312056e-02  1.000000e-03
     vertex -2.141083e-02 -3.582260e-02  1.000000e-03
     vertex  1.480946e-02 -3.330171e-02  1.000000e-03
   endloop
 endfacet
 facet normal  0.000000e+00  0.000000e+00  1.000000e+00
   outer loop
     vertex  1.483267e-02 -3.293973e-02  1.000000e-03
     vertex -2.144485e-02 -3.566454e-02  1.000000e-03
     vertex -2.141083e-02 -3.582260e-02  1.000000e-03
   endloop
 endfacet
 facet normal  0.000000e+00  0.000000e+00  1.000000e+00
   outer loop
     vertex  1.483267e-02 -3.293973e-02  1.000000e-03
     vertex -2.141083e-02 -3.582260e-02  1.000000e-03
     vertex  1.482174e-02 -3.312056e-02  1.000000e-03
   endloop
 endfacet
 facet normal  0.000000e+00  0.000000e+00  1.000000e+00
   outer loop
     vertex  1.484225e-02 -3.275924e-02  1.000000e-03
     vertex -2.144485e-02 -3.566454e-02  1.000000e-03
     vertex  1.483267e-02 -3.293973e-02  1.000000e-03
   endloop
 endfacet
 facet normal  0.000000e+00  0.000000e+00  1.000000e+00
   outer loop
     vertex  1.485045e-02 -3.257909e-02  1.000000e-03
     vertex -2.144485e-02 -3.566454e-02  1.000000e-03
     vertex  1.484225e-02 -3.275924e-02  1.000000e-03
   endloop
 endfacet
 facet normal  0.000000e+00  0.000000e+00  1.000000e+00
   outer loop
     vertex  1.485727e-02 -3.239929e-02  1.000000e-03
     vertex -2.144485e-02 -3.566454e-02  1.000000e-03
     vertex  1.485045e-02 -3.257909e-02  1.000000e-03
   endloop
 endfacet
 facet normal  0.000000e+00  0.000000e+00  1.000000e+00
   outer loop
     vertex  1.485727e-02 -3.239929e-02  1.000000e-03
     vertex -2.147850e-02 -3.550633e-02  1.000000e-03
     vertex -2.144485e-02 -3.566454e-02  1.000000e-03
   endloop
 endfacet
 facet normal  0.000000e+00  0.000000e+00  1.000000e+00
   outer loop
     vertex  1.486271e-02 -3.221985e-02  1.000000e-03
     vertex -2.147850e-02 -3.550633e-02  1.000000e-03
     vertex  1.485727e-02 -3.239929e-02  1.000000e-03
   endloop
 endfacet
 facet normal  0.000000e+00  0.000000e+00  1.000000e+00
   outer loop
     vertex  1.486674e-02 -3.204077e-02  1.000000e-03
     vertex -2.147850e-02 -3.550633e-02  1.000000e-03
     vertex  1.486271e-02 -3.221985e-02  1.000000e-03
   endloop
 endfacet
 facet normal  0.000000e+00  0.000000e+00  1.000000e+00
   outer loop
     vertex  1.486936e-02 -3.186207e-02  1.000000e-03
     vertex -2.147850e-02 -3.550633e-02  1.000000e-03
     vertex  1.486674e-02 -3.204077e-02  1.000000e-03
   endloop
 endfacet
 facet normal  0.000000e+00  0.000000e+00  1.000000e+00
   outer loop
     vertex  1.487056e-02 -3.168376e-02  1.000000e-03
     vertex -2.147850e-02 -3.550633e-02  1.000000e-03
     vertex  1.486936e-02 -3.186207e-02  1.000000e-03
   endloop
 endfacet
 facet normal  0.000000e+00  0.000000e+00  1.000000e+00
   outer loop
     vertex  1.487056e-02 -3.168376e-02  1.000000e-03
     vertex -2.151180e-02 -3.534798e-02  1.000000e-03
     vertex -2.147850e-02 -3.550633e-02  1.000000e-03
   endloop
 endfacet
 facet normal  0.000000e+00  0.000000e+00  1.000000e+00
   outer loop
     vertex  1.487034e-02 -3.150583e-02  1.000000e-03
     vertex -2.151180e-02 -3.534798e-02  1.000000e-03
     vertex  1.487056e-02 -3.168376e-02  1.000000e-03
   endloop
 endfacet
 facet normal  0.000000e+00  0.000000e+00  1.000000e+00
   outer loop
     vertex  1.486869e-02 -3.132829e-02  1.000000e-03
     vertex -2.151180e-02 -3.534798e-02  1.000000e-03
     vertex  1.487034e-02 -3.150583e-02  1.000000e-03
   endloop
 endfacet
 facet normal  0.000000e+00  0.000000e+00  1.000000e+00
   outer loop
     vertex  1.486561e-02 -3.115116e-02  1.000000e-03
     vertex -2.151180e-02 -3.534798e-02  1.000000e-03
     vertex  1.486869e-02 -3.132829e-02  1.000000e-03
   endloop
 endfacet
 facet normal  0.000000e+00  0.000000e+00  1.000000e+00
   outer loop
     vertex  1.486108e-02 -3.097444e-02  1.000000e-03
     vertex -2.151180e-02 -3.534798e-02  1.000000e-03
     vertex  1.486561e-02 -3.115116e-02  1.000000e-03
   endloop
 endfacet
 facet normal  0.000000e+00  0.000000e+00  1.000000e+00
   outer loop
     vertex  1.486108e-02 -3.097444e-02  1.000000e-03
     vertex -2.154475e-02 -3.518948e-02  1.000000e-03
     vertex -2.151180e-02 -3.534798e-02  1.000000e-03
   endloop
 endfacet
 facet normal  0.000000e+00  0.000000e+00  1.000000e+00
   outer loop
     vertex  1.485512e-02 -3.079813e-02  1.000000e-03
     vertex -2.154475e-02 -3.518948e-02  1.000000e-03
     vertex  1.486108e-02 -3.097444e-02  1.000000e-03
   endloop
 endfacet
 facet normal  0.000000e+00  0.000000e+00  1.000000e+00
   outer loop
     vertex  1.484770e-02 -3.062224e-02  1.000000e-03
     vertex -2.154475e-02 -3.518948e-02  1.000000e-03
     vertex  1.485512e-02 -3.079813e-02  1.000000e-03
   endloop
 endfacet
 facet normal  0.000000e+00  0.000000e+00  1.000000e+00
   outer loop
     vertex  1.483884e-02 -3.044677e-02  1.000000e-03
     vertex -2.154475e-02 -3.518948e-02  1.000000e-03
     vertex  1.484770e-02 -3.062224e-02  1.000000e-03
   endloop
 endfacet
 facet normal  0.000000e+00  0.000000e+00  1.000000e+00
   outer loop
     vertex  1.482853e-02 -3.027173e-02  1.000000e-03
     vertex -2.154475e-02 -3.518948e-02  1.000000e-03
     vertex  1.483884e-02 -3.044677e-02  1.000000e-03
   endloop
 endfacet
 facet normal  0.000000e+00  0.000000e+00  1.000000e+00
   outer loop
     vertex  1.481678e-02 -3.009712e-02  1.000000e-03
     vertex -2.157734e-02 -3.503082e-02  1.000000e-03
     vertex -2.154475e-02 -3.518948e-02  1.000000e-03
   endloop
 endfacet
 facet normal  0.000000e+00  0.000000e+00  1.000000e+00
   outer loop
     vertex  1.481678e-02 -3.009712e-02  1.000000e-03
     vertex -2.154475e-02 -3.518948e-02  1.000000e-03
     vertex  1.482853e-02 -3.027173e-02  1.000000e-03
   endloop
 endfacet
 facet normal  0.000000e+00  0.000000e+00  1.000000e+00
   outer loop
     vertex  1.480358e-02 -2.992294e-02  1.000000e-03
     vertex -2.157734e-02 -3.503082e-02  1.000000e-03
     vertex  1.481678e-02 -3.009712e-02  1.000000e-03
   endloop
 endfacet
 facet normal  0.000000e+00  0.000000e+00  1.000000e+00
   outer loop
     vertex  1.478893e-02 -2.974921e-02  1.000000e-03
     vertex -2.157734e-02 -3.503082e-02  1.000000e-03
     vertex  1.480358e-02 -2.992294e-02  1.000000e-03
   endloop
 endfacet
 facet normal  0.000000e+00  0.000000e+00  1.000000e+00
   outer loop
     vertex  1.477285e-02 -2.957591e-02  1.000000e-03
     vertex -2.157734e-02 -3.503082e-02  1.000000e-03
     vertex  1.478893e-02 -2.974921e-02  1.000000e-03
   endloop
 endfacet
 facet normal  0.000000e+00  0.000000e+00  1.000000e+00
   outer loop
     vertex  1.475533e-02 -2.940306e-02  1.000000e-03
     vertex -2.157734e-02 -3.503082e-02  1.000000e-03
     vertex  1.477285e-02 -2.957591e-02  1.000000e-03
   endloop
 endfacet
 facet normal  0.000000e+00  0.000000e+00  1.000000e+00
   outer loop
     vertex  1.473638e-02 -2.923066e-02  1.000000e-03
     vertex -2.157734e-02 -3.503082e-02  1.000000e-03
     vertex  1.475533e-02 -2.940306e-02  1.000000e-03
   endloop
 endfacet
 facet normal  0.000000e+00  0.000000e+00  1.000000e+00
   outer loop
     vertex  1.471601e-02 -2.905870e-02  1.000000e-03
     vertex -2.157734e-02 -3.503082e-02  1.000000e-03
     vertex  1.473638e-02 -2.923066e-02  1.000000e-03
   endloop
 endfacet
 facet normal  0.000000e+00  0.000000e+00  1.000000e+00
   outer loop
     vertex  1.469423e-02 -2.888719e-02  1.000000e-03
     vertex -2.157734e-02 -3.503082e-02  1.000000e-03
     vertex  1.471601e-02 -2.905870e-02  1.000000e-03
   endloop
 endfacet
 facet normal  0.000000e+00  0.000000e+00  1.000000e+00
   outer loop
     vertex  1.469423e-02 -2.888719e-02  1.000000e-03
     vertex -2.160958e-02 -3.487201e-02  1.000000e-03
     vertex -2.157734e-02 -3.503082e-02  1.000000e-03
   endloop
 endfacet
 facet normal  0.000000e+00  0.000000e+00  1.000000e+00
   outer loop
     vertex  1.467105e-02 -2.871613e-02  1.000000e-03
     vertex -2.160958e-02 -3.487201e-02  1.000000e-03
     vertex  1.469423e-02 -2.888719e-02  1.000000e-03
   endloop
 endfacet
 facet normal  0.000000e+00  0.000000e+00  1.000000e+00
   outer loop
     vertex  1.464647e-02 -2.854552e-02  1.000000e-03
     vertex -2.160958e-02 -3.487201e-02  1.000000e-03
     vertex  1.467105e-02 -2.871613e-02  1.000000e-03
   endloop
 endfacet
 facet normal  0.000000e+00  0.000000e+00  1.000000e+00
   outer loop
     vertex  6.656907e-03 -5.399006e-02  1.000000e-03
     vertex  6.281567e-03 -5.429831e-02  1.000000e-03
     vertex  6.408307e-03 -5.419704e-02  1.000000e-03
   endloop
 endfacet
 facet normal  0.000000e+00  0.000000e+00  1.000000e+00
   outer loop
     vertex  6.656907e-03 -5.399006e-02  1.000000e-03
     vertex  6.408307e-03 -5.419704e-02  1.000000e-03
     vertex  6.533419e-03 -5.409428e-02  1.000000e-03
   endloop
 endfacet
 facet normal  0.000000e+00  0.000000e+00  1.000000e+00
   outer loop
     vertex  6.778777e-03 -5.388438e-02  1.000000e-03
     vertex  6.281567e-03 -5.429831e-02  1.000000e-03
     vertex  6.656907e-03 -5.399006e-02  1.000000e-03
   endloop
 endfacet
 facet normal  0.000000e+00  0.000000e+00  1.000000e+00
   outer loop
     vertex  1.462052e-02 -2.837536e-02  1.000000e-03
     vertex -2.160958e-02 -3.487201e-02  1.000000e-03
     vertex  1.464647e-02 -2.854552e-02  1.000000e-03
   endloop
 endfacet
 facet normal  0.000000e+00  0.000000e+00  1.000000e+00
   outer loop
     vertex  1.459320e-02 -2.820564e-02  1.000000e-03
     vertex -2.160958e-02 -3.487201e-02  1.000000e-03
     vertex  1.462052e-02 -2.837536e-02  1.000000e-03
   endloop
 endfacet
 facet normal  0.000000e+00  0.000000e+00  1.000000e+00
   outer loop
     vertex  6.899036e-03 -5.377725e-02  1.000000e-03
     vertex  6.281567e-03 -5.429831e-02  1.000000e-03
     vertex  6.778777e-03 -5.388438e-02  1.000000e-03
   endloop
 endfacet
 facet normal  0.000000e+00  0.000000e+00  1.000000e+00
   outer loop
     vertex  6.899036e-03 -5.377725e-02  1.000000e-03
     vertex  6.153194e-03 -5.439809e-02  1.000000e-03
     vertex  6.281567e-03 -5.429831e-02  1.000000e-03
   endloop
 endfacet
 facet normal  0.000000e+00  0.000000e+00  1.000000e+00
   outer loop
     vertex  7.017694e-03 -5.366869e-02  1.000000e-03
     vertex  6.153194e-03 -5.439809e-02  1.000000e-03
     vertex  6.899036e-03 -5.377725e-02  1.000000e-03
   endloop
 endfacet
 facet normal  0.000000e+00  0.000000e+00  1.000000e+00
   outer loop
     vertex  1.456452e-02 -2.803637e-02  1.000000e-03
     vertex -2.160958e-02 -3.487201e-02  1.000000e-03
     vertex  1.459320e-02 -2.820564e-02  1.000000e-03
   endloop
 endfacet
 facet normal  0.000000e+00  0.000000e+00  1.000000e+00
   outer loop
     vertex  1.453452e-02 -2.786755e-02  1.000000e-03
     vertex -2.160958e-02 -3.487201e-02  1.000000e-03
     vertex  1.456452e-02 -2.803637e-02  1.000000e-03
   endloop
 endfacet
 facet normal  0.000000e+00  0.000000e+00  1.000000e+00
   outer loop
     vertex  1.453452e-02 -2.786755e-02  1.000000e-03
     vertex -2.164147e-02 -3.471302e-02  1.000000e-03
     vertex -2.160958e-02 -3.487201e-02  1.000000e-03
   endloop
 endfacet
 facet normal  0.000000e+00  0.000000e+00  1.000000e+00
   outer loop
     vertex  7.017694e-03 -5.366869e-02  1.000000e-03
     vertex  6.023189e-03 -5.449637e-02  1.000000e-03
     vertex  6.153194e-03 -5.439809e-02  1.000000e-03
   endloop
 endfacet
 facet normal  0.000000e+00  0.000000e+00  1.000000e+00
   outer loop
     vertex  7.134762e-03 -5.355871e-02  1.000000e-03
     vertex  6.023189e-03 -5.449637e-02  1.000000e-03
     vertex  7.017694e-03 -5.366869e-02  1.000000e-03
   endloop
 endfacet
 facet normal  0.000000e+00  0.000000e+00  1.000000e+00
   outer loop
     vertex  1.450319e-02 -2.769917e-02  1.000000e-03
     vertex -2.164147e-02 -3.471302e-02  1.000000e-03
     vertex  1.453452e-02 -2.786755e-02  1.000000e-03
   endloop
 endfacet
 facet normal  0.000000e+00  0.000000e+00  1.000000e+00
   outer loop
     vertex  1.447057e-02 -2.753123e-02  1.000000e-03
     vertex -2.164147e-02 -3.471302e-02  1.000000e-03
     vertex  1.450319e-02 -2.769917e-02  1.000000e-03
   endloop
 endfacet
 facet normal  0.000000e+00  0.000000e+00  1.000000e+00
   outer loop
     vertex  7.134762e-03 -5.355871e-02  1.000000e-03
     vertex  5.891550e-03 -5.459313e-02  1.000000e-03
     vertex  6.023189e-03 -5.449637e-02  1.000000e-03
   endloop
 endfacet
 facet normal  0.000000e+00  0.000000e+00  1.000000e+00
   outer loop
     vertex  7.250250e-03 -5.344731e-02  1.000000e-03
     vertex  5.891550e-03 -5.459313e-02  1.000000e-03
     vertex  7.134762e-03 -5.355871e-02  1.000000e-03
   endloop
 endfacet
 facet normal  0.000000e+00  0.000000e+00  1.000000e+00
   outer loop
     vertex  1.443666e-02 -2.736373e-02  1.000000e-03
     vertex -2.164147e-02 -3.471302e-02  1.000000e-03
     vertex  1.447057e-02 -2.753123e-02  1.000000e-03
   endloop
 endfacet
 facet normal  0.000000e+00  0.000000e+00  1.000000e+00
   outer loop
     vertex  7.250250e-03 -5.344731e-02  1.000000e-03
     vertex  5.758282e-03 -5.468837e-02  1.000000e-03
     vertex  5.891550e-03 -5.459313e-02  1.000000e-03
   endloop
 endfacet
 facet normal  0.000000e+00  0.000000e+00  1.000000e+00
   outer loop
     vertex  1.440151e-02 -2.719666e-02  1.000000e-03
     vertex -2.164147e-02 -3.471302e-02  1.000000e-03
     vertex  1.443666e-02 -2.736373e-02  1.000000e-03
   endloop
 endfacet
 facet normal  0.000000e+00  0.000000e+00  1.000000e+00
   outer loop
     vertex  1.440151e-02 -2.719666e-02  1.000000e-03
     vertex -2.167300e-02 -3.455386e-02  1.000000e-03
     vertex -2.164147e-02 -3.471302e-02  1.000000e-03
   endloop
 endfacet
 facet normal  0.000000e+00  0.000000e+00  1.000000e+00
   outer loop
     vertex  7.364173e-03 -5.333451e-02  1.000000e-03
     vertex  5.486871e-03 -5.487422e-02  1.000000e-03
     vertex  5.623387e-03 -5.478207e-02  1.000000e-03
   endloop
 endfacet
 facet normal  0.000000e+00  0.000000e+00  1.000000e+00
   outer loop
     vertex  7.364173e-03 -5.333451e-02  1.000000e-03
     vertex  5.623387e-03 -5.478207e-02  1.000000e-03
     vertex  5.758282e-03 -5.468837e-02  1.000000e-03
   endloop
 endfacet
 facet normal  0.000000e+00  0.000000e+00  1.000000e+00
   outer loop
     vertex  7.364173e-03 -5.333451e-02  1.000000e-03
     vertex  5.758282e-03 -5.468837e-02  1.000000e-03
     vertex  7.250250e-03 -5.344731e-02  1.000000e-03
   endloop
 endfacet
 facet normal  0.000000e+00  0.000000e+00  1.000000e+00
   outer loop
     vertex  1.436512e-02 -2.703003e-02  1.000000e-03
     vertex -2.167300e-02 -3.455386e-02  1.000000e-03
     vertex  1.440151e-02 -2.719666e-02  1.000000e-03
   endloop
 endfacet
 facet normal  0.000000e+00  0.000000e+00  1.000000e+00
   outer loop
     vertex  7.476545e-03 -5.322032e-02  1.000000e-03
     vertex  5.486871e-03 -5.487422e-02  1.000000e-03
     vertex  7.364173e-03 -5.333451e-02  1.000000e-03
   endloop
 endfacet
 facet normal  0.000000e+00  0.000000e+00  1.000000e+00
   outer loop
     vertex  1.432752e-02 -2.686381e-02  1.000000e-03
     vertex -2.167300e-02 -3.455386e-02  1.000000e-03
     vertex  1.436512e-02 -2.703003e-02  1.000000e-03
   endloop
 endfacet
 facet normal  0.000000e+00  0.000000e+00  1.000000e+00
   outer loop
     vertex -1.756008e-02  5.146843e-03  1.000000e-03
     vertex -2.042271e-02  8.009476e-03  1.000000e-03
     vertex -2.749378e-02  9.384080e-04  1.000000e-03
   endloop
 endfacet
 facet normal  0.000000e+00  0.000000e+00  1.000000e+00
   outer loop
     vertex -1.756008e-02  5.146843e-03  1.000000e-03
     vertex -2.749378e-02  9.384080e-04  1.000000e-03
     vertex -2.090736e-02 -5.648009e-03  1.000000e-03
   endloop
 endfacet
 facet normal  0.000000e+00  0.000000e+00  1.000000e+00
   outer loop
     vertex  7.476545e-03 -5.322032e-02  1.000000e-03
     vertex  5.348743e-03 -5.496481e-02  1.000000e-03
     vertex  5.486871e-03 -5.487422e-02  1.000000e-03
   endloop
 endfacet
 facet normal  0.000000e+00  0.000000e+00  1.000000e+00
   outer loop
     vertex  7.587381e-03 -5.310475e-02  1.000000e-03
     vertex  5.348743e-03 -5.496481e-02  1.000000e-03
     vertex  7.476545e-03 -5.322032e-02  1.000000e-03
   endloop
 endfacet
 facet normal  0.000000e+00  0.000000e+00  1.000000e+00
   outer loop
     vertex  1.428874e-02 -2.669802e-02  1.000000e-03
     vertex -2.170419e-02 -3.439452e-02  1.000000e-03
     vertex -2.167300e-02 -3.455386e-02  1.000000e-03
   endloop
 endfacet
 facet normal  0.000000e+00  0.000000e+00  1.000000e+00
   outer loop
     vertex  1.428874e-02 -2.669802e-02  1.000000e-03
     vertex -2.167300e-02 -3.455386e-02  1.000000e-03
     vertex  1.432752e-02 -2.686381e-02  1.000000e-03
   endloop
 endfacet
 facet normal  0.000000e+00  0.000000e+00  1.000000e+00
   outer loop
     vertex  1.424881e-02 -2.653264e-02  1.000000e-03
     vertex -2.170419e-02 -3.439452e-02  1.000000e-03
     vertex  1.428874e-02 -2.669802e-02  1.000000e-03
   endloop
 endfacet
 facet normal  0.000000e+00  0.000000e+00  1.000000e+00
   outer loop
     vertex  7.587381e-03 -5.310475e-02  1.000000e-03
     vertex  5.209012e-03 -5.505382e-02  1.000000e-03
     vertex  5.348743e-03 -5.496481e-02  1.000000e-03
   endloop
 endfacet
 facet normal  0.000000e+00  0.000000e+00  1.000000e+00
   outer loop
     vertex  7.696698e-03 -5.298782e-02  1.000000e-03
     vertex  5.209012e-03 -5.505382e-02  1.000000e-03
     vertex  7.587381e-03 -5.310475e-02  1.000000e-03
   endloop
 endfacet
 facet normal  0.000000e+00  0.000000e+00  1.000000e+00
   outer loop
     vertex  1.420775e-02 -2.636767e-02  1.000000e-03
     vertex -2.170419e-02 -3.439452e-02  1.000000e-03
     vertex  1.424881e-02 -2.653264e-02  1.000000e-03
   endloop
 endfacet
 facet normal  0.000000e+00  0.000000e+00  1.000000e+00
   outer loop
     vertex  7.696698e-03 -5.298782e-02  1.000000e-03
     vertex  5.067689e-03 -5.514125e-02  1.000000e-03
     vertex  5.209012e-03 -5.505382e-02  1.000000e-03
   endloop
 endfacet
 facet normal  0.000000e+00  0.000000e+00  1.000000e+00
   outer loop
     vertex  1.416561e-02 -2.620310e-02  1.000000e-03
     vertex -2.170419e-02 -3.439452e-02  1.000000e-03
     vertex  1.420775e-02 -2.636767e-02  1.000000e-03
   endloop
 endfacet
 facet normal  0.000000e+00  0.000000e+00  1.000000e+00
   outer loop
     vertex  1.416561e-02 -2.620310e-02  1.000000e-03
     vertex -2.173503e-02 -3.423500e-02  1.000000e-03
     vertex -2.170419e-02 -3.439452e-02  1.000000e-03
   endloop
 endfacet
 facet normal  0.000000e+00  0.000000e+00  1.000000e+00
   outer loop
     vertex  7.804515e-03 -5.286953e-02  1.000000e-03
     vertex  5.067689e-03 -5.514125e-02  1.000000e-03
     vertex  7.696698e-03 -5.298782e-02  1.000000e-03
   endloop
 endfacet
 facet normal  0.000000e+00  0.000000e+00  1.000000e+00
   outer loop
     vertex  1.412240e-02 -2.603893e-02  1.000000e-03
     vertex -2.173503e-02 -3.423500e-02  1.000000e-03
     vertex  1.416561e-02 -2.620310e-02  1.000000e-03
   endloop
 endfacet
 facet normal  0.000000e+00  0.000000e+00  1.000000e+00
   outer loop
     vertex  7.804515e-03 -5.286953e-02  1.000000e-03
     vertex  4.924788e-03 -5.522709e-02  1.000000e-03
     vertex  5.067689e-03 -5.514125e-02  1.000000e-03
   endloop
 endfacet
 facet normal  0.000000e+00  0.000000e+00  1.000000e+00
   outer loop
     vertex  7.910850e-03 -5.274990e-02  1.000000e-03
     vertex  4.924788e-03 -5.522709e-02  1.000000e-03
     vertex  7.804515e-03 -5.286953e-02  1.000000e-03
   endloop
 endfacet
 facet normal  0.000000e+00  0.000000e+00  1.000000e+00
   outer loop
     vertex  1.407817e-02 -2.587514e-02  1.000000e-03
     vertex -2.176552e-02 -3.407529e-02  1.000000e-03
     vertex -2.173503e-02 -3.423500e-02  1.000000e-03
   endloop
 endfacet
 facet normal  0.000000e+00  0.000000e+00  1.000000e+00
   outer loop
     vertex  1.407817e-02 -2.587514e-02  1.000000e-03
     vertex -2.173503e-02 -3.423500e-02  1.000000e-03
     vertex  1.412240e-02 -2.603893e-02  1.000000e-03
   endloop
 endfacet
 facet normal  0.000000e+00  0.000000e+00  1.000000e+00
   outer loop
     vertex  7.910850e-03 -5.274990e-02  1.000000e-03
     vertex  4.780322e-03 -5.531131e-02  1.000000e-03
     vertex  4.924788e-03 -5.522709e-02  1.000000e-03
   endloop
 endfacet
 facet normal  0.000000e+00  0.000000e+00  1.000000e+00
   outer loop
     vertex  8.015722e-03 -5.262893e-02  1.000000e-03
     vertex  4.780322e-03 -5.531131e-02  1.000000e-03
     vertex  7.910850e-03 -5.274990e-02  1.000000e-03
   endloop
 endfacet
 facet normal  0.000000e+00  0.000000e+00  1.000000e+00
   outer loop
     vertex  1.403296e-02 -2.571173e-02  1.000000e-03
     vertex -2.176552e-02 -3.407529e-02  1.000000e-03
     vertex  1.407817e-02 -2.587514e-02  1.000000e-03
   endloop
 endfacet
 facet normal  0.000000e+00  0.000000e+00  1.000000e+00
   outer loop
     vertex  8.015722e-03 -5.262893e-02  1.000000e-03
     vertex  4.634309e-03 -5.539392e-02  1.000000e-03
     vertex  4.780322e-03 -5.531131e-02  1.000000e-03
   endloop
 endfacet
 facet normal  0.000000e+00  0.000000e+00  1.000000e+00
   outer loop
     vertex  1.398679e-02 -2.554869e-02  1.000000e-03
     vertex -2.179566e-02 -3.391538e-02  1.000000e-03
     vertex -2.176552e-02 -3.407529e-02  1.000000e-03
   endloop
 endfacet
 facet normal  0.000000e+00  0.000000e+00  1.000000e+00
   outer loop
     vertex  1.398679e-02 -2.554869e-02  1.000000e-03
     vertex -2.176552e-02 -3.407529e-02  1.000000e-03
     vertex  1.403296e-02 -2.571173e-02  1.000000e-03
   endloop
 endfacet
 facet normal  0.000000e+00  0.000000e+00  1.000000e+00
   outer loop
     vertex  8.119154e-03 -5.250664e-02  1.000000e-03
     vertex  4.634309e-03 -5.539392e-02  1.000000e-03
     vertex  8.015722e-03 -5.262893e-02  1.000000e-03
   endloop
 endfacet
 facet normal  0.000000e+00  0.000000e+00  1.000000e+00
   outer loop
     vertex  1.393972e-02 -2.538602e-02  1.000000e-03
     vertex -2.179566e-02 -3.391538e-02  1.000000e-03
     vertex  1.398679e-02 -2.554869e-02  1.000000e-03
   endloop
 endfacet
 facet normal  0.000000e+00  0.000000e+00  1.000000e+00
   outer loop
     vertex  8.119154e-03 -5.250664e-02  1.000000e-03
     vertex  4.486766e-03 -5.547490e-02  1.000000e-03
     vertex  4.634309e-03 -5.539392e-02  1.000000e-03
   endloop
 endfacet
 facet normal  0.000000e+00  0.000000e+00  1.000000e+00
   outer loop
     vertex  8.221166e-03 -5.238304e-02  1.000000e-03
     vertex  4.486766e-03 -5.547490e-02  1.000000e-03
     vertex  8.119154e-03 -5.250664e-02  1.000000e-03
   endloop
 endfacet
 facet normal  0.000000e+00  0.000000e+00  1.000000e+00
   outer loop
     vertex  1.389177e-02 -2.522368e-02  1.000000e-03
     vertex -2.182546e-02 -3.375527e-02  1.000000e-03
     vertex -2.179566e-02 -3.391538e-02  1.000000e-03
   endloop
 endfacet
 facet normal  0.000000e+00  0.000000e+00  1.000000e+00
   outer loop
     vertex  1.389177e-02 -2.522368e-02  1.000000e-03
     vertex -2.179566e-02 -3.391538e-02  1.000000e-03
     vertex  1.393972e-02 -2.538602e-02  1.000000e-03
   endloop
 endfacet
 facet normal  0.000000e+00  0.000000e+00  1.000000e+00
   outer loop
     vertex  8.221166e-03 -5.238304e-02  1.000000e-03
     vertex  4.187169e-03 -5.563191e-02  1.000000e-03
     vertex  4.337712e-03 -5.555423e-02  1.000000e-03
   endloop
 endfacet
 facet normal  0.000000e+00  0.000000e+00  1.000000e+00
   outer loop
     vertex  8.221166e-03 -5.238304e-02  1.000000e-03
     vertex  4.337712e-03 -5.555423e-02  1.000000e-03
     vertex  4.486766e-03 -5.547490e-02  1.000000e-03
   endloop
 endfacet
 facet normal  0.000000e+00  0.000000e+00  1.000000e+00
   outer loop
     vertex  1.384300e-02 -2.506170e-02  1.000000e-03
     vertex -2.182546e-02 -3.375527e-02  1.000000e-03
     vertex  1.389177e-02 -2.522368e-02  1.000000e-03
   endloop
 endfacet
 facet normal  0.000000e+00  0.000000e+00  1.000000e+00
   outer loop
     vertex  1.379345e-02 -2.490003e-02  1.000000e-03
     vertex -2.185491e-02 -3.359496e-02  1.000000e-03
     vertex -2.182546e-02 -3.375527e-02  1.000000e-03
   endloop
 endfacet
 facet normal  0.000000e+00  0.000000e+00  1.000000e+00
   outer loop
     vertex  1.379345e-02 -2.490003e-02  1.000000e-03
     vertex -2.182546e-02 -3.375527e-02  1.000000e-03
     vertex  1.384300e-02 -2.506170e-02  1.000000e-03
   endloop
 endfacet
 facet normal  0.000000e+00  0.000000e+00  1.000000e+00
   outer loop
     vertex  8.321781e-03 -5.225814e-02  1.000000e-03
     vertex  4.187169e-03 -5.563191e-02  1.000000e-03
     vertex  8.221166e-03 -5.238304e-02  1.000000e-03
   endloop
 endfacet
 facet normal  0.000000e+00  0.000000e+00  1.000000e+00
   outer loop
     vertex  8.321781e-03 -5.225814e-02  1.000000e-03
     vertex  4.035159e-03 -5.570793e-02  1.000000e-03
     vertex  4.187169e-03 -5.563191e-02  1.000000e-03
   endloop
 endfacet
 facet normal  0.000000e+00  0.000000e+00  1.000000e+00
   outer loop
     vertex  1.374318e-02 -2.473869e-02  1.000000e-03
     vertex -2.188401e-02 -3.343443e-02  1.000000e-03
     vertex -2.185491e-02 -3.359496e-02  1.000000e-03
   endloop
 endfacet
 facet normal  0.000000e+00  0.000000e+00  1.000000e+00
   outer loop
     vertex  1.374318e-02 -2.473869e-02  1.000000e-03
     vertex -2.185491e-02 -3.359496e-02  1.000000e-03
     vertex  1.379345e-02 -2.490003e-02  1.000000e-03
   endloop
 endfacet
 facet normal  0.000000e+00  0.000000e+00  1.000000e+00
   outer loop
     vertex  8.421022e-03 -5.213196e-02  1.000000e-03
     vertex  4.035159e-03 -5.570793e-02  1.000000e-03
     vertex  8.321781e-03 -5.225814e-02  1.000000e-03
   endloop
 endfacet
 facet normal  0.000000e+00  0.000000e+00  1.000000e+00
   outer loop
     vertex  8.421022e-03 -5.213196e-02  1.000000e-03
     vertex  3.881705e-03 -5.578226e-02  1.000000e-03
     vertex  4.035159e-03 -5.570793e-02  1.000000e-03
   endloop
 endfacet
 facet normal  0.000000e+00  0.000000e+00  1.000000e+00
   outer loop
     vertex  8.518914e-03 -5.200450e-02  1.000000e-03
     vertex  3.881705e-03 -5.578226e-02  1.000000e-03
     vertex  8.421022e-03 -5.213196e-02  1.000000e-03
   endloop
 endfacet
 facet normal  0.000000e+00  0.000000e+00  1.000000e+00
   outer loop
     vertex  1.369221e-02 -2.457765e-02  1.000000e-03
     vertex -2.191276e-02 -3.327368e-02  1.000000e-03
     vertex -2.188401e-02 -3.343443e-02  1.000000e-03
   endloop
 endfacet
 facet normal  0.000000e+00  0.000000e+00  1.000000e+00
   outer loop
     vertex  1.369221e-02 -2.457765e-02  1.000000e-03
     vertex -2.188401e-02 -3.343443e-02  1.000000e-03
     vertex  1.374318e-02 -2.473869e-02  1.000000e-03
   endloop
 endfacet
 facet normal  0.000000e+00  0.000000e+00  1.000000e+00
   outer loop
     vertex  1.364062e-02 -2.441690e-02  1.000000e-03
     vertex -2.191276e-02 -3.327368e-02  1.000000e-03
     vertex  1.369221e-02 -2.457765e-02  1.000000e-03
   endloop
 endfacet
 facet normal  0.000000e+00  0.000000e+00  1.000000e+00
   outer loop
     vertex  8.518914e-03 -5.200450e-02  1.000000e-03
     vertex  3.726833e-03 -5.585491e-02  1.000000e-03
     vertex  3.881705e-03 -5.578226e-02  1.000000e-03
   endloop
 endfacet
 facet normal  0.000000e+00  0.000000e+00  1.000000e+00
   outer loop
     vertex  1.358844e-02 -2.425642e-02  1.000000e-03
     vertex -2.194117e-02 -3.311271e-02  1.000000e-03
     vertex -2.191276e-02 -3.327368e-02  1.000000e-03
   endloop
 endfacet
 facet normal  0.000000e+00  0.000000e+00  1.000000e+00
   outer loop
     vertex  1.358844e-02 -2.425642e-02  1.000000e-03
     vertex -2.191276e-02 -3.327368e-02  1.000000e-03
     vertex  1.364062e-02 -2.441690e-02  1.000000e-03
   endloop
 endfacet
 facet normal  0.000000e+00  0.000000e+00  1.000000e+00
   outer loop
     vertex  8.615480e-03 -5.187577e-02  1.000000e-03
     vertex  3.726833e-03 -5.585491e-02  1.000000e-03
     vertex  8.518914e-03 -5.200450e-02  1.000000e-03
   endloop
 endfacet
 facet normal  0.000000e+00  0.000000e+00  1.000000e+00
   outer loop
     vertex  1.353575e-02 -2.409621e-02  1.000000e-03
     vertex -2.196923e-02 -3.295150e-02  1.000000e-03
     vertex -2.194117e-02 -3.311271e-02  1.000000e-03
   endloop
 endfacet
 facet normal  0.000000e+00  0.000000e+00  1.000000e+00
   outer loop
     vertex  1.353575e-02 -2.409621e-02  1.000000e-03
     vertex -2.194117e-02 -3.311271e-02  1.000000e-03
     vertex  1.358844e-02 -2.425642e-02  1.000000e-03
   endloop
 endfacet
 facet normal  0.000000e+00  0.000000e+00  1.000000e+00
   outer loop
     vertex  8.615480e-03 -5.187577e-02  1.000000e-03
     vertex  3.412941e-03 -5.599510e-02  1.000000e-03
     vertex  3.570569e-03 -5.592586e-02  1.000000e-03
   endloop
 endfacet
 facet normal  0.000000e+00  0.000000e+00  1.000000e+00
   outer loop
     vertex  8.615480e-03 -5.187577e-02  1.000000e-03
     vertex  3.570569e-03 -5.592586e-02  1.000000e-03
     vertex  3.726833e-03 -5.585491e-02  1.000000e-03
   endloop
 endfacet
 facet normal  0.000000e+00  0.000000e+00  1.000000e+00
   outer loop
     vertex  8.710747e-03 -5.174579e-02  1.000000e-03
     vertex  3.412941e-03 -5.599510e-02  1.000000e-03
     vertex  8.615480e-03 -5.187577e-02  1.000000e-03
   endloop
 endfacet
 facet normal  0.000000e+00  0.000000e+00  1.000000e+00
   outer loop
     vertex  1.348258e-02 -2.393625e-02  1.000000e-03
     vertex -2.199694e-02 -3.279006e-02  1.000000e-03
     vertex -2.196923e-02 -3.295150e-02  1.000000e-03
   endloop
 endfacet
 facet normal  0.000000e+00  0.000000e+00  1.000000e+00
   outer loop
     vertex  1.348258e-02 -2.393625e-02  1.000000e-03
     vertex -2.196923e-02 -3.295150e-02  1.000000e-03
     vertex  1.353575e-02 -2.409621e-02  1.000000e-03
   endloop
 endfacet
 facet normal  0.000000e+00  0.000000e+00  1.000000e+00
   outer loop
     vertex  8.710747e-03 -5.174579e-02  1.000000e-03
     vertex  3.253977e-03 -5.606261e-02  1.000000e-03
     vertex  3.412941e-03 -5.599510e-02  1.000000e-03
   endloop
 endfacet
 facet normal  0.000000e+00  0.000000e+00  1.000000e+00
   outer loop
     vertex  1.342901e-02 -2.377652e-02  1.000000e-03
     vertex -2.202431e-02 -3.262837e-02  1.000000e-03
     vertex -2.199694e-02 -3.279006e-02  1.000000e-03
   endloop
 endfacet
 facet normal  0.000000e+00  0.000000e+00  1.000000e+00
   outer loop
     vertex  1.342901e-02 -2.377652e-02  1.000000e-03
     vertex -2.199694e-02 -3.279006e-02  1.000000e-03
     vertex  1.348258e-02 -2.393625e-02  1.000000e-03
   endloop
 endfacet
 facet normal  0.000000e+00  0.000000e+00  1.000000e+00
   outer loop
     vertex  8.804741e-03 -5.161457e-02  1.000000e-03
     vertex  3.253977e-03 -5.606261e-02  1.000000e-03
     vertex  8.710747e-03 -5.174579e-02  1.000000e-03
   endloop
 endfacet
 facet normal  0.000000e+00  0.000000e+00  1.000000e+00
   outer loop
     vertex  1.337508e-02 -2.361701e-02  1.000000e-03
     vertex -2.205132e-02 -3.246644e-02  1.000000e-03
     vertex -2.202431e-02 -3.262837e-02  1.000000e-03
   endloop
 endfacet
 facet normal  0.000000e+00  0.000000e+00  1.000000e+00
   outer loop
     vertex  1.337508e-02 -2.361701e-02  1.000000e-03
     vertex -2.202431e-02 -3.262837e-02  1.000000e-03
     vertex  1.342901e-02 -2.377652e-02  1.000000e-03
   endloop
 endfacet
 facet normal  0.000000e+00  0.000000e+00  1.000000e+00
   outer loop
     vertex  8.804741e-03 -5.161457e-02  1.000000e-03
     vertex  3.093707e-03 -5.612839e-02  1.000000e-03
     vertex  3.253977e-03 -5.606261e-02  1.000000e-03
   endloop
 endfacet
 facet normal  0.000000e+00  0.000000e+00  1.000000e+00
   outer loop
     vertex  8.897487e-03 -5.148212e-02  1.000000e-03
     vertex  3.093707e-03 -5.612839e-02  1.000000e-03
     vertex  8.804741e-03 -5.161457e-02  1.000000e-03
   endloop
 endfacet
 facet normal  0.000000e+00  0.000000e+00  1.000000e+00
   outer loop
     vertex  1.332087e-02 -2.345770e-02  1.000000e-03
     vertex -2.207799e-02 -3.230425e-02  1.000000e-03
     vertex -2.205132e-02 -3.246644e-02  1.000000e-03
   endloop
 endfacet
 facet normal  0.000000e+00  0.000000e+00  1.000000e+00
   outer loop
     vertex  1.332087e-02 -2.345770e-02  1.000000e-03
     vertex -2.205132e-02 -3.246644e-02  1.000000e-03
     vertex  1.337508e-02 -2.361701e-02  1.000000e-03
   endloop
 endfacet
 facet normal  0.000000e+00  0.000000e+00  1.000000e+00
   outer loop
     vertex  8.897487e-03 -5.148212e-02  1.000000e-03
     vertex  2.769375e-03 -5.625471e-02  1.000000e-03
     vertex  2.932162e-03 -5.619243e-02  1.000000e-03
   endloop
 endfacet
 facet normal  0.000000e+00  0.000000e+00  1.000000e+00
   outer loop
     vertex  8.897487e-03 -5.148212e-02  1.000000e-03
     vertex  2.932162e-03 -5.619243e-02  1.000000e-03
     vertex  3.093707e-03 -5.612839e-02  1.000000e-03
   endloop
 endfacet
 facet normal  0.000000e+00  0.000000e+00  1.000000e+00
   outer loop
     vertex  1.326644e-02 -2.329858e-02  1.000000e-03
     vertex -2.213028e-02 -3.197908e-02  1.000000e-03
     vertex -2.210431e-02 -3.214180e-02  1.000000e-03
   endloop
 endfacet
 facet normal  0.000000e+00  0.000000e+00  1.000000e+00
   outer loop
     vertex  1.326644e-02 -2.329858e-02  1.000000e-03
     vertex -2.210431e-02 -3.214180e-02  1.000000e-03
     vertex -2.207799e-02 -3.230425e-02  1.000000e-03
   endloop
 endfacet
 facet normal  0.000000e+00  0.000000e+00  1.000000e+00
   outer loop
     vertex  1.326644e-02 -2.329858e-02  1.000000e-03
     vertex -2.207799e-02 -3.230425e-02  1.000000e-03
     vertex  1.332087e-02 -2.345770e-02  1.000000e-03
   endloop
 endfacet
 facet normal  0.000000e+00  0.000000e+00  1.000000e+00
   outer loop
     vertex  8.989012e-03 -5.134845e-02  1.000000e-03
     vertex  2.769375e-03 -5.625471e-02  1.000000e-03
     vertex  8.897487e-03 -5.148212e-02  1.000000e-03
   endloop
 endfacet
 facet normal  0.000000e+00  0.000000e+00  1.000000e+00
   outer loop
     vertex  1.321186e-02 -2.313962e-02  1.000000e-03
     vertex -2.215589e-02 -3.181609e-02  1.000000e-03
     vertex -2.213028e-02 -3.197908e-02  1.000000e-03
   endloop
 endfacet
 facet normal  0.000000e+00  0.000000e+00  1.000000e+00
   outer loop
     vertex  1.321186e-02 -2.313962e-02  1.000000e-03
     vertex -2.213028e-02 -3.197908e-02  1.000000e-03
     vertex  1.326644e-02 -2.329858e-02  1.000000e-03
   endloop
 endfacet
 facet normal  0.000000e+00  0.000000e+00  1.000000e+00
   outer loop
     vertex  1.315718e-02 -2.298081e-02  1.000000e-03
     vertex -2.215589e-02 -3.181609e-02  1.000000e-03
     vertex  1.321186e-02 -2.313962e-02  1.000000e-03
   endloop
 endfacet
 facet normal  0.000000e+00  0.000000e+00  1.000000e+00
   outer loop
     vertex  8.989012e-03 -5.134845e-02  1.000000e-03
     vertex  2.605379e-03 -5.631523e-02  1.000000e-03
     vertex  2.769375e-03 -5.625471e-02  1.000000e-03
   endloop
 endfacet
 facet normal  0.000000e+00  0.000000e+00  1.000000e+00
   outer loop
     vertex  1.315718e-02 -2.298081e-02  1.000000e-03
     vertex -2.218116e-02 -3.165282e-02  1.000000e-03
     vertex -2.215589e-02 -3.181609e-02  1.000000e-03
   endloop
 endfacet
 facet normal  0.000000e+00  0.000000e+00  1.000000e+00
   outer loop
     vertex  1.310249e-02 -2.282213e-02  1.000000e-03
     vertex -2.218116e-02 -3.165282e-02  1.000000e-03
     vertex  1.315718e-02 -2.298081e-02  1.000000e-03
   endloop
 endfacet
 facet normal  0.000000e+00  0.000000e+00  1.000000e+00
   outer loop
     vertex  9.079344e-03 -5.121357e-02  1.000000e-03
     vertex  2.605379e-03 -5.631523e-02  1.000000e-03
     vertex  8.989012e-03 -5.134845e-02  1.000000e-03
   endloop
 endfacet
 facet normal  0.000000e+00  0.000000e+00  1.000000e+00
   outer loop
     vertex  1.310249e-02 -2.282213e-02  1.000000e-03
     vertex -2.223063e-02 -3.132542e-02  1.000000e-03
     vertex -2.220607e-02 -3.148927e-02  1.000000e-03
   endloop
 endfacet
 facet normal  0.000000e+00  0.000000e+00  1.000000e+00
   outer loop
     vertex  1.310249e-02 -2.282213e-02  1.000000e-03
     vertex -2.220607e-02 -3.148927e-02  1.000000e-03
     vertex -2.218116e-02 -3.165282e-02  1.000000e-03
   endloop
 endfacet
 facet normal  0.000000e+00  0.000000e+00  1.000000e+00
   outer loop
     vertex  1.304784e-02 -2.266355e-02  1.000000e-03
     vertex -2.223063e-02 -3.132542e-02  1.000000e-03
     vertex  1.310249e-02 -2.282213e-02  1.000000e-03
   endloop
 endfacet
 facet normal  0.000000e+00  0.000000e+00  1.000000e+00
   outer loop
     vertex  9.079344e-03 -5.121357e-02  1.000000e-03
     vertex  2.273894e-03 -5.643092e-02  1.000000e-03
     vertex  2.440207e-03 -5.637396e-02  1.000000e-03
   endloop
 endfacet
 facet normal  0.000000e+00  0.000000e+00  1.000000e+00
   outer loop
     vertex  9.079344e-03 -5.121357e-02  1.000000e-03
     vertex  2.440207e-03 -5.637396e-02  1.000000e-03
     vertex  2.605379e-03 -5.631523e-02  1.000000e-03
   endloop
 endfacet
 facet normal  0.000000e+00  0.000000e+00  1.000000e+00
   outer loop
     vertex  9.168511e-03 -5.107751e-02  1.000000e-03
     vertex  2.273894e-03 -5.643092e-02  1.000000e-03
     vertex  9.079344e-03 -5.121357e-02  1.000000e-03
   endloop
 endfacet
 facet normal  0.000000e+00  0.000000e+00  1.000000e+00
   outer loop
     vertex  1.304784e-02 -2.266355e-02  1.000000e-03
     vertex -2.225483e-02 -3.116128e-02  1.000000e-03
     vertex -2.223063e-02 -3.132542e-02  1.000000e-03
   endloop
 endfacet
 facet normal  0.000000e+00  0.000000e+00  1.000000e+00
   outer loop
     vertex  1.299331e-02 -2.250508e-02  1.000000e-03
     vertex -2.225483e-02 -3.116128e-02  1.000000e-03
     vertex  1.304784e-02 -2.266355e-02  1.000000e-03
   endloop
 endfacet
 facet normal  0.000000e+00  0.000000e+00  1.000000e+00
   outer loop
     vertex  9.168511e-03 -5.107751e-02  1.000000e-03
     vertex  2.106478e-03 -5.648607e-02  1.000000e-03
     vertex  2.273894e-03 -5.643092e-02  1.000000e-03
   endloop
 endfacet
 facet normal  0.000000e+00  0.000000e+00  1.000000e+00
   outer loop
     vertex  1.299331e-02 -2.250508e-02  1.000000e-03
     vertex -2.230217e-02 -3.083210e-02  1.000000e-03
     vertex -2.227868e-02 -3.099684e-02  1.000000e-03
   endloop
 endfacet
 facet normal  0.000000e+00  0.000000e+00  1.000000e+00
   outer loop
     vertex  1.299331e-02 -2.250508e-02  1.000000e-03
     vertex -2.227868e-02 -3.099684e-02  1.000000e-03
     vertex -2.225483e-02 -3.116128e-02  1.000000e-03
   endloop
 endfacet
 facet normal  0.000000e+00  0.000000e+00  1.000000e+00
   outer loop
     vertex  1.293896e-02 -2.234667e-02  1.000000e-03
     vertex -2.230217e-02 -3.083210e-02  1.000000e-03
     vertex  1.299331e-02 -2.250508e-02  1.000000e-03
   endloop
 endfacet
 facet normal  0.000000e+00  0.000000e+00  1.000000e+00
   outer loop
     vertex  9.256539e-03 -5.094025e-02  1.000000e-03
     vertex  2.106478e-03 -5.648607e-02  1.000000e-03
     vertex  9.168511e-03 -5.107751e-02  1.000000e-03
   endloop
 endfacet
 facet normal  0.000000e+00  0.000000e+00  1.000000e+00
   outer loop
     vertex  1.293896e-02 -2.234667e-02  1.000000e-03
     vertex -2.232530e-02 -3.066703e-02  1.000000e-03
     vertex -2.230217e-02 -3.083210e-02  1.000000e-03
   endloop
 endfacet
 facet normal  0.000000e+00  0.000000e+00  1.000000e+00
   outer loop
     vertex  1.288488e-02 -2.218831e-02  1.000000e-03
     vertex -2.232530e-02 -3.066703e-02  1.000000e-03
     vertex  1.293896e-02 -2.234667e-02  1.000000e-03
   endloop
 endfacet
 facet normal  0.000000e+00  0.000000e+00  1.000000e+00
   outer loop
     vertex  9.256539e-03 -5.094025e-02  1.000000e-03
     vertex  1.768478e-03 -5.659096e-02  1.000000e-03
     vertex  1.937993e-03 -5.653942e-02  1.000000e-03
   endloop
 endfacet
 facet normal  0.000000e+00  0.000000e+00  1.000000e+00
   outer loop
     vertex  9.256539e-03 -5.094025e-02  1.000000e-03
     vertex  1.937993e-03 -5.653942e-02  1.000000e-03
     vertex  2.106478e-03 -5.648607e-02  1.000000e-03
   endloop
 endfacet
 facet normal  0.000000e+00  0.000000e+00  1.000000e+00
   outer loop
     vertex  1.288488e-02 -2.218831e-02  1.000000e-03
     vertex -2.237047e-02 -3.033595e-02  1.000000e-03
     vertex -2.234807e-02 -3.050165e-02  1.000000e-03
   endloop
 endfacet
 facet normal  0.000000e+00  0.000000e+00  1.000000e+00
   outer loop
     vertex  1.288488e-02 -2.218831e-02  1.000000e-03
     vertex -2.234807e-02 -3.050165e-02  1.000000e-03
     vertex -2.232530e-02 -3.066703e-02  1.000000e-03
   endloop
 endfacet
 facet normal  0.000000e+00  0.000000e+00  1.000000e+00
   outer loop
     vertex  1.283113e-02 -2.202999e-02  1.000000e-03
     vertex -2.237047e-02 -3.033595e-02  1.000000e-03
     vertex  1.288488e-02 -2.218831e-02  1.000000e-03
   endloop
 endfacet
 facet normal  0.000000e+00  0.000000e+00  1.000000e+00
   outer loop
     vertex  1.283113e-02 -2.202999e-02  1.000000e-03
     vertex -2.239251e-02 -3.016992e-02  1.000000e-03
     vertex -2.237047e-02 -3.033595e-02  1.000000e-03
   endloop
 endfacet
 facet normal  0.000000e+00  0.000000e+00  1.000000e+00
   outer loop
     vertex  9.343458e-03 -5.080183e-02  1.000000e-03
     vertex  1.768478e-03 -5.659096e-02  1.000000e-03
     vertex  9.256539e-03 -5.094025e-02  1.000000e-03
   endloop
 endfacet
 facet normal  0.000000e+00  0.000000e+00  1.000000e+00
   outer loop
     vertex  9.343458e-03 -5.080183e-02  1.000000e-03
     vertex  1.597971e-03 -5.664066e-02  1.000000e-03
     vertex  1.768478e-03 -5.659096e-02  1.000000e-03
   endloop
 endfacet
 facet normal  0.000000e+00  0.000000e+00  1.000000e+00
   outer loop
     vertex  1.277779e-02 -2.187168e-02  1.000000e-03
     vertex -2.239251e-02 -3.016992e-02  1.000000e-03
     vertex  1.283113e-02 -2.202999e-02  1.000000e-03
   endloop
 endfacet
 facet normal  0.000000e+00  0.000000e+00  1.000000e+00
   outer loop
     vertex  1.277779e-02 -2.187168e-02  1.000000e-03
     vertex -2.243550e-02 -2.983685e-02  1.000000e-03
     vertex -2.241419e-02 -3.000356e-02  1.000000e-03
   endloop
 endfacet
 facet normal  0.000000e+00  0.000000e+00  1.000000e+00
   outer loop
     vertex  1.277779e-02 -2.187168e-02  1.000000e-03
     vertex -2.241419e-02 -3.000356e-02  1.000000e-03
     vertex -2.239251e-02 -3.016992e-02  1.000000e-03
   endloop
 endfacet
 facet normal  0.000000e+00  0.000000e+00  1.000000e+00
   outer loop
     vertex  1.272493e-02 -2.171335e-02  1.000000e-03
     vertex -2.243550e-02 -2.983685e-02  1.000000e-03
     vertex  1.277779e-02 -2.187168e-02  1.000000e-03
   endloop
 endfacet
 facet normal  0.000000e+00  0.000000e+00  1.000000e+00
   outer loop
     vertex  9.429295e-03 -5.066225e-02  1.000000e-03
     vertex  1.597971e-03 -5.664066e-02  1.000000e-03
     vertex  9.343458e-03 -5.080183e-02  1.000000e-03
   endloop
 endfacet
 facet normal  0.000000e+00  0.000000e+00  1.000000e+00
   outer loop
     vertex  1.272493e-02 -2.171335e-02  1.000000e-03
     vertex -2.247700e-02 -2.950240e-02  1.000000e-03
     vertex -2.245644e-02 -2.966980e-02  1.000000e-03
   endloop
 endfacet
 facet normal  0.000000e+00  0.000000e+00  1.000000e+00
   outer loop
     vertex  1.272493e-02 -2.171335e-02  1.000000e-03
     vertex -2.245644e-02 -2.966980e-02  1.000000e-03
     vertex -2.243550e-02 -2.983685e-02  1.000000e-03
   endloop
 endfacet
 facet normal  0.000000e+00  0.000000e+00  1.000000e+00
   outer loop
     vertex  9.429295e-03 -5.066225e-02  1.000000e-03
     vertex  1.254136e-03 -5.673456e-02  1.000000e-03
     vertex  1.426510e-03 -5.668853e-02  1.000000e-03
   endloop
 endfacet
 facet normal  0.000000e+00  0.000000e+00  1.000000e+00
   outer loop
     vertex  9.429295e-03 -5.066225e-02  1.000000e-03
     vertex  1.426510e-03 -5.668853e-02  1.000000e-03
     vertex  1.597971e-03 -5.664066e-02  1.000000e-03
   endloop
 endfacet
 facet normal  0.000000e+00  0.000000e+00  1.000000e+00
   outer loop
     vertex  1.267263e-02 -2.155500e-02  1.000000e-03
     vertex -2.251701e-02 -2.916654e-02  1.000000e-03
     vertex -2.249719e-02 -2.933465e-02  1.000000e-03
   endloop
 endfacet
 facet normal  0.000000e+00  0.000000e+00  1.000000e+00
   outer loop
     vertex  1.267263e-02 -2.155500e-02  1.000000e-03
     vertex -2.249719e-02 -2.933465e-02  1.000000e-03
     vertex -2.247700e-02 -2.950240e-02  1.000000e-03
   endloop
 endfacet
 facet normal  0.000000e+00  0.000000e+00  1.000000e+00
   outer loop
     vertex  1.267263e-02 -2.155500e-02  1.000000e-03
     vertex -2.247700e-02 -2.950240e-02  1.000000e-03
     vertex  1.272493e-02 -2.171335e-02  1.000000e-03
   endloop
 endfacet
 facet normal  0.000000e+00  0.000000e+00  1.000000e+00
   outer loop
     vertex  9.514080e-03 -5.052152e-02  1.000000e-03
     vertex  1.254136e-03 -5.673456e-02  1.000000e-03
     vertex  9.429295e-03 -5.066225e-02  1.000000e-03
   endloop
 endfacet
 facet normal  0.000000e+00  0.000000e+00  1.000000e+00
   outer loop
     vertex  1.262095e-02 -2.139660e-02  1.000000e-03
     vertex -2.251701e-02 -2.916654e-02  1.000000e-03
     vertex  1.267263e-02 -2.155500e-02  1.000000e-03
   endloop
 endfacet
 facet normal  0.000000e+00  0.000000e+00  1.000000e+00
   outer loop
     vertex  9.514080e-03 -5.052152e-02  1.000000e-03
     vertex  9.068070e-04 -5.682104e-02  1.000000e-03
     vertex  1.080888e-03 -5.677873e-02  1.000000e-03
   endloop
 endfacet
 facet normal  0.000000e+00  0.000000e+00  1.000000e+00
   outer loop
     vertex  9.514080e-03 -5.052152e-02  1.000000e-03
     vertex  1.080888e-03 -5.677873e-02  1.000000e-03
     vertex  1.254136e-03 -5.673456e-02  1.000000e-03
   endloop
 endfacet
 facet normal  0.000000e+00  0.000000e+00  1.000000e+00
   outer loop
     vertex  1.262095e-02 -2.139660e-02  1.000000e-03
     vertex -2.255550e-02 -2.882922e-02  1.000000e-03
     vertex -2.253645e-02 -2.899807e-02  1.000000e-03
   endloop
 endfacet
 facet normal  0.000000e+00  0.000000e+00  1.000000e+00
   outer loop
     vertex  1.262095e-02 -2.139660e-02  1.000000e-03
     vertex -2.253645e-02 -2.899807e-02  1.000000e-03
     vertex -2.251701e-02 -2.916654e-02  1.000000e-03
   endloop
 endfacet
 facet normal  0.000000e+00  0.000000e+00  1.000000e+00
   outer loop
     vertex  1.256997e-02 -2.123812e-02  1.000000e-03
     vertex -2.255550e-02 -2.882922e-02  1.000000e-03
     vertex  1.262095e-02 -2.139660e-02  1.000000e-03
   endloop
 endfacet
 facet normal  0.000000e+00  0.000000e+00  1.000000e+00
   outer loop
     vertex  1.256997e-02 -2.123812e-02  1.000000e-03
     vertex -2.259246e-02 -2.849042e-02  1.000000e-03
     vertex -2.257418e-02 -2.866001e-02  1.000000e-03
   endloop
 endfacet
 facet normal  0.000000e+00  0.000000e+00  1.000000e+00
   outer loop
     vertex  1.256997e-02 -2.123812e-02  1.000000e-03
     vertex -2.257418e-02 -2.866001e-02  1.000000e-03
     vertex -2.255550e-02 -2.882922e-02  1.000000e-03
   endloop
 endfacet
 facet normal  0.000000e+00  0.000000e+00  1.000000e+00
   outer loop
     vertex  9.597839e-03 -5.037965e-02  1.000000e-03
     vertex  7.319350e-04 -5.686147e-02  1.000000e-03
     vertex  9.068070e-04 -5.682104e-02  1.000000e-03
   endloop
 endfacet
 facet normal  0.000000e+00  0.000000e+00  1.000000e+00
   outer loop
     vertex  9.597839e-03 -5.037965e-02  1.000000e-03
     vertex  9.068070e-04 -5.682104e-02  1.000000e-03
     vertex  9.514080e-03 -5.052152e-02  1.000000e-03
   endloop
 endfacet
 facet normal  0.000000e+00  0.000000e+00  1.000000e+00
   outer loop
     vertex  1.251978e-02 -2.107955e-02  1.000000e-03
     vertex -2.262787e-02 -2.815009e-02  1.000000e-03
     vertex -2.261036e-02 -2.832045e-02  1.000000e-03
   endloop
 endfacet
 facet normal  0.000000e+00  0.000000e+00  1.000000e+00
   outer loop
     vertex  1.251978e-02 -2.107955e-02  1.000000e-03
     vertex -2.261036e-02 -2.832045e-02  1.000000e-03
     vertex -2.259246e-02 -2.849042e-02  1.000000e-03
   endloop
 endfacet
 facet normal  0.000000e+00  0.000000e+00  1.000000e+00
   outer loop
     vertex  1.251978e-02 -2.107955e-02  1.000000e-03
     vertex -2.259246e-02 -2.849042e-02  1.000000e-03
     vertex  1.256997e-02 -2.123812e-02  1.000000e-03
   endloop
 endfacet
 facet normal  0.000000e+00  0.000000e+00  1.000000e+00
   outer loop
     vertex  1.247043e-02 -2.092085e-02  1.000000e-03
     vertex -2.266170e-02 -2.780822e-02  1.000000e-03
     vertex -2.264498e-02 -2.797935e-02  1.000000e-03
   endloop
 endfacet
 facet normal  0.000000e+00  0.000000e+00  1.000000e+00
   outer loop
     vertex  1.247043e-02 -2.092085e-02  1.000000e-03
     vertex -2.264498e-02 -2.797935e-02  1.000000e-03
     vertex -2.262787e-02 -2.815009e-02  1.000000e-03
   endloop
 endfacet
 facet normal  0.000000e+00  0.000000e+00  1.000000e+00
   outer loop
     vertex  1.247043e-02 -2.092085e-02  1.000000e-03
     vertex -2.262787e-02 -2.815009e-02  1.000000e-03
     vertex  1.251978e-02 -2.107955e-02  1.000000e-03
   endloop
 endfacet
 facet normal  0.000000e+00  0.000000e+00  1.000000e+00
   outer loop
     vertex  9.680603e-03 -5.023666e-02  1.000000e-03
     vertex  7.319350e-04 -5.686147e-02  1.000000e-03
     vertex  9.597839e-03 -5.037965e-02  1.000000e-03
   endloop
 endfacet
 facet normal  0.000000e+00  0.000000e+00  1.000000e+00
   outer loop
     vertex  9.680603e-03 -5.023666e-02  1.000000e-03
     vertex  3.799820e-04 -5.693669e-02  1.000000e-03
     vertex  5.563130e-04 -5.690003e-02  1.000000e-03
   endloop
 endfacet
 facet normal  0.000000e+00  0.000000e+00  1.000000e+00
   outer loop
     vertex  9.680603e-03 -5.023666e-02  1.000000e-03
     vertex  5.563130e-04 -5.690003e-02  1.000000e-03
     vertex  7.319350e-04 -5.686147e-02  1.000000e-03
   endloop
 endfacet
 facet normal  0.000000e+00  0.000000e+00  1.000000e+00
   outer loop
     vertex  9.762399e-03 -5.009256e-02  1.000000e-03
     vertex  3.799820e-04 -5.693669e-02  1.000000e-03
     vertex  9.680603e-03 -5.023666e-02  1.000000e-03
   endloop
 endfacet
 facet normal  0.000000e+00  0.000000e+00  1.000000e+00
   outer loop
     vertex  1.242201e-02 -2.076203e-02  1.000000e-03
     vertex -2.269393e-02 -2.746476e-02  1.000000e-03
     vertex -2.267801e-02 -2.763669e-02  1.000000e-03
   endloop
 endfacet
 facet normal  0.000000e+00  0.000000e+00  1.000000e+00
   outer loop
     vertex  1.242201e-02 -2.076203e-02  1.000000e-03
     vertex -2.267801e-02 -2.763669e-02  1.000000e-03
     vertex -2.266170e-02 -2.780822e-02  1.000000e-03
   endloop
 endfacet
 facet normal  0.000000e+00  0.000000e+00  1.000000e+00
   outer loop
     vertex  1.242201e-02 -2.076203e-02  1.000000e-03
     vertex -2.266170e-02 -2.780822e-02  1.000000e-03
     vertex  1.247043e-02 -2.092085e-02  1.000000e-03
   endloop
 endfacet
 facet normal  0.000000e+00  0.000000e+00  1.000000e+00
   outer loop
     vertex  1.237458e-02 -2.060304e-02  1.000000e-03
     vertex -2.272454e-02 -2.711970e-02  1.000000e-03
     vertex -2.270944e-02 -2.729243e-02  1.000000e-03
   endloop
 endfacet
 facet normal  0.000000e+00  0.000000e+00  1.000000e+00
   outer loop
     vertex  1.237458e-02 -2.060304e-02  1.000000e-03
     vertex -2.270944e-02 -2.729243e-02  1.000000e-03
     vertex -2.269393e-02 -2.746476e-02  1.000000e-03
   endloop
 endfacet
 facet normal  0.000000e+00  0.000000e+00  1.000000e+00
   outer loop
     vertex  1.237458e-02 -2.060304e-02  1.000000e-03
     vertex -2.269393e-02 -2.746476e-02  1.000000e-03
     vertex  1.242201e-02 -2.076203e-02  1.000000e-03
   endloop
 endfacet
 facet normal  0.000000e+00  0.000000e+00  1.000000e+00
   outer loop
     vertex  9.762399e-03 -5.009256e-02  1.000000e-03
     vertex  2.536600e-05 -5.700433e-02  1.000000e-03
     vertex  2.029860e-04 -5.697147e-02  1.000000e-03
   endloop
 endfacet
 facet normal  0.000000e+00  0.000000e+00  1.000000e+00
   outer loop
     vertex  9.762399e-03 -5.009256e-02  1.000000e-03
     vertex  2.029860e-04 -5.697147e-02  1.000000e-03
     vertex  3.799820e-04 -5.693669e-02  1.000000e-03
   endloop
 endfacet
 facet normal  0.000000e+00  0.000000e+00  1.000000e+00
   outer loop
     vertex  1.232823e-02 -2.044387e-02  1.000000e-03
     vertex -2.272454e-02 -2.711970e-02  1.000000e-03
     vertex  1.237458e-02 -2.060304e-02  1.000000e-03
   endloop
 endfacet
 facet normal  0.000000e+00  0.000000e+00  1.000000e+00
   outer loop
     vertex  1.232823e-02 -2.044387e-02  1.000000e-03
     vertex -2.276735e-02 -2.659905e-02  1.000000e-03
     vertex -2.275349e-02 -2.677301e-02  1.000000e-03
   endloop
 endfacet
 facet normal  0.000000e+00  0.000000e+00  1.000000e+00
   outer loop
     vertex  1.232823e-02 -2.044387e-02  1.000000e-03
     vertex -2.275349e-02 -2.677301e-02  1.000000e-03
     vertex -2.273922e-02 -2.694656e-02  1.000000e-03
   endloop
 endfacet
 facet normal  0.000000e+00  0.000000e+00  1.000000e+00
   outer loop
     vertex  1.232823e-02 -2.044387e-02  1.000000e-03
     vertex -2.273922e-02 -2.694656e-02  1.000000e-03
     vertex -2.272454e-02 -2.711970e-02  1.000000e-03
   endloop
 endfacet
 facet normal  0.000000e+00  0.000000e+00  1.000000e+00
   outer loop
     vertex  1.228302e-02 -2.028449e-02  1.000000e-03
     vertex -2.276735e-02 -2.659905e-02  1.000000e-03
     vertex  1.232823e-02 -2.044387e-02  1.000000e-03
   endloop
 endfacet
 facet normal  0.000000e+00  0.000000e+00  1.000000e+00
   outer loop
     vertex  9.843257e-03 -4.994737e-02  1.000000e-03
     vertex  2.536600e-05 -5.700433e-02  1.000000e-03
     vertex  9.762399e-03 -5.009256e-02  1.000000e-03
   endloop
 endfacet
 facet normal  0.000000e+00  0.000000e+00  1.000000e+00
   outer loop
     vertex  9.843257e-03 -4.994737e-02  1.000000e-03
     vertex -3.315690e-04 -5.706433e-02  1.000000e-03
     vertex -1.528330e-04 -5.703529e-02  1.000000e-03
   endloop
 endfacet
 facet normal  0.000000e+00  0.000000e+00  1.000000e+00
   outer loop
     vertex  9.843257e-03 -4.994737e-02  1.000000e-03
     vertex -1.528330e-04 -5.703529e-02  1.000000e-03
     vertex  2.536600e-05 -5.700433e-02  1.000000e-03
   endloop
 endfacet
 facet normal  0.000000e+00  0.000000e+00  1.000000e+00
   outer loop
     vertex  1.228302e-02 -2.028449e-02  1.000000e-03
     vertex -2.279378e-02 -2.624988e-02  1.000000e-03
     vertex -2.278078e-02 -2.642467e-02  1.000000e-03
   endloop
 endfacet
 facet normal  0.000000e+00  0.000000e+00  1.000000e+00
   outer loop
     vertex  1.228302e-02 -2.028449e-02  1.000000e-03
     vertex -2.278078e-02 -2.642467e-02  1.000000e-03
     vertex -2.276735e-02 -2.659905e-02  1.000000e-03
   endloop
 endfacet
 facet normal  0.000000e+00  0.000000e+00  1.000000e+00
   outer loop
     vertex  9.923203e-03 -4.980108e-02  1.000000e-03
     vertex -3.315690e-04 -5.706433e-02  1.000000e-03
     vertex  9.843257e-03 -4.994737e-02  1.000000e-03
   endloop
 endfacet
 facet normal  0.000000e+00  0.000000e+00  1.000000e+00
   outer loop
     vertex  1.223902e-02 -2.012489e-02  1.000000e-03
     vertex -2.281850e-02 -2.589905e-02  1.000000e-03
     vertex -2.280636e-02 -2.607467e-02  1.000000e-03
   endloop
 endfacet
 facet normal  0.000000e+00  0.000000e+00  1.000000e+00
   outer loop
     vertex  1.223902e-02 -2.012489e-02  1.000000e-03
     vertex -2.280636e-02 -2.607467e-02  1.000000e-03
     vertex -2.279378e-02 -2.624988e-02  1.000000e-03
   endloop
 endfacet
 facet normal  0.000000e+00  0.000000e+00  1.000000e+00
   outer loop
     vertex  1.223902e-02 -2.012489e-02  1.000000e-03
     vertex -2.279378e-02 -2.624988e-02  1.000000e-03
     vertex  1.228302e-02 -2.028449e-02  1.000000e-03
   endloop
 endfacet
 facet normal  0.000000e+00  0.000000e+00  1.000000e+00
   outer loop
     vertex  9.923203e-03 -4.980108e-02  1.000000e-03
     vertex -6.904790e-04 -5.711663e-02  1.000000e-03
     vertex -5.107990e-04 -5.709145e-02  1.000000e-03
   endloop
 endfacet
 facet normal  0.000000e+00  0.000000e+00  1.000000e+00
   outer loop
     vertex  9.923203e-03 -4.980108e-02  1.000000e-03
     vertex -5.107990e-04 -5.709145e-02  1.000000e-03
     vertex -3.315690e-04 -5.706433e-02  1.000000e-03
   endloop
 endfacet
 facet normal  0.000000e+00  0.000000e+00  1.000000e+00
   outer loop
     vertex  1.219631e-02 -1.996505e-02  1.000000e-03
     vertex -2.285231e-02 -2.536964e-02  1.000000e-03
     vertex -2.284148e-02 -2.554653e-02  1.000000e-03
   endloop
 endfacet
 facet normal  0.000000e+00  0.000000e+00  1.000000e+00
   outer loop
     vertex  1.219631e-02 -1.996505e-02  1.000000e-03
     vertex -2.284148e-02 -2.554653e-02  1.000000e-03
     vertex -2.283021e-02 -2.572300e-02  1.000000e-03
   endloop
 endfacet
 facet normal  0.000000e+00  0.000000e+00  1.000000e+00
   outer loop
     vertex  1.219631e-02 -1.996505e-02  1.000000e-03
     vertex -2.283021e-02 -2.572300e-02  1.000000e-03
     vertex -2.281850e-02 -2.589905e-02  1.000000e-03
   endloop
 endfacet
 facet normal  0.000000e+00  0.000000e+00  1.000000e+00
   outer loop
     vertex  1.219631e-02 -1.996505e-02  1.000000e-03
     vertex -2.281850e-02 -2.589905e-02  1.000000e-03
     vertex  1.223902e-02 -2.012489e-02  1.000000e-03
   endloop
 endfacet
 facet normal  0.000000e+00  0.000000e+00  1.000000e+00
   outer loop
     vertex  1.000227e-02 -4.965373e-02  1.000000e-03
     vertex -6.904790e-04 -5.711663e-02  1.000000e-03
     vertex  9.923203e-03 -4.980108e-02  1.000000e-03
   endloop
 endfacet
 facet normal  0.000000e+00  0.000000e+00  1.000000e+00
   outer loop
     vertex  1.215495e-02 -1.980493e-02  1.000000e-03
     vertex -2.287261e-02 -2.501459e-02  1.000000e-03
     vertex -2.286268e-02 -2.519233e-02  1.000000e-03
   endloop
 endfacet
 facet normal  0.000000e+00  0.000000e+00  1.000000e+00
   outer loop
     vertex  1.215495e-02 -1.980493e-02  1.000000e-03
     vertex -2.286268e-02 -2.519233e-02  1.000000e-03
     vertex -2.285231e-02 -2.536964e-02  1.000000e-03
   endloop
 endfacet
 facet normal  0.000000e+00  0.000000e+00  1.000000e+00
   outer loop
     vertex  1.215495e-02 -1.980493e-02  1.000000e-03
     vertex -2.285231e-02 -2.536964e-02  1.000000e-03
     vertex  1.219631e-02 -1.996505e-02  1.000000e-03
   endloop
 endfacet
 facet normal  0.000000e+00  0.000000e+00  1.000000e+00
   outer loop
     vertex  1.000227e-02 -4.965373e-02  1.000000e-03
     vertex -1.231782e-03 -5.718054e-02  1.000000e-03
     vertex -1.051014e-03 -5.716118e-02  1.000000e-03
   endloop
 endfacet
 facet normal  0.000000e+00  0.000000e+00  1.000000e+00
   outer loop
     vertex  1.000227e-02 -4.965373e-02  1.000000e-03
     vertex -1.051014e-03 -5.716118e-02  1.000000e-03
     vertex -8.705650e-04 -5.713988e-02  1.000000e-03
   endloop
 endfacet
 facet normal  0.000000e+00  0.000000e+00  1.000000e+00
   outer loop
     vertex  1.000227e-02 -4.965373e-02  1.000000e-03
     vertex -8.705650e-04 -5.713988e-02  1.000000e-03
     vertex -6.904790e-04 -5.711663e-02  1.000000e-03
   endloop
 endfacet
 facet normal  0.000000e+00  0.000000e+00  1.000000e+00
   outer loop
     vertex  1.211502e-02 -1.964452e-02  1.000000e-03
     vertex -2.289964e-02 -2.447885e-02  1.000000e-03
     vertex -2.289109e-02 -2.465785e-02  1.000000e-03
   endloop
 endfacet
 facet normal  0.000000e+00  0.000000e+00  1.000000e+00
   outer loop
     vertex  1.211502e-02 -1.964452e-02  1.000000e-03
     vertex -2.289109e-02 -2.465785e-02  1.000000e-03
     vertex -2.288208e-02 -2.483643e-02  1.000000e-03
   endloop
 endfacet
 facet normal  0.000000e+00  0.000000e+00  1.000000e+00
   outer loop
     vertex  1.211502e-02 -1.964452e-02  1.000000e-03
     vertex -2.288208e-02 -2.483643e-02  1.000000e-03
     vertex -2.287261e-02 -2.501459e-02  1.000000e-03
   endloop
 endfacet
 facet normal  0.000000e+00  0.000000e+00  1.000000e+00
   outer loop
     vertex  1.211502e-02 -1.964452e-02  1.000000e-03
     vertex -2.287261e-02 -2.501459e-02  1.000000e-03
     vertex  1.215495e-02 -1.980493e-02  1.000000e-03
   endloop
 endfacet
 facet normal  0.000000e+00  0.000000e+00  1.000000e+00
   outer loop
     vertex  1.207658e-02 -1.948380e-02  1.000000e-03
     vertex -2.291533e-02 -2.411958e-02  1.000000e-03
     vertex -2.290772e-02 -2.429942e-02  1.000000e-03
   endloop
 endfacet
 facet normal  0.000000e+00  0.000000e+00  1.000000e+00
   outer loop
     vertex  1.207658e-02 -1.948380e-02  1.000000e-03
     vertex -2.290772e-02 -2.429942e-02  1.000000e-03
     vertex -2.289964e-02 -2.447885e-02  1.000000e-03
   endloop
 endfacet
 facet normal  0.000000e+00  0.000000e+00  1.000000e+00
   outer loop
     vertex  1.207658e-02 -1.948380e-02  1.000000e-03
     vertex -2.289964e-02 -2.447885e-02  1.000000e-03
     vertex  1.211502e-02 -1.964452e-02  1.000000e-03
   endloop
 endfacet
 facet normal  0.000000e+00  0.000000e+00  1.000000e+00
   outer loop
     vertex  1.008048e-02 -4.950531e-02  1.000000e-03
     vertex -1.594102e-03 -5.721338e-02  1.000000e-03
     vertex -1.412825e-03 -5.719794e-02  1.000000e-03
   endloop
 endfacet
 facet normal  0.000000e+00  0.000000e+00  1.000000e+00
   outer loop
     vertex  1.008048e-02 -4.950531e-02  1.000000e-03
     vertex -1.412825e-03 -5.719794e-02  1.000000e-03
     vertex -1.231782e-03 -5.718054e-02  1.000000e-03
   endloop
 endfacet
 facet normal  0.000000e+00  0.000000e+00  1.000000e+00
   outer loop
     vertex  1.008048e-02 -4.950531e-02  1.000000e-03
     vertex -1.231782e-03 -5.718054e-02  1.000000e-03
     vertex  1.000227e-02 -4.965373e-02  1.000000e-03
   endloop
 endfacet
 facet normal  0.000000e+00  0.000000e+00  1.000000e+00
   outer loop
     vertex  1.203969e-02 -1.932275e-02  1.000000e-03
     vertex -2.293528e-02 -2.357753e-02  1.000000e-03
     vertex -2.292911e-02 -2.375863e-02  1.000000e-03
   endloop
 endfacet
 facet normal  0.000000e+00  0.000000e+00  1.000000e+00
   outer loop
     vertex  1.015786e-02 -4.935584e-02  1.000000e-03
     vertex -1.594102e-03 -5.721338e-02  1.000000e-03
     vertex  1.008048e-02 -4.950531e-02  1.000000e-03
   endloop
 endfacet
 facet normal  0.000000e+00  0.000000e+00  1.000000e+00
   outer loop
     vertex  1.203969e-02 -1.932275e-02  1.000000e-03
     vertex -2.292911e-02 -2.375863e-02  1.000000e-03
     vertex -2.292246e-02 -2.393931e-02  1.000000e-03
   endloop
 endfacet
 facet normal  0.000000e+00  0.000000e+00  1.000000e+00
   outer loop
     vertex  1.203969e-02 -1.932275e-02  1.000000e-03
     vertex -2.291533e-02 -2.411958e-02  1.000000e-03
     vertex  1.207658e-02 -1.948380e-02  1.000000e-03
   endloop
 endfacet
 facet normal  0.000000e+00  0.000000e+00  1.000000e+00
   outer loop
     vertex  1.203969e-02 -1.932275e-02  1.000000e-03
     vertex -2.292246e-02 -2.393931e-02  1.000000e-03
     vertex -2.291533e-02 -2.411958e-02  1.000000e-03
   endloop
 endfacet
 facet normal  0.000000e+00  0.000000e+00  1.000000e+00
   outer loop
     vertex  1.015786e-02 -4.935584e-02  1.000000e-03
     vertex -2.138892e-03 -5.724793e-02  1.000000e-03
     vertex -1.957178e-03 -5.723838e-02  1.000000e-03
   endloop
 endfacet
 facet normal  0.000000e+00  0.000000e+00  1.000000e+00
   outer loop
     vertex  1.015786e-02 -4.935584e-02  1.000000e-03
     vertex -1.957178e-03 -5.723838e-02  1.000000e-03
     vertex -1.775567e-03 -5.722687e-02  1.000000e-03
   endloop
 endfacet
 facet normal  0.000000e+00  0.000000e+00  1.000000e+00
   outer loop
     vertex  1.015786e-02 -4.935584e-02  1.000000e-03
     vertex -1.775567e-03 -5.722687e-02  1.000000e-03
     vertex -1.594102e-03 -5.721338e-02  1.000000e-03
   endloop
 endfacet
 facet normal  0.000000e+00  0.000000e+00  1.000000e+00
   outer loop
     vertex  1.200442e-02 -1.916134e-02  1.000000e-03
     vertex -2.295084e-02 -2.303176e-02  1.000000e-03
     vertex -2.294615e-02 -2.321410e-02  1.000000e-03
   endloop
 endfacet
 facet normal  0.000000e+00  0.000000e+00  1.000000e+00
   outer loop
     vertex  1.200442e-02 -1.916134e-02  1.000000e-03
     vertex -2.294615e-02 -2.321410e-02  1.000000e-03
     vertex -2.294096e-02 -2.339602e-02  1.000000e-03
   endloop
 endfacet
 facet normal  0.000000e+00  0.000000e+00  1.000000e+00
   outer loop
     vertex  1.200442e-02 -1.916134e-02  1.000000e-03
     vertex -2.294096e-02 -2.339602e-02  1.000000e-03
     vertex -2.293528e-02 -2.357753e-02  1.000000e-03
   endloop
 endfacet
 facet normal  0.000000e+00  0.000000e+00  1.000000e+00
   outer loop
     vertex  1.200442e-02 -1.916134e-02  1.000000e-03
     vertex -2.293528e-02 -2.357753e-02  1.000000e-03
     vertex  1.203969e-02 -1.932275e-02  1.000000e-03
   endloop
 endfacet
 facet normal  0.000000e+00  0.000000e+00  1.000000e+00
   outer loop
     vertex  1.197085e-02 -1.899955e-02  1.000000e-03
     vertex -2.295871e-02 -2.266588e-02  1.000000e-03
     vertex -2.295503e-02 -2.284903e-02  1.000000e-03
   endloop
 endfacet
 facet normal  0.000000e+00  0.000000e+00  1.000000e+00
   outer loop
     vertex  1.197085e-02 -1.899955e-02  1.000000e-03
     vertex -2.295503e-02 -2.284903e-02  1.000000e-03
     vertex -2.295084e-02 -2.303176e-02  1.000000e-03
   endloop
 endfacet
 facet normal  0.000000e+00  0.000000e+00  1.000000e+00
   outer loop
     vertex  1.197085e-02 -1.899955e-02  1.000000e-03
     vertex -2.295084e-02 -2.303176e-02  1.000000e-03
     vertex  1.200442e-02 -1.916134e-02  1.000000e-03
   endloop
 endfacet
 facet normal  0.000000e+00  0.000000e+00  1.000000e+00
   outer loop
     vertex  1.023444e-02 -4.920534e-02  1.000000e-03
     vertex -2.138892e-03 -5.724793e-02  1.000000e-03
     vertex  1.015786e-02 -4.935584e-02  1.000000e-03
   endloop
 endfacet
 facet normal  0.000000e+00  0.000000e+00  1.000000e+00
   outer loop
     vertex  1.023444e-02 -4.920534e-02  1.000000e-03
     vertex -2.684229e-03 -5.726472e-02  1.000000e-03
     vertex -2.502460e-03 -5.726110e-02  1.000000e-03
   endloop
 endfacet
 facet normal  0.000000e+00  0.000000e+00  1.000000e+00
   outer loop
     vertex  1.023444e-02 -4.920534e-02  1.000000e-03
     vertex -2.502460e-03 -5.726110e-02  1.000000e-03
     vertex -2.320666e-03 -5.725550e-02  1.000000e-03
   endloop
 endfacet
 facet normal  0.000000e+00  0.000000e+00  1.000000e+00
   outer loop
     vertex  1.023444e-02 -4.920534e-02  1.000000e-03
     vertex -2.320666e-03 -5.725550e-02  1.000000e-03
     vertex -2.138892e-03 -5.724793e-02  1.000000e-03
   endloop
 endfacet
 facet normal  0.000000e+00  0.000000e+00  1.000000e+00
   outer loop
     vertex  1.193901e-02 -1.883737e-02  1.000000e-03
     vertex -2.296668e-02 -2.211407e-02  1.000000e-03
     vertex -2.296454e-02 -2.229840e-02  1.000000e-03
   endloop
 endfacet
 facet normal  0.000000e+00  0.000000e+00  1.000000e+00
   outer loop
     vertex  1.193901e-02 -1.883737e-02  1.000000e-03
     vertex -2.296454e-02 -2.229840e-02  1.000000e-03
     vertex -2.296189e-02 -2.248234e-02  1.000000e-03
   endloop
 endfacet
 facet normal  0.000000e+00  0.000000e+00  1.000000e+00
   outer loop
     vertex  1.193901e-02 -1.883737e-02  1.000000e-03
     vertex -2.296189e-02 -2.248234e-02  1.000000e-03
     vertex -2.295871e-02 -2.266588e-02  1.000000e-03
   endloop
 endfacet
 facet normal  0.000000e+00  0.000000e+00  1.000000e+00
   outer loop
     vertex  1.193901e-02 -1.883737e-02  1.000000e-03
     vertex -2.295871e-02 -2.266588e-02  1.000000e-03
     vertex  1.197085e-02 -1.899955e-02  1.000000e-03
   endloop
 endfacet
 facet normal  0.000000e+00  0.000000e+00  1.000000e+00
   outer loop
     vertex  1.190899e-02 -1.867478e-02  1.000000e-03
     vertex -2.296993e-02 -2.155875e-02  1.000000e-03
     vertex -2.296938e-02 -2.174424e-02  1.000000e-03
   endloop
 endfacet
 facet normal  0.000000e+00  0.000000e+00  1.000000e+00
   outer loop
     vertex  1.190899e-02 -1.867478e-02  1.000000e-03
     vertex -2.296938e-02 -2.174424e-02  1.000000e-03
     vertex -2.296830e-02 -2.192935e-02  1.000000e-03
   endloop
 endfacet
 facet normal  0.000000e+00  0.000000e+00  1.000000e+00
   outer loop
     vertex  1.190899e-02 -1.867478e-02  1.000000e-03
     vertex -2.296830e-02 -2.192935e-02  1.000000e-03
     vertex -2.296668e-02 -2.211407e-02  1.000000e-03
   endloop
 endfacet
 facet normal  0.000000e+00  0.000000e+00  1.000000e+00
   outer loop
     vertex  1.190899e-02 -1.867478e-02  1.000000e-03
     vertex -2.296668e-02 -2.211407e-02  1.000000e-03
     vertex  1.193901e-02 -1.883737e-02  1.000000e-03
   endloop
 endfacet
 facet normal  0.000000e+00  0.000000e+00  1.000000e+00
   outer loop
     vertex  1.031025e-02 -4.905382e-02  1.000000e-03
     vertex -2.684229e-03 -5.726472e-02  1.000000e-03
     vertex  1.023444e-02 -4.920534e-02  1.000000e-03
   endloop
 endfacet
 facet normal  0.000000e+00  0.000000e+00  1.000000e+00
   outer loop
     vertex  1.031025e-02 -4.905382e-02  1.000000e-03
     vertex -3.410254e-03 -5.725937e-02  1.000000e-03
     vertex -3.228986e-03 -5.726368e-02  1.000000e-03
   endloop
 endfacet
 facet normal  0.000000e+00  0.000000e+00  1.000000e+00
   outer loop
     vertex  1.031025e-02 -4.905382e-02  1.000000e-03
     vertex -3.228986e-03 -5.726368e-02  1.000000e-03
     vertex -3.047533e-03 -5.726601e-02  1.000000e-03
   endloop
 endfacet
 facet normal  0.000000e+00  0.000000e+00  1.000000e+00
   outer loop
     vertex  1.031025e-02 -4.905382e-02  1.000000e-03
     vertex -3.047533e-03 -5.726601e-02  1.000000e-03
     vertex -2.865934e-03 -5.726635e-02  1.000000e-03
   endloop
 endfacet
 facet normal  0.000000e+00  0.000000e+00  1.000000e+00
   outer loop
     vertex  1.031025e-02 -4.905382e-02  1.000000e-03
     vertex -2.865934e-03 -5.726635e-02  1.000000e-03
     vertex -2.684229e-03 -5.726472e-02  1.000000e-03
   endloop
 endfacet
 facet normal  0.000000e+00  0.000000e+00  1.000000e+00
   outer loop
     vertex  1.188082e-02 -1.851174e-02  1.000000e-03
     vertex -2.296942e-02 -2.118665e-02  1.000000e-03
     vertex -2.296995e-02 -2.137289e-02  1.000000e-03
   endloop
 endfacet
 facet normal  0.000000e+00  0.000000e+00  1.000000e+00
   outer loop
     vertex  1.188082e-02 -1.851174e-02  1.000000e-03
     vertex -2.296995e-02 -2.137289e-02  1.000000e-03
     vertex -2.296993e-02 -2.155875e-02  1.000000e-03
   endloop
 endfacet
 facet normal  0.000000e+00  0.000000e+00  1.000000e+00
   outer loop
     vertex  1.188082e-02 -1.851174e-02  1.000000e-03
     vertex -2.296993e-02 -2.155875e-02  1.000000e-03
     vertex  1.190899e-02 -1.867478e-02  1.000000e-03
   endloop
 endfacet
 facet normal  0.000000e+00  0.000000e+00  1.000000e+00
   outer loop
     vertex  1.038532e-02 -4.890128e-02  1.000000e-03
     vertex -3.410254e-03 -5.725937e-02  1.000000e-03
     vertex  1.031025e-02 -4.905382e-02  1.000000e-03
   endloop
 endfacet
 facet normal  0.000000e+00  0.000000e+00  1.000000e+00
   outer loop
     vertex  1.185458e-02 -1.834825e-02  1.000000e-03
     vertex -2.296942e-02 -2.118665e-02  1.000000e-03
     vertex  1.188082e-02 -1.851174e-02  1.000000e-03
   endloop
 endfacet
 facet normal  0.000000e+00  0.000000e+00  1.000000e+00
   outer loop
     vertex  1.185458e-02 -1.834825e-02  1.000000e-03
     vertex -2.296455e-02 -2.062576e-02  1.000000e-03
     vertex -2.296673e-02 -2.081308e-02  1.000000e-03
   endloop
 endfacet
 facet normal  0.000000e+00  0.000000e+00  1.000000e+00
   outer loop
     vertex  1.185458e-02 -1.834825e-02  1.000000e-03
     vertex -2.296673e-02 -2.081308e-02  1.000000e-03
     vertex -2.296835e-02 -2.100005e-02  1.000000e-03
   endloop
 endfacet
 facet normal  0.000000e+00  0.000000e+00  1.000000e+00
   outer loop
     vertex  1.185458e-02 -1.834825e-02  1.000000e-03
     vertex -2.296835e-02 -2.100005e-02  1.000000e-03
     vertex -2.296942e-02 -2.118665e-02  1.000000e-03
   endloop
 endfacet
 facet normal  0.000000e+00  0.000000e+00  1.000000e+00
   outer loop
     vertex  1.038532e-02 -4.890128e-02  1.000000e-03
     vertex -4.132691e-03 -5.722230e-02  1.000000e-03
     vertex -3.952552e-03 -5.723454e-02  1.000000e-03
   endloop
 endfacet
 facet normal  0.000000e+00  0.000000e+00  1.000000e+00
   outer loop
     vertex  1.038532e-02 -4.890128e-02  1.000000e-03
     vertex -3.952552e-03 -5.723454e-02  1.000000e-03
     vertex -3.772075e-03 -5.724480e-02  1.000000e-03
   endloop
 endfacet
 facet normal  0.000000e+00  0.000000e+00  1.000000e+00
   outer loop
     vertex  1.038532e-02 -4.890128e-02  1.000000e-03
     vertex -3.772075e-03 -5.724480e-02  1.000000e-03
     vertex -3.591296e-03 -5.725308e-02  1.000000e-03
   endloop
 endfacet
 facet normal  0.000000e+00  0.000000e+00  1.000000e+00
   outer loop
     vertex  1.038532e-02 -4.890128e-02  1.000000e-03
     vertex -3.591296e-03 -5.725308e-02  1.000000e-03
     vertex -3.410254e-03 -5.725937e-02  1.000000e-03
   endloop
 endfacet
 facet normal  0.000000e+00  0.000000e+00  1.000000e+00
   outer loop
     vertex  1.183030e-02 -1.818428e-02  1.000000e-03
     vertex -2.295464e-02 -2.006170e-02  1.000000e-03
     vertex -2.295851e-02 -2.025006e-02  1.000000e-03
   endloop
 endfacet
 facet normal  0.000000e+00  0.000000e+00  1.000000e+00
   outer loop
     vertex  1.183030e-02 -1.818428e-02  1.000000e-03
     vertex -2.295851e-02 -2.025006e-02  1.000000e-03
     vertex -2.296181e-02 -2.043808e-02  1.000000e-03
   endloop
 endfacet
 facet normal  0.000000e+00  0.000000e+00  1.000000e+00
   outer loop
     vertex  1.183030e-02 -1.818428e-02  1.000000e-03
     vertex -2.296181e-02 -2.043808e-02  1.000000e-03
     vertex -2.296455e-02 -2.062576e-02  1.000000e-03
   endloop
 endfacet
 facet normal  0.000000e+00  0.000000e+00  1.000000e+00
   outer loop
     vertex  1.183030e-02 -1.818428e-02  1.000000e-03
     vertex -2.296455e-02 -2.062576e-02  1.000000e-03
     vertex  1.185458e-02 -1.834825e-02  1.000000e-03
   endloop
 endfacet
 facet normal  0.000000e+00  0.000000e+00  1.000000e+00
   outer loop
     vertex  1.045966e-02 -4.874775e-02  1.000000e-03
     vertex -1.351732e-02 -5.304992e-02  1.000000e-03
     vertex -5.027072e-03 -5.713144e-02  1.000000e-03
   endloop
 endfacet
 facet normal  0.000000e+00  0.000000e+00  1.000000e+00
   outer loop
     vertex -1.521450e-02  8.975331e-03  1.000000e-03
     vertex -1.533143e-02  8.906419e-03  1.000000e-03
     vertex -1.544477e-02  8.832270e-03  1.000000e-03
   endloop
 endfacet
 facet normal  0.000000e+00  0.000000e+00  1.000000e+00
   outer loop
     vertex  1.045966e-02 -4.874775e-02  1.000000e-03
     vertex -1.363630e-02 -5.293415e-02  1.000000e-03
     vertex -1.351732e-02 -5.304992e-02  1.000000e-03
   endloop
 endfacet
 facet normal  0.000000e+00  0.000000e+00  1.000000e+00
   outer loop
     vertex  1.045966e-02 -4.874775e-02  1.000000e-03
     vertex -4.132691e-03 -5.722230e-02  1.000000e-03
     vertex  1.038532e-02 -4.890128e-02  1.000000e-03
   endloop
 endfacet
 facet normal  0.000000e+00  0.000000e+00  1.000000e+00
   outer loop
     vertex  1.045966e-02 -4.874775e-02  1.000000e-03
     vertex -5.027072e-03 -5.713144e-02  1.000000e-03
     vertex -4.849151e-03 -5.715355e-02  1.000000e-03
   endloop
 endfacet
 facet normal  0.000000e+00  0.000000e+00  1.000000e+00
   outer loop
     vertex  1.045966e-02 -4.874775e-02  1.000000e-03
     vertex -4.849151e-03 -5.715355e-02  1.000000e-03
     vertex -4.670719e-03 -5.717370e-02  1.000000e-03
   endloop
 endfacet
 facet normal  0.000000e+00  0.000000e+00  1.000000e+00
   outer loop
     vertex  1.045966e-02 -4.874775e-02  1.000000e-03
     vertex -4.670719e-03 -5.717370e-02  1.000000e-03
     vertex -4.491810e-03 -5.719188e-02  1.000000e-03
   endloop
 endfacet
 facet normal  0.000000e+00  0.000000e+00  1.000000e+00
   outer loop
     vertex  1.045966e-02 -4.874775e-02  1.000000e-03
     vertex -4.491810e-03 -5.719188e-02  1.000000e-03
     vertex -4.312455e-03 -5.720808e-02  1.000000e-03
   endloop
 endfacet
 facet normal  0.000000e+00  0.000000e+00  1.000000e+00
   outer loop
     vertex  1.045966e-02 -4.874775e-02  1.000000e-03
     vertex -4.312455e-03 -5.720808e-02  1.000000e-03
     vertex -4.132691e-03 -5.722230e-02  1.000000e-03
   endloop
 endfacet
 facet normal  0.000000e+00  0.000000e+00  1.000000e+00
   outer loop
     vertex  1.180806e-02 -1.801982e-02  1.000000e-03
     vertex -2.293959e-02 -1.949463e-02  1.000000e-03
     vertex -2.294519e-02 -1.968398e-02  1.000000e-03
   endloop
 endfacet
 facet normal  0.000000e+00  0.000000e+00  1.000000e+00
   outer loop
     vertex  1.180806e-02 -1.801982e-02  1.000000e-03
     vertex -2.294519e-02 -1.968398e-02  1.000000e-03
     vertex -2.295021e-02 -1.987300e-02  1.000000e-03
   endloop
 endfacet
 facet normal  0.000000e+00  0.000000e+00  1.000000e+00
   outer loop
     vertex  1.180806e-02 -1.801982e-02  1.000000e-03
     vertex -2.295021e-02 -1.987300e-02  1.000000e-03
     vertex -2.295464e-02 -2.006170e-02  1.000000e-03
   endloop
 endfacet
 facet normal  0.000000e+00  0.000000e+00  1.000000e+00
   outer loop
     vertex  1.180806e-02 -1.801982e-02  1.000000e-03
     vertex -2.295464e-02 -2.006170e-02  1.000000e-03
     vertex  1.183030e-02 -1.818428e-02  1.000000e-03
   endloop
 endfacet
 facet normal  0.000000e+00  0.000000e+00  1.000000e+00
   outer loop
     vertex  1.053331e-02 -4.859323e-02  1.000000e-03
     vertex -1.363630e-02 -5.293415e-02  1.000000e-03
     vertex  1.045966e-02 -4.874775e-02  1.000000e-03
   endloop
 endfacet
 facet normal  0.000000e+00  0.000000e+00  1.000000e+00
   outer loop
     vertex  1.178788e-02 -1.785484e-02  1.000000e-03
     vertex -2.291928e-02 -1.892471e-02  1.000000e-03
     vertex -2.292664e-02 -1.911499e-02  1.000000e-03
   endloop
 endfacet
 facet normal  0.000000e+00  0.000000e+00  1.000000e+00
   outer loop
     vertex  1.178788e-02 -1.785484e-02  1.000000e-03
     vertex -2.292664e-02 -1.911499e-02  1.000000e-03
     vertex -2.293341e-02 -1.930496e-02  1.000000e-03
   endloop
 endfacet
 facet normal  0.000000e+00  0.000000e+00  1.000000e+00
   outer loop
     vertex  1.178788e-02 -1.785484e-02  1.000000e-03
     vertex -2.293341e-02 -1.930496e-02  1.000000e-03
     vertex -2.293959e-02 -1.949463e-02  1.000000e-03
   endloop
 endfacet
 facet normal  0.000000e+00  0.000000e+00  1.000000e+00
   outer loop
     vertex  1.178788e-02 -1.785484e-02  1.000000e-03
     vertex -2.293959e-02 -1.949463e-02  1.000000e-03
     vertex  1.180806e-02 -1.801982e-02  1.000000e-03
   endloop
 endfacet
 facet normal  0.000000e+00  0.000000e+00  1.000000e+00
   outer loop
     vertex -1.509396e-02  9.038966e-03  1.000000e-03
     vertex -1.544477e-02  8.832270e-03  1.000000e-03
     vertex -1.555459e-02  8.752941e-03  1.000000e-03
   endloop
 endfacet
 facet normal  0.000000e+00  0.000000e+00  1.000000e+00
   outer loop
     vertex -1.509396e-02  9.038966e-03  1.000000e-03
     vertex -1.521450e-02  8.975331e-03  1.000000e-03
     vertex -1.544477e-02  8.832270e-03  1.000000e-03
   endloop
 endfacet
 facet normal  0.000000e+00  0.000000e+00  1.000000e+00
   outer loop
     vertex  1.053331e-02 -4.859323e-02  1.000000e-03
     vertex -1.421323e-02 -5.233822e-02  1.000000e-03
     vertex -1.410023e-02 -5.245962e-02  1.000000e-03
   endloop
 endfacet
 facet normal  0.000000e+00  0.000000e+00  1.000000e+00
   outer loop
     vertex  1.053331e-02 -4.859323e-02  1.000000e-03
     vertex -1.410023e-02 -5.245962e-02  1.000000e-03
     vertex -1.398605e-02 -5.257993e-02  1.000000e-03
   endloop
 endfacet
 facet normal  0.000000e+00  0.000000e+00  1.000000e+00
   outer loop
     vertex  1.053331e-02 -4.859323e-02  1.000000e-03
     vertex -1.398605e-02 -5.257993e-02  1.000000e-03
     vertex -1.387066e-02 -5.269913e-02  1.000000e-03
   endloop
 endfacet
 facet normal  0.000000e+00  0.000000e+00  1.000000e+00
   outer loop
     vertex  1.053331e-02 -4.859323e-02  1.000000e-03
     vertex -1.387066e-02 -5.269913e-02  1.000000e-03
     vertex -1.375408e-02 -5.281721e-02  1.000000e-03
   endloop
 endfacet
 facet normal  0.000000e+00  0.000000e+00  1.000000e+00
   outer loop
     vertex  1.053331e-02 -4.859323e-02  1.000000e-03
     vertex -1.375408e-02 -5.281721e-02  1.000000e-03
     vertex -1.363630e-02 -5.293415e-02  1.000000e-03
   endloop
 endfacet
 facet normal  0.000000e+00  0.000000e+00  1.000000e+00
   outer loop
     vertex  1.176983e-02 -1.768933e-02  1.000000e-03
     vertex -2.289360e-02 -1.835213e-02  1.000000e-03
     vertex -2.290276e-02 -1.854328e-02  1.000000e-03
   endloop
 endfacet
 facet normal  0.000000e+00  0.000000e+00  1.000000e+00
   outer loop
     vertex  1.176983e-02 -1.768933e-02  1.000000e-03
     vertex -2.290276e-02 -1.854328e-02  1.000000e-03
     vertex -2.291132e-02 -1.873414e-02  1.000000e-03
   endloop
 endfacet
 facet normal  0.000000e+00  0.000000e+00  1.000000e+00
   outer loop
     vertex  1.176983e-02 -1.768933e-02  1.000000e-03
     vertex -2.291132e-02 -1.873414e-02  1.000000e-03
     vertex -2.291928e-02 -1.892471e-02  1.000000e-03
   endloop
 endfacet
 facet normal  0.000000e+00  0.000000e+00  1.000000e+00
   outer loop
     vertex  1.176983e-02 -1.768933e-02  1.000000e-03
     vertex -2.291928e-02 -1.892471e-02  1.000000e-03
     vertex  1.178788e-02 -1.785484e-02  1.000000e-03
   endloop
 endfacet
 facet normal  0.000000e+00  0.000000e+00  1.000000e+00
   outer loop
     vertex -1.496976e-02  9.097300e-03  1.000000e-03
     vertex -1.555459e-02  8.752941e-03  1.000000e-03
     vertex -1.566094e-02  8.668499e-03  1.000000e-03
   endloop
 endfacet
 facet normal  0.000000e+00  0.000000e+00  1.000000e+00
   outer loop
     vertex -1.496976e-02  9.097300e-03  1.000000e-03
     vertex -1.509396e-02  9.038966e-03  1.000000e-03
     vertex -1.555459e-02  8.752941e-03  1.000000e-03
   endloop
 endfacet
 facet normal  0.000000e+00  0.000000e+00  1.000000e+00
   outer loop
     vertex  1.175393e-02 -1.752327e-02  1.000000e-03
     vertex -2.286245e-02 -1.777707e-02  1.000000e-03
     vertex -2.287345e-02 -1.796902e-02  1.000000e-03
   endloop
 endfacet
 facet normal  0.000000e+00  0.000000e+00  1.000000e+00
   outer loop
     vertex  1.175393e-02 -1.752327e-02  1.000000e-03
     vertex -2.287345e-02 -1.796902e-02  1.000000e-03
     vertex -2.288383e-02 -1.816071e-02  1.000000e-03
   endloop
 endfacet
 facet normal  0.000000e+00  0.000000e+00  1.000000e+00
   outer loop
     vertex  1.175393e-02 -1.752327e-02  1.000000e-03
     vertex -2.288383e-02 -1.816071e-02  1.000000e-03
     vertex -2.289360e-02 -1.835213e-02  1.000000e-03
   endloop
 endfacet
 facet normal  0.000000e+00  0.000000e+00  1.000000e+00
   outer loop
     vertex  1.175393e-02 -1.752327e-02  1.000000e-03
     vertex -2.289360e-02 -1.835213e-02  1.000000e-03
     vertex  1.176983e-02 -1.768933e-02  1.000000e-03
   endloop
 endfacet
 facet normal  0.000000e+00  0.000000e+00  1.000000e+00
   outer loop
     vertex  1.060628e-02 -4.843775e-02  1.000000e-03
     vertex -1.465345e-02 -5.184218e-02  1.000000e-03
     vertex -1.454515e-02 -5.196772e-02  1.000000e-03
   endloop
 endfacet
 facet normal  0.000000e+00  0.000000e+00  1.000000e+00
   outer loop
     vertex  1.060628e-02 -4.843775e-02  1.000000e-03
     vertex -1.454515e-02 -5.196772e-02  1.000000e-03
     vertex -1.443569e-02 -5.209226e-02  1.000000e-03
   endloop
 endfacet
 facet normal  0.000000e+00  0.000000e+00  1.000000e+00
   outer loop
     vertex  1.060628e-02 -4.843775e-02  1.000000e-03
     vertex -1.443569e-02 -5.209226e-02  1.000000e-03
     vertex -1.432505e-02 -5.221576e-02  1.000000e-03
   endloop
 endfacet
 facet normal  0.000000e+00  0.000000e+00  1.000000e+00
   outer loop
     vertex  1.060628e-02 -4.843775e-02  1.000000e-03
     vertex -1.432505e-02 -5.221576e-02  1.000000e-03
     vertex -1.421323e-02 -5.233822e-02  1.000000e-03
   endloop
 endfacet
 facet normal  0.000000e+00  0.000000e+00  1.000000e+00
   outer loop
     vertex  1.060628e-02 -4.843775e-02  1.000000e-03
     vertex -1.421323e-02 -5.233822e-02  1.000000e-03
     vertex  1.053331e-02 -4.859323e-02  1.000000e-03
   endloop
 endfacet
 facet normal  0.000000e+00  0.000000e+00  1.000000e+00
   outer loop
     vertex -1.484191e-02  9.150324e-03  1.000000e-03
     vertex -1.566094e-02  8.668499e-03  1.000000e-03
     vertex -1.576389e-02  8.579027e-03  1.000000e-03
   endloop
 endfacet
 facet normal  0.000000e+00  0.000000e+00  1.000000e+00
   outer loop
     vertex -1.484191e-02  9.150324e-03  1.000000e-03
     vertex -1.496976e-02  9.097300e-03  1.000000e-03
     vertex -1.566094e-02  8.668499e-03  1.000000e-03
   endloop
 endfacet
 facet normal  0.000000e+00  0.000000e+00  1.000000e+00
   outer loop
     vertex  1.174025e-02 -1.735664e-02  1.000000e-03
     vertex -2.283860e-02 -1.739241e-02  1.000000e-03
     vertex -2.285083e-02 -1.758486e-02  1.000000e-03
   endloop
 endfacet
 facet normal  0.000000e+00  0.000000e+00  1.000000e+00
   outer loop
     vertex  1.174025e-02 -1.735664e-02  1.000000e-03
     vertex -2.285083e-02 -1.758486e-02  1.000000e-03
     vertex -2.286245e-02 -1.777707e-02  1.000000e-03
   endloop
 endfacet
 facet normal  0.000000e+00  0.000000e+00  1.000000e+00
   outer loop
     vertex  1.174025e-02 -1.735664e-02  1.000000e-03
     vertex -2.286245e-02 -1.777707e-02  1.000000e-03
     vertex  1.175393e-02 -1.752327e-02  1.000000e-03
   endloop
 endfacet
 facet normal  0.000000e+00  0.000000e+00  1.000000e+00
   outer loop
     vertex -1.471039e-02  9.198046e-03  1.000000e-03
     vertex -1.576389e-02  8.579027e-03  1.000000e-03
     vertex -1.586353e-02  8.484618e-03  1.000000e-03
   endloop
 endfacet
 facet normal  0.000000e+00  0.000000e+00  1.000000e+00
   outer loop
     vertex -1.471039e-02  9.198046e-03  1.000000e-03
     vertex -1.484191e-02  9.150324e-03  1.000000e-03
     vertex -1.576389e-02  8.579027e-03  1.000000e-03
   endloop
 endfacet
 facet normal  0.000000e+00  0.000000e+00  1.000000e+00
   outer loop
     vertex  1.067861e-02 -4.828131e-02  1.000000e-03
     vertex -1.465345e-02 -5.184218e-02  1.000000e-03
     vertex  1.060628e-02 -4.843775e-02  1.000000e-03
   endloop
 endfacet
 facet normal  0.000000e+00  0.000000e+00  1.000000e+00
   outer loop
     vertex  1.067861e-02 -4.828131e-02  1.000000e-03
     vertex -1.497141e-02 -5.145972e-02  1.000000e-03
     vertex -1.486657e-02 -5.158816e-02  1.000000e-03
   endloop
 endfacet
 facet normal  0.000000e+00  0.000000e+00  1.000000e+00
   outer loop
     vertex  1.067861e-02 -4.828131e-02  1.000000e-03
     vertex -1.486657e-02 -5.158816e-02  1.000000e-03
     vertex -1.476059e-02 -5.171565e-02  1.000000e-03
   endloop
 endfacet
 facet normal  0.000000e+00  0.000000e+00  1.000000e+00
   outer loop
     vertex  1.067861e-02 -4.828131e-02  1.000000e-03
     vertex -1.476059e-02 -5.171565e-02  1.000000e-03
     vertex -1.465345e-02 -5.184218e-02  1.000000e-03
   endloop
 endfacet
 facet normal  0.000000e+00  0.000000e+00  1.000000e+00
   outer loop
     vertex  1.172880e-02 -1.718943e-02  1.000000e-03
     vertex -2.279812e-02 -1.681366e-02  1.000000e-03
     vertex -2.281225e-02 -1.700680e-02  1.000000e-03
   endloop
 endfacet
 facet normal  0.000000e+00  0.000000e+00  1.000000e+00
   outer loop
     vertex  1.172880e-02 -1.718943e-02  1.000000e-03
     vertex -2.281225e-02 -1.700680e-02  1.000000e-03
     vertex -2.282574e-02 -1.719972e-02  1.000000e-03
   endloop
 endfacet
 facet normal  0.000000e+00  0.000000e+00  1.000000e+00
   outer loop
     vertex  1.172880e-02 -1.718943e-02  1.000000e-03
     vertex -2.282574e-02 -1.719972e-02  1.000000e-03
     vertex -2.283860e-02 -1.739241e-02  1.000000e-03
   endloop
 endfacet
 facet normal  0.000000e+00  0.000000e+00  1.000000e+00
   outer loop
     vertex  1.172880e-02 -1.718943e-02  1.000000e-03
     vertex -2.283860e-02 -1.739241e-02  1.000000e-03
     vertex  1.174025e-02 -1.735664e-02  1.000000e-03
   endloop
 endfacet
 facet normal  0.000000e+00  0.000000e+00  1.000000e+00
   outer loop
     vertex -1.457522e-02  9.240493e-03  1.000000e-03
     vertex -1.586353e-02  8.484618e-03  1.000000e-03
     vertex -1.595996e-02  8.385379e-03  1.000000e-03
   endloop
 endfacet
 facet normal  0.000000e+00  0.000000e+00  1.000000e+00
   outer loop
     vertex -1.457522e-02  9.240493e-03  1.000000e-03
     vertex -1.471039e-02  9.198046e-03  1.000000e-03
     vertex -1.586353e-02  8.484618e-03  1.000000e-03
   endloop
 endfacet
 facet normal  0.000000e+00  0.000000e+00  1.000000e+00
   outer loop
     vertex  1.171964e-02 -1.702162e-02  1.000000e-03
     vertex -2.275194e-02 -1.623297e-02  1.000000e-03
     vertex -2.276798e-02 -1.642674e-02  1.000000e-03
   endloop
 endfacet
 facet normal  0.000000e+00  0.000000e+00  1.000000e+00
   outer loop
     vertex  1.171964e-02 -1.702162e-02  1.000000e-03
     vertex -2.276798e-02 -1.642674e-02  1.000000e-03
     vertex -2.278337e-02 -1.662030e-02  1.000000e-03
   endloop
 endfacet
 facet normal  0.000000e+00  0.000000e+00  1.000000e+00
   outer loop
     vertex  1.171964e-02 -1.702162e-02  1.000000e-03
     vertex -2.278337e-02 -1.662030e-02  1.000000e-03
     vertex -2.279812e-02 -1.681366e-02  1.000000e-03
   endloop
 endfacet
 facet normal  0.000000e+00  0.000000e+00  1.000000e+00
   outer loop
     vertex  1.171964e-02 -1.702162e-02  1.000000e-03
     vertex -2.279812e-02 -1.681366e-02  1.000000e-03
     vertex  1.172880e-02 -1.718943e-02  1.000000e-03
   endloop
 endfacet
 facet normal  0.000000e+00  0.000000e+00  1.000000e+00
   outer loop
     vertex  1.075032e-02 -4.812392e-02  1.000000e-03
     vertex -1.497141e-02 -5.145972e-02  1.000000e-03
     vertex  1.067861e-02 -4.828131e-02  1.000000e-03
   endloop
 endfacet
 facet normal  0.000000e+00  0.000000e+00  1.000000e+00
   outer loop
     vertex -1.443644e-02  9.277711e-03  1.000000e-03
     vertex -1.595996e-02  8.385379e-03  1.000000e-03
     vertex -1.605326e-02  8.281423e-03  1.000000e-03
   endloop
 endfacet
 facet normal  0.000000e+00  0.000000e+00  1.000000e+00
   outer loop
     vertex  1.075032e-02 -4.812392e-02  1.000000e-03
     vertex -1.527910e-02 -5.106890e-02  1.000000e-03
     vertex -1.517766e-02 -5.120007e-02  1.000000e-03
   endloop
 endfacet
 facet normal  0.000000e+00  0.000000e+00  1.000000e+00
   outer loop
     vertex  1.075032e-02 -4.812392e-02  1.000000e-03
     vertex -1.517766e-02 -5.120007e-02  1.000000e-03
     vertex -1.507510e-02 -5.133035e-02  1.000000e-03
   endloop
 endfacet
 facet normal  0.000000e+00  0.000000e+00  1.000000e+00
   outer loop
     vertex  1.075032e-02 -4.812392e-02  1.000000e-03
     vertex -1.507510e-02 -5.133035e-02  1.000000e-03
     vertex -1.497141e-02 -5.145972e-02  1.000000e-03
   endloop
 endfacet
 facet normal  0.000000e+00  0.000000e+00  1.000000e+00
   outer loop
     vertex -1.443644e-02  9.277711e-03  1.000000e-03
     vertex -1.457522e-02  9.240493e-03  1.000000e-03
     vertex -1.595996e-02  8.385379e-03  1.000000e-03
   endloop
 endfacet
 facet normal  0.000000e+00  0.000000e+00  1.000000e+00
   outer loop
     vertex  1.171278e-02 -1.685319e-02  1.000000e-03
     vertex -2.269998e-02 -1.565057e-02  1.000000e-03
     vertex -2.271795e-02 -1.584488e-02  1.000000e-03
   endloop
 endfacet
 facet normal  0.000000e+00  0.000000e+00  1.000000e+00
   outer loop
     vertex  1.171278e-02 -1.685319e-02  1.000000e-03
     vertex -2.271795e-02 -1.584488e-02  1.000000e-03
     vertex -2.273527e-02 -1.603902e-02  1.000000e-03
   endloop
 endfacet
 facet normal  0.000000e+00  0.000000e+00  1.000000e+00
   outer loop
     vertex  1.171278e-02 -1.685319e-02  1.000000e-03
     vertex -2.273527e-02 -1.603902e-02  1.000000e-03
     vertex -2.275194e-02 -1.623297e-02  1.000000e-03
   endloop
 endfacet
 facet normal  0.000000e+00  0.000000e+00  1.000000e+00
   outer loop
     vertex  1.171278e-02 -1.685319e-02  1.000000e-03
     vertex -2.275194e-02 -1.623297e-02  1.000000e-03
     vertex  1.171964e-02 -1.702162e-02  1.000000e-03
   endloop
 endfacet
 facet normal  0.000000e+00  0.000000e+00  1.000000e+00
   outer loop
     vertex -1.429409e-02  9.309763e-03  1.000000e-03
     vertex -1.605326e-02  8.281423e-03  1.000000e-03
     vertex -1.614356e-02  8.172876e-03  1.000000e-03
   endloop
 endfacet
 facet normal  0.000000e+00  0.000000e+00  1.000000e+00
   outer loop
     vertex -1.429409e-02  9.309763e-03  1.000000e-03
     vertex -1.443644e-02  9.277711e-03  1.000000e-03
     vertex -1.605326e-02  8.281423e-03  1.000000e-03
   endloop
 endfacet
 facet normal  0.000000e+00  0.000000e+00  1.000000e+00
   outer loop
     vertex  1.170826e-02 -1.668413e-02  1.000000e-03
     vertex -2.264218e-02 -1.506667e-02  1.000000e-03
     vertex -2.266210e-02 -1.526146e-02  1.000000e-03
   endloop
 endfacet
 facet normal  0.000000e+00  0.000000e+00  1.000000e+00
   outer loop
     vertex  1.170826e-02 -1.668413e-02  1.000000e-03
     vertex -2.266210e-02 -1.526146e-02  1.000000e-03
     vertex -2.268137e-02 -1.545609e-02  1.000000e-03
   endloop
 endfacet
 facet normal  0.000000e+00  0.000000e+00  1.000000e+00
   outer loop
     vertex  1.170826e-02 -1.668413e-02  1.000000e-03
     vertex -2.268137e-02 -1.545609e-02  1.000000e-03
     vertex -2.269998e-02 -1.565057e-02  1.000000e-03
   endloop
 endfacet
 facet normal  0.000000e+00  0.000000e+00  1.000000e+00
   outer loop
     vertex  1.170826e-02 -1.668413e-02  1.000000e-03
     vertex -2.269998e-02 -1.565057e-02  1.000000e-03
     vertex  1.171278e-02 -1.685319e-02  1.000000e-03
   endloop
 endfacet
 facet normal  0.000000e+00  0.000000e+00  1.000000e+00
   outer loop
     vertex  1.082143e-02 -4.796560e-02  1.000000e-03
     vertex -1.547863e-02 -5.080398e-02  1.000000e-03
     vertex -1.537942e-02 -5.093686e-02  1.000000e-03
   endloop
 endfacet
 facet normal  0.000000e+00  0.000000e+00  1.000000e+00
   outer loop
     vertex  1.082143e-02 -4.796560e-02  1.000000e-03
     vertex -1.537942e-02 -5.093686e-02  1.000000e-03
     vertex -1.527910e-02 -5.106890e-02  1.000000e-03
   endloop
 endfacet
 facet normal  0.000000e+00  0.000000e+00  1.000000e+00
   outer loop
     vertex  1.082143e-02 -4.796560e-02  1.000000e-03
     vertex -1.527910e-02 -5.106890e-02  1.000000e-03
     vertex  1.075032e-02 -4.812392e-02  1.000000e-03
   endloop
 endfacet
 facet normal  0.000000e+00  0.000000e+00  1.000000e+00
   outer loop
     vertex -1.414822e-02  9.336730e-03  1.000000e-03
     vertex -1.614356e-02  8.172876e-03  1.000000e-03
     vertex -1.623096e-02  8.059871e-03  1.000000e-03
   endloop
 endfacet
 facet normal  0.000000e+00  0.000000e+00  1.000000e+00
   outer loop
     vertex -1.414822e-02  9.336730e-03  1.000000e-03
     vertex -1.429409e-02  9.309763e-03  1.000000e-03
     vertex -1.614356e-02  8.172876e-03  1.000000e-03
   endloop
 endfacet
 facet normal  0.000000e+00  0.000000e+00  1.000000e+00
   outer loop
     vertex  1.170611e-02 -1.651442e-02  1.000000e-03
     vertex -2.257847e-02 -1.448151e-02  1.000000e-03
     vertex -2.260036e-02 -1.467669e-02  1.000000e-03
   endloop
 endfacet
 facet normal  0.000000e+00  0.000000e+00  1.000000e+00
   outer loop
     vertex  1.170611e-02 -1.651442e-02  1.000000e-03
     vertex -2.260036e-02 -1.467669e-02  1.000000e-03
     vertex -2.262160e-02 -1.487175e-02  1.000000e-03
   endloop
 endfacet
 facet normal  0.000000e+00  0.000000e+00  1.000000e+00
   outer loop
     vertex  1.170611e-02 -1.651442e-02  1.000000e-03
     vertex -2.262160e-02 -1.487175e-02  1.000000e-03
     vertex -2.264218e-02 -1.506667e-02  1.000000e-03
   endloop
 endfacet
 facet normal  0.000000e+00  0.000000e+00  1.000000e+00
   outer loop
     vertex  1.170611e-02 -1.651442e-02  1.000000e-03
     vertex -2.264218e-02 -1.506667e-02  1.000000e-03
     vertex  1.170826e-02 -1.668413e-02  1.000000e-03
   endloop
 endfacet
 facet normal  0.000000e+00  0.000000e+00  1.000000e+00
   outer loop
     vertex -1.399892e-02  9.358709e-03  1.000000e-03
     vertex -1.414822e-02  9.336730e-03  1.000000e-03
     vertex -1.623096e-02  8.059871e-03  1.000000e-03
   endloop
 endfacet
 facet normal  0.000000e+00  0.000000e+00  1.000000e+00
   outer loop
     vertex -1.399892e-02  9.358709e-03  1.000000e-03
     vertex -1.623096e-02  8.059871e-03  1.000000e-03
     vertex -1.631558e-02  7.942550e-03  1.000000e-03
   endloop
 endfacet
 facet normal  0.000000e+00  0.000000e+00  1.000000e+00
   outer loop
     vertex  1.089196e-02 -4.780637e-02  1.000000e-03
     vertex -1.576968e-02 -5.040041e-02  1.000000e-03
     vertex -1.567375e-02 -5.053573e-02  1.000000e-03
   endloop
 endfacet
 facet normal  0.000000e+00  0.000000e+00  1.000000e+00
   outer loop
     vertex  1.089196e-02 -4.780637e-02  1.000000e-03
     vertex -1.567375e-02 -5.053573e-02  1.000000e-03
     vertex -1.557673e-02 -5.067026e-02  1.000000e-03
   endloop
 endfacet
 facet normal  0.000000e+00  0.000000e+00  1.000000e+00
   outer loop
     vertex  1.089196e-02 -4.780637e-02  1.000000e-03
     vertex -1.557673e-02 -5.067026e-02  1.000000e-03
     vertex -1.547863e-02 -5.080398e-02  1.000000e-03
   endloop
 endfacet
 facet normal  0.000000e+00  0.000000e+00  1.000000e+00
   outer loop
     vertex  1.089196e-02 -4.780637e-02  1.000000e-03
     vertex -1.547863e-02 -5.080398e-02  1.000000e-03
     vertex  1.082143e-02 -4.796560e-02  1.000000e-03
   endloop
 endfacet
 facet normal  0.000000e+00  0.000000e+00  1.000000e+00
   outer loop
     vertex  1.096193e-02 -4.764624e-02  1.000000e-03
     vertex -1.576968e-02 -5.040041e-02  1.000000e-03
     vertex  1.089196e-02 -4.780637e-02  1.000000e-03
   endloop
 endfacet
 facet normal  0.000000e+00  0.000000e+00  1.000000e+00
   outer loop
     vertex  1.170635e-02 -1.634406e-02  1.000000e-03
     vertex -2.250882e-02 -1.389531e-02  1.000000e-03
     vertex -2.253270e-02 -1.409081e-02  1.000000e-03
   endloop
 endfacet
 facet normal  0.000000e+00  0.000000e+00  1.000000e+00
   outer loop
     vertex  1.170635e-02 -1.634406e-02  1.000000e-03
     vertex -2.253270e-02 -1.409081e-02  1.000000e-03
     vertex -2.255592e-02 -1.428621e-02  1.000000e-03
   endloop
 endfacet
 facet normal  0.000000e+00  0.000000e+00  1.000000e+00
   outer loop
     vertex  1.170635e-02 -1.634406e-02  1.000000e-03
     vertex -2.255592e-02 -1.428621e-02  1.000000e-03
     vertex -2.257847e-02 -1.448151e-02  1.000000e-03
   endloop
 endfacet
 facet normal  0.000000e+00  0.000000e+00  1.000000e+00
   outer loop
     vertex  1.170635e-02 -1.634406e-02  1.000000e-03
     vertex -2.257847e-02 -1.448151e-02  1.000000e-03
     vertex  1.170611e-02 -1.651442e-02  1.000000e-03
   endloop
 endfacet
 facet normal  0.000000e+00  0.000000e+00  1.000000e+00
   outer loop
     vertex -1.384626e-02  9.375811e-03  1.000000e-03
     vertex -1.399892e-02  9.358709e-03  1.000000e-03
     vertex -1.631558e-02  7.942550e-03  1.000000e-03
   endloop
 endfacet
 facet normal  0.000000e+00  0.000000e+00  1.000000e+00
   outer loop
     vertex -1.384626e-02  9.375811e-03  1.000000e-03
     vertex -1.631558e-02  7.942550e-03  1.000000e-03
     vertex -1.639755e-02  7.821059e-03  1.000000e-03
   endloop
 endfacet
 facet normal  0.000000e+00  0.000000e+00  1.000000e+00
   outer loop
     vertex  1.170899e-02 -1.617302e-02  1.000000e-03
     vertex -2.243321e-02 -1.330830e-02  1.000000e-03
     vertex -2.245908e-02 -1.350405e-02  1.000000e-03
   endloop
 endfacet
 facet normal  0.000000e+00  0.000000e+00  1.000000e+00
   outer loop
     vertex  1.170899e-02 -1.617302e-02  1.000000e-03
     vertex -2.245908e-02 -1.350405e-02  1.000000e-03
     vertex -2.248428e-02 -1.369972e-02  1.000000e-03
   endloop
 endfacet
 facet normal  0.000000e+00  0.000000e+00  1.000000e+00
   outer loop
     vertex  1.170899e-02 -1.617302e-02  1.000000e-03
     vertex -2.248428e-02 -1.369972e-02  1.000000e-03
     vertex -2.250882e-02 -1.389531e-02  1.000000e-03
   endloop
 endfacet
 facet normal  0.000000e+00  0.000000e+00  1.000000e+00
   outer loop
     vertex  1.170899e-02 -1.617302e-02  1.000000e-03
     vertex -2.250882e-02 -1.389531e-02  1.000000e-03
     vertex  1.170635e-02 -1.634406e-02  1.000000e-03
   endloop
 endfacet
 facet normal  0.000000e+00  0.000000e+00  1.000000e+00
   outer loop
     vertex -1.369033e-02  9.388163e-03  1.000000e-03
     vertex -1.639755e-02  7.821059e-03  1.000000e-03
     vertex -1.647699e-02  7.695554e-03  1.000000e-03
   endloop
 endfacet
 facet normal  0.000000e+00  0.000000e+00  1.000000e+00
   outer loop
     vertex -1.369033e-02  9.388163e-03  1.000000e-03
     vertex -1.384626e-02  9.375811e-03  1.000000e-03
     vertex -1.639755e-02  7.821059e-03  1.000000e-03
   endloop
 endfacet
 facet normal  0.000000e+00  0.000000e+00  1.000000e+00
   outer loop
     vertex  1.096193e-02 -4.764624e-02  1.000000e-03
     vertex -1.595832e-02 -5.012747e-02  1.000000e-03
     vertex -1.586453e-02 -5.026432e-02  1.000000e-03
   endloop
 endfacet
 facet normal  0.000000e+00  0.000000e+00  1.000000e+00
   outer loop
     vertex  1.096193e-02 -4.764624e-02  1.000000e-03
     vertex -1.586453e-02 -5.026432e-02  1.000000e-03
     vertex -1.576968e-02 -5.040041e-02  1.000000e-03
   endloop
 endfacet
 facet normal  0.000000e+00  0.000000e+00  1.000000e+00
   outer loop
     vertex  1.171406e-02 -1.600129e-02  1.000000e-03
     vertex -2.235161e-02 -1.272073e-02  1.000000e-03
     vertex -2.237947e-02 -1.291664e-02  1.000000e-03
   endloop
 endfacet
 facet normal  0.000000e+00  0.000000e+00  1.000000e+00
   outer loop
     vertex  1.171406e-02 -1.600129e-02  1.000000e-03
     vertex -2.237947e-02 -1.291664e-02  1.000000e-03
     vertex -2.240667e-02 -1.311250e-02  1.000000e-03
   endloop
 endfacet
 facet normal  0.000000e+00  0.000000e+00  1.000000e+00
   outer loop
     vertex  1.171406e-02 -1.600129e-02  1.000000e-03
     vertex -2.240667e-02 -1.311250e-02  1.000000e-03
     vertex -2.243321e-02 -1.330830e-02  1.000000e-03
   endloop
 endfacet
 facet normal  0.000000e+00  0.000000e+00  1.000000e+00
   outer loop
     vertex  1.171406e-02 -1.600129e-02  1.000000e-03
     vertex -2.243321e-02 -1.330830e-02  1.000000e-03
     vertex  1.170899e-02 -1.617302e-02  1.000000e-03
   endloop
 endfacet
 facet normal  0.000000e+00  0.000000e+00  1.000000e+00
   outer loop
     vertex -1.353126e-02  9.395903e-03  1.000000e-03
     vertex -1.647699e-02  7.695554e-03  1.000000e-03
     vertex -1.655405e-02  7.566191e-03  1.000000e-03
   endloop
 endfacet
 facet normal  0.000000e+00  0.000000e+00  1.000000e+00
   outer loop
     vertex -1.353126e-02  9.395903e-03  1.000000e-03
     vertex -1.369033e-02  9.388163e-03  1.000000e-03
     vertex -1.647699e-02  7.695554e-03  1.000000e-03
   endloop
 endfacet
 facet normal  0.000000e+00  0.000000e+00  1.000000e+00
   outer loop
     vertex  1.172155e-02 -1.582887e-02  1.000000e-03
     vertex -2.235161e-02 -1.272073e-02  1.000000e-03
     vertex  1.171406e-02 -1.600129e-02  1.000000e-03
   endloop
 endfacet
 facet normal  0.000000e+00  0.000000e+00  1.000000e+00
   outer loop
     vertex  1.172155e-02 -1.582887e-02  1.000000e-03
     vertex -2.226402e-02 -1.213282e-02  1.000000e-03
     vertex -2.229388e-02 -1.232881e-02  1.000000e-03
   endloop
 endfacet
 facet normal  0.000000e+00  0.000000e+00  1.000000e+00
   outer loop
     vertex  1.172155e-02 -1.582887e-02  1.000000e-03
     vertex -2.229388e-02 -1.232881e-02  1.000000e-03
     vertex -2.232308e-02 -1.252479e-02  1.000000e-03
   endloop
 endfacet
 facet normal  0.000000e+00  0.000000e+00  1.000000e+00
   outer loop
     vertex  1.172155e-02 -1.582887e-02  1.000000e-03
     vertex -2.232308e-02 -1.252479e-02  1.000000e-03
     vertex -2.235161e-02 -1.272073e-02  1.000000e-03
   endloop
 endfacet
 facet normal  0.000000e+00  0.000000e+00  1.000000e+00
   outer loop
     vertex -1.336914e-02  9.399182e-03  1.000000e-03
     vertex -1.655405e-02  7.566191e-03  1.000000e-03
     vertex -1.662885e-02  7.433136e-03  1.000000e-03
   endloop
 endfacet
 facet normal  0.000000e+00  0.000000e+00  1.000000e+00
   outer loop
     vertex  1.103136e-02 -4.748521e-02  1.000000e-03
     vertex -1.595832e-02 -5.012747e-02  1.000000e-03
     vertex  1.096193e-02 -4.764624e-02  1.000000e-03
   endloop
 endfacet
 facet normal  0.000000e+00  0.000000e+00  1.000000e+00
   outer loop
     vertex  1.103136e-02 -4.748521e-02  1.000000e-03
     vertex -1.614274e-02 -4.985160e-02  1.000000e-03
     vertex -1.605105e-02 -4.998989e-02  1.000000e-03
   endloop
 endfacet
 facet normal  0.000000e+00  0.000000e+00  1.000000e+00
   outer loop
     vertex  1.103136e-02 -4.748521e-02  1.000000e-03
     vertex -1.605105e-02 -4.998989e-02  1.000000e-03
     vertex -1.595832e-02 -5.012747e-02  1.000000e-03
   endloop
 endfacet
 facet normal  0.000000e+00  0.000000e+00  1.000000e+00
   outer loop
     vertex -1.336914e-02  9.399182e-03  1.000000e-03
     vertex -1.353126e-02  9.395903e-03  1.000000e-03
     vertex -1.655405e-02  7.566191e-03  1.000000e-03
   endloop
 endfacet
 facet normal  0.000000e+00  0.000000e+00  1.000000e+00
   outer loop
     vertex  1.173149e-02 -1.565574e-02  1.000000e-03
     vertex -2.226402e-02 -1.213282e-02  1.000000e-03
     vertex  1.172155e-02 -1.582887e-02  1.000000e-03
   endloop
 endfacet
 facet normal  0.000000e+00  0.000000e+00  1.000000e+00
   outer loop
     vertex  1.110028e-02 -4.732332e-02  1.000000e-03
     vertex -1.614274e-02 -4.985160e-02  1.000000e-03
     vertex  1.103136e-02 -4.748521e-02  1.000000e-03
   endloop
 endfacet
 facet normal  0.000000e+00  0.000000e+00  1.000000e+00
   outer loop
     vertex  1.173149e-02 -1.565574e-02  1.000000e-03
     vertex -2.217047e-02 -1.154481e-02  1.000000e-03
     vertex -2.220232e-02 -1.174081e-02  1.000000e-03
   endloop
 endfacet
 facet normal  0.000000e+00  0.000000e+00  1.000000e+00
   outer loop
     vertex  1.173149e-02 -1.565574e-02  1.000000e-03
     vertex -2.220232e-02 -1.174081e-02  1.000000e-03
     vertex -2.223350e-02 -1.193682e-02  1.000000e-03
   endloop
 endfacet
 facet normal  0.000000e+00  0.000000e+00  1.000000e+00
   outer loop
     vertex  1.173149e-02 -1.565574e-02  1.000000e-03
     vertex -2.223350e-02 -1.193682e-02  1.000000e-03
     vertex -2.226402e-02 -1.213282e-02  1.000000e-03
   endloop
 endfacet
 facet normal  0.000000e+00  0.000000e+00  1.000000e+00
   outer loop
     vertex -1.320411e-02  9.398163e-03  1.000000e-03
     vertex -1.662885e-02  7.433136e-03  1.000000e-03
     vertex -1.670154e-02  7.296553e-03  1.000000e-03
   endloop
 endfacet
 facet normal  0.000000e+00  0.000000e+00  1.000000e+00
   outer loop
     vertex -1.320411e-02  9.398163e-03  1.000000e-03
     vertex -1.336914e-02  9.399182e-03  1.000000e-03
     vertex -1.662885e-02  7.433136e-03  1.000000e-03
   endloop
 endfacet
 facet normal  0.000000e+00  0.000000e+00  1.000000e+00
   outer loop
     vertex  1.174388e-02 -1.548190e-02  1.000000e-03
     vertex -2.207098e-02 -1.095693e-02  1.000000e-03
     vertex -2.210480e-02 -1.115286e-02  1.000000e-03
   endloop
 endfacet
 facet normal  0.000000e+00  0.000000e+00  1.000000e+00
   outer loop
     vertex  1.174388e-02 -1.548190e-02  1.000000e-03
     vertex -2.210480e-02 -1.115286e-02  1.000000e-03
     vertex -2.213797e-02 -1.134883e-02  1.000000e-03
   endloop
 endfacet
 facet normal  0.000000e+00  0.000000e+00  1.000000e+00
   outer loop
     vertex  1.174388e-02 -1.548190e-02  1.000000e-03
     vertex -2.213797e-02 -1.134883e-02  1.000000e-03
     vertex -2.217047e-02 -1.154481e-02  1.000000e-03
   endloop
 endfacet
 facet normal  0.000000e+00  0.000000e+00  1.000000e+00
   outer loop
     vertex  1.174388e-02 -1.548190e-02  1.000000e-03
     vertex -2.217047e-02 -1.154481e-02  1.000000e-03
     vertex  1.173149e-02 -1.565574e-02  1.000000e-03
   endloop
 endfacet
 facet normal  0.000000e+00  0.000000e+00  1.000000e+00
   outer loop
     vertex -1.303630e-02  9.393016e-03  1.000000e-03
     vertex -1.320411e-02  9.398163e-03  1.000000e-03
     vertex -1.670154e-02  7.296553e-03  1.000000e-03
   endloop
 endfacet
 facet normal  0.000000e+00  0.000000e+00  1.000000e+00
   outer loop
     vertex -1.303630e-02  9.393016e-03  1.000000e-03
     vertex -1.670154e-02  7.296553e-03  1.000000e-03
     vertex -1.677225e-02  7.156612e-03  1.000000e-03
   endloop
 endfacet
 facet normal  0.000000e+00  0.000000e+00  1.000000e+00
   outer loop
     vertex  1.110028e-02 -4.732332e-02  1.000000e-03
     vertex -1.632300e-02 -4.957293e-02  1.000000e-03
     vertex -1.623338e-02 -4.971260e-02  1.000000e-03
   endloop
 endfacet
 facet normal  0.000000e+00  0.000000e+00  1.000000e+00
   outer loop
     vertex  1.110028e-02 -4.732332e-02  1.000000e-03
     vertex -1.623338e-02 -4.971260e-02  1.000000e-03
     vertex -1.614274e-02 -4.985160e-02  1.000000e-03
   endloop
 endfacet
 facet normal  0.000000e+00  0.000000e+00  1.000000e+00
   outer loop
     vertex  1.175870e-02 -1.530732e-02  1.000000e-03
     vertex -2.200138e-02 -1.056520e-02  1.000000e-03
     vertex -2.203650e-02 -1.076104e-02  1.000000e-03
   endloop
 endfacet
 facet normal  0.000000e+00  0.000000e+00  1.000000e+00
   outer loop
     vertex  1.175870e-02 -1.530732e-02  1.000000e-03
     vertex -2.203650e-02 -1.076104e-02  1.000000e-03
     vertex -2.207098e-02 -1.095693e-02  1.000000e-03
   endloop
 endfacet
 facet normal  0.000000e+00  0.000000e+00  1.000000e+00
   outer loop
     vertex  1.175870e-02 -1.530732e-02  1.000000e-03
     vertex -2.207098e-02 -1.095693e-02  1.000000e-03
     vertex  1.174388e-02 -1.548190e-02  1.000000e-03
   endloop
 endfacet
 facet normal  0.000000e+00  0.000000e+00  1.000000e+00
   outer loop
     vertex -1.286583e-02  9.383923e-03  1.000000e-03
     vertex -1.303630e-02  9.393016e-03  1.000000e-03
     vertex -1.677225e-02  7.156612e-03  1.000000e-03
   endloop
 endfacet
 facet normal  0.000000e+00  0.000000e+00  1.000000e+00
   outer loop
     vertex -1.286583e-02  9.383923e-03  1.000000e-03
     vertex -1.677225e-02  7.156612e-03  1.000000e-03
     vertex -1.684113e-02  7.013483e-03  1.000000e-03
   endloop
 endfacet
 facet normal  0.000000e+00  0.000000e+00  1.000000e+00
   outer loop
     vertex  1.177597e-02 -1.513201e-02  1.000000e-03
     vertex -2.189211e-02 -9.978035e-03  1.000000e-03
     vertex -2.192918e-02 -1.017369e-02  1.000000e-03
   endloop
 endfacet
 facet normal  0.000000e+00  0.000000e+00  1.000000e+00
   outer loop
     vertex  1.177597e-02 -1.513201e-02  1.000000e-03
     vertex -2.192918e-02 -1.017369e-02  1.000000e-03
     vertex -2.196560e-02 -1.036941e-02  1.000000e-03
   endloop
 endfacet
 facet normal  0.000000e+00  0.000000e+00  1.000000e+00
   outer loop
     vertex  1.177597e-02 -1.513201e-02  1.000000e-03
     vertex -2.196560e-02 -1.036941e-02  1.000000e-03
     vertex -2.200138e-02 -1.056520e-02  1.000000e-03
   endloop
 endfacet
 facet normal  0.000000e+00  0.000000e+00  1.000000e+00
   outer loop
     vertex  1.177597e-02 -1.513201e-02  1.000000e-03
     vertex -2.200138e-02 -1.056520e-02  1.000000e-03
     vertex  1.175870e-02 -1.530732e-02  1.000000e-03
   endloop
 endfacet
 facet normal  0.000000e+00  0.000000e+00  1.000000e+00
   outer loop
     vertex -1.269287e-02  9.371073e-03  1.000000e-03
     vertex -1.286583e-02  9.383923e-03  1.000000e-03
     vertex -1.684113e-02  7.013483e-03  1.000000e-03
   endloop
 endfacet
 facet normal  0.000000e+00  0.000000e+00  1.000000e+00
   outer loop
     vertex -1.269287e-02  9.371073e-03  1.000000e-03
     vertex -1.684113e-02  7.013483e-03  1.000000e-03
     vertex -1.690831e-02  6.867337e-03  1.000000e-03
   endloop
 endfacet
 facet normal  0.000000e+00  0.000000e+00  1.000000e+00
   outer loop
     vertex -1.251754e-02  9.354661e-03  1.000000e-03
     vertex -1.269287e-02  9.371073e-03  1.000000e-03
     vertex -1.690831e-02  6.867337e-03  1.000000e-03
   endloop
 endfacet
 facet normal  0.000000e+00  0.000000e+00  1.000000e+00
   outer loop
     vertex -1.251754e-02  9.354661e-03  1.000000e-03
     vertex -1.690831e-02  6.867337e-03  1.000000e-03
     vertex -1.697394e-02  6.718345e-03  1.000000e-03
   endloop
 endfacet
 facet normal  0.000000e+00  0.000000e+00  1.000000e+00
   outer loop
     vertex  1.116869e-02 -4.716056e-02  1.000000e-03
     vertex -1.649919e-02 -4.929163e-02  1.000000e-03
     vertex -1.641160e-02 -4.943260e-02  1.000000e-03
   endloop
 endfacet
 facet normal  0.000000e+00  0.000000e+00  1.000000e+00
   outer loop
     vertex  1.116869e-02 -4.716056e-02  1.000000e-03
     vertex -1.641160e-02 -4.943260e-02  1.000000e-03
     vertex -1.632300e-02 -4.957293e-02  1.000000e-03
   endloop
 endfacet
 facet normal  0.000000e+00  0.000000e+00  1.000000e+00
   outer loop
     vertex  1.116869e-02 -4.716056e-02  1.000000e-03
     vertex -1.632300e-02 -4.957293e-02  1.000000e-03
     vertex  1.110028e-02 -4.732332e-02  1.000000e-03
   endloop
 endfacet
 facet normal  0.000000e+00  0.000000e+00  1.000000e+00
   outer loop
     vertex  1.179566e-02 -1.495596e-02  1.000000e-03
     vertex -2.189211e-02 -9.978035e-03  1.000000e-03
     vertex  1.177597e-02 -1.513201e-02  1.000000e-03
   endloop
 endfacet
 facet normal  0.000000e+00  0.000000e+00  1.000000e+00
   outer loop
     vertex  1.179566e-02 -1.495596e-02  1.000000e-03
     vertex -2.177707e-02 -9.391602e-03  1.000000e-03
     vertex -2.181605e-02 -9.586985e-03  1.000000e-03
   endloop
 endfacet
 facet normal  0.000000e+00  0.000000e+00  1.000000e+00
   outer loop
     vertex  1.179566e-02 -1.495596e-02  1.000000e-03
     vertex -2.181605e-02 -9.586985e-03  1.000000e-03
     vertex -2.185440e-02 -9.782466e-03  1.000000e-03
   endloop
 endfacet
 facet normal  0.000000e+00  0.000000e+00  1.000000e+00
   outer loop
     vertex  1.179566e-02 -1.495596e-02  1.000000e-03
     vertex -2.185440e-02 -9.782466e-03  1.000000e-03
     vertex -2.189211e-02 -9.978035e-03  1.000000e-03
   endloop
 endfacet
 facet normal  0.000000e+00  0.000000e+00  1.000000e+00
   outer loop
     vertex -1.234002e-02  9.334889e-03  1.000000e-03
     vertex -1.697394e-02  6.718345e-03  1.000000e-03
     vertex -1.703815e-02  6.566677e-03  1.000000e-03
   endloop
 endfacet
 facet normal  0.000000e+00  0.000000e+00  1.000000e+00
   outer loop
     vertex -1.234002e-02  9.334889e-03  1.000000e-03
     vertex -1.251754e-02  9.354661e-03  1.000000e-03
     vertex -1.697394e-02  6.718345e-03  1.000000e-03
   endloop
 endfacet
 facet normal  0.000000e+00  0.000000e+00  1.000000e+00
   outer loop
     vertex  1.181777e-02 -1.477915e-02  1.000000e-03
     vertex -2.165638e-02 -8.806109e-03  1.000000e-03
     vertex -2.169723e-02 -9.001155e-03  1.000000e-03
   endloop
 endfacet
 facet normal  0.000000e+00  0.000000e+00  1.000000e+00
   outer loop
     vertex  1.181777e-02 -1.477915e-02  1.000000e-03
     vertex -2.169723e-02 -9.001155e-03  1.000000e-03
     vertex -2.173747e-02 -9.196322e-03  1.000000e-03
   endloop
 endfacet
 facet normal  0.000000e+00  0.000000e+00  1.000000e+00
   outer loop
     vertex  1.181777e-02 -1.477915e-02  1.000000e-03
     vertex -2.173747e-02 -9.196322e-03  1.000000e-03
     vertex -2.177707e-02 -9.391602e-03  1.000000e-03
   endloop
 endfacet
 facet normal  0.000000e+00  0.000000e+00  1.000000e+00
   outer loop
     vertex  1.181777e-02 -1.477915e-02  1.000000e-03
     vertex -2.177707e-02 -9.391602e-03  1.000000e-03
     vertex  1.179566e-02 -1.495596e-02  1.000000e-03
   endloop
 endfacet
 facet normal  0.000000e+00  0.000000e+00  1.000000e+00
   outer loop
     vertex -1.216044e-02  9.311964e-03  1.000000e-03
     vertex -1.234002e-02  9.334889e-03  1.000000e-03
     vertex -1.703815e-02  6.566677e-03  1.000000e-03
   endloop
 endfacet
 facet normal  0.000000e+00  0.000000e+00  1.000000e+00
   outer loop
     vertex -1.216044e-02  9.311964e-03  1.000000e-03
     vertex -1.703815e-02  6.566677e-03  1.000000e-03
     vertex -1.710109e-02  6.412500e-03  1.000000e-03
   endloop
 endfacet
 facet normal  0.000000e+00  0.000000e+00  1.000000e+00
   outer loop
     vertex  1.184228e-02 -1.460159e-02  1.000000e-03
     vertex -2.165638e-02 -8.806109e-03  1.000000e-03
     vertex  1.181777e-02 -1.477915e-02  1.000000e-03
   endloop
 endfacet
 facet normal  0.000000e+00  0.000000e+00  1.000000e+00
   outer loop
     vertex  1.184228e-02 -1.460159e-02  1.000000e-03
     vertex -2.157282e-02 -8.416405e-03  1.000000e-03
     vertex -2.161490e-02 -8.611189e-03  1.000000e-03
   endloop
 endfacet
 facet normal  0.000000e+00  0.000000e+00  1.000000e+00
   outer loop
     vertex  1.184228e-02 -1.460159e-02  1.000000e-03
     vertex -2.161490e-02 -8.611189e-03  1.000000e-03
     vertex -2.165638e-02 -8.806109e-03  1.000000e-03
   endloop
 endfacet
 facet normal  0.000000e+00  0.000000e+00  1.000000e+00
   outer loop
     vertex  1.123663e-02 -4.699696e-02  1.000000e-03
     vertex -1.667139e-02 -4.900782e-02  1.000000e-03
     vertex -1.658578e-02 -4.915003e-02  1.000000e-03
   endloop
 endfacet
 facet normal  0.000000e+00  0.000000e+00  1.000000e+00
   outer loop
     vertex  1.123663e-02 -4.699696e-02  1.000000e-03
     vertex -1.658578e-02 -4.915003e-02  1.000000e-03
     vertex -1.649919e-02 -4.929163e-02  1.000000e-03
   endloop
 endfacet
 facet normal  0.000000e+00  0.000000e+00  1.000000e+00
   outer loop
     vertex  1.123663e-02 -4.699696e-02  1.000000e-03
     vertex -1.649919e-02 -4.929163e-02  1.000000e-03
     vertex  1.116869e-02 -4.716056e-02  1.000000e-03
   endloop
 endfacet
 facet normal  0.000000e+00  0.000000e+00  1.000000e+00
   outer loop
     vertex -1.197897e-02  9.286095e-03  1.000000e-03
     vertex -1.710109e-02  6.412500e-03  1.000000e-03
     vertex -1.716287e-02  6.255980e-03  1.000000e-03
   endloop
 endfacet
 facet normal  0.000000e+00  0.000000e+00  1.000000e+00
   outer loop
     vertex -1.197897e-02  9.286095e-03  1.000000e-03
     vertex -1.216044e-02  9.311964e-03  1.000000e-03
     vertex -1.710109e-02  6.412500e-03  1.000000e-03
   endloop
 endfacet
 facet normal  0.000000e+00  0.000000e+00  1.000000e+00
   outer loop
     vertex  1.186915e-02 -1.442327e-02  1.000000e-03
     vertex -2.157282e-02 -8.416405e-03  1.000000e-03
     vertex  1.184228e-02 -1.460159e-02  1.000000e-03
   endloop
 endfacet
 facet normal  0.000000e+00  0.000000e+00  1.000000e+00
   outer loop
     vertex  1.186915e-02 -1.442327e-02  1.000000e-03
     vertex -2.144296e-02 -7.832936e-03  1.000000e-03
     vertex -2.148685e-02 -8.027271e-03  1.000000e-03
   endloop
 endfacet
 facet normal  0.000000e+00  0.000000e+00  1.000000e+00
   outer loop
     vertex  1.186915e-02 -1.442327e-02  1.000000e-03
     vertex -2.148685e-02 -8.027271e-03  1.000000e-03
     vertex -2.153013e-02 -8.221763e-03  1.000000e-03
   endloop
 endfacet
 facet normal  0.000000e+00  0.000000e+00  1.000000e+00
   outer loop
     vertex  1.186915e-02 -1.442327e-02  1.000000e-03
     vertex -2.153013e-02 -8.221763e-03  1.000000e-03
     vertex -2.157282e-02 -8.416405e-03  1.000000e-03
   endloop
 endfacet
 facet normal  0.000000e+00  0.000000e+00  1.000000e+00
   outer loop
     vertex -1.179577e-02  9.257496e-03  1.000000e-03
     vertex -1.197897e-02  9.286095e-03  1.000000e-03
     vertex -1.716287e-02  6.255980e-03  1.000000e-03
   endloop
 endfacet
 facet normal  0.000000e+00  0.000000e+00  1.000000e+00
   outer loop
     vertex -1.179577e-02  9.257496e-03  1.000000e-03
     vertex -1.716287e-02  6.255980e-03  1.000000e-03
     vertex -1.722363e-02  6.097278e-03  1.000000e-03
   endloop
 endfacet
 facet normal  0.000000e+00  0.000000e+00  1.000000e+00
   outer loop
     vertex -1.161100e-02  9.226382e-03  1.000000e-03
     vertex -1.179577e-02  9.257496e-03  1.000000e-03
     vertex -1.722363e-02  6.097278e-03  1.000000e-03
   endloop
 endfacet
 facet normal  0.000000e+00  0.000000e+00  1.000000e+00
   outer loop
     vertex -1.161100e-02  9.226382e-03  1.000000e-03
     vertex -1.722363e-02  6.097278e-03  1.000000e-03
     vertex -1.728350e-02  5.936551e-03  1.000000e-03
   endloop
 endfacet
 facet normal  0.000000e+00  0.000000e+00  1.000000e+00
   outer loop
     vertex  1.189838e-02 -1.424418e-02  1.000000e-03
     vertex -2.130781e-02 -7.250941e-03  1.000000e-03
     vertex -2.135344e-02 -7.444764e-03  1.000000e-03
   endloop
 endfacet
 facet normal  0.000000e+00  0.000000e+00  1.000000e+00
   outer loop
     vertex  1.189838e-02 -1.424418e-02  1.000000e-03
     vertex -2.135344e-02 -7.444764e-03  1.000000e-03
     vertex -2.139849e-02 -7.638765e-03  1.000000e-03
   endloop
 endfacet
 facet normal  0.000000e+00  0.000000e+00  1.000000e+00
   outer loop
     vertex  1.189838e-02 -1.424418e-02  1.000000e-03
     vertex -2.139849e-02 -7.638765e-03  1.000000e-03
     vertex -2.144296e-02 -7.832936e-03  1.000000e-03
   endloop
 endfacet
 facet normal  0.000000e+00  0.000000e+00  1.000000e+00
   outer loop
     vertex  1.189838e-02 -1.424418e-02  1.000000e-03
     vertex -2.144296e-02 -7.832936e-03  1.000000e-03
     vertex  1.186915e-02 -1.442327e-02  1.000000e-03
   endloop
 endfacet
 facet normal  0.000000e+00  0.000000e+00  1.000000e+00
   outer loop
     vertex -1.142480e-02  9.192970e-03  1.000000e-03
     vertex -1.161100e-02  9.226382e-03  1.000000e-03
     vertex -1.728350e-02  5.936551e-03  1.000000e-03
   endloop
 endfacet
 facet normal  0.000000e+00  0.000000e+00  1.000000e+00
   outer loop
     vertex -1.142480e-02  9.192970e-03  1.000000e-03
     vertex -1.728350e-02  5.936551e-03  1.000000e-03
     vertex -1.734259e-02  5.773950e-03  1.000000e-03
   endloop
 endfacet
 facet normal  0.000000e+00  0.000000e+00  1.000000e+00
   outer loop
     vertex  1.192992e-02 -1.406432e-02  1.000000e-03
     vertex -2.121486e-02 -6.863854e-03  1.000000e-03
     vertex -2.126162e-02 -7.057302e-03  1.000000e-03
   endloop
 endfacet
 facet normal  0.000000e+00  0.000000e+00  1.000000e+00
   outer loop
     vertex  1.192992e-02 -1.406432e-02  1.000000e-03
     vertex -2.126162e-02 -7.057302e-03  1.000000e-03
     vertex -2.130781e-02 -7.250941e-03  1.000000e-03
   endloop
 endfacet
 facet normal  0.000000e+00  0.000000e+00  1.000000e+00
   outer loop
     vertex  1.192992e-02 -1.406432e-02  1.000000e-03
     vertex -2.130781e-02 -7.250941e-03  1.000000e-03
     vertex  1.189838e-02 -1.424418e-02  1.000000e-03
   endloop
 endfacet
 facet normal  0.000000e+00  0.000000e+00  1.000000e+00
   outer loop
     vertex  1.130409e-02 -4.683252e-02  1.000000e-03
     vertex -1.683967e-02 -4.872167e-02  1.000000e-03
     vertex -1.675601e-02 -4.886503e-02  1.000000e-03
   endloop
 endfacet
 facet normal  0.000000e+00  0.000000e+00  1.000000e+00
   outer loop
     vertex  1.130409e-02 -4.683252e-02  1.000000e-03
     vertex -1.675601e-02 -4.886503e-02  1.000000e-03
     vertex -1.667139e-02 -4.900782e-02  1.000000e-03
   endloop
 endfacet
 facet normal  0.000000e+00  0.000000e+00  1.000000e+00
   outer loop
     vertex  1.130409e-02 -4.683252e-02  1.000000e-03
     vertex -1.667139e-02 -4.900782e-02  1.000000e-03
     vertex  1.123663e-02 -4.699696e-02  1.000000e-03
   endloop
 endfacet
 facet normal  0.000000e+00  0.000000e+00  1.000000e+00
   outer loop
     vertex -1.123735e-02  9.157474e-03  1.000000e-03
     vertex -1.734259e-02  5.773950e-03  1.000000e-03
     vertex -1.740102e-02  5.609621e-03  1.000000e-03
   endloop
 endfacet
 facet normal  0.000000e+00  0.000000e+00  1.000000e+00
   outer loop
     vertex -1.123735e-02  9.157474e-03  1.000000e-03
     vertex -1.142480e-02  9.192970e-03  1.000000e-03
     vertex -1.734259e-02  5.773950e-03  1.000000e-03
   endloop
 endfacet
 facet normal  0.000000e+00  0.000000e+00  1.000000e+00
   outer loop
     vertex -1.104879e-02  9.120109e-03  1.000000e-03
     vertex -1.740102e-02  5.609621e-03  1.000000e-03
     vertex -1.745889e-02  5.443702e-03  1.000000e-03
   endloop
 endfacet
 facet normal  0.000000e+00  0.000000e+00  1.000000e+00
   outer loop
     vertex -1.104879e-02  9.120109e-03  1.000000e-03
     vertex -1.123735e-02  9.157474e-03  1.000000e-03
     vertex -1.740102e-02  5.609621e-03  1.000000e-03
   endloop
 endfacet
 facet normal  0.000000e+00  0.000000e+00  1.000000e+00
   outer loop
     vertex  1.196374e-02 -1.388370e-02  1.000000e-03
     vertex -2.107131e-02 -6.284716e-03  1.000000e-03
     vertex -2.111970e-02 -6.477555e-03  1.000000e-03
   endloop
 endfacet
 facet normal  0.000000e+00  0.000000e+00  1.000000e+00
   outer loop
     vertex  1.196374e-02 -1.388370e-02  1.000000e-03
     vertex -2.111970e-02 -6.477555e-03  1.000000e-03
     vertex -2.116755e-02 -6.670603e-03  1.000000e-03
   endloop
 endfacet
 facet normal  0.000000e+00  0.000000e+00  1.000000e+00
   outer loop
     vertex  1.196374e-02 -1.388370e-02  1.000000e-03
     vertex -2.116755e-02 -6.670603e-03  1.000000e-03
     vertex -2.121486e-02 -6.863854e-03  1.000000e-03
   endloop
 endfacet
 facet normal  0.000000e+00  0.000000e+00  1.000000e+00
   outer loop
     vertex  1.196374e-02 -1.388370e-02  1.000000e-03
     vertex -2.121486e-02 -6.863854e-03  1.000000e-03
     vertex  1.192992e-02 -1.406432e-02  1.000000e-03
   endloop
 endfacet
 facet normal  0.000000e+00  0.000000e+00  1.000000e+00
   outer loop
     vertex -1.085927e-02  9.081088e-03  1.000000e-03
     vertex -1.745889e-02  5.443702e-03  1.000000e-03
     vertex -1.751630e-02  5.276323e-03  1.000000e-03
   endloop
 endfacet
 facet normal  0.000000e+00  0.000000e+00  1.000000e+00
   outer loop
     vertex -1.085927e-02  9.081088e-03  1.000000e-03
     vertex -1.751630e-02  5.276323e-03  1.000000e-03
     vertex -1.756008e-02  5.146843e-03  1.000000e-03
   endloop
 endfacet
 facet normal  0.000000e+00  0.000000e+00  1.000000e+00
   outer loop
     vertex -1.085927e-02  9.081088e-03  1.000000e-03
     vertex -1.104879e-02  9.120109e-03  1.000000e-03
     vertex -1.745889e-02  5.443702e-03  1.000000e-03
   endloop
 endfacet
 facet normal  0.000000e+00  0.000000e+00  1.000000e+00
   outer loop
     vertex  1.199979e-02 -1.370230e-02  1.000000e-03
     vertex -2.097295e-02 -5.899689e-03  1.000000e-03
     vertex -2.102239e-02 -6.092092e-03  1.000000e-03
   endloop
 endfacet
 facet normal  0.000000e+00  0.000000e+00  1.000000e+00
   outer loop
     vertex  1.199979e-02 -1.370230e-02  1.000000e-03
     vertex -2.102239e-02 -6.092092e-03  1.000000e-03
     vertex -2.107131e-02 -6.284716e-03  1.000000e-03
   endloop
 endfacet
 facet normal  0.000000e+00  0.000000e+00  1.000000e+00
   outer loop
     vertex  1.199979e-02 -1.370230e-02  1.000000e-03
     vertex -2.107131e-02 -6.284716e-03  1.000000e-03
     vertex  1.196374e-02 -1.388370e-02  1.000000e-03
   endloop
 endfacet
 facet normal  0.000000e+00  0.000000e+00  1.000000e+00
   outer loop
     vertex -1.066894e-02  9.040620e-03  1.000000e-03
     vertex -1.085927e-02  9.081088e-03  1.000000e-03
     vertex -1.756008e-02  5.146843e-03  1.000000e-03
   endloop
 endfacet
 facet normal  0.000000e+00  0.000000e+00  1.000000e+00
   outer loop
     vertex  1.203802e-02 -1.352013e-02  1.000000e-03
     vertex -2.090736e-02 -5.648009e-03  1.000000e-03
     vertex -2.092300e-02 -5.707513e-03  1.000000e-03
   endloop
 endfacet
 facet normal  0.000000e+00  0.000000e+00  1.000000e+00
   outer loop
     vertex  1.203802e-02 -1.352013e-02  1.000000e-03
     vertex -2.092300e-02 -5.707513e-03  1.000000e-03
     vertex -2.097295e-02 -5.899689e-03  1.000000e-03
   endloop
 endfacet
 facet normal  0.000000e+00  0.000000e+00  1.000000e+00
   outer loop
     vertex  1.203802e-02 -1.352013e-02  1.000000e-03
     vertex -2.097295e-02 -5.899689e-03  1.000000e-03
     vertex  1.199979e-02 -1.370230e-02  1.000000e-03
   endloop
 endfacet
 facet normal  0.000000e+00  0.000000e+00  1.000000e+00
   outer loop
     vertex  1.137110e-02 -4.666727e-02  1.000000e-03
     vertex -1.683967e-02 -4.872167e-02  1.000000e-03
     vertex  1.130409e-02 -4.683252e-02  1.000000e-03
   endloop
 endfacet
 facet normal  0.000000e+00  0.000000e+00  1.000000e+00
   outer loop
     vertex -1.047794e-02  8.998909e-03  1.000000e-03
     vertex -1.066894e-02  9.040620e-03  1.000000e-03
     vertex -1.756008e-02  5.146843e-03  1.000000e-03
   endloop
 endfacet
 facet normal  0.000000e+00  0.000000e+00  1.000000e+00
   outer loop
     vertex  1.137110e-02 -4.666727e-02  1.000000e-03
     vertex -1.700413e-02 -4.843330e-02  1.000000e-03
     vertex -1.692237e-02 -4.857775e-02  1.000000e-03
   endloop
 endfacet
 facet normal  0.000000e+00  0.000000e+00  1.000000e+00
   outer loop
     vertex  1.137110e-02 -4.666727e-02  1.000000e-03
     vertex -1.692237e-02 -4.857775e-02  1.000000e-03
     vertex -1.683967e-02 -4.872167e-02  1.000000e-03
   endloop
 endfacet
 facet normal  0.000000e+00  0.000000e+00  1.000000e+00
   outer loop
     vertex -1.028641e-02  8.956155e-03  1.000000e-03
     vertex -1.047794e-02  8.998909e-03  1.000000e-03
     vertex -1.756008e-02  5.146843e-03  1.000000e-03
   endloop
 endfacet
 facet normal  0.000000e+00  0.000000e+00  1.000000e+00
   outer loop
     vertex  1.207838e-02 -1.333720e-02  1.000000e-03
     vertex -2.090736e-02 -5.648009e-03  1.000000e-03
     vertex  1.203802e-02 -1.352013e-02  1.000000e-03
   endloop
 endfacet
 facet normal  0.000000e+00  0.000000e+00  1.000000e+00
   outer loop
     vertex -1.009447e-02  8.912551e-03  1.000000e-03
     vertex -1.028641e-02  8.956155e-03  1.000000e-03
     vertex -1.756008e-02  5.146843e-03  1.000000e-03
   endloop
 endfacet
 facet normal  0.000000e+00  0.000000e+00  1.000000e+00
   outer loop
     vertex -9.902239e-03  8.868282e-03  1.000000e-03
     vertex -1.009447e-02  8.912551e-03  1.000000e-03
     vertex -1.756008e-02  5.146843e-03  1.000000e-03
   endloop
 endfacet
 facet normal  0.000000e+00  0.000000e+00  1.000000e+00
   outer loop
     vertex  1.212082e-02 -1.315349e-02  1.000000e-03
     vertex -2.090736e-02 -5.648009e-03  1.000000e-03
     vertex  1.207838e-02 -1.333720e-02  1.000000e-03
   endloop
 endfacet
 facet normal  0.000000e+00  0.000000e+00  1.000000e+00
   outer loop
     vertex -9.709835e-03  8.823528e-03  1.000000e-03
     vertex -9.902239e-03  8.868282e-03  1.000000e-03
     vertex -1.756008e-02  5.146843e-03  1.000000e-03
   endloop
 endfacet
 facet normal  0.000000e+00  0.000000e+00  1.000000e+00
   outer loop
     vertex -9.517357e-03  8.778454e-03  1.000000e-03
     vertex -9.709835e-03  8.823528e-03  1.000000e-03
     vertex -1.756008e-02  5.146843e-03  1.000000e-03
   endloop
 endfacet
 facet normal  0.000000e+00  0.000000e+00  1.000000e+00
   outer loop
     vertex -9.324894e-03  8.733221e-03  1.000000e-03
     vertex -9.517357e-03  8.778454e-03  1.000000e-03
     vertex -1.756008e-02  5.146843e-03  1.000000e-03
   endloop
 endfacet
 facet normal  0.000000e+00  0.000000e+00  1.000000e+00
   outer loop
     vertex  1.143767e-02 -4.650122e-02  1.000000e-03
     vertex -1.716485e-02 -4.814286e-02  1.000000e-03
     vertex -1.708495e-02 -4.828833e-02  1.000000e-03
   endloop
 endfacet
 facet normal  0.000000e+00  0.000000e+00  1.000000e+00
   outer loop
     vertex  1.143767e-02 -4.650122e-02  1.000000e-03
     vertex -1.708495e-02 -4.828833e-02  1.000000e-03
     vertex -1.700413e-02 -4.843330e-02  1.000000e-03
   endloop
 endfacet
 facet normal  0.000000e+00  0.000000e+00  1.000000e+00
   outer loop
     vertex  1.143767e-02 -4.650122e-02  1.000000e-03
     vertex -1.700413e-02 -4.843330e-02  1.000000e-03
     vertex  1.137110e-02 -4.666727e-02  1.000000e-03
   endloop
 endfacet
 facet normal  0.000000e+00  0.000000e+00  1.000000e+00
   outer loop
     vertex -9.132526e-03  8.687973e-03  1.000000e-03
     vertex -9.324894e-03  8.733221e-03  1.000000e-03
     vertex -1.756008e-02  5.146843e-03  1.000000e-03
   endloop
 endfacet
 facet normal  0.000000e+00  0.000000e+00  1.000000e+00
   outer loop
     vertex -8.940320e-03  8.642846e-03  1.000000e-03
     vertex -9.132526e-03  8.687973e-03  1.000000e-03
     vertex -1.756008e-02  5.146843e-03  1.000000e-03
   endloop
 endfacet
 facet normal  0.000000e+00  0.000000e+00  1.000000e+00
   outer loop
     vertex -8.748330e-03  8.597962e-03  1.000000e-03
     vertex -8.940320e-03  8.642846e-03  1.000000e-03
     vertex -1.756008e-02  5.146843e-03  1.000000e-03
   endloop
 endfacet
 facet normal  0.000000e+00  0.000000e+00  1.000000e+00
   outer loop
     vertex -8.556601e-03  8.553432e-03  1.000000e-03
     vertex -8.748330e-03  8.597962e-03  1.000000e-03
     vertex -1.756008e-02  5.146843e-03  1.000000e-03
   endloop
 endfacet
 facet normal  0.000000e+00  0.000000e+00  1.000000e+00
   outer loop
     vertex -8.365165e-03  8.509355e-03  1.000000e-03
     vertex -8.556601e-03  8.553432e-03  1.000000e-03
     vertex -1.756008e-02  5.146843e-03  1.000000e-03
   endloop
 endfacet
 facet normal  0.000000e+00  0.000000e+00  1.000000e+00
   outer loop
     vertex -8.174044e-03  8.465821e-03  1.000000e-03
     vertex -8.365165e-03  8.509355e-03  1.000000e-03
     vertex -1.756008e-02  5.146843e-03  1.000000e-03
   endloop
 endfacet
 facet normal  0.000000e+00  0.000000e+00  1.000000e+00
   outer loop
     vertex -7.983253e-03  8.422908e-03  1.000000e-03
     vertex -8.174044e-03  8.465821e-03  1.000000e-03
     vertex -1.756008e-02  5.146843e-03  1.000000e-03
   endloop
 endfacet
 facet normal  0.000000e+00  0.000000e+00  1.000000e+00
   outer loop
     vertex -7.792795e-03  8.380686e-03  1.000000e-03
     vertex -7.983253e-03  8.422908e-03  1.000000e-03
     vertex -1.756008e-02  5.146843e-03  1.000000e-03
   endloop
 endfacet
 facet normal  0.000000e+00  0.000000e+00  1.000000e+00
   outer loop
     vertex  1.150381e-02 -4.633438e-02  1.000000e-03
     vertex -1.724383e-02 -4.799690e-02  1.000000e-03
     vertex -1.716485e-02 -4.814286e-02  1.000000e-03
   endloop
 endfacet
 facet normal  0.000000e+00  0.000000e+00  1.000000e+00
   outer loop
     vertex  1.150381e-02 -4.633438e-02  1.000000e-03
     vertex -1.716485e-02 -4.814286e-02  1.000000e-03
     vertex  1.143767e-02 -4.650122e-02  1.000000e-03
   endloop
 endfacet
 facet normal  0.000000e+00  0.000000e+00  1.000000e+00
   outer loop
     vertex -7.602666e-03  8.339214e-03  1.000000e-03
     vertex -7.792795e-03  8.380686e-03  1.000000e-03
     vertex -1.756008e-02  5.146843e-03  1.000000e-03
   endloop
 endfacet
 facet normal  0.000000e+00  0.000000e+00  1.000000e+00
   outer loop
     vertex -7.412854e-03  8.298542e-03  1.000000e-03
     vertex -7.602666e-03  8.339214e-03  1.000000e-03
     vertex -1.756008e-02  5.146843e-03  1.000000e-03
   endloop
 endfacet
 facet normal  0.000000e+00  0.000000e+00  1.000000e+00
   outer loop
     vertex -7.223339e-03  8.258713e-03  1.000000e-03
     vertex -7.412854e-03  8.298542e-03  1.000000e-03
     vertex -1.756008e-02  5.146843e-03  1.000000e-03
   endloop
 endfacet
 facet normal  0.000000e+00  0.000000e+00  1.000000e+00
   outer loop
     vertex -7.034094e-03  8.219759e-03  1.000000e-03
     vertex -7.223339e-03  8.258713e-03  1.000000e-03
     vertex -1.756008e-02  5.146843e-03  1.000000e-03
   endloop
 endfacet
 facet normal  0.000000e+00  0.000000e+00  1.000000e+00
   outer loop
     vertex -7.034094e-03  8.219759e-03  1.000000e-03
     vertex -1.756008e-02  5.146843e-03  1.000000e-03
     vertex -2.090736e-02 -5.648009e-03  1.000000e-03
   endloop
 endfacet
 facet normal  0.000000e+00  0.000000e+00  1.000000e+00
   outer loop
     vertex -6.845089e-03  8.181708e-03  1.000000e-03
     vertex -7.034094e-03  8.219759e-03  1.000000e-03
     vertex -2.090736e-02 -5.648009e-03  1.000000e-03
   endloop
 endfacet
 facet normal  0.000000e+00  0.000000e+00  1.000000e+00
   outer loop
     vertex  1.156954e-02 -4.616677e-02  1.000000e-03
     vertex -1.739910e-02 -4.770360e-02  1.000000e-03
     vertex -1.732191e-02 -4.785048e-02  1.000000e-03
   endloop
 endfacet
 facet normal  0.000000e+00  0.000000e+00  1.000000e+00
   outer loop
     vertex  1.156954e-02 -4.616677e-02  1.000000e-03
     vertex -1.732191e-02 -4.785048e-02  1.000000e-03
     vertex -1.724383e-02 -4.799690e-02  1.000000e-03
   endloop
 endfacet
 facet normal  0.000000e+00  0.000000e+00  1.000000e+00
   outer loop
     vertex  1.156954e-02 -4.616677e-02  1.000000e-03
     vertex -1.724383e-02 -4.799690e-02  1.000000e-03
     vertex  1.150381e-02 -4.633438e-02  1.000000e-03
   endloop
 endfacet
 facet normal  0.000000e+00  0.000000e+00  1.000000e+00
   outer loop
     vertex -6.656283e-03  8.144577e-03  1.000000e-03
     vertex -6.845089e-03  8.181708e-03  1.000000e-03
     vertex -2.090736e-02 -5.648009e-03  1.000000e-03
   endloop
 endfacet
 facet normal  0.000000e+00  0.000000e+00  1.000000e+00
   outer loop
     vertex -6.467636e-03  8.108379e-03  1.000000e-03
     vertex -6.656283e-03  8.144577e-03  1.000000e-03
     vertex -2.090736e-02 -5.648009e-03  1.000000e-03
   endloop
 endfacet
 facet normal  0.000000e+00  0.000000e+00  1.000000e+00
   outer loop
     vertex -6.279099e-03  8.073119e-03  1.000000e-03
     vertex -6.467636e-03  8.108379e-03  1.000000e-03
     vertex -2.090736e-02 -5.648009e-03  1.000000e-03
   endloop
 endfacet
 facet normal  0.000000e+00  0.000000e+00  1.000000e+00
   outer loop
     vertex -6.090621e-03  8.038796e-03  1.000000e-03
     vertex -6.279099e-03  8.073119e-03  1.000000e-03
     vertex -2.090736e-02 -5.648009e-03  1.000000e-03
   endloop
 endfacet
 facet normal  0.000000e+00  0.000000e+00  1.000000e+00
   outer loop
     vertex -5.902147e-03  8.005403e-03  1.000000e-03
     vertex -6.090621e-03  8.038796e-03  1.000000e-03
     vertex -2.090736e-02 -5.648009e-03  1.000000e-03
   endloop
 endfacet
 facet normal  0.000000e+00  0.000000e+00  1.000000e+00
   outer loop
     vertex -5.713621e-03  7.972929e-03  1.000000e-03
     vertex -5.902147e-03  8.005403e-03  1.000000e-03
     vertex -2.090736e-02 -5.648009e-03  1.000000e-03
   endloop
 endfacet
 facet normal  0.000000e+00  0.000000e+00  1.000000e+00
   outer loop
     vertex  1.163485e-02 -4.599840e-02  1.000000e-03
     vertex -1.755084e-02 -4.740855e-02  1.000000e-03
     vertex -1.747540e-02 -4.755629e-02  1.000000e-03
   endloop
 endfacet
 facet normal  0.000000e+00  0.000000e+00  1.000000e+00
   outer loop
     vertex  1.163485e-02 -4.599840e-02  1.000000e-03
     vertex -1.747540e-02 -4.755629e-02  1.000000e-03
     vertex -1.739910e-02 -4.770360e-02  1.000000e-03
   endloop
 endfacet
 facet normal  0.000000e+00  0.000000e+00  1.000000e+00
   outer loop
     vertex  1.163485e-02 -4.599840e-02  1.000000e-03
     vertex -1.739910e-02 -4.770360e-02  1.000000e-03
     vertex  1.156954e-02 -4.616677e-02  1.000000e-03
   endloop
 endfacet
 facet normal  0.000000e+00  0.000000e+00  1.000000e+00
   outer loop
     vertex -5.524983e-03  7.941358e-03  1.000000e-03
     vertex -5.713621e-03  7.972929e-03  1.000000e-03
     vertex -2.090736e-02 -5.648009e-03  1.000000e-03
   endloop
 endfacet
 facet normal  0.000000e+00  0.000000e+00  1.000000e+00
   outer loop
     vertex -5.336173e-03  7.910668e-03  1.000000e-03
     vertex -5.524983e-03  7.941358e-03  1.000000e-03
     vertex -2.090736e-02 -5.648009e-03  1.000000e-03
   endloop
 endfacet
 facet normal  0.000000e+00  0.000000e+00  1.000000e+00
   outer loop
     vertex -5.147128e-03  7.880835e-03  1.000000e-03
     vertex -5.336173e-03  7.910668e-03  1.000000e-03
     vertex -2.090736e-02 -5.648009e-03  1.000000e-03
   endloop
 endfacet
 facet normal  0.000000e+00  0.000000e+00  1.000000e+00
   outer loop
     vertex -4.957786e-03  7.851832e-03  1.000000e-03
     vertex -5.147128e-03  7.880835e-03  1.000000e-03
     vertex -2.090736e-02 -5.648009e-03  1.000000e-03
   endloop
 endfacet
 facet normal  0.000000e+00  0.000000e+00  1.000000e+00
   outer loop
     vertex -4.768085e-03  7.823625e-03  1.000000e-03
     vertex -4.957786e-03  7.851832e-03  1.000000e-03
     vertex -2.090736e-02 -5.648009e-03  1.000000e-03
   endloop
 endfacet
 facet normal  0.000000e+00  0.000000e+00  1.000000e+00
   outer loop
     vertex  1.169977e-02 -4.582930e-02  1.000000e-03
     vertex -1.769915e-02 -4.711188e-02  1.000000e-03
     vertex -1.762542e-02 -4.726042e-02  1.000000e-03
   endloop
 endfacet
 facet normal  0.000000e+00  0.000000e+00  1.000000e+00
   outer loop
     vertex  1.169977e-02 -4.582930e-02  1.000000e-03
     vertex -1.762542e-02 -4.726042e-02  1.000000e-03
     vertex -1.755084e-02 -4.740855e-02  1.000000e-03
   endloop
 endfacet
 facet normal  0.000000e+00  0.000000e+00  1.000000e+00
   outer loop
     vertex  1.169977e-02 -4.582930e-02  1.000000e-03
     vertex -1.755084e-02 -4.740855e-02  1.000000e-03
     vertex  1.163485e-02 -4.599840e-02  1.000000e-03
   endloop
 endfacet
 facet normal  0.000000e+00  0.000000e+00  1.000000e+00
   outer loop
     vertex -4.577965e-03  7.796182e-03  1.000000e-03
     vertex -4.768085e-03  7.823625e-03  1.000000e-03
     vertex -2.090736e-02 -5.648009e-03  1.000000e-03
   endloop
 endfacet
 facet normal  0.000000e+00  0.000000e+00  1.000000e+00
   outer loop
     vertex -4.387364e-03  7.769466e-03  1.000000e-03
     vertex -4.577965e-03  7.796182e-03  1.000000e-03
     vertex -2.090736e-02 -5.648009e-03  1.000000e-03
   endloop
 endfacet
 facet normal  0.000000e+00  0.000000e+00  1.000000e+00
   outer loop
     vertex -4.196226e-03  7.743439e-03  1.000000e-03
     vertex -4.387364e-03  7.769466e-03  1.000000e-03
     vertex -2.090736e-02 -5.648009e-03  1.000000e-03
   endloop
 endfacet
 facet normal  0.000000e+00  0.000000e+00  1.000000e+00
   outer loop
     vertex -4.004494e-03  7.718062e-03  1.000000e-03
     vertex -4.196226e-03  7.743439e-03  1.000000e-03
     vertex -2.090736e-02 -5.648009e-03  1.000000e-03
   endloop
 endfacet
 facet normal  0.000000e+00  0.000000e+00  1.000000e+00
   outer loop
     vertex -3.812116e-03  7.693293e-03  1.000000e-03
     vertex -4.004494e-03  7.718062e-03  1.000000e-03
     vertex -2.090736e-02 -5.648009e-03  1.000000e-03
   endloop
 endfacet
 facet normal  0.000000e+00  0.000000e+00  1.000000e+00
   outer loop
     vertex  1.176430e-02 -4.565946e-02  1.000000e-03
     vertex -1.777204e-02 -4.696298e-02  1.000000e-03
     vertex -1.769915e-02 -4.711188e-02  1.000000e-03
   endloop
 endfacet
 facet normal  0.000000e+00  0.000000e+00  1.000000e+00
   outer loop
     vertex  1.176430e-02 -4.565946e-02  1.000000e-03
     vertex -1.769915e-02 -4.711188e-02  1.000000e-03
     vertex  1.169977e-02 -4.582930e-02  1.000000e-03
   endloop
 endfacet
 facet normal  0.000000e+00  0.000000e+00  1.000000e+00
   outer loop
     vertex -3.619043e-03  7.669093e-03  1.000000e-03
     vertex -3.812116e-03  7.693293e-03  1.000000e-03
     vertex -2.090736e-02 -5.648009e-03  1.000000e-03
   endloop
 endfacet
 facet normal  0.000000e+00  0.000000e+00  1.000000e+00
   outer loop
     vertex -3.425231e-03  7.645419e-03  1.000000e-03
     vertex -3.619043e-03  7.669093e-03  1.000000e-03
     vertex -2.090736e-02 -5.648009e-03  1.000000e-03
   endloop
 endfacet
 facet normal  0.000000e+00  0.000000e+00  1.000000e+00
   outer loop
     vertex -3.230639e-03  7.622230e-03  1.000000e-03
     vertex -3.425231e-03  7.645419e-03  1.000000e-03
     vertex -2.090736e-02 -5.648009e-03  1.000000e-03
   endloop
 endfacet
 facet normal  0.000000e+00  0.000000e+00  1.000000e+00
   outer loop
     vertex -3.035234e-03  7.599487e-03  1.000000e-03
     vertex -3.230639e-03  7.622230e-03  1.000000e-03
     vertex -2.090736e-02 -5.648009e-03  1.000000e-03
   endloop
 endfacet
 facet normal  0.000000e+00  0.000000e+00  1.000000e+00
   outer loop
     vertex -2.838986e-03  7.577150e-03  1.000000e-03
     vertex -3.035234e-03  7.599487e-03  1.000000e-03
     vertex -2.090736e-02 -5.648009e-03  1.000000e-03
   endloop
 endfacet
 facet normal  0.000000e+00  0.000000e+00  1.000000e+00
   outer loop
     vertex  1.182844e-02 -4.548892e-02  1.000000e-03
     vertex -1.791536e-02 -4.666410e-02  1.000000e-03
     vertex -1.784411e-02 -4.681372e-02  1.000000e-03
   endloop
 endfacet
 facet normal  0.000000e+00  0.000000e+00  1.000000e+00
   outer loop
     vertex  1.182844e-02 -4.548892e-02  1.000000e-03
     vertex -1.784411e-02 -4.681372e-02  1.000000e-03
     vertex -1.777204e-02 -4.696298e-02  1.000000e-03
   endloop
 endfacet
 facet normal  0.000000e+00  0.000000e+00  1.000000e+00
   outer loop
     vertex  1.182844e-02 -4.548892e-02  1.000000e-03
     vertex -1.777204e-02 -4.696298e-02  1.000000e-03
     vertex  1.176430e-02 -4.565946e-02  1.000000e-03
   endloop
 endfacet
 facet normal  0.000000e+00  0.000000e+00  1.000000e+00
   outer loop
     vertex -2.641874e-03  7.555182e-03  1.000000e-03
     vertex -2.838986e-03  7.577150e-03  1.000000e-03
     vertex -2.090736e-02 -5.648009e-03  1.000000e-03
   endloop
 endfacet
 facet normal  0.000000e+00  0.000000e+00  1.000000e+00
   outer loop
     vertex -2.443880e-03  7.533545e-03  1.000000e-03
     vertex -2.090736e-02 -5.648009e-03  1.000000e-03
     vertex  1.212082e-02 -1.315349e-02  1.000000e-03
   endloop
 endfacet
 facet normal  0.000000e+00  0.000000e+00  1.000000e+00
   outer loop
     vertex -2.443880e-03  7.533545e-03  1.000000e-03
     vertex  1.212082e-02 -1.315349e-02  1.000000e-03
     vertex  1.216527e-02 -1.296903e-02  1.000000e-03
   endloop
 endfacet
 facet normal  0.000000e+00  0.000000e+00  1.000000e+00
   outer loop
     vertex -2.443880e-03  7.533545e-03  1.000000e-03
     vertex -2.641874e-03  7.555182e-03  1.000000e-03
     vertex -2.090736e-02 -5.648009e-03  1.000000e-03
   endloop
 endfacet
 facet normal  0.000000e+00  0.000000e+00  1.000000e+00
   outer loop
     vertex -2.244993e-03  7.512204e-03  1.000000e-03
     vertex -2.443880e-03  7.533545e-03  1.000000e-03
     vertex  1.216527e-02 -1.296903e-02  1.000000e-03
   endloop
 endfacet
 facet normal  0.000000e+00  0.000000e+00  1.000000e+00
   outer loop
     vertex -2.045210e-03  7.491125e-03  1.000000e-03
     vertex  1.216527e-02 -1.296903e-02  1.000000e-03
     vertex  1.221167e-02 -1.278380e-02  1.000000e-03
   endloop
 endfacet
 facet normal  0.000000e+00  0.000000e+00  1.000000e+00
   outer loop
     vertex  1.189219e-02 -4.531768e-02  1.000000e-03
     vertex -1.791536e-02 -4.666410e-02  1.000000e-03
     vertex  1.182844e-02 -4.548892e-02  1.000000e-03
   endloop
 endfacet
 facet normal  0.000000e+00  0.000000e+00  1.000000e+00
   outer loop
     vertex -2.045210e-03  7.491125e-03  1.000000e-03
     vertex -2.244993e-03  7.512204e-03  1.000000e-03
     vertex  1.216527e-02 -1.296903e-02  1.000000e-03
   endloop
 endfacet
 facet normal  0.000000e+00  0.000000e+00  1.000000e+00
   outer loop
     vertex  1.189219e-02 -4.531768e-02  1.000000e-03
     vertex -1.798581e-02 -4.651416e-02  1.000000e-03
     vertex -1.791536e-02 -4.666410e-02  1.000000e-03
   endloop
 endfacet
 facet normal  0.000000e+00  0.000000e+00  1.000000e+00
   outer loop
     vertex -1.844528e-03  7.470275e-03  1.000000e-03
     vertex  1.221167e-02 -1.278380e-02  1.000000e-03
     vertex  1.225994e-02 -1.259782e-02  1.000000e-03
   endloop
 endfacet
 facet normal  0.000000e+00  0.000000e+00  1.000000e+00
   outer loop
     vertex -1.844528e-03  7.470275e-03  1.000000e-03
     vertex -2.045210e-03  7.491125e-03  1.000000e-03
     vertex  1.221167e-02 -1.278380e-02  1.000000e-03
   endloop
 endfacet
 facet normal  0.000000e+00  0.000000e+00  1.000000e+00
   outer loop
     vertex -1.642955e-03  7.449621e-03  1.000000e-03
     vertex -1.844528e-03  7.470275e-03  1.000000e-03
     vertex  1.225994e-02 -1.259782e-02  1.000000e-03
   endloop
 endfacet
 facet normal  0.000000e+00  0.000000e+00  1.000000e+00
   outer loop
     vertex -1.440500e-03  7.429133e-03  1.000000e-03
     vertex -1.642955e-03  7.449621e-03  1.000000e-03
     vertex  1.225994e-02 -1.259782e-02  1.000000e-03
   endloop
 endfacet
 facet normal  0.000000e+00  0.000000e+00  1.000000e+00
   outer loop
     vertex -1.440500e-03  7.429133e-03  1.000000e-03
     vertex  1.225994e-02 -1.259782e-02  1.000000e-03
     vertex  1.231001e-02 -1.241110e-02  1.000000e-03
   endloop
 endfacet
 facet normal  0.000000e+00  0.000000e+00  1.000000e+00
   outer loop
     vertex -1.237178e-03  7.408780e-03  1.000000e-03
     vertex -1.440500e-03  7.429133e-03  1.000000e-03
     vertex  1.231001e-02 -1.241110e-02  1.000000e-03
   endloop
 endfacet
 facet normal  0.000000e+00  0.000000e+00  1.000000e+00
   outer loop
     vertex -1.237178e-03  7.408780e-03  1.000000e-03
     vertex  1.231001e-02 -1.241110e-02  1.000000e-03
     vertex  1.236181e-02 -1.222364e-02  1.000000e-03
   endloop
 endfacet
 facet normal  0.000000e+00  0.000000e+00  1.000000e+00
   outer loop
     vertex -1.033011e-03  7.388532e-03  1.000000e-03
     vertex -1.237178e-03  7.408780e-03  1.000000e-03
     vertex  1.236181e-02 -1.222364e-02  1.000000e-03
   endloop
 endfacet
 facet normal  0.000000e+00  0.000000e+00  1.000000e+00
   outer loop
     vertex  1.195557e-02 -4.514577e-02  1.000000e-03
     vertex -1.812434e-02 -4.621334e-02  1.000000e-03
     vertex -1.805547e-02 -4.636390e-02  1.000000e-03
   endloop
 endfacet
 facet normal  0.000000e+00  0.000000e+00  1.000000e+00
   outer loop
     vertex  1.195557e-02 -4.514577e-02  1.000000e-03
     vertex -1.805547e-02 -4.636390e-02  1.000000e-03
     vertex -1.798581e-02 -4.651416e-02  1.000000e-03
   endloop
 endfacet
 facet normal  0.000000e+00  0.000000e+00  1.000000e+00
   outer loop
     vertex  1.195557e-02 -4.514577e-02  1.000000e-03
     vertex -1.798581e-02 -4.651416e-02  1.000000e-03
     vertex  1.189219e-02 -4.531768e-02  1.000000e-03
   endloop
 endfacet
 facet normal  0.000000e+00  0.000000e+00  1.000000e+00
   outer loop
     vertex -8.280210e-04  7.368363e-03  1.000000e-03
     vertex  1.236181e-02 -1.222364e-02  1.000000e-03
     vertex  1.241524e-02 -1.203544e-02  1.000000e-03
   endloop
 endfacet
 facet normal  0.000000e+00  0.000000e+00  1.000000e+00
   outer loop
     vertex -8.280210e-04  7.368363e-03  1.000000e-03
     vertex -1.033011e-03  7.388532e-03  1.000000e-03
     vertex  1.236181e-02 -1.222364e-02  1.000000e-03
   endloop
 endfacet
 facet normal  0.000000e+00  0.000000e+00  1.000000e+00
   outer loop
     vertex -6.222390e-04  7.348243e-03  1.000000e-03
     vertex -8.280210e-04  7.368363e-03  1.000000e-03
     vertex  1.241524e-02 -1.203544e-02  1.000000e-03
   endloop
 endfacet
 facet normal  0.000000e+00  0.000000e+00  1.000000e+00
   outer loop
     vertex -6.222390e-04  7.348243e-03  1.000000e-03
     vertex  1.241524e-02 -1.203544e-02  1.000000e-03
     vertex  1.247023e-02 -1.184653e-02  1.000000e-03
   endloop
 endfacet
 facet normal  0.000000e+00  0.000000e+00  1.000000e+00
   outer loop
     vertex -4.156980e-04  7.328146e-03  1.000000e-03
     vertex -6.222390e-04  7.348243e-03  1.000000e-03
     vertex  1.247023e-02 -1.184653e-02  1.000000e-03
   endloop
 endfacet
 facet normal  0.000000e+00  0.000000e+00  1.000000e+00
   outer loop
     vertex -4.156980e-04  7.328146e-03  1.000000e-03
     vertex  1.247023e-02 -1.184653e-02  1.000000e-03
     vertex  1.252668e-02 -1.165690e-02  1.000000e-03
   endloop
 endfacet
 facet normal  0.000000e+00  0.000000e+00  1.000000e+00
   outer loop
     vertex -2.084340e-04  7.308046e-03  1.000000e-03
     vertex -4.156980e-04  7.328146e-03  1.000000e-03
     vertex  1.252668e-02 -1.165690e-02  1.000000e-03
   endloop
 endfacet
 facet normal  0.000000e+00  0.000000e+00  1.000000e+00
   outer loop
     vertex -4.890000e-07  7.287918e-03  1.000000e-03
     vertex -2.084340e-04  7.308046e-03  1.000000e-03
     vertex  1.252668e-02 -1.165690e-02  1.000000e-03
   endloop
 endfacet
 facet normal  0.000000e+00  0.000000e+00  1.000000e+00
   outer loop
     vertex -4.890000e-07  7.287918e-03  1.000000e-03
     vertex  1.252668e-02 -1.165690e-02  1.000000e-03
     vertex  1.258451e-02 -1.146658e-02  1.000000e-03
   endloop
 endfacet
 facet normal  0.000000e+00  0.000000e+00  1.000000e+00
   outer loop
     vertex  1.201858e-02 -4.497320e-02  1.000000e-03
     vertex -1.825978e-02 -4.591134e-02  1.000000e-03
     vertex -1.819244e-02 -4.606248e-02  1.000000e-03
   endloop
 endfacet
 facet normal  0.000000e+00  0.000000e+00  1.000000e+00
   outer loop
     vertex  1.201858e-02 -4.497320e-02  1.000000e-03
     vertex -1.819244e-02 -4.606248e-02  1.000000e-03
     vertex -1.812434e-02 -4.621334e-02  1.000000e-03
   endloop
 endfacet
 facet normal  0.000000e+00  0.000000e+00  1.000000e+00
   outer loop
     vertex  1.201858e-02 -4.497320e-02  1.000000e-03
     vertex -1.812434e-02 -4.621334e-02  1.000000e-03
     vertex  1.195557e-02 -4.514577e-02  1.000000e-03
   endloop
 endfacet
 facet normal  0.000000e+00  0.000000e+00  1.000000e+00
   outer loop
     vertex  2.080920e-04  7.267738e-03  1.000000e-03
     vertex -4.890000e-07  7.287918e-03  1.000000e-03
     vertex  1.258451e-02 -1.146658e-02  1.000000e-03
   endloop
 endfacet
 facet normal  0.000000e+00  0.000000e+00  1.000000e+00
   outer loop
     vertex  2.080920e-04  7.267738e-03  1.000000e-03
     vertex  1.258451e-02 -1.146658e-02  1.000000e-03
     vertex  1.264362e-02 -1.127557e-02  1.000000e-03
   endloop
 endfacet
 facet normal  0.000000e+00  0.000000e+00  1.000000e+00
   outer loop
     vertex  4.172610e-04  7.247480e-03  1.000000e-03
     vertex  2.080920e-04  7.267738e-03  1.000000e-03
     vertex  1.264362e-02 -1.127557e-02  1.000000e-03
   endloop
 endfacet
 facet normal  0.000000e+00  0.000000e+00  1.000000e+00
   outer loop
     vertex  4.172610e-04  7.247480e-03  1.000000e-03
     vertex  1.264362e-02 -1.127557e-02  1.000000e-03
     vertex  1.270391e-02 -1.108389e-02  1.000000e-03
   endloop
 endfacet
 facet normal  0.000000e+00  0.000000e+00  1.000000e+00
   outer loop
     vertex  6.269670e-04  7.227121e-03  1.000000e-03
     vertex  4.172610e-04  7.247480e-03  1.000000e-03
     vertex  1.270391e-02 -1.108389e-02  1.000000e-03
   endloop
 endfacet
 facet normal  0.000000e+00  0.000000e+00  1.000000e+00
   outer loop
     vertex  8.371550e-04  7.206640e-03  1.000000e-03
     vertex  6.269670e-04  7.227121e-03  1.000000e-03
     vertex  1.270391e-02 -1.108389e-02  1.000000e-03
   endloop
 endfacet
 facet normal  0.000000e+00  0.000000e+00  1.000000e+00
   outer loop
     vertex  8.371550e-04  7.206640e-03  1.000000e-03
     vertex  1.270391e-02 -1.108389e-02  1.000000e-03
     vertex  1.276528e-02 -1.089155e-02  1.000000e-03
   endloop
 endfacet
 facet normal  0.000000e+00  0.000000e+00  1.000000e+00
   outer loop
     vertex  1.047767e-03  7.186011e-03  1.000000e-03
     vertex  8.371550e-04  7.206640e-03  1.000000e-03
     vertex  1.276528e-02 -1.089155e-02  1.000000e-03
   endloop
 endfacet
 facet normal  0.000000e+00  0.000000e+00  1.000000e+00
   outer loop
     vertex  1.047767e-03  7.186011e-03  1.000000e-03
     vertex  1.276528e-02 -1.089155e-02  1.000000e-03
     vertex  1.282764e-02 -1.069858e-02  1.000000e-03
   endloop
 endfacet
 facet normal  0.000000e+00  0.000000e+00  1.000000e+00
   outer loop
     vertex  1.208121e-02 -4.479997e-02  1.000000e-03
     vertex -1.832638e-02 -4.575994e-02  1.000000e-03
     vertex -1.825978e-02 -4.591134e-02  1.000000e-03
   endloop
 endfacet
 facet normal  0.000000e+00  0.000000e+00  1.000000e+00
   outer loop
     vertex  1.208121e-02 -4.479997e-02  1.000000e-03
     vertex -1.825978e-02 -4.591134e-02  1.000000e-03
     vertex  1.201858e-02 -4.497320e-02  1.000000e-03
   endloop
 endfacet
 facet normal  0.000000e+00  0.000000e+00  1.000000e+00
   outer loop
     vertex  1.258742e-03  7.165215e-03  1.000000e-03
     vertex  1.047767e-03  7.186011e-03  1.000000e-03
     vertex  1.282764e-02 -1.069858e-02  1.000000e-03
   endloop
 endfacet
 facet normal  0.000000e+00  0.000000e+00  1.000000e+00
   outer loop
     vertex  1.258742e-03  7.165215e-03  1.000000e-03
     vertex  1.282764e-02 -1.069858e-02  1.000000e-03
     vertex  1.289087e-02 -1.050498e-02  1.000000e-03
   endloop
 endfacet
 facet normal  0.000000e+00  0.000000e+00  1.000000e+00
   outer loop
     vertex  1.470018e-03  7.144228e-03  1.000000e-03
     vertex  1.258742e-03  7.165215e-03  1.000000e-03
     vertex  1.289087e-02 -1.050498e-02  1.000000e-03
   endloop
 endfacet
 facet normal  0.000000e+00  0.000000e+00  1.000000e+00
   outer loop
     vertex  1.470018e-03  7.144228e-03  1.000000e-03
     vertex  1.289087e-02 -1.050498e-02  1.000000e-03
     vertex  1.295487e-02 -1.031077e-02  1.000000e-03
   endloop
 endfacet
 facet normal  0.000000e+00  0.000000e+00  1.000000e+00
   outer loop
     vertex  1.681528e-03  7.123030e-03  1.000000e-03
     vertex  1.470018e-03  7.144228e-03  1.000000e-03
     vertex  1.295487e-02 -1.031077e-02  1.000000e-03
   endloop
 endfacet
 facet normal  0.000000e+00  0.000000e+00  1.000000e+00
   outer loop
     vertex  1.681528e-03  7.123030e-03  1.000000e-03
     vertex  1.295487e-02 -1.031077e-02  1.000000e-03
     vertex  1.301953e-02 -1.011598e-02  1.000000e-03
   endloop
 endfacet
 facet normal  0.000000e+00  0.000000e+00  1.000000e+00
   outer loop
     vertex  1.893204e-03  7.101599e-03  1.000000e-03
     vertex  1.681528e-03  7.123030e-03  1.000000e-03
     vertex  1.301953e-02 -1.011598e-02  1.000000e-03
   endloop
 endfacet
 facet normal  0.000000e+00  0.000000e+00  1.000000e+00
   outer loop
     vertex  2.104977e-03  7.079914e-03  1.000000e-03
     vertex  1.893204e-03  7.101599e-03  1.000000e-03
     vertex  1.301953e-02 -1.011598e-02  1.000000e-03
   endloop
 endfacet
 facet normal  0.000000e+00  0.000000e+00  1.000000e+00
   outer loop
     vertex  2.104977e-03  7.079914e-03  1.000000e-03
     vertex  1.301953e-02 -1.011598e-02  1.000000e-03
     vertex  1.308475e-02 -9.920625e-03  1.000000e-03
   endloop
 endfacet
 facet normal  0.000000e+00  0.000000e+00  1.000000e+00
   outer loop
     vertex  2.316774e-03  7.057955e-03  1.000000e-03
     vertex  2.104977e-03  7.079914e-03  1.000000e-03
     vertex  1.308475e-02 -9.920625e-03  1.000000e-03
   endloop
 endfacet
 facet normal  0.000000e+00  0.000000e+00  1.000000e+00
   outer loop
     vertex  2.316774e-03  7.057955e-03  1.000000e-03
     vertex  1.308475e-02 -9.920625e-03  1.000000e-03
     vertex  1.315041e-02 -9.724725e-03  1.000000e-03
   endloop
 endfacet
 facet normal  0.000000e+00  0.000000e+00  1.000000e+00
   outer loop
     vertex  1.214346e-02 -4.462612e-02  1.000000e-03
     vertex -1.845735e-02 -4.545639e-02  1.000000e-03
     vertex -1.839223e-02 -4.560829e-02  1.000000e-03
   endloop
 endfacet
 facet normal  0.000000e+00  0.000000e+00  1.000000e+00
   outer loop
     vertex  1.214346e-02 -4.462612e-02  1.000000e-03
     vertex -1.839223e-02 -4.560829e-02  1.000000e-03
     vertex -1.832638e-02 -4.575994e-02  1.000000e-03
   endloop
 endfacet
 facet normal  0.000000e+00  0.000000e+00  1.000000e+00
   outer loop
     vertex  1.214346e-02 -4.462612e-02  1.000000e-03
     vertex -1.832638e-02 -4.575994e-02  1.000000e-03
     vertex  1.208121e-02 -4.479997e-02  1.000000e-03
   endloop
 endfacet
 facet normal  0.000000e+00  0.000000e+00  1.000000e+00
   outer loop
     vertex  2.528522e-03  7.035701e-03  1.000000e-03
     vertex  2.316774e-03  7.057955e-03  1.000000e-03
     vertex  1.315041e-02 -9.724725e-03  1.000000e-03
   endloop
 endfacet
 facet normal  0.000000e+00  0.000000e+00  1.000000e+00
   outer loop
     vertex  2.528522e-03  7.035701e-03  1.000000e-03
     vertex  1.315041e-02 -9.724725e-03  1.000000e-03
     vertex  1.321639e-02 -9.528301e-03  1.000000e-03
   endloop
 endfacet
 facet normal  0.000000e+00  0.000000e+00  1.000000e+00
   outer loop
     vertex  2.740144e-03  7.013131e-03  1.000000e-03
     vertex  2.528522e-03  7.035701e-03  1.000000e-03
     vertex  1.321639e-02 -9.528301e-03  1.000000e-03
   endloop
 endfacet
 facet normal  0.000000e+00  0.000000e+00  1.000000e+00
   outer loop
     vertex  2.740144e-03  7.013131e-03  1.000000e-03
     vertex  1.321639e-02 -9.528301e-03  1.000000e-03
     vertex  1.328260e-02 -9.331379e-03  1.000000e-03
   endloop
 endfacet
 facet normal  0.000000e+00  0.000000e+00  1.000000e+00
   outer loop
     vertex  2.951565e-03  6.990225e-03  1.000000e-03
     vertex  1.328260e-02 -9.331379e-03  1.000000e-03
     vertex  1.334890e-02 -9.133981e-03  1.000000e-03
   endloop
 endfacet
 facet normal  0.000000e+00  0.000000e+00  1.000000e+00
   outer loop
     vertex  2.951565e-03  6.990225e-03  1.000000e-03
     vertex  2.740144e-03  7.013131e-03  1.000000e-03
     vertex  1.328260e-02 -9.331379e-03  1.000000e-03
   endloop
 endfacet
 facet normal  0.000000e+00  0.000000e+00  1.000000e+00
   outer loop
     vertex  3.162705e-03  6.966962e-03  1.000000e-03
     vertex  1.334890e-02 -9.133981e-03  1.000000e-03
     vertex  1.341520e-02 -8.936134e-03  1.000000e-03
   endloop
 endfacet
 facet normal  0.000000e+00  0.000000e+00  1.000000e+00
   outer loop
     vertex  3.162705e-03  6.966962e-03  1.000000e-03
     vertex  2.951565e-03  6.990225e-03  1.000000e-03
     vertex  1.334890e-02 -9.133981e-03  1.000000e-03
   endloop
 endfacet
 facet normal  0.000000e+00  0.000000e+00  1.000000e+00
   outer loop
     vertex  3.373485e-03  6.943322e-03  1.000000e-03
     vertex  1.341520e-02 -8.936134e-03  1.000000e-03
     vertex  1.348136e-02 -8.737864e-03  1.000000e-03
   endloop
 endfacet
 facet normal  0.000000e+00  0.000000e+00  1.000000e+00
   outer loop
     vertex  3.373485e-03  6.943322e-03  1.000000e-03
     vertex  3.162705e-03  6.966962e-03  1.000000e-03
     vertex  1.341520e-02 -8.936134e-03  1.000000e-03
   endloop
 endfacet
 facet normal  0.000000e+00  0.000000e+00  1.000000e+00
   outer loop
     vertex  3.583826e-03  6.919285e-03  1.000000e-03
     vertex  3.373485e-03  6.943322e-03  1.000000e-03
     vertex  1.348136e-02 -8.737864e-03  1.000000e-03
   endloop
 endfacet
 facet normal  0.000000e+00  0.000000e+00  1.000000e+00
   outer loop
     vertex  3.583826e-03  6.919285e-03  1.000000e-03
     vertex  1.348136e-02 -8.737864e-03  1.000000e-03
     vertex  1.354728e-02 -8.539198e-03  1.000000e-03
   endloop
 endfacet
 facet normal  0.000000e+00  0.000000e+00  1.000000e+00
   outer loop
     vertex  1.220535e-02 -4.445166e-02  1.000000e-03
     vertex -1.852176e-02 -4.530427e-02  1.000000e-03
     vertex -1.845735e-02 -4.545639e-02  1.000000e-03
   endloop
 endfacet
 facet normal  0.000000e+00  0.000000e+00  1.000000e+00
   outer loop
     vertex  1.220535e-02 -4.445166e-02  1.000000e-03
     vertex -1.845735e-02 -4.545639e-02  1.000000e-03
     vertex  1.214346e-02 -4.462612e-02  1.000000e-03
   endloop
 endfacet
 facet normal  0.000000e+00  0.000000e+00  1.000000e+00
   outer loop
     vertex  3.793646e-03  6.894829e-03  1.000000e-03
     vertex  1.354728e-02 -8.539198e-03  1.000000e-03
     vertex  1.361284e-02 -8.340165e-03  1.000000e-03
   endloop
 endfacet
 facet normal  0.000000e+00  0.000000e+00  1.000000e+00
   outer loop
     vertex  3.793646e-03  6.894829e-03  1.000000e-03
     vertex  3.583826e-03  6.919285e-03  1.000000e-03
     vertex  1.354728e-02 -8.539198e-03  1.000000e-03
   endloop
 endfacet
 facet normal  0.000000e+00  0.000000e+00  1.000000e+00
   outer loop
     vertex  4.002863e-03  6.869933e-03  1.000000e-03
     vertex  1.361284e-02 -8.340165e-03  1.000000e-03
     vertex  1.367793e-02 -8.140793e-03  1.000000e-03
   endloop
 endfacet
 facet normal  0.000000e+00  0.000000e+00  1.000000e+00
   outer loop
     vertex  4.002863e-03  6.869933e-03  1.000000e-03
     vertex  3.793646e-03  6.894829e-03  1.000000e-03
     vertex  1.361284e-02 -8.340165e-03  1.000000e-03
   endloop
 endfacet
 facet normal  0.000000e+00  0.000000e+00  1.000000e+00
   outer loop
     vertex  4.211396e-03  6.844578e-03  1.000000e-03
     vertex  4.002863e-03  6.869933e-03  1.000000e-03
     vertex  1.367793e-02 -8.140793e-03  1.000000e-03
   endloop
 endfacet
 facet normal  0.000000e+00  0.000000e+00  1.000000e+00
   outer loop
     vertex  4.211396e-03  6.844578e-03  1.000000e-03
     vertex  1.367793e-02 -8.140793e-03  1.000000e-03
     vertex  1.374242e-02 -7.941114e-03  1.000000e-03
   endloop
 endfacet
 facet normal  0.000000e+00  0.000000e+00  1.000000e+00
   outer loop
     vertex  4.419163e-03  6.818740e-03  1.000000e-03
     vertex  4.211396e-03  6.844578e-03  1.000000e-03
     vertex  1.374242e-02 -7.941114e-03  1.000000e-03
   endloop
 endfacet
 facet normal  0.000000e+00  0.000000e+00  1.000000e+00
   outer loop
     vertex  4.419163e-03  6.818740e-03  1.000000e-03
     vertex  1.374242e-02 -7.941114e-03  1.000000e-03
     vertex  1.380621e-02 -7.741158e-03  1.000000e-03
   endloop
 endfacet
 facet normal  0.000000e+00  0.000000e+00  1.000000e+00
   outer loop
     vertex  4.626082e-03  6.792399e-03  1.000000e-03
     vertex  1.380621e-02 -7.741158e-03  1.000000e-03
     vertex  1.386917e-02 -7.540959e-03  1.000000e-03
   endloop
 endfacet
 facet normal  0.000000e+00  0.000000e+00  1.000000e+00
   outer loop
     vertex  4.626082e-03  6.792399e-03  1.000000e-03
     vertex  4.419163e-03  6.818740e-03  1.000000e-03
     vertex  1.380621e-02 -7.741158e-03  1.000000e-03
   endloop
 endfacet
 facet normal  0.000000e+00  0.000000e+00  1.000000e+00
   outer loop
     vertex  1.226685e-02 -4.427660e-02  1.000000e-03
     vertex -1.852176e-02 -4.530427e-02  1.000000e-03
     vertex  1.220535e-02 -4.445166e-02  1.000000e-03
   endloop
 endfacet
 facet normal  0.000000e+00  0.000000e+00  1.000000e+00
   outer loop
     vertex  4.832069e-03  6.765532e-03  1.000000e-03
     vertex  4.626082e-03  6.792399e-03  1.000000e-03
     vertex  1.386917e-02 -7.540959e-03  1.000000e-03
   endloop
 endfacet
 facet normal  0.000000e+00  0.000000e+00  1.000000e+00
   outer loop
     vertex  4.832069e-03  6.765532e-03  1.000000e-03
     vertex  1.386917e-02 -7.540959e-03  1.000000e-03
     vertex  1.393120e-02 -7.340550e-03  1.000000e-03
   endloop
 endfacet
 facet normal  0.000000e+00  0.000000e+00  1.000000e+00
   outer loop
     vertex  5.037044e-03  6.738117e-03  1.000000e-03
     vertex  4.832069e-03  6.765532e-03  1.000000e-03
     vertex  1.393120e-02 -7.340550e-03  1.000000e-03
   endloop
 endfacet
 facet normal  0.000000e+00  0.000000e+00  1.000000e+00
   outer loop
     vertex  5.037044e-03  6.738117e-03  1.000000e-03
     vertex  1.393120e-02 -7.340550e-03  1.000000e-03
     vertex  1.399218e-02 -7.139964e-03  1.000000e-03
   endloop
 endfacet
 facet normal  0.000000e+00  0.000000e+00  1.000000e+00
   outer loop
     vertex  1.226685e-02 -4.427660e-02  1.000000e-03
     vertex -1.864845e-02 -4.499937e-02  1.000000e-03
     vertex -1.858545e-02 -4.515192e-02  1.000000e-03
   endloop
 endfacet
 facet normal  0.000000e+00  0.000000e+00  1.000000e+00
   outer loop
     vertex  1.226685e-02 -4.427660e-02  1.000000e-03
     vertex -1.858545e-02 -4.515192e-02  1.000000e-03
     vertex -1.852176e-02 -4.530427e-02  1.000000e-03
   endloop
 endfacet
 facet normal  0.000000e+00  0.000000e+00  1.000000e+00
   outer loop
     vertex  5.240924e-03  6.710131e-03  1.000000e-03
     vertex  5.037044e-03  6.738117e-03  1.000000e-03
     vertex  1.399218e-02 -7.139964e-03  1.000000e-03
   endloop
 endfacet
 facet normal  0.000000e+00  0.000000e+00  1.000000e+00
   outer loop
     vertex  5.240924e-03  6.710131e-03  1.000000e-03
     vertex  1.399218e-02 -7.139964e-03  1.000000e-03
     vertex  1.405200e-02 -6.939238e-03  1.000000e-03
   endloop
 endfacet
 facet normal  0.000000e+00  0.000000e+00  1.000000e+00
   outer loop
     vertex  5.240924e-03  6.710131e-03  1.000000e-03
     vertex  1.405200e-02 -6.939238e-03  1.000000e-03
     vertex  1.411056e-02 -6.738409e-03  1.000000e-03
   endloop
 endfacet
 facet normal  0.000000e+00  0.000000e+00  1.000000e+00
   outer loop
     vertex  5.443630e-03  6.681550e-03  1.000000e-03
     vertex  5.240924e-03  6.710131e-03  1.000000e-03
     vertex  1.411056e-02 -6.738409e-03  1.000000e-03
   endloop
 endfacet
 facet normal  0.000000e+00  0.000000e+00  1.000000e+00
   outer loop
     vertex  5.443630e-03  6.681550e-03  1.000000e-03
     vertex  1.411056e-02 -6.738409e-03  1.000000e-03
     vertex  1.416773e-02 -6.537513e-03  1.000000e-03
   endloop
 endfacet
 facet normal  0.000000e+00  0.000000e+00  1.000000e+00
   outer loop
     vertex  5.645081e-03  6.652351e-03  1.000000e-03
     vertex  5.443630e-03  6.681550e-03  1.000000e-03
     vertex  1.416773e-02 -6.537513e-03  1.000000e-03
   endloop
 endfacet
 facet normal  0.000000e+00  0.000000e+00  1.000000e+00
   outer loop
     vertex  5.645081e-03  6.652351e-03  1.000000e-03
     vertex  1.416773e-02 -6.537513e-03  1.000000e-03
     vertex  1.422341e-02 -6.336589e-03  1.000000e-03
   endloop
 endfacet
 facet normal  0.000000e+00  0.000000e+00  1.000000e+00
   outer loop
     vertex  5.845198e-03  6.622508e-03  1.000000e-03
     vertex  5.645081e-03  6.652351e-03  1.000000e-03
     vertex  1.422341e-02 -6.336589e-03  1.000000e-03
   endloop
 endfacet
 facet normal  0.000000e+00  0.000000e+00  1.000000e+00
   outer loop
     vertex  5.845198e-03  6.622508e-03  1.000000e-03
     vertex  1.422341e-02 -6.336589e-03  1.000000e-03
     vertex  1.427750e-02 -6.135677e-03  1.000000e-03
   endloop
 endfacet
 facet normal  0.000000e+00  0.000000e+00  1.000000e+00
   outer loop
     vertex  6.043904e-03  6.591998e-03  1.000000e-03
     vertex  5.845198e-03  6.622508e-03  1.000000e-03
     vertex  1.427750e-02 -6.135677e-03  1.000000e-03
   endloop
 endfacet
 facet normal  0.000000e+00  0.000000e+00  1.000000e+00
   outer loop
     vertex  6.043904e-03  6.591998e-03  1.000000e-03
     vertex  1.427750e-02 -6.135677e-03  1.000000e-03
     vertex  1.432990e-02 -5.934817e-03  1.000000e-03
   endloop
 endfacet
 facet normal  0.000000e+00  0.000000e+00  1.000000e+00
   outer loop
     vertex  6.241122e-03  6.560793e-03  1.000000e-03
     vertex  6.043904e-03  6.591998e-03  1.000000e-03
     vertex  1.432990e-02 -5.934817e-03  1.000000e-03
   endloop
 endfacet
 facet normal  0.000000e+00  0.000000e+00  1.000000e+00
   outer loop
     vertex  6.241122e-03  6.560793e-03  1.000000e-03
     vertex  1.432990e-02 -5.934817e-03  1.000000e-03
     vertex  1.438049e-02 -5.734050e-03  1.000000e-03
   endloop
 endfacet
 facet normal  0.000000e+00  0.000000e+00  1.000000e+00
   outer loop
     vertex  6.241122e-03  6.560793e-03  1.000000e-03
     vertex  1.438049e-02 -5.734050e-03  1.000000e-03
     vertex  1.442919e-02 -5.533420e-03  1.000000e-03
   endloop
 endfacet
 facet normal  0.000000e+00  0.000000e+00  1.000000e+00
   outer loop
     vertex  6.436776e-03  6.528867e-03  1.000000e-03
     vertex  6.241122e-03  6.560793e-03  1.000000e-03
     vertex  1.442919e-02 -5.533420e-03  1.000000e-03
   endloop
 endfacet
 facet normal  0.000000e+00  0.000000e+00  1.000000e+00
   outer loop
     vertex  6.436776e-03  6.528867e-03  1.000000e-03
     vertex  1.442919e-02 -5.533420e-03  1.000000e-03
     vertex  1.447590e-02 -5.332970e-03  1.000000e-03
   endloop
 endfacet
 facet normal  0.000000e+00  0.000000e+00  1.000000e+00
   outer loop
     vertex  6.630795e-03  6.496193e-03  1.000000e-03
     vertex  6.436776e-03  6.528867e-03  1.000000e-03
     vertex  1.447590e-02 -5.332970e-03  1.000000e-03
   endloop
 endfacet
 facet normal  0.000000e+00  0.000000e+00  1.000000e+00
   outer loop
     vertex  6.630795e-03  6.496193e-03  1.000000e-03
     vertex  1.447590e-02 -5.332970e-03  1.000000e-03
     vertex  1.452052e-02 -5.132744e-03  1.000000e-03
   endloop
 endfacet
 facet normal  0.000000e+00  0.000000e+00  1.000000e+00
   outer loop
     vertex  6.823105e-03  6.462742e-03  1.000000e-03
     vertex  6.630795e-03  6.496193e-03  1.000000e-03
     vertex  1.452052e-02 -5.132744e-03  1.000000e-03
   endloop
 endfacet
 facet normal  0.000000e+00  0.000000e+00  1.000000e+00
   outer loop
     vertex  1.232798e-02 -4.410095e-02  1.000000e-03
     vertex -1.871076e-02 -4.484662e-02  1.000000e-03
     vertex -1.864845e-02 -4.499937e-02  1.000000e-03
   endloop
 endfacet
 facet normal  0.000000e+00  0.000000e+00  1.000000e+00
   outer loop
     vertex  1.232798e-02 -4.410095e-02  1.000000e-03
     vertex -1.864845e-02 -4.499937e-02  1.000000e-03
     vertex  1.226685e-02 -4.427660e-02  1.000000e-03
   endloop
 endfacet
 facet normal  0.000000e+00  0.000000e+00  1.000000e+00
   outer loop
     vertex  6.823105e-03  6.462742e-03  1.000000e-03
     vertex  1.452052e-02 -5.132744e-03  1.000000e-03
     vertex  1.456297e-02 -4.932788e-03  1.000000e-03
   endloop
 endfacet
 facet normal  0.000000e+00  0.000000e+00  1.000000e+00
   outer loop
     vertex  6.823105e-03  6.462742e-03  1.000000e-03
     vertex  1.456297e-02 -4.932788e-03  1.000000e-03
     vertex  1.460314e-02 -4.733148e-03  1.000000e-03
   endloop
 endfacet
 facet normal  0.000000e+00  0.000000e+00  1.000000e+00
   outer loop
     vertex  7.013638e-03  6.428486e-03  1.000000e-03
     vertex  6.823105e-03  6.462742e-03  1.000000e-03
     vertex  1.460314e-02 -4.733148e-03  1.000000e-03
   endloop
 endfacet
 facet normal  0.000000e+00  0.000000e+00  1.000000e+00
   outer loop
     vertex  7.013638e-03  6.428486e-03  1.000000e-03
     vertex  1.460314e-02 -4.733148e-03  1.000000e-03
     vertex  1.464097e-02 -4.533872e-03  1.000000e-03
   endloop
 endfacet
 facet normal  0.000000e+00  0.000000e+00  1.000000e+00
   outer loop
     vertex  7.202326e-03  6.393395e-03  1.000000e-03
     vertex  7.013638e-03  6.428486e-03  1.000000e-03
     vertex  1.464097e-02 -4.533872e-03  1.000000e-03
   endloop
 endfacet
 facet normal  0.000000e+00  0.000000e+00  1.000000e+00
   outer loop
     vertex  7.202326e-03  6.393395e-03  1.000000e-03
     vertex  1.464097e-02 -4.533872e-03  1.000000e-03
     vertex  1.467637e-02 -4.335009e-03  1.000000e-03
   endloop
 endfacet
 facet normal  0.000000e+00  0.000000e+00  1.000000e+00
   outer loop
     vertex  7.389105e-03  6.357437e-03  1.000000e-03
     vertex  1.470927e-02 -4.136607e-03  1.000000e-03
     vertex  1.473958e-02 -3.938717e-03  1.000000e-03
   endloop
 endfacet
 facet normal  0.000000e+00  0.000000e+00  1.000000e+00
   outer loop
     vertex  7.389105e-03  6.357437e-03  1.000000e-03
     vertex  7.202326e-03  6.393395e-03  1.000000e-03
     vertex  1.467637e-02 -4.335009e-03  1.000000e-03
   endloop
 endfacet
 facet normal  0.000000e+00  0.000000e+00  1.000000e+00
   outer loop
     vertex  7.389105e-03  6.357437e-03  1.000000e-03
     vertex  1.467637e-02 -4.335009e-03  1.000000e-03
     vertex  1.470927e-02 -4.136607e-03  1.000000e-03
   endloop
 endfacet
 facet normal  0.000000e+00  0.000000e+00  1.000000e+00
   outer loop
     vertex  7.573912e-03  6.320580e-03  1.000000e-03
     vertex  1.473958e-02 -3.938717e-03  1.000000e-03
     vertex  1.476724e-02 -3.741391e-03  1.000000e-03
   endloop
 endfacet
 facet normal  0.000000e+00  0.000000e+00  1.000000e+00
   outer loop
     vertex  7.573912e-03  6.320580e-03  1.000000e-03
     vertex  7.389105e-03  6.357437e-03  1.000000e-03
     vertex  1.473958e-02 -3.938717e-03  1.000000e-03
   endloop
 endfacet
 facet normal  0.000000e+00  0.000000e+00  1.000000e+00
   outer loop
     vertex  7.756686e-03  6.282792e-03  1.000000e-03
     vertex  1.476724e-02 -3.741391e-03  1.000000e-03
     vertex  1.479219e-02 -3.544682e-03  1.000000e-03
   endloop
 endfacet
 facet normal  0.000000e+00  0.000000e+00  1.000000e+00
   outer loop
     vertex  7.756686e-03  6.282792e-03  1.000000e-03
     vertex  1.479219e-02 -3.544682e-03  1.000000e-03
     vertex  1.481437e-02 -3.348642e-03  1.000000e-03
   endloop
 endfacet
 facet normal  0.000000e+00  0.000000e+00  1.000000e+00
   outer loop
     vertex  7.756686e-03  6.282792e-03  1.000000e-03
     vertex  7.573912e-03  6.320580e-03  1.000000e-03
     vertex  1.476724e-02 -3.741391e-03  1.000000e-03
   endloop
 endfacet
 facet normal  0.000000e+00  0.000000e+00  1.000000e+00
   outer loop
     vertex  7.937373e-03  6.244039e-03  1.000000e-03
     vertex  1.481437e-02 -3.348642e-03  1.000000e-03
     vertex  1.483371e-02 -3.153326e-03  1.000000e-03
   endloop
 endfacet
 facet normal  0.000000e+00  0.000000e+00  1.000000e+00
   outer loop
     vertex  7.937373e-03  6.244039e-03  1.000000e-03
     vertex  1.483371e-02 -3.153326e-03  1.000000e-03
     vertex  1.485017e-02 -2.958789e-03  1.000000e-03
   endloop
 endfacet
 facet normal  0.000000e+00  0.000000e+00  1.000000e+00
   outer loop
     vertex  7.937373e-03  6.244039e-03  1.000000e-03
     vertex  7.756686e-03  6.282792e-03  1.000000e-03
     vertex  1.481437e-02 -3.348642e-03  1.000000e-03
   endloop
 endfacet
 facet normal  0.000000e+00  0.000000e+00  1.000000e+00
   outer loop
     vertex  8.115917e-03  6.204284e-03  1.000000e-03
     vertex  1.485017e-02 -2.958789e-03  1.000000e-03
     vertex  1.486370e-02 -2.765088e-03  1.000000e-03
   endloop
 endfacet
 facet normal  0.000000e+00  0.000000e+00  1.000000e+00
   outer loop
     vertex  8.115917e-03  6.204284e-03  1.000000e-03
     vertex  7.937373e-03  6.244039e-03  1.000000e-03
     vertex  1.485017e-02 -2.958789e-03  1.000000e-03
   endloop
 endfacet
 facet normal  0.000000e+00  0.000000e+00  1.000000e+00
   outer loop
     vertex  8.292268e-03  6.163493e-03  1.000000e-03
     vertex  1.486370e-02 -2.765088e-03  1.000000e-03
     vertex  1.487426e-02 -2.572280e-03  1.000000e-03
   endloop
 endfacet
 facet normal  0.000000e+00  0.000000e+00  1.000000e+00
   outer loop
     vertex  8.292268e-03  6.163493e-03  1.000000e-03
     vertex  1.487426e-02 -2.572280e-03  1.000000e-03
     vertex  1.488181e-02 -2.380424e-03  1.000000e-03
   endloop
 endfacet
 facet normal  0.000000e+00  0.000000e+00  1.000000e+00
   outer loop
     vertex  8.292268e-03  6.163493e-03  1.000000e-03
     vertex  8.115917e-03  6.204284e-03  1.000000e-03
     vertex  1.486370e-02 -2.765088e-03  1.000000e-03
   endloop
 endfacet
 facet normal  0.000000e+00  0.000000e+00  1.000000e+00
   outer loop
     vertex  8.466379e-03  6.121626e-03  1.000000e-03
     vertex  1.488181e-02 -2.380424e-03  1.000000e-03
     vertex  1.488633e-02 -2.189578e-03  1.000000e-03
   endloop
 endfacet
 facet normal  0.000000e+00  0.000000e+00  1.000000e+00
   outer loop
     vertex  8.466379e-03  6.121626e-03  1.000000e-03
     vertex  1.488633e-02 -2.189578e-03  1.000000e-03
     vertex  1.488779e-02 -1.999804e-03  1.000000e-03
   endloop
 endfacet
 facet normal  0.000000e+00  0.000000e+00  1.000000e+00
   outer loop
     vertex  1.238872e-02 -4.392475e-02  1.000000e-03
     vertex -1.883335e-02 -4.454057e-02  1.000000e-03
     vertex -1.877239e-02 -4.469368e-02  1.000000e-03
   endloop
 endfacet
 facet normal  0.000000e+00  0.000000e+00  1.000000e+00
   outer loop
     vertex  1.238872e-02 -4.392475e-02  1.000000e-03
     vertex -1.877239e-02 -4.469368e-02  1.000000e-03
     vertex -1.871076e-02 -4.484662e-02  1.000000e-03
   endloop
 endfacet
 facet normal  0.000000e+00  0.000000e+00  1.000000e+00
   outer loop
     vertex  1.238872e-02 -4.392475e-02  1.000000e-03
     vertex -1.871076e-02 -4.484662e-02  1.000000e-03
     vertex  1.232798e-02 -4.410095e-02  1.000000e-03
   endloop
 endfacet
 facet normal  0.000000e+00  0.000000e+00  1.000000e+00
   outer loop
     vertex  8.466379e-03  6.121626e-03  1.000000e-03
     vertex  8.292268e-03  6.163493e-03  1.000000e-03
     vertex  1.488181e-02 -2.380424e-03  1.000000e-03
   endloop
 endfacet
 facet normal  0.000000e+00  0.000000e+00  1.000000e+00
   outer loop
     vertex  8.638206e-03  6.078646e-03  1.000000e-03
     vertex  1.488779e-02 -1.999804e-03  1.000000e-03
     vertex  1.488616e-02 -1.811162e-03  1.000000e-03
   endloop
 endfacet
 facet normal  0.000000e+00  0.000000e+00  1.000000e+00
   outer loop
     vertex  8.638206e-03  6.078646e-03  1.000000e-03
     vertex  1.488616e-02 -1.811162e-03  1.000000e-03
     vertex  1.488144e-02 -1.623714e-03  1.000000e-03
   endloop
 endfacet
 facet normal  0.000000e+00  0.000000e+00  1.000000e+00
   outer loop
     vertex  8.638206e-03  6.078646e-03  1.000000e-03
     vertex  8.466379e-03  6.121626e-03  1.000000e-03
     vertex  1.488779e-02 -1.999804e-03  1.000000e-03
   endloop
 endfacet
 facet normal  0.000000e+00  0.000000e+00  1.000000e+00
   outer loop
     vertex  8.807709e-03  6.034512e-03  1.000000e-03
     vertex  1.488144e-02 -1.623714e-03  1.000000e-03
     vertex  1.487363e-02 -1.437523e-03  1.000000e-03
   endloop
 endfacet
 facet normal  0.000000e+00  0.000000e+00  1.000000e+00
   outer loop
     vertex  8.807709e-03  6.034512e-03  1.000000e-03
     vertex  1.487363e-02 -1.437523e-03  1.000000e-03
     vertex  1.486271e-02 -1.252655e-03  1.000000e-03
   endloop
 endfacet
 facet normal  0.000000e+00  0.000000e+00  1.000000e+00
   outer loop
     vertex  8.807709e-03  6.034512e-03  1.000000e-03
     vertex  8.638206e-03  6.078646e-03  1.000000e-03
     vertex  1.488144e-02 -1.623714e-03  1.000000e-03
   endloop
 endfacet
 facet normal  0.000000e+00  0.000000e+00  1.000000e+00
   outer loop
     vertex  8.974853e-03  5.989182e-03  1.000000e-03
     vertex  1.486271e-02 -1.252655e-03  1.000000e-03
     vertex  1.484869e-02 -1.069173e-03  1.000000e-03
   endloop
 endfacet
 facet normal  0.000000e+00  0.000000e+00  1.000000e+00
   outer loop
     vertex  8.974853e-03  5.989182e-03  1.000000e-03
     vertex  1.484869e-02 -1.069173e-03  1.000000e-03
     vertex  1.483159e-02 -8.871430e-04  1.000000e-03
   endloop
 endfacet
 facet normal  0.000000e+00  0.000000e+00  1.000000e+00
   outer loop
     vertex  8.974853e-03  5.989182e-03  1.000000e-03
     vertex  8.807709e-03  6.034512e-03  1.000000e-03
     vertex  1.486271e-02 -1.252655e-03  1.000000e-03
   endloop
 endfacet
 facet normal  0.000000e+00  0.000000e+00  1.000000e+00
   outer loop
     vertex  9.139606e-03  5.942613e-03  1.000000e-03
     vertex  8.974853e-03  5.989182e-03  1.000000e-03
     vertex  1.483159e-02 -8.871430e-04  1.000000e-03
   endloop
 endfacet
 facet normal  0.000000e+00  0.000000e+00  1.000000e+00
   outer loop
     vertex  9.139606e-03  5.942613e-03  1.000000e-03
     vertex  1.483159e-02 -8.871430e-04  1.000000e-03
     vertex  1.481143e-02 -7.066310e-04  1.000000e-03
   endloop
 endfacet
 facet normal  0.000000e+00  0.000000e+00  1.000000e+00
   outer loop
     vertex  9.301940e-03  5.894761e-03  1.000000e-03
     vertex  1.481143e-02 -7.066310e-04  1.000000e-03
     vertex  1.478821e-02 -5.277030e-04  1.000000e-03
   endloop
 endfacet
 facet normal  0.000000e+00  0.000000e+00  1.000000e+00
   outer loop
     vertex  9.301940e-03  5.894761e-03  1.000000e-03
     vertex  9.139606e-03  5.942613e-03  1.000000e-03
     vertex  1.481143e-02 -7.066310e-04  1.000000e-03
   endloop
 endfacet
 facet normal  0.000000e+00  0.000000e+00  1.000000e+00
   outer loop
     vertex  9.301940e-03  5.894761e-03  1.000000e-03
     vertex  1.478821e-02 -5.277030e-04  1.000000e-03
     vertex  1.476198e-02 -3.504250e-04  1.000000e-03
   endloop
 endfacet
 facet normal  0.000000e+00  0.000000e+00  1.000000e+00
   outer loop
     vertex  9.461831e-03  5.845580e-03  1.000000e-03
     vertex  9.301940e-03  5.894761e-03  1.000000e-03
     vertex  1.476198e-02 -3.504250e-04  1.000000e-03
   endloop
 endfacet
 facet normal  0.000000e+00  0.000000e+00  1.000000e+00
   outer loop
     vertex  9.461831e-03  5.845580e-03  1.000000e-03
     vertex  1.476198e-02 -3.504250e-04  1.000000e-03
     vertex  1.473276e-02 -1.748630e-04  1.000000e-03
   endloop
 endfacet
 facet normal  0.000000e+00  0.000000e+00  1.000000e+00
   outer loop
     vertex  9.461831e-03  5.845580e-03  1.000000e-03
     vertex  1.473276e-02 -1.748630e-04  1.000000e-03
     vertex  1.470058e-02 -1.083000e-06  1.000000e-03
   endloop
 endfacet
 facet normal  0.000000e+00  0.000000e+00  1.000000e+00
   outer loop
     vertex  9.619262e-03  5.795022e-03  1.000000e-03
     vertex  9.461831e-03  5.845580e-03  1.000000e-03
     vertex  1.470058e-02 -1.083000e-06  1.000000e-03
   endloop
 endfacet
 facet normal  0.000000e+00  0.000000e+00  1.000000e+00
   outer loop
     vertex  9.619262e-03  5.795022e-03  1.000000e-03
     vertex  1.470058e-02 -1.083000e-06  1.000000e-03
     vertex  1.466548e-02  1.708520e-04  1.000000e-03
   endloop
 endfacet
 facet normal  0.000000e+00  0.000000e+00  1.000000e+00
   outer loop
     vertex  9.619262e-03  5.795022e-03  1.000000e-03
     vertex  1.466548e-02  1.708520e-04  1.000000e-03
     vertex  1.462750e-02  3.408750e-04  1.000000e-03
   endloop
 endfacet
 facet normal  0.000000e+00  0.000000e+00  1.000000e+00
   outer loop
     vertex  9.774218e-03  5.743038e-03  1.000000e-03
     vertex  1.462750e-02  3.408750e-04  1.000000e-03
     vertex  1.458668e-02  5.089260e-04  1.000000e-03
   endloop
 endfacet
 facet normal  0.000000e+00  0.000000e+00  1.000000e+00
   outer loop
     vertex  9.774218e-03  5.743038e-03  1.000000e-03
     vertex  1.458668e-02  5.089260e-04  1.000000e-03
     vertex  1.454307e-02  6.749400e-04  1.000000e-03
   endloop
 endfacet
 facet normal  0.000000e+00  0.000000e+00  1.000000e+00
   outer loop
     vertex  9.774218e-03  5.743038e-03  1.000000e-03
     vertex  9.619262e-03  5.795022e-03  1.000000e-03
     vertex  1.462750e-02  3.408750e-04  1.000000e-03
   endloop
 endfacet
 facet normal  0.000000e+00  0.000000e+00  1.000000e+00
   outer loop
     vertex  9.926691e-03  5.689577e-03  1.000000e-03
     vertex  9.774218e-03  5.743038e-03  1.000000e-03
     vertex  1.454307e-02  6.749400e-04  1.000000e-03
   endloop
 endfacet
 facet normal  0.000000e+00  0.000000e+00  1.000000e+00
   outer loop
     vertex  9.926691e-03  5.689577e-03  1.000000e-03
     vertex  1.454307e-02  6.749400e-04  1.000000e-03
     vertex  1.449672e-02  8.388580e-04  1.000000e-03
   endloop
 endfacet
 facet normal  0.000000e+00  0.000000e+00  1.000000e+00
   outer loop
     vertex  9.926691e-03  5.689577e-03  1.000000e-03
     vertex  1.449672e-02  8.388580e-04  1.000000e-03
     vertex  1.444767e-02  1.000621e-03  1.000000e-03
   endloop
 endfacet
 facet normal  0.000000e+00  0.000000e+00  1.000000e+00
   outer loop
     vertex  1.007668e-02  5.634588e-03  1.000000e-03
     vertex  9.926691e-03  5.689577e-03  1.000000e-03
     vertex  1.444767e-02  1.000621e-03  1.000000e-03
   endloop
 endfacet
 facet normal  0.000000e+00  0.000000e+00  1.000000e+00
   outer loop
     vertex  1.007668e-02  5.634588e-03  1.000000e-03
     vertex  1.444767e-02  1.000621e-03  1.000000e-03
     vertex  1.439597e-02  1.160170e-03  1.000000e-03
   endloop
 endfacet
 facet normal  0.000000e+00  0.000000e+00  1.000000e+00
   outer loop
     vertex  1.007668e-02  5.634588e-03  1.000000e-03
     vertex  1.439597e-02  1.160170e-03  1.000000e-03
     vertex  1.434168e-02  1.317452e-03  1.000000e-03
   endloop
 endfacet
 facet normal  0.000000e+00  0.000000e+00  1.000000e+00
   outer loop
     vertex  1.022417e-02  5.578015e-03  1.000000e-03
     vertex  1.007668e-02  5.634588e-03  1.000000e-03
     vertex  1.434168e-02  1.317452e-03  1.000000e-03
   endloop
 endfacet
 facet normal  0.000000e+00  0.000000e+00  1.000000e+00
   outer loop
     vertex  1.022417e-02  5.578015e-03  1.000000e-03
     vertex  1.434168e-02  1.317452e-03  1.000000e-03
     vertex  1.428484e-02  1.472411e-03  1.000000e-03
   endloop
 endfacet
 facet normal  0.000000e+00  0.000000e+00  1.000000e+00
   outer loop
     vertex  1.036919e-02  5.519805e-03  1.000000e-03
     vertex  1.428484e-02  1.472411e-03  1.000000e-03
     vertex  1.422550e-02  1.624998e-03  1.000000e-03
   endloop
 endfacet
 facet normal  0.000000e+00  0.000000e+00  1.000000e+00
   outer loop
     vertex  1.036919e-02  5.519805e-03  1.000000e-03
     vertex  1.022417e-02  5.578015e-03  1.000000e-03
     vertex  1.428484e-02  1.472411e-03  1.000000e-03
   endloop
 endfacet
 facet normal  0.000000e+00  0.000000e+00  1.000000e+00
   outer loop
     vertex  1.416372e-02  1.775164e-03  1.000000e-03
     vertex  1.036919e-02  5.519805e-03  1.000000e-03
     vertex  1.422550e-02  1.624998e-03  1.000000e-03
   endloop
 endfacet
 facet normal  0.000000e+00  0.000000e+00  1.000000e+00
   outer loop
     vertex  1.051173e-02  5.459901e-03  1.000000e-03
     vertex  1.036919e-02  5.519805e-03  1.000000e-03
     vertex  1.416372e-02  1.775164e-03  1.000000e-03
   endloop
 endfacet
 facet normal  0.000000e+00  0.000000e+00  1.000000e+00
   outer loop
     vertex  1.409955e-02  1.922862e-03  1.000000e-03
     vertex  1.051173e-02  5.459901e-03  1.000000e-03
     vertex  1.416372e-02  1.775164e-03  1.000000e-03
   endloop
 endfacet
 facet normal  0.000000e+00  0.000000e+00  1.000000e+00
   outer loop
     vertex  1.403303e-02  2.068050e-03  1.000000e-03
     vertex  1.051173e-02  5.459901e-03  1.000000e-03
     vertex  1.409955e-02  1.922862e-03  1.000000e-03
   endloop
 endfacet
 facet normal  0.000000e+00  0.000000e+00  1.000000e+00
   outer loop
     vertex  1.403303e-02  2.068050e-03  1.000000e-03
     vertex  1.065181e-02  5.398248e-03  1.000000e-03
     vertex  1.051173e-02  5.459901e-03  1.000000e-03
   endloop
 endfacet
 facet normal  0.000000e+00  0.000000e+00  1.000000e+00
   outer loop
     vertex  1.396420e-02  2.210689e-03  1.000000e-03
     vertex  1.065181e-02  5.398248e-03  1.000000e-03
     vertex  1.403303e-02  2.068050e-03  1.000000e-03
   endloop
 endfacet
 facet normal  0.000000e+00  0.000000e+00  1.000000e+00
   outer loop
     vertex  1.396420e-02  2.210689e-03  1.000000e-03
     vertex  1.078945e-02  5.334787e-03  1.000000e-03
     vertex  1.065181e-02  5.398248e-03  1.000000e-03
   endloop
 endfacet
 facet normal  0.000000e+00  0.000000e+00  1.000000e+00
   outer loop
     vertex  1.389312e-02  2.350740e-03  1.000000e-03
     vertex  1.078945e-02  5.334787e-03  1.000000e-03
     vertex  1.396420e-02  2.210689e-03  1.000000e-03
   endloop
 endfacet
 facet normal  0.000000e+00  0.000000e+00  1.000000e+00
   outer loop
     vertex  1.381983e-02  2.488173e-03  1.000000e-03
     vertex  1.078945e-02  5.334787e-03  1.000000e-03
     vertex  1.389312e-02  2.350740e-03  1.000000e-03
   endloop
 endfacet
 facet normal  0.000000e+00  0.000000e+00  1.000000e+00
   outer loop
     vertex  1.381983e-02  2.488173e-03  1.000000e-03
     vertex  1.092466e-02  5.269463e-03  1.000000e-03
     vertex  1.078945e-02  5.334787e-03  1.000000e-03
   endloop
 endfacet
 facet normal  0.000000e+00  0.000000e+00  1.000000e+00
   outer loop
     vertex  1.374437e-02  2.622956e-03  1.000000e-03
     vertex  1.092466e-02  5.269463e-03  1.000000e-03
     vertex  1.381983e-02  2.488173e-03  1.000000e-03
   endloop
 endfacet
 facet normal  0.000000e+00  0.000000e+00  1.000000e+00
   outer loop
     vertex  1.374437e-02  2.622956e-03  1.000000e-03
     vertex  1.105746e-02  5.202217e-03  1.000000e-03
     vertex  1.092466e-02  5.269463e-03  1.000000e-03
   endloop
 endfacet
 facet normal  0.000000e+00  0.000000e+00  1.000000e+00
   outer loop
     vertex  1.366676e-02  2.755065e-03  1.000000e-03
     vertex  1.105746e-02  5.202217e-03  1.000000e-03
     vertex  1.374437e-02  2.622956e-03  1.000000e-03
   endloop
 endfacet
 facet normal  0.000000e+00  0.000000e+00  1.000000e+00
   outer loop
     vertex  1.366676e-02  2.755065e-03  1.000000e-03
     vertex  1.118788e-02  5.132993e-03  1.000000e-03
     vertex  1.105746e-02  5.202217e-03  1.000000e-03
   endloop
 endfacet
 facet normal  0.000000e+00  0.000000e+00  1.000000e+00
   outer loop
     vertex  1.358706e-02  2.884477e-03  1.000000e-03
     vertex  1.118788e-02  5.132993e-03  1.000000e-03
     vertex  1.366676e-02  2.755065e-03  1.000000e-03
   endloop
 endfacet
 facet normal  0.000000e+00  0.000000e+00  1.000000e+00
   outer loop
     vertex  1.350528e-02  3.011177e-03  1.000000e-03
     vertex  1.131594e-02  5.061734e-03  1.000000e-03
     vertex  1.118788e-02  5.132993e-03  1.000000e-03
   endloop
 endfacet
 facet normal  0.000000e+00  0.000000e+00  1.000000e+00
   outer loop
     vertex  1.350528e-02  3.011177e-03  1.000000e-03
     vertex  1.118788e-02  5.132993e-03  1.000000e-03
     vertex  1.358706e-02  2.884477e-03  1.000000e-03
   endloop
 endfacet
 facet normal  0.000000e+00  0.000000e+00  1.000000e+00
   outer loop
     vertex  1.244908e-02 -4.374800e-02  1.000000e-03
     vertex -1.889366e-02 -4.438728e-02  1.000000e-03
     vertex -1.883335e-02 -4.454057e-02  1.000000e-03
   endloop
 endfacet
 facet normal  0.000000e+00  0.000000e+00  1.000000e+00
   outer loop
     vertex  1.244908e-02 -4.374800e-02  1.000000e-03
     vertex -1.883335e-02 -4.454057e-02  1.000000e-03
     vertex  1.238872e-02 -4.392475e-02  1.000000e-03
   endloop
 endfacet
 facet normal  0.000000e+00  0.000000e+00  1.000000e+00
   outer loop
     vertex  1.342146e-02  3.135150e-03  1.000000e-03
     vertex  1.144166e-02  4.988384e-03  1.000000e-03
     vertex  1.131594e-02  5.061734e-03  1.000000e-03
   endloop
 endfacet
 facet normal  0.000000e+00  0.000000e+00  1.000000e+00
   outer loop
     vertex  1.342146e-02  3.135150e-03  1.000000e-03
     vertex  1.131594e-02  5.061734e-03  1.000000e-03
     vertex  1.350528e-02  3.011177e-03  1.000000e-03
   endloop
 endfacet
 facet normal  0.000000e+00  0.000000e+00  1.000000e+00
   outer loop
     vertex  1.333561e-02  3.256389e-03  1.000000e-03
     vertex  1.156509e-02  4.912888e-03  1.000000e-03
     vertex  1.144166e-02  4.988384e-03  1.000000e-03
   endloop
 endfacet
 facet normal  0.000000e+00  0.000000e+00  1.000000e+00
   outer loop
     vertex  1.333561e-02  3.256389e-03  1.000000e-03
     vertex  1.144166e-02  4.988384e-03  1.000000e-03
     vertex  1.342146e-02  3.135150e-03  1.000000e-03
   endloop
 endfacet
 facet normal  0.000000e+00  0.000000e+00  1.000000e+00
   outer loop
     vertex  1.324775e-02  3.374891e-03  1.000000e-03
     vertex  1.168623e-02  4.835192e-03  1.000000e-03
     vertex  1.156509e-02  4.912888e-03  1.000000e-03
   endloop
 endfacet
 facet normal  0.000000e+00  0.000000e+00  1.000000e+00
   outer loop
     vertex  1.324775e-02  3.374891e-03  1.000000e-03
     vertex  1.156509e-02  4.912888e-03  1.000000e-03
     vertex  1.333561e-02  3.256389e-03  1.000000e-03
   endloop
 endfacet
 facet normal  0.000000e+00  0.000000e+00  1.000000e+00
   outer loop
     vertex  1.315789e-02  3.490656e-03  1.000000e-03
     vertex  1.180513e-02  4.755243e-03  1.000000e-03
     vertex  1.168623e-02  4.835192e-03  1.000000e-03
   endloop
 endfacet
 facet normal  0.000000e+00  0.000000e+00  1.000000e+00
   outer loop
     vertex  1.315789e-02  3.490656e-03  1.000000e-03
     vertex  1.168623e-02  4.835192e-03  1.000000e-03
     vertex  1.324775e-02  3.374891e-03  1.000000e-03
   endloop
 endfacet
 facet normal  0.000000e+00  0.000000e+00  1.000000e+00
   outer loop
     vertex  1.306604e-02  3.603692e-03  1.000000e-03
     vertex  1.180513e-02  4.755243e-03  1.000000e-03
     vertex  1.315789e-02  3.490656e-03  1.000000e-03
   endloop
 endfacet
 facet normal  0.000000e+00  0.000000e+00  1.000000e+00
   outer loop
     vertex  1.297220e-02  3.714010e-03  1.000000e-03
     vertex  1.192180e-02  4.672990e-03  1.000000e-03
     vertex  1.180513e-02  4.755243e-03  1.000000e-03
   endloop
 endfacet
 facet normal  0.000000e+00  0.000000e+00  1.000000e+00
   outer loop
     vertex  1.297220e-02  3.714010e-03  1.000000e-03
     vertex  1.180513e-02  4.755243e-03  1.000000e-03
     vertex  1.306604e-02  3.603692e-03  1.000000e-03
   endloop
 endfacet
 facet normal  0.000000e+00  0.000000e+00  1.000000e+00
   outer loop
     vertex  1.287636e-02  3.821624e-03  1.000000e-03
     vertex  1.203629e-02  4.588383e-03  1.000000e-03
     vertex  1.192180e-02  4.672990e-03  1.000000e-03
   endloop
 endfacet
 facet normal  0.000000e+00  0.000000e+00  1.000000e+00
   outer loop
     vertex  1.287636e-02  3.821624e-03  1.000000e-03
     vertex  1.192180e-02  4.672990e-03  1.000000e-03
     vertex  1.297220e-02  3.714010e-03  1.000000e-03
   endloop
 endfacet
 facet normal  0.000000e+00  0.000000e+00  1.000000e+00
   outer loop
     vertex  1.277852e-02  3.926556e-03  1.000000e-03
     vertex  1.214861e-02  4.501376e-03  1.000000e-03
     vertex  1.203629e-02  4.588383e-03  1.000000e-03
   endloop
 endfacet
 facet normal  0.000000e+00  0.000000e+00  1.000000e+00
   outer loop
     vertex  1.277852e-02  3.926556e-03  1.000000e-03
     vertex  1.203629e-02  4.588383e-03  1.000000e-03
     vertex  1.287636e-02  3.821624e-03  1.000000e-03
   endloop
 endfacet
 facet normal  0.000000e+00  0.000000e+00  1.000000e+00
   outer loop
     vertex  1.257679e-02  4.128468e-03  1.000000e-03
     vertex  1.247286e-02  4.225507e-03  1.000000e-03
     vertex  1.236687e-02  4.319979e-03  1.000000e-03
   endloop
 endfacet
 facet normal  0.000000e+00  0.000000e+00  1.000000e+00
   outer loop
     vertex  1.257679e-02  4.128468e-03  1.000000e-03
     vertex  1.236687e-02  4.319979e-03  1.000000e-03
     vertex  1.225879e-02  4.411922e-03  1.000000e-03
   endloop
 endfacet
 facet normal  0.000000e+00  0.000000e+00  1.000000e+00
   outer loop
     vertex  1.267867e-02  4.028828e-03  1.000000e-03
     vertex  1.214861e-02  4.501376e-03  1.000000e-03
     vertex  1.277852e-02  3.926556e-03  1.000000e-03
   endloop
 endfacet
 facet normal  0.000000e+00  0.000000e+00  1.000000e+00
   outer loop
     vertex  1.267867e-02  4.028828e-03  1.000000e-03
     vertex  1.257679e-02  4.128468e-03  1.000000e-03
     vertex  1.225879e-02  4.411922e-03  1.000000e-03
   endloop
 endfacet
 facet normal  0.000000e+00  0.000000e+00  1.000000e+00
   outer loop
     vertex  1.267867e-02  4.028828e-03  1.000000e-03
     vertex  1.225879e-02  4.411922e-03  1.000000e-03
     vertex  1.214861e-02  4.501376e-03  1.000000e-03
   endloop
 endfacet
 facet normal  0.000000e+00  0.000000e+00  1.000000e+00
   outer loop
     vertex  1.250904e-02 -4.357071e-02  1.000000e-03
     vertex -1.895331e-02 -4.423384e-02  1.000000e-03
     vertex -1.889366e-02 -4.438728e-02  1.000000e-03
   endloop
 endfacet
 facet normal  0.000000e+00  0.000000e+00  1.000000e+00
   outer loop
     vertex  1.250904e-02 -4.357071e-02  1.000000e-03
     vertex -1.889366e-02 -4.438728e-02  1.000000e-03
     vertex  1.244908e-02 -4.374800e-02  1.000000e-03
   endloop
 endfacet
 facet normal  0.000000e+00  0.000000e+00  1.000000e+00
   outer loop
     vertex  1.256861e-02 -4.339291e-02  1.000000e-03
     vertex -1.907071e-02 -4.392651e-02  1.000000e-03
     vertex -1.901233e-02 -4.408025e-02  1.000000e-03
   endloop
 endfacet
 facet normal  0.000000e+00  0.000000e+00  1.000000e+00
   outer loop
     vertex  1.256861e-02 -4.339291e-02  1.000000e-03
     vertex -1.901233e-02 -4.408025e-02  1.000000e-03
     vertex -1.895331e-02 -4.423384e-02  1.000000e-03
   endloop
 endfacet
 facet normal  0.000000e+00  0.000000e+00  1.000000e+00
   outer loop
     vertex  1.256861e-02 -4.339291e-02  1.000000e-03
     vertex -1.895331e-02 -4.423384e-02  1.000000e-03
     vertex  1.250904e-02 -4.357071e-02  1.000000e-03
   endloop
 endfacet
 facet normal  0.000000e+00  0.000000e+00  1.000000e+00
   outer loop
     vertex  1.262777e-02 -4.321462e-02  1.000000e-03
     vertex -1.907071e-02 -4.392651e-02  1.000000e-03
     vertex  1.256861e-02 -4.339291e-02  1.000000e-03
   endloop
 endfacet
 facet normal  0.000000e+00  0.000000e+00  1.000000e+00
   outer loop
     vertex  1.262777e-02 -4.321462e-02  1.000000e-03
     vertex -1.912847e-02 -4.377264e-02  1.000000e-03
     vertex -1.907071e-02 -4.392651e-02  1.000000e-03
   endloop
 endfacet
 facet normal  0.000000e+00  0.000000e+00  1.000000e+00
   outer loop
     vertex  1.268652e-02 -4.303584e-02  1.000000e-03
     vertex -1.912847e-02 -4.377264e-02  1.000000e-03
     vertex  1.262777e-02 -4.321462e-02  1.000000e-03
   endloop
 endfacet
 facet normal  0.000000e+00  0.000000e+00  1.000000e+00
   outer loop
     vertex  1.268652e-02 -4.303584e-02  1.000000e-03
     vertex -1.924217e-02 -4.346452e-02  1.000000e-03
     vertex -1.918562e-02 -4.361864e-02  1.000000e-03
   endloop
 endfacet
 facet normal  0.000000e+00  0.000000e+00  1.000000e+00
   outer loop
     vertex  1.268652e-02 -4.303584e-02  1.000000e-03
     vertex -1.918562e-02 -4.361864e-02  1.000000e-03
     vertex -1.912847e-02 -4.377264e-02  1.000000e-03
   endloop
 endfacet
 facet normal  0.000000e+00  0.000000e+00  1.000000e+00
   outer loop
     vertex  1.274485e-02 -4.285660e-02  1.000000e-03
     vertex -1.929812e-02 -4.331028e-02  1.000000e-03
     vertex -1.924217e-02 -4.346452e-02  1.000000e-03
   endloop
 endfacet
 facet normal  0.000000e+00  0.000000e+00  1.000000e+00
   outer loop
     vertex  1.274485e-02 -4.285660e-02  1.000000e-03
     vertex -1.924217e-02 -4.346452e-02  1.000000e-03
     vertex  1.268652e-02 -4.303584e-02  1.000000e-03
   endloop
 endfacet
 facet normal  0.000000e+00  0.000000e+00  1.000000e+00
   outer loop
     vertex  1.280274e-02 -4.267692e-02  1.000000e-03
     vertex -1.935347e-02 -4.315594e-02  1.000000e-03
     vertex -1.929812e-02 -4.331028e-02  1.000000e-03
   endloop
 endfacet
 facet normal  0.000000e+00  0.000000e+00  1.000000e+00
   outer loop
     vertex  1.280274e-02 -4.267692e-02  1.000000e-03
     vertex -1.929812e-02 -4.331028e-02  1.000000e-03
     vertex  1.274485e-02 -4.285660e-02  1.000000e-03
   endloop
 endfacet
 facet normal  0.000000e+00  0.000000e+00  1.000000e+00
   outer loop
     vertex  1.286019e-02 -4.249680e-02  1.000000e-03
     vertex -1.946247e-02 -4.284695e-02  1.000000e-03
     vertex -1.940826e-02 -4.300149e-02  1.000000e-03
   endloop
 endfacet
 facet normal  0.000000e+00  0.000000e+00  1.000000e+00
   outer loop
     vertex  1.286019e-02 -4.249680e-02  1.000000e-03
     vertex -1.940826e-02 -4.300149e-02  1.000000e-03
     vertex -1.935347e-02 -4.315594e-02  1.000000e-03
   endloop
 endfacet
 facet normal  0.000000e+00  0.000000e+00  1.000000e+00
   outer loop
     vertex  1.286019e-02 -4.249680e-02  1.000000e-03
     vertex -1.935347e-02 -4.315594e-02  1.000000e-03
     vertex  1.280274e-02 -4.267692e-02  1.000000e-03
   endloop
 endfacet
 facet normal  0.000000e+00  0.000000e+00  1.000000e+00
   outer loop
     vertex  1.291719e-02 -4.231627e-02  1.000000e-03
     vertex -1.951611e-02 -4.269232e-02  1.000000e-03
     vertex -1.946247e-02 -4.284695e-02  1.000000e-03
   endloop
 endfacet
 facet normal  0.000000e+00  0.000000e+00  1.000000e+00
   outer loop
     vertex  1.291719e-02 -4.231627e-02  1.000000e-03
     vertex -1.946247e-02 -4.284695e-02  1.000000e-03
     vertex  1.286019e-02 -4.249680e-02  1.000000e-03
   endloop
 endfacet
 facet normal  0.000000e+00  0.000000e+00  1.000000e+00
   outer loop
     vertex  1.297373e-02 -4.213534e-02  1.000000e-03
     vertex -1.956920e-02 -4.253760e-02  1.000000e-03
     vertex -1.951611e-02 -4.269232e-02  1.000000e-03
   endloop
 endfacet
 facet normal  0.000000e+00  0.000000e+00  1.000000e+00
   outer loop
     vertex  1.297373e-02 -4.213534e-02  1.000000e-03
     vertex -1.951611e-02 -4.269232e-02  1.000000e-03
     vertex  1.291719e-02 -4.231627e-02  1.000000e-03
   endloop
 endfacet
 facet normal  0.000000e+00  0.000000e+00  1.000000e+00
   outer loop
     vertex  1.302978e-02 -4.195404e-02  1.000000e-03
     vertex -1.962174e-02 -4.238279e-02  1.000000e-03
     vertex -1.956920e-02 -4.253760e-02  1.000000e-03
   endloop
 endfacet
 facet normal  0.000000e+00  0.000000e+00  1.000000e+00
   outer loop
     vertex  1.302978e-02 -4.195404e-02  1.000000e-03
     vertex -1.956920e-02 -4.253760e-02  1.000000e-03
     vertex  1.297373e-02 -4.213534e-02  1.000000e-03
   endloop
 endfacet
 facet normal  0.000000e+00  0.000000e+00 -1.000000e+00
   outer loop
     vertex  1.308535e-02 -4.177237e-02  0.000000e+00
     vertex -1.967374e-02 -4.222791e-02  0.000000e+00
     vertex -1.972520e-02 -4.207296e-02  0.000000e+00
   endloop
 endfacet
 facet normal  0.000000e+00  0.000000e+00 -1.000000e+00
   outer loop
     vertex  1.308535e-02 -4.177237e-02  0.000000e+00
     vertex -1.962174e-02 -4.238279e-02  0.000000e+00
     vertex -1.967374e-02 -4.222791e-02  0.000000e+00
   endloop
 endfacet
 facet normal  0.000000e+00  0.000000e+00 -1.000000e+00
   outer loop
     vertex  1.308535e-02 -4.177237e-02  0.000000e+00
     vertex  1.302978e-02 -4.195404e-02  0.000000e+00
     vertex -1.962174e-02 -4.238279e-02  0.000000e+00
   endloop
 endfacet
 facet normal  0.000000e+00  0.000000e+00 -1.000000e+00
   outer loop
     vertex  1.314042e-02 -4.159035e-02  0.000000e+00
     vertex -1.972520e-02 -4.207296e-02  0.000000e+00
     vertex -1.977614e-02 -4.191793e-02  0.000000e+00
   endloop
 endfacet
 facet normal  0.000000e+00  0.000000e+00 -1.000000e+00
   outer loop
     vertex  1.314042e-02 -4.159035e-02  0.000000e+00
     vertex  1.308535e-02 -4.177237e-02  0.000000e+00
     vertex -1.972520e-02 -4.207296e-02  0.000000e+00
   endloop
 endfacet
 facet normal  0.000000e+00  0.000000e+00 -1.000000e+00
   outer loop
     vertex  1.319496e-02 -4.140801e-02  0.000000e+00
     vertex -1.977614e-02 -4.191793e-02  0.000000e+00
     vertex -1.982656e-02 -4.176284e-02  0.000000e+00
   endloop
 endfacet
 facet normal  0.000000e+00  0.000000e+00 -1.000000e+00
   outer loop
     vertex  1.319496e-02 -4.140801e-02  0.000000e+00
     vertex  1.314042e-02 -4.159035e-02  0.000000e+00
     vertex -1.977614e-02 -4.191793e-02  0.000000e+00
   endloop
 endfacet
 facet normal  0.000000e+00  0.000000e+00 -1.000000e+00
   outer loop
     vertex  1.324898e-02 -4.122535e-02  0.000000e+00
     vertex -1.987647e-02 -4.160768e-02  0.000000e+00
     vertex -1.992587e-02 -4.145246e-02  0.000000e+00
   endloop
 endfacet
 facet normal  0.000000e+00  0.000000e+00 -1.000000e+00
   outer loop
     vertex  1.324898e-02 -4.122535e-02  0.000000e+00
     vertex -1.982656e-02 -4.176284e-02  0.000000e+00
     vertex -1.987647e-02 -4.160768e-02  0.000000e+00
   endloop
 endfacet
 facet normal  0.000000e+00  0.000000e+00 -1.000000e+00
   outer loop
     vertex  1.324898e-02 -4.122535e-02  0.000000e+00
     vertex  1.319496e-02 -4.140801e-02  0.000000e+00
     vertex -1.982656e-02 -4.176284e-02  0.000000e+00
   endloop
 endfacet
 facet normal  0.000000e+00  0.000000e+00 -1.000000e+00
   outer loop
     vertex  1.330245e-02 -4.104240e-02  0.000000e+00
     vertex -1.992587e-02 -4.145246e-02  0.000000e+00
     vertex -1.997476e-02 -4.129718e-02  0.000000e+00
   endloop
 endfacet
 facet normal  0.000000e+00  0.000000e+00 -1.000000e+00
   outer loop
     vertex  1.330245e-02 -4.104240e-02  0.000000e+00
     vertex  1.324898e-02 -4.122535e-02  0.000000e+00
     vertex -1.992587e-02 -4.145246e-02  0.000000e+00
   endloop
 endfacet
 facet normal  0.000000e+00  0.000000e+00 -1.000000e+00
   outer loop
     vertex -9.846926e-03 -5.566652e-02  0.000000e+00
     vertex -9.998299e-03 -5.558923e-02  0.000000e+00
     vertex -1.014853e-02 -5.551028e-02  0.000000e+00
   endloop
 endfacet
 facet normal  0.000000e+00  0.000000e+00 -1.000000e+00
   outer loop
     vertex -9.694425e-03 -5.574215e-02  0.000000e+00
     vertex -1.014853e-02 -5.551028e-02  0.000000e+00
     vertex -1.029762e-02 -5.542970e-02  0.000000e+00
   endloop
 endfacet
 facet normal  0.000000e+00  0.000000e+00 -1.000000e+00
   outer loop
     vertex -9.694425e-03 -5.574215e-02  0.000000e+00
     vertex -9.846926e-03 -5.566652e-02  0.000000e+00
     vertex -1.014853e-02 -5.551028e-02  0.000000e+00
   endloop
 endfacet
 facet normal  0.000000e+00  0.000000e+00 -1.000000e+00
   outer loop
     vertex  1.335536e-02 -4.085917e-02  0.000000e+00
     vertex -1.997476e-02 -4.129718e-02  0.000000e+00
     vertex -2.002317e-02 -4.114184e-02  0.000000e+00
   endloop
 endfacet
 facet normal  0.000000e+00  0.000000e+00 -1.000000e+00
   outer loop
     vertex  1.335536e-02 -4.085917e-02  0.000000e+00
     vertex  1.330245e-02 -4.104240e-02  0.000000e+00
     vertex -1.997476e-02 -4.129718e-02  0.000000e+00
   endloop
 endfacet
 facet normal  0.000000e+00  0.000000e+00 -1.000000e+00
   outer loop
     vertex -9.386083e-03 -5.588837e-02  0.000000e+00
     vertex -1.029762e-02 -5.542970e-02  0.000000e+00
     vertex -1.044556e-02 -5.534750e-02  0.000000e+00
   endloop
 endfacet
 facet normal  0.000000e+00  0.000000e+00 -1.000000e+00
   outer loop
     vertex -9.386083e-03 -5.588837e-02  0.000000e+00
     vertex -9.540808e-03 -5.581611e-02  0.000000e+00
     vertex -9.694425e-03 -5.574215e-02  0.000000e+00
   endloop
 endfacet
 facet normal  0.000000e+00  0.000000e+00 -1.000000e+00
   outer loop
     vertex -9.386083e-03 -5.588837e-02  0.000000e+00
     vertex -9.694425e-03 -5.574215e-02  0.000000e+00
     vertex -1.029762e-02 -5.542970e-02  0.000000e+00
   endloop
 endfacet
 facet normal  0.000000e+00  0.000000e+00 -1.000000e+00
   outer loop
     vertex -9.230265e-03 -5.595891e-02  0.000000e+00
     vertex -1.044556e-02 -5.534750e-02  0.000000e+00
     vertex -1.059232e-02 -5.526371e-02  0.000000e+00
   endloop
 endfacet
 facet normal  0.000000e+00  0.000000e+00 -1.000000e+00
   outer loop
     vertex -9.230265e-03 -5.595891e-02  0.000000e+00
     vertex -9.386083e-03 -5.588837e-02  0.000000e+00
     vertex -1.044556e-02 -5.534750e-02  0.000000e+00
   endloop
 endfacet
 facet normal  0.000000e+00  0.000000e+00 -1.000000e+00
   outer loop
     vertex -9.073363e-03 -5.602774e-02  0.000000e+00
     vertex -1.059232e-02 -5.526371e-02  0.000000e+00
     vertex -1.073792e-02 -5.517832e-02  0.000000e+00
   endloop
 endfacet
 facet normal  0.000000e+00  0.000000e+00 -1.000000e+00
   outer loop
     vertex  1.340769e-02 -4.067568e-02  0.000000e+00
     vertex -2.002317e-02 -4.114184e-02  0.000000e+00
     vertex -2.007109e-02 -4.098644e-02  0.000000e+00
   endloop
 endfacet
 facet normal  0.000000e+00  0.000000e+00 -1.000000e+00
   outer loop
     vertex  1.340769e-02 -4.067568e-02  0.000000e+00
     vertex  1.335536e-02 -4.085917e-02  0.000000e+00
     vertex -2.002317e-02 -4.114184e-02  0.000000e+00
   endloop
 endfacet
 facet normal  0.000000e+00  0.000000e+00 -1.000000e+00
   outer loop
     vertex -9.073363e-03 -5.602774e-02  0.000000e+00
     vertex -9.230265e-03 -5.595891e-02  0.000000e+00
     vertex -1.059232e-02 -5.526371e-02  0.000000e+00
   endloop
 endfacet
 facet normal  0.000000e+00  0.000000e+00 -1.000000e+00
   outer loop
     vertex -8.915393e-03 -5.609483e-02  0.000000e+00
     vertex -1.073792e-02 -5.517832e-02  0.000000e+00
     vertex -1.088234e-02 -5.509137e-02  0.000000e+00
   endloop
 endfacet
 facet normal  0.000000e+00  0.000000e+00 -1.000000e+00
   outer loop
     vertex -8.915393e-03 -5.609483e-02  0.000000e+00
     vertex -9.073363e-03 -5.602774e-02  0.000000e+00
     vertex -1.073792e-02 -5.517832e-02  0.000000e+00
   endloop
 endfacet
 facet normal  0.000000e+00  0.000000e+00 -1.000000e+00
   outer loop
     vertex -8.756367e-03 -5.616017e-02  0.000000e+00
     vertex -1.088234e-02 -5.509137e-02  0.000000e+00
     vertex -1.102558e-02 -5.500286e-02  0.000000e+00
   endloop
 endfacet
 facet normal  0.000000e+00  0.000000e+00 -1.000000e+00
   outer loop
     vertex -8.756367e-03 -5.616017e-02  0.000000e+00
     vertex -8.915393e-03 -5.609483e-02  0.000000e+00
     vertex -1.088234e-02 -5.509137e-02  0.000000e+00
   endloop
 endfacet
 facet normal  0.000000e+00  0.000000e+00 -1.000000e+00
   outer loop
     vertex -8.596300e-03 -5.622375e-02  0.000000e+00
     vertex -1.102558e-02 -5.500286e-02  0.000000e+00
     vertex -1.116762e-02 -5.491282e-02  0.000000e+00
   endloop
 endfacet
 facet normal  0.000000e+00  0.000000e+00 -1.000000e+00
   outer loop
     vertex  1.345942e-02 -4.049195e-02  0.000000e+00
     vertex -2.007109e-02 -4.098644e-02  0.000000e+00
     vertex -2.011852e-02 -4.083099e-02  0.000000e+00
   endloop
 endfacet
 facet normal  0.000000e+00  0.000000e+00 -1.000000e+00
   outer loop
     vertex  1.345942e-02 -4.049195e-02  0.000000e+00
     vertex  1.340769e-02 -4.067568e-02  0.000000e+00
     vertex -2.007109e-02 -4.098644e-02  0.000000e+00
   endloop
 endfacet
 facet normal  0.000000e+00  0.000000e+00 -1.000000e+00
   outer loop
     vertex -8.596300e-03 -5.622375e-02  0.000000e+00
     vertex -8.756367e-03 -5.616017e-02  0.000000e+00
     vertex -1.102558e-02 -5.500286e-02  0.000000e+00
   endloop
 endfacet
 facet normal  0.000000e+00  0.000000e+00 -1.000000e+00
   outer loop
     vertex -8.435206e-03 -5.628554e-02  0.000000e+00
     vertex -1.116762e-02 -5.491282e-02  0.000000e+00
     vertex -1.130847e-02 -5.482126e-02  0.000000e+00
   endloop
 endfacet
 facet normal  0.000000e+00  0.000000e+00 -1.000000e+00
   outer loop
     vertex -8.435206e-03 -5.628554e-02  0.000000e+00
     vertex -8.596300e-03 -5.622375e-02  0.000000e+00
     vertex -1.116762e-02 -5.491282e-02  0.000000e+00
   endloop
 endfacet
 facet normal  0.000000e+00  0.000000e+00 -1.000000e+00
   outer loop
     vertex -8.273101e-03 -5.634555e-02  0.000000e+00
     vertex -1.130847e-02 -5.482126e-02  0.000000e+00
     vertex -1.144812e-02 -5.472820e-02  0.000000e+00
   endloop
 endfacet
 facet normal  0.000000e+00  0.000000e+00 -1.000000e+00
   outer loop
     vertex -8.273101e-03 -5.634555e-02  0.000000e+00
     vertex -8.435206e-03 -5.628554e-02  0.000000e+00
     vertex -1.130847e-02 -5.482126e-02  0.000000e+00
   endloop
 endfacet
 facet normal  0.000000e+00  0.000000e+00 -1.000000e+00
   outer loop
     vertex -8.110001e-03 -5.640376e-02  0.000000e+00
     vertex -8.273101e-03 -5.634555e-02  0.000000e+00
     vertex -1.144812e-02 -5.472820e-02  0.000000e+00
   endloop
 endfacet
 facet normal  0.000000e+00  0.000000e+00 -1.000000e+00
   outer loop
     vertex  1.351054e-02 -4.030798e-02  0.000000e+00
     vertex -2.011852e-02 -4.083099e-02  0.000000e+00
     vertex -2.016548e-02 -4.067549e-02  0.000000e+00
   endloop
 endfacet
 facet normal  0.000000e+00  0.000000e+00 -1.000000e+00
   outer loop
     vertex  1.351054e-02 -4.030798e-02  0.000000e+00
     vertex  1.345942e-02 -4.049195e-02  0.000000e+00
     vertex -2.011852e-02 -4.083099e-02  0.000000e+00
   endloop
 endfacet
 facet normal  0.000000e+00  0.000000e+00 -1.000000e+00
   outer loop
     vertex -7.945924e-03 -5.646015e-02  0.000000e+00
     vertex -8.110001e-03 -5.640376e-02  0.000000e+00
     vertex -1.144812e-02 -5.472820e-02  0.000000e+00
   endloop
 endfacet
 facet normal  0.000000e+00  0.000000e+00 -1.000000e+00
   outer loop
     vertex -7.945924e-03 -5.646015e-02  0.000000e+00
     vertex -1.144812e-02 -5.472820e-02  0.000000e+00
     vertex -1.158657e-02 -5.463366e-02  0.000000e+00
   endloop
 endfacet
 facet normal  0.000000e+00  0.000000e+00 -1.000000e+00
   outer loop
     vertex -7.780888e-03 -5.651472e-02  0.000000e+00
     vertex -7.945924e-03 -5.646015e-02  0.000000e+00
     vertex -1.158657e-02 -5.463366e-02  0.000000e+00
   endloop
 endfacet
 facet normal  0.000000e+00  0.000000e+00 -1.000000e+00
   outer loop
     vertex  1.356103e-02 -4.012380e-02  0.000000e+00
     vertex -2.021197e-02 -4.051993e-02  0.000000e+00
     vertex -2.025799e-02 -4.036432e-02  0.000000e+00
   endloop
 endfacet
 facet normal  0.000000e+00  0.000000e+00 -1.000000e+00
   outer loop
     vertex  1.356103e-02 -4.012380e-02  0.000000e+00
     vertex -2.016548e-02 -4.067549e-02  0.000000e+00
     vertex -2.021197e-02 -4.051993e-02  0.000000e+00
   endloop
 endfacet
 facet normal  0.000000e+00  0.000000e+00 -1.000000e+00
   outer loop
     vertex  1.356103e-02 -4.012380e-02  0.000000e+00
     vertex  1.351054e-02 -4.030798e-02  0.000000e+00
     vertex -2.016548e-02 -4.067549e-02  0.000000e+00
   endloop
 endfacet
 facet normal  0.000000e+00  0.000000e+00 -1.000000e+00
   outer loop
     vertex -7.780888e-03 -5.651472e-02  0.000000e+00
     vertex -1.158657e-02 -5.463366e-02  0.000000e+00
     vertex -1.172381e-02 -5.453765e-02  0.000000e+00
   endloop
 endfacet
 facet normal  0.000000e+00  0.000000e+00 -1.000000e+00
   outer loop
     vertex -7.614909e-03 -5.656745e-02  0.000000e+00
     vertex -7.780888e-03 -5.651472e-02  0.000000e+00
     vertex -1.172381e-02 -5.453765e-02  0.000000e+00
   endloop
 endfacet
 facet normal  0.000000e+00  0.000000e+00 -1.000000e+00
   outer loop
     vertex -7.614909e-03 -5.656745e-02  0.000000e+00
     vertex -1.172381e-02 -5.453765e-02  0.000000e+00
     vertex -1.185983e-02 -5.444020e-02  0.000000e+00
   endloop
 endfacet
 facet normal  0.000000e+00  0.000000e+00 -1.000000e+00
   outer loop
     vertex -7.448009e-03 -5.661833e-02  0.000000e+00
     vertex -7.614909e-03 -5.656745e-02  0.000000e+00
     vertex -1.185983e-02 -5.444020e-02  0.000000e+00
   endloop
 endfacet
 facet normal  0.000000e+00  0.000000e+00 -1.000000e+00
   outer loop
     vertex -7.448009e-03 -5.661833e-02  0.000000e+00
     vertex -1.185983e-02 -5.444020e-02  0.000000e+00
     vertex -1.199464e-02 -5.434131e-02  0.000000e+00
   endloop
 endfacet
 facet normal  0.000000e+00  0.000000e+00 -1.000000e+00
   outer loop
     vertex -7.280206e-03 -5.666736e-02  0.000000e+00
     vertex -7.448009e-03 -5.661833e-02  0.000000e+00
     vertex -1.199464e-02 -5.434131e-02  0.000000e+00
   endloop
 endfacet
 facet normal  0.000000e+00  0.000000e+00 -1.000000e+00
   outer loop
     vertex -7.280206e-03 -5.666736e-02  0.000000e+00
     vertex -1.199464e-02 -5.434131e-02  0.000000e+00
     vertex -1.212824e-02 -5.424101e-02  0.000000e+00
   endloop
 endfacet
 facet normal  0.000000e+00  0.000000e+00 -1.000000e+00
   outer loop
     vertex -7.111521e-03 -5.671451e-02  0.000000e+00
     vertex -7.280206e-03 -5.666736e-02  0.000000e+00
     vertex -1.212824e-02 -5.424101e-02  0.000000e+00
   endloop
 endfacet
 facet normal  0.000000e+00  0.000000e+00 -1.000000e+00
   outer loop
     vertex  1.361087e-02 -3.993943e-02  0.000000e+00
     vertex -2.025799e-02 -4.036432e-02  0.000000e+00
     vertex -2.030356e-02 -4.020866e-02  0.000000e+00
   endloop
 endfacet
 facet normal  0.000000e+00  0.000000e+00 -1.000000e+00
   outer loop
     vertex  1.361087e-02 -3.993943e-02  0.000000e+00
     vertex  1.356103e-02 -4.012380e-02  0.000000e+00
     vertex -2.025799e-02 -4.036432e-02  0.000000e+00
   endloop
 endfacet
 facet normal  0.000000e+00  0.000000e+00 -1.000000e+00
   outer loop
     vertex -7.111521e-03 -5.671451e-02  0.000000e+00
     vertex -1.212824e-02 -5.424101e-02  0.000000e+00
     vertex -1.226061e-02 -5.413932e-02  0.000000e+00
   endloop
 endfacet
 facet normal  0.000000e+00  0.000000e+00 -1.000000e+00
   outer loop
     vertex -6.941976e-03 -5.675979e-02  0.000000e+00
     vertex -7.111521e-03 -5.671451e-02  0.000000e+00
     vertex -1.226061e-02 -5.413932e-02  0.000000e+00
   endloop
 endfacet
 facet normal  0.000000e+00  0.000000e+00 -1.000000e+00
   outer loop
     vertex -6.941976e-03 -5.675979e-02  0.000000e+00
     vertex -1.226061e-02 -5.413932e-02  0.000000e+00
     vertex -1.239177e-02 -5.403626e-02  0.000000e+00
   endloop
 endfacet
 facet normal  0.000000e+00  0.000000e+00 -1.000000e+00
   outer loop
     vertex -6.771593e-03 -5.680318e-02  0.000000e+00
     vertex -6.941976e-03 -5.675979e-02  0.000000e+00
     vertex -1.239177e-02 -5.403626e-02  0.000000e+00
   endloop
 endfacet
 facet normal  0.000000e+00  0.000000e+00 -1.000000e+00
   outer loop
     vertex -6.771593e-03 -5.680318e-02  0.000000e+00
     vertex -1.239177e-02 -5.403626e-02  0.000000e+00
     vertex -1.252171e-02 -5.393184e-02  0.000000e+00
   endloop
 endfacet
 facet normal  0.000000e+00  0.000000e+00 -1.000000e+00
   outer loop
     vertex  1.366004e-02 -3.975488e-02  0.000000e+00
     vertex -2.030356e-02 -4.020866e-02  0.000000e+00
     vertex -2.034867e-02 -4.005294e-02  0.000000e+00
   endloop
 endfacet
 facet normal  0.000000e+00  0.000000e+00 -1.000000e+00
   outer loop
     vertex  1.366004e-02 -3.975488e-02  0.000000e+00
     vertex  1.361087e-02 -3.993943e-02  0.000000e+00
     vertex -2.030356e-02 -4.020866e-02  0.000000e+00
   endloop
 endfacet
 facet normal  0.000000e+00  0.000000e+00 -1.000000e+00
   outer loop
     vertex -6.600394e-03 -5.684467e-02  0.000000e+00
     vertex -6.771593e-03 -5.680318e-02  0.000000e+00
     vertex -1.252171e-02 -5.393184e-02  0.000000e+00
   endloop
 endfacet
 facet normal  0.000000e+00  0.000000e+00 -1.000000e+00
   outer loop
     vertex -6.600394e-03 -5.684467e-02  0.000000e+00
     vertex -1.252171e-02 -5.393184e-02  0.000000e+00
     vertex -1.265042e-02 -5.382608e-02  0.000000e+00
   endloop
 endfacet
 facet normal  0.000000e+00  0.000000e+00 -1.000000e+00
   outer loop
     vertex -6.428403e-03 -5.688425e-02  0.000000e+00
     vertex -6.600394e-03 -5.684467e-02  0.000000e+00
     vertex -1.265042e-02 -5.382608e-02  0.000000e+00
   endloop
 endfacet
 facet normal  0.000000e+00  0.000000e+00 -1.000000e+00
   outer loop
     vertex  1.370853e-02 -3.957016e-02  0.000000e+00
     vertex -2.034867e-02 -4.005294e-02  0.000000e+00
     vertex -2.039334e-02 -3.989717e-02  0.000000e+00
   endloop
 endfacet
 facet normal  0.000000e+00  0.000000e+00 -1.000000e+00
   outer loop
     vertex  1.370853e-02 -3.957016e-02  0.000000e+00
     vertex  1.366004e-02 -3.975488e-02  0.000000e+00
     vertex -2.034867e-02 -4.005294e-02  0.000000e+00
   endloop
 endfacet
 facet normal  0.000000e+00  0.000000e+00 -1.000000e+00
   outer loop
     vertex -6.255645e-03 -5.692192e-02  0.000000e+00
     vertex -6.428403e-03 -5.688425e-02  0.000000e+00
     vertex -1.265042e-02 -5.382608e-02  0.000000e+00
   endloop
 endfacet
 facet normal  0.000000e+00  0.000000e+00 -1.000000e+00
   outer loop
     vertex -6.255645e-03 -5.692192e-02  0.000000e+00
     vertex -1.265042e-02 -5.382608e-02  0.000000e+00
     vertex -1.277792e-02 -5.371900e-02  0.000000e+00
   endloop
 endfacet
 facet normal  0.000000e+00  0.000000e+00 -1.000000e+00
   outer loop
     vertex -6.082145e-03 -5.695767e-02  0.000000e+00
     vertex -6.255645e-03 -5.692192e-02  0.000000e+00
     vertex -1.277792e-02 -5.371900e-02  0.000000e+00
   endloop
 endfacet
 facet normal  0.000000e+00  0.000000e+00 -1.000000e+00
   outer loop
     vertex -6.082145e-03 -5.695767e-02  0.000000e+00
     vertex -1.277792e-02 -5.371900e-02  0.000000e+00
     vertex -1.290420e-02 -5.361062e-02  0.000000e+00
   endloop
 endfacet
 facet normal  0.000000e+00  0.000000e+00 -1.000000e+00
   outer loop
     vertex -5.907928e-03 -5.699150e-02  0.000000e+00
     vertex -6.082145e-03 -5.695767e-02  0.000000e+00
     vertex -1.290420e-02 -5.361062e-02  0.000000e+00
   endloop
 endfacet
 facet normal  0.000000e+00  0.000000e+00 -1.000000e+00
   outer loop
     vertex -5.907928e-03 -5.699150e-02  0.000000e+00
     vertex -1.290420e-02 -5.361062e-02  0.000000e+00
     vertex -1.302925e-02 -5.350097e-02  0.000000e+00
   endloop
 endfacet
 facet normal  0.000000e+00  0.000000e+00 -1.000000e+00
   outer loop
     vertex  1.375632e-02 -3.938530e-02  0.000000e+00
     vertex -2.039334e-02 -3.989717e-02  0.000000e+00
     vertex -2.043756e-02 -3.974135e-02  0.000000e+00
   endloop
 endfacet
 facet normal  0.000000e+00  0.000000e+00 -1.000000e+00
   outer loop
     vertex  1.375632e-02 -3.938530e-02  0.000000e+00
     vertex  1.370853e-02 -3.957016e-02  0.000000e+00
     vertex -2.039334e-02 -3.989717e-02  0.000000e+00
   endloop
 endfacet
 facet normal  0.000000e+00  0.000000e+00 -1.000000e+00
   outer loop
     vertex -5.733023e-03 -5.702338e-02  0.000000e+00
     vertex -5.907928e-03 -5.699150e-02  0.000000e+00
     vertex -1.302925e-02 -5.350097e-02  0.000000e+00
   endloop
 endfacet
 facet normal  0.000000e+00  0.000000e+00 -1.000000e+00
   outer loop
     vertex -5.733023e-03 -5.702338e-02  0.000000e+00
     vertex -1.302925e-02 -5.350097e-02  0.000000e+00
     vertex -1.315309e-02 -5.339005e-02  0.000000e+00
   endloop
 endfacet
 facet normal  0.000000e+00  0.000000e+00 -1.000000e+00
   outer loop
     vertex -5.557455e-03 -5.705332e-02  0.000000e+00
     vertex -5.733023e-03 -5.702338e-02  0.000000e+00
     vertex -1.315309e-02 -5.339005e-02  0.000000e+00
   endloop
 endfacet
 facet normal  0.000000e+00  0.000000e+00 -1.000000e+00
   outer loop
     vertex -5.557455e-03 -5.705332e-02  0.000000e+00
     vertex -1.315309e-02 -5.339005e-02  0.000000e+00
     vertex -1.327571e-02 -5.327789e-02  0.000000e+00
   endloop
 endfacet
 facet normal  0.000000e+00  0.000000e+00 -1.000000e+00
   outer loop
     vertex  1.380338e-02 -3.920031e-02  0.000000e+00
     vertex -2.043756e-02 -3.974135e-02  0.000000e+00
     vertex -2.048134e-02 -3.958547e-02  0.000000e+00
   endloop
 endfacet
 facet normal  0.000000e+00  0.000000e+00 -1.000000e+00
   outer loop
     vertex  1.380338e-02 -3.920031e-02  0.000000e+00
     vertex  1.375632e-02 -3.938530e-02  0.000000e+00
     vertex -2.043756e-02 -3.974135e-02  0.000000e+00
   endloop
 endfacet
 facet normal  0.000000e+00  0.000000e+00 -1.000000e+00
   outer loop
     vertex -5.381255e-03 -5.708132e-02  0.000000e+00
     vertex -5.557455e-03 -5.705332e-02  0.000000e+00
     vertex -1.327571e-02 -5.327789e-02  0.000000e+00
   endloop
 endfacet
 facet normal  0.000000e+00  0.000000e+00 -1.000000e+00
   outer loop
     vertex -5.204450e-03 -5.710735e-02  0.000000e+00
     vertex -5.381255e-03 -5.708132e-02  0.000000e+00
     vertex -1.327571e-02 -5.327789e-02  0.000000e+00
   endloop
 endfacet
 facet normal  0.000000e+00  0.000000e+00 -1.000000e+00
   outer loop
     vertex -5.204450e-03 -5.710735e-02  0.000000e+00
     vertex -1.327571e-02 -5.327789e-02  0.000000e+00
     vertex -1.339712e-02 -5.316450e-02  0.000000e+00
   endloop
 endfacet
 facet normal  0.000000e+00  0.000000e+00 -1.000000e+00
   outer loop
     vertex  1.384971e-02 -3.901521e-02  0.000000e+00
     vertex -2.048134e-02 -3.958547e-02  0.000000e+00
     vertex -2.052468e-02 -3.942954e-02  0.000000e+00
   endloop
 endfacet
 facet normal  0.000000e+00  0.000000e+00 -1.000000e+00
   outer loop
     vertex  1.384971e-02 -3.901521e-02  0.000000e+00
     vertex  1.380338e-02 -3.920031e-02  0.000000e+00
     vertex -2.048134e-02 -3.958547e-02  0.000000e+00
   endloop
 endfacet
 facet normal  0.000000e+00  0.000000e+00 -1.000000e+00
   outer loop
     vertex -5.027072e-03 -5.713144e-02  0.000000e+00
     vertex -1.339712e-02 -5.316450e-02  0.000000e+00
     vertex -1.351732e-02 -5.304992e-02  0.000000e+00
   endloop
 endfacet
 facet normal  0.000000e+00  0.000000e+00 -1.000000e+00
   outer loop
     vertex -5.027072e-03 -5.713144e-02  0.000000e+00
     vertex -5.204450e-03 -5.710735e-02  0.000000e+00
     vertex -1.339712e-02 -5.316450e-02  0.000000e+00
   endloop
 endfacet
 facet normal  0.000000e+00  0.000000e+00 -1.000000e+00
   outer loop
     vertex  1.389527e-02 -3.883000e-02  0.000000e+00
     vertex -2.052468e-02 -3.942954e-02  0.000000e+00
     vertex -2.056760e-02 -3.927356e-02  0.000000e+00
   endloop
 endfacet
 facet normal  0.000000e+00  0.000000e+00 -1.000000e+00
   outer loop
     vertex  1.389527e-02 -3.883000e-02  0.000000e+00
     vertex  1.384971e-02 -3.901521e-02  0.000000e+00
     vertex -2.052468e-02 -3.942954e-02  0.000000e+00
   endloop
 endfacet
 facet normal  0.000000e+00  0.000000e+00 -1.000000e+00
   outer loop
     vertex  1.394005e-02 -3.864471e-02  0.000000e+00
     vertex -2.056760e-02 -3.927356e-02  0.000000e+00
     vertex -2.061010e-02 -3.911751e-02  0.000000e+00
   endloop
 endfacet
 facet normal  0.000000e+00  0.000000e+00 -1.000000e+00
   outer loop
     vertex  1.394005e-02 -3.864471e-02  0.000000e+00
     vertex  1.389527e-02 -3.883000e-02  0.000000e+00
     vertex -2.056760e-02 -3.927356e-02  0.000000e+00
   endloop
 endfacet
 facet normal  0.000000e+00  0.000000e+00 -1.000000e+00
   outer loop
     vertex  1.398403e-02 -3.845936e-02  0.000000e+00
     vertex -2.061010e-02 -3.911751e-02  0.000000e+00
     vertex -2.065217e-02 -3.896141e-02  0.000000e+00
   endloop
 endfacet
 facet normal  0.000000e+00  0.000000e+00 -1.000000e+00
   outer loop
     vertex  1.398403e-02 -3.845936e-02  0.000000e+00
     vertex  1.394005e-02 -3.864471e-02  0.000000e+00
     vertex -2.061010e-02 -3.911751e-02  0.000000e+00
   endloop
 endfacet
 facet normal  0.000000e+00  0.000000e+00 -1.000000e+00
   outer loop
     vertex  1.402718e-02 -3.827396e-02  0.000000e+00
     vertex -2.065217e-02 -3.896141e-02  0.000000e+00
     vertex -2.069382e-02 -3.880524e-02  0.000000e+00
   endloop
 endfacet
 facet normal  0.000000e+00  0.000000e+00 -1.000000e+00
   outer loop
     vertex  1.402718e-02 -3.827396e-02  0.000000e+00
     vertex  1.398403e-02 -3.845936e-02  0.000000e+00
     vertex -2.065217e-02 -3.896141e-02  0.000000e+00
   endloop
 endfacet
 facet normal  0.000000e+00  0.000000e+00 -1.000000e+00
   outer loop
     vertex  1.406950e-02 -3.808852e-02  0.000000e+00
     vertex -2.069382e-02 -3.880524e-02  0.000000e+00
     vertex -2.073507e-02 -3.864901e-02  0.000000e+00
   endloop
 endfacet
 facet normal  0.000000e+00  0.000000e+00 -1.000000e+00
   outer loop
     vertex  1.406950e-02 -3.808852e-02  0.000000e+00
     vertex  1.402718e-02 -3.827396e-02  0.000000e+00
     vertex -2.069382e-02 -3.880524e-02  0.000000e+00
   endloop
 endfacet
 facet normal  0.000000e+00  0.000000e+00 -1.000000e+00
   outer loop
     vertex  1.411096e-02 -3.790306e-02  0.000000e+00
     vertex -2.073507e-02 -3.864901e-02  0.000000e+00
     vertex -2.077590e-02 -3.849272e-02  0.000000e+00
   endloop
 endfacet
 facet normal  0.000000e+00  0.000000e+00 -1.000000e+00
   outer loop
     vertex  1.411096e-02 -3.790306e-02  0.000000e+00
     vertex  1.406950e-02 -3.808852e-02  0.000000e+00
     vertex -2.073507e-02 -3.864901e-02  0.000000e+00
   endloop
 endfacet
 facet normal  0.000000e+00  0.000000e+00 -1.000000e+00
   outer loop
     vertex  1.415153e-02 -3.771760e-02  0.000000e+00
     vertex -2.077590e-02 -3.849272e-02  0.000000e+00
     vertex -2.081634e-02 -3.833636e-02  0.000000e+00
   endloop
 endfacet
 facet normal  0.000000e+00  0.000000e+00 -1.000000e+00
   outer loop
     vertex  1.415153e-02 -3.771760e-02  0.000000e+00
     vertex  1.411096e-02 -3.790306e-02  0.000000e+00
     vertex -2.077590e-02 -3.849272e-02  0.000000e+00
   endloop
 endfacet
 facet normal  0.000000e+00  0.000000e+00 -1.000000e+00
   outer loop
     vertex  1.419121e-02 -3.753214e-02  0.000000e+00
     vertex -2.081634e-02 -3.833636e-02  0.000000e+00
     vertex -2.085637e-02 -3.817992e-02  0.000000e+00
   endloop
 endfacet
 facet normal  0.000000e+00  0.000000e+00 -1.000000e+00
   outer loop
     vertex  1.419121e-02 -3.753214e-02  0.000000e+00
     vertex  1.415153e-02 -3.771760e-02  0.000000e+00
     vertex -2.081634e-02 -3.833636e-02  0.000000e+00
   endloop
 endfacet
 facet normal  0.000000e+00  0.000000e+00 -1.000000e+00
   outer loop
     vertex  1.422996e-02 -3.734672e-02  0.000000e+00
     vertex -2.085637e-02 -3.817992e-02  0.000000e+00
     vertex -2.089600e-02 -3.802342e-02  0.000000e+00
   endloop
 endfacet
 facet normal  0.000000e+00  0.000000e+00 -1.000000e+00
   outer loop
     vertex  1.422996e-02 -3.734672e-02  0.000000e+00
     vertex  1.419121e-02 -3.753214e-02  0.000000e+00
     vertex -2.085637e-02 -3.817992e-02  0.000000e+00
   endloop
 endfacet
 facet normal  0.000000e+00  0.000000e+00 -1.000000e+00
   outer loop
     vertex  1.426776e-02 -3.716133e-02  0.000000e+00
     vertex -2.089600e-02 -3.802342e-02  0.000000e+00
     vertex -2.093524e-02 -3.786683e-02  0.000000e+00
   endloop
 endfacet
 facet normal  0.000000e+00  0.000000e+00 -1.000000e+00
   outer loop
     vertex  1.426776e-02 -3.716133e-02  0.000000e+00
     vertex  1.422996e-02 -3.734672e-02  0.000000e+00
     vertex -2.089600e-02 -3.802342e-02  0.000000e+00
   endloop
 endfacet
 facet normal  0.000000e+00  0.000000e+00 -1.000000e+00
   outer loop
     vertex  1.430461e-02 -3.697600e-02  0.000000e+00
     vertex  1.426776e-02 -3.716133e-02  0.000000e+00
     vertex -2.093524e-02 -3.786683e-02  0.000000e+00
   endloop
 endfacet
 facet normal  0.000000e+00  0.000000e+00 -1.000000e+00
   outer loop
     vertex  1.434047e-02 -3.679073e-02  0.000000e+00
     vertex -2.093524e-02 -3.786683e-02  0.000000e+00
     vertex -2.097409e-02 -3.771017e-02  0.000000e+00
   endloop
 endfacet
 facet normal  0.000000e+00  0.000000e+00 -1.000000e+00
   outer loop
     vertex  1.434047e-02 -3.679073e-02  0.000000e+00
     vertex  1.430461e-02 -3.697600e-02  0.000000e+00
     vertex -2.093524e-02 -3.786683e-02  0.000000e+00
   endloop
 endfacet
 facet normal  0.000000e+00  0.000000e+00 -1.000000e+00
   outer loop
     vertex  1.437532e-02 -3.660555e-02  0.000000e+00
     vertex -2.097409e-02 -3.771017e-02  0.000000e+00
     vertex -2.101255e-02 -3.755342e-02  0.000000e+00
   endloop
 endfacet
 facet normal  0.000000e+00  0.000000e+00 -1.000000e+00
   outer loop
     vertex  1.437532e-02 -3.660555e-02  0.000000e+00
     vertex  1.434047e-02 -3.679073e-02  0.000000e+00
     vertex -2.097409e-02 -3.771017e-02  0.000000e+00
   endloop
 endfacet
 facet normal  0.000000e+00  0.000000e+00 -1.000000e+00
   outer loop
     vertex  1.440916e-02 -3.642047e-02  0.000000e+00
     vertex -2.101255e-02 -3.755342e-02  0.000000e+00
     vertex -2.105063e-02 -3.739659e-02  0.000000e+00
   endloop
 endfacet
 facet normal  0.000000e+00  0.000000e+00 -1.000000e+00
   outer loop
     vertex  1.440916e-02 -3.642047e-02  0.000000e+00
     vertex  1.437532e-02 -3.660555e-02  0.000000e+00
     vertex -2.101255e-02 -3.755342e-02  0.000000e+00
   endloop
 endfacet
 facet normal  0.000000e+00  0.000000e+00 -1.000000e+00
   outer loop
     vertex  1.444195e-02 -3.623550e-02  0.000000e+00
     vertex -2.105063e-02 -3.739659e-02  0.000000e+00
     vertex -2.108832e-02 -3.723967e-02  0.000000e+00
   endloop
 endfacet
 facet normal  0.000000e+00  0.000000e+00 -1.000000e+00
   outer loop
     vertex  1.444195e-02 -3.623550e-02  0.000000e+00
     vertex  1.440916e-02 -3.642047e-02  0.000000e+00
     vertex -2.105063e-02 -3.739659e-02  0.000000e+00
   endloop
 endfacet
 facet normal  0.000000e+00  0.000000e+00 -1.000000e+00
   outer loop
     vertex  1.447368e-02 -3.605065e-02  0.000000e+00
     vertex  1.444195e-02 -3.623550e-02  0.000000e+00
     vertex -2.108832e-02 -3.723967e-02  0.000000e+00
   endloop
 endfacet
 facet normal  0.000000e+00  0.000000e+00 -1.000000e+00
   outer loop
     vertex  1.450432e-02 -3.586595e-02  0.000000e+00
     vertex -2.108832e-02 -3.723967e-02  0.000000e+00
     vertex -2.112564e-02 -3.708265e-02  0.000000e+00
   endloop
 endfacet
 facet normal  0.000000e+00  0.000000e+00 -1.000000e+00
   outer loop
     vertex  1.450432e-02 -3.586595e-02  0.000000e+00
     vertex  1.447368e-02 -3.605065e-02  0.000000e+00
     vertex -2.108832e-02 -3.723967e-02  0.000000e+00
   endloop
 endfacet
 facet normal  0.000000e+00  0.000000e+00 -1.000000e+00
   outer loop
     vertex  1.453386e-02 -3.568139e-02  0.000000e+00
     vertex -2.112564e-02 -3.708265e-02  0.000000e+00
     vertex -2.116258e-02 -3.692553e-02  0.000000e+00
   endloop
 endfacet
 facet normal  0.000000e+00  0.000000e+00 -1.000000e+00
   outer loop
     vertex  1.453386e-02 -3.568139e-02  0.000000e+00
     vertex  1.450432e-02 -3.586595e-02  0.000000e+00
     vertex -2.112564e-02 -3.708265e-02  0.000000e+00
   endloop
 endfacet
 facet normal  0.000000e+00  0.000000e+00 -1.000000e+00
   outer loop
     vertex  1.456229e-02 -3.549700e-02  0.000000e+00
     vertex  1.453386e-02 -3.568139e-02  0.000000e+00
     vertex -2.116258e-02 -3.692553e-02  0.000000e+00
   endloop
 endfacet
 facet normal  0.000000e+00  0.000000e+00 -1.000000e+00
   outer loop
     vertex  1.458957e-02 -3.531279e-02  0.000000e+00
     vertex -2.116258e-02 -3.692553e-02  0.000000e+00
     vertex -2.119915e-02 -3.676832e-02  0.000000e+00
   endloop
 endfacet
 facet normal  0.000000e+00  0.000000e+00 -1.000000e+00
   outer loop
     vertex  1.458957e-02 -3.531279e-02  0.000000e+00
     vertex  1.456229e-02 -3.549700e-02  0.000000e+00
     vertex -2.116258e-02 -3.692553e-02  0.000000e+00
   endloop
 endfacet
 facet normal  0.000000e+00  0.000000e+00 -1.000000e+00
   outer loop
     vertex  1.461570e-02 -3.512877e-02  0.000000e+00
     vertex -2.119915e-02 -3.676832e-02  0.000000e+00
     vertex -2.123534e-02 -3.661099e-02  0.000000e+00
   endloop
 endfacet
 facet normal  0.000000e+00  0.000000e+00 -1.000000e+00
   outer loop
     vertex  1.461570e-02 -3.512877e-02  0.000000e+00
     vertex  1.458957e-02 -3.531279e-02  0.000000e+00
     vertex -2.119915e-02 -3.676832e-02  0.000000e+00
   endloop
 endfacet
 facet normal  0.000000e+00  0.000000e+00 -1.000000e+00
   outer loop
     vertex  1.464064e-02 -3.494496e-02  0.000000e+00
     vertex  1.461570e-02 -3.512877e-02  0.000000e+00
     vertex -2.123534e-02 -3.661099e-02  0.000000e+00
   endloop
 endfacet
 facet normal  0.000000e+00  0.000000e+00 -1.000000e+00
   outer loop
     vertex  1.466440e-02 -3.476136e-02  0.000000e+00
     vertex -2.123534e-02 -3.661099e-02  0.000000e+00
     vertex -2.127117e-02 -3.645355e-02  0.000000e+00
   endloop
 endfacet
 facet normal  0.000000e+00  0.000000e+00 -1.000000e+00
   outer loop
     vertex  1.466440e-02 -3.476136e-02  0.000000e+00
     vertex  1.464064e-02 -3.494496e-02  0.000000e+00
     vertex -2.123534e-02 -3.661099e-02  0.000000e+00
   endloop
 endfacet
 facet normal  0.000000e+00  0.000000e+00 -1.000000e+00
   outer loop
     vertex  1.468694e-02 -3.457798e-02  0.000000e+00
     vertex  1.466440e-02 -3.476136e-02  0.000000e+00
     vertex -2.127117e-02 -3.645355e-02  0.000000e+00
   endloop
 endfacet
 facet normal  0.000000e+00  0.000000e+00 -1.000000e+00
   outer loop
     vertex  1.470826e-02 -3.439485e-02  0.000000e+00
     vertex -2.127117e-02 -3.645355e-02  0.000000e+00
     vertex -2.130663e-02 -3.629600e-02  0.000000e+00
   endloop
 endfacet
 facet normal  0.000000e+00  0.000000e+00 -1.000000e+00
   outer loop
     vertex  1.470826e-02 -3.439485e-02  0.000000e+00
     vertex  1.468694e-02 -3.457798e-02  0.000000e+00
     vertex -2.127117e-02 -3.645355e-02  0.000000e+00
   endloop
 endfacet
 facet normal  0.000000e+00  0.000000e+00 -1.000000e+00
   outer loop
     vertex  1.472833e-02 -3.421197e-02  0.000000e+00
     vertex  1.470826e-02 -3.439485e-02  0.000000e+00
     vertex -2.130663e-02 -3.629600e-02  0.000000e+00
   endloop
 endfacet
 facet normal  0.000000e+00  0.000000e+00 -1.000000e+00
   outer loop
     vertex  1.474714e-02 -3.402935e-02  0.000000e+00
     vertex -2.130663e-02 -3.629600e-02  0.000000e+00
     vertex -2.134173e-02 -3.613833e-02  0.000000e+00
   endloop
 endfacet
 facet normal  0.000000e+00  0.000000e+00 -1.000000e+00
   outer loop
     vertex  1.474714e-02 -3.402935e-02  0.000000e+00
     vertex  1.472833e-02 -3.421197e-02  0.000000e+00
     vertex -2.130663e-02 -3.629600e-02  0.000000e+00
   endloop
 endfacet
 facet normal  0.000000e+00  0.000000e+00 -1.000000e+00
   outer loop
     vertex  1.476467e-02 -3.384700e-02  0.000000e+00
     vertex  1.474714e-02 -3.402935e-02  0.000000e+00
     vertex -2.134173e-02 -3.613833e-02  0.000000e+00
   endloop
 endfacet
 facet normal  0.000000e+00  0.000000e+00 -1.000000e+00
   outer loop
     vertex  1.478091e-02 -3.366494e-02  0.000000e+00
     vertex -2.134173e-02 -3.613833e-02  0.000000e+00
     vertex -2.137646e-02 -3.598053e-02  0.000000e+00
   endloop
 endfacet
 facet normal  0.000000e+00  0.000000e+00 -1.000000e+00
   outer loop
     vertex  1.478091e-02 -3.366494e-02  0.000000e+00
     vertex  1.476467e-02 -3.384700e-02  0.000000e+00
     vertex -2.134173e-02 -3.613833e-02  0.000000e+00
   endloop
 endfacet
 facet normal  0.000000e+00  0.000000e+00 -1.000000e+00
   outer loop
     vertex  1.479584e-02 -3.348317e-02  0.000000e+00
     vertex  1.478091e-02 -3.366494e-02  0.000000e+00
     vertex -2.137646e-02 -3.598053e-02  0.000000e+00
   endloop
 endfacet
 facet normal  0.000000e+00  0.000000e+00 -1.000000e+00
   outer loop
     vertex  1.480946e-02 -3.330171e-02  0.000000e+00
     vertex -2.137646e-02 -3.598053e-02  0.000000e+00
     vertex -2.141083e-02 -3.582260e-02  0.000000e+00
   endloop
 endfacet
 facet normal  0.000000e+00  0.000000e+00 -1.000000e+00
   outer loop
     vertex  1.480946e-02 -3.330171e-02  0.000000e+00
     vertex  1.479584e-02 -3.348317e-02  0.000000e+00
     vertex -2.137646e-02 -3.598053e-02  0.000000e+00
   endloop
 endfacet
 facet normal  0.000000e+00  0.000000e+00 -1.000000e+00
   outer loop
     vertex  1.482174e-02 -3.312056e-02  0.000000e+00
     vertex  1.480946e-02 -3.330171e-02  0.000000e+00
     vertex -2.141083e-02 -3.582260e-02  0.000000e+00
   endloop
 endfacet
 facet normal  0.000000e+00  0.000000e+00 -1.000000e+00
   outer loop
     vertex  1.483267e-02 -3.293973e-02  0.000000e+00
     vertex -2.141083e-02 -3.582260e-02  0.000000e+00
     vertex -2.144485e-02 -3.566454e-02  0.000000e+00
   endloop
 endfacet
 facet normal  0.000000e+00  0.000000e+00 -1.000000e+00
   outer loop
     vertex  1.483267e-02 -3.293973e-02  0.000000e+00
     vertex  1.482174e-02 -3.312056e-02  0.000000e+00
     vertex -2.141083e-02 -3.582260e-02  0.000000e+00
   endloop
 endfacet
 facet normal  0.000000e+00  0.000000e+00 -1.000000e+00
   outer loop
     vertex  1.484225e-02 -3.275924e-02  0.000000e+00
     vertex  1.483267e-02 -3.293973e-02  0.000000e+00
     vertex -2.144485e-02 -3.566454e-02  0.000000e+00
   endloop
 endfacet
 facet normal  0.000000e+00  0.000000e+00 -1.000000e+00
   outer loop
     vertex  1.485045e-02 -3.257909e-02  0.000000e+00
     vertex  1.484225e-02 -3.275924e-02  0.000000e+00
     vertex -2.144485e-02 -3.566454e-02  0.000000e+00
   endloop
 endfacet
 facet normal  0.000000e+00  0.000000e+00 -1.000000e+00
   outer loop
     vertex  1.485727e-02 -3.239929e-02  0.000000e+00
     vertex  1.485045e-02 -3.257909e-02  0.000000e+00
     vertex -2.144485e-02 -3.566454e-02  0.000000e+00
   endloop
 endfacet
 facet normal  0.000000e+00  0.000000e+00 -1.000000e+00
   outer loop
     vertex  1.485727e-02 -3.239929e-02  0.000000e+00
     vertex -2.144485e-02 -3.566454e-02  0.000000e+00
     vertex -2.147850e-02 -3.550633e-02  0.000000e+00
   endloop
 endfacet
 facet normal  0.000000e+00  0.000000e+00 -1.000000e+00
   outer loop
     vertex  1.486271e-02 -3.221985e-02  0.000000e+00
     vertex  1.485727e-02 -3.239929e-02  0.000000e+00
     vertex -2.147850e-02 -3.550633e-02  0.000000e+00
   endloop
 endfacet
 facet normal  0.000000e+00  0.000000e+00 -1.000000e+00
   outer loop
     vertex  1.486674e-02 -3.204077e-02  0.000000e+00
     vertex  1.486271e-02 -3.221985e-02  0.000000e+00
     vertex -2.147850e-02 -3.550633e-02  0.000000e+00
   endloop
 endfacet
 facet normal  0.000000e+00  0.000000e+00 -1.000000e+00
   outer loop
     vertex  1.486936e-02 -3.186207e-02  0.000000e+00
     vertex  1.486674e-02 -3.204077e-02  0.000000e+00
     vertex -2.147850e-02 -3.550633e-02  0.000000e+00
   endloop
 endfacet
 facet normal  0.000000e+00  0.000000e+00 -1.000000e+00
   outer loop
     vertex  1.487056e-02 -3.168376e-02  0.000000e+00
     vertex  1.486936e-02 -3.186207e-02  0.000000e+00
     vertex -2.147850e-02 -3.550633e-02  0.000000e+00
   endloop
 endfacet
 facet normal  0.000000e+00  0.000000e+00 -1.000000e+00
   outer loop
     vertex  1.487056e-02 -3.168376e-02  0.000000e+00
     vertex -2.147850e-02 -3.550633e-02  0.000000e+00
     vertex -2.151180e-02 -3.534798e-02  0.000000e+00
   endloop
 endfacet
 facet normal  0.000000e+00 -0.000000e+00 -1.000000e+00
   outer loop
     vertex  1.487034e-02 -3.150583e-02  0.000000e+00
     vertex  1.487056e-02 -3.168376e-02  0.000000e+00
     vertex -2.151180e-02 -3.534798e-02  0.000000e+00
   endloop
 endfacet
 facet normal  0.000000e+00 -0.000000e+00 -1.000000e+00
   outer loop
     vertex  1.486869e-02 -3.132829e-02  0.000000e+00
     vertex  1.487034e-02 -3.150583e-02  0.000000e+00
     vertex -2.151180e-02 -3.534798e-02  0.000000e+00
   endloop
 endfacet
 facet normal  0.000000e+00 -0.000000e+00 -1.000000e+00
   outer loop
     vertex  1.486561e-02 -3.115116e-02  0.000000e+00
     vertex  1.486869e-02 -3.132829e-02  0.000000e+00
     vertex -2.151180e-02 -3.534798e-02  0.000000e+00
   endloop
 endfacet
 facet normal  0.000000e+00 -0.000000e+00 -1.000000e+00
   outer loop
     vertex  1.486108e-02 -3.097444e-02  0.000000e+00
     vertex  1.486561e-02 -3.115116e-02  0.000000e+00
     vertex -2.151180e-02 -3.534798e-02  0.000000e+00
   endloop
 endfacet
 facet normal  0.000000e+00  0.000000e+00 -1.000000e+00
   outer loop
     vertex  1.486108e-02 -3.097444e-02  0.000000e+00
     vertex -2.151180e-02 -3.534798e-02  0.000000e+00
     vertex -2.154475e-02 -3.518948e-02  0.000000e+00
   endloop
 endfacet
 facet normal  0.000000e+00 -0.000000e+00 -1.000000e+00
   outer loop
     vertex  1.485512e-02 -3.079813e-02  0.000000e+00
     vertex  1.486108e-02 -3.097444e-02  0.000000e+00
     vertex -2.154475e-02 -3.518948e-02  0.000000e+00
   endloop
 endfacet
 facet normal  0.000000e+00 -0.000000e+00 -1.000000e+00
   outer loop
     vertex  1.484770e-02 -3.062224e-02  0.000000e+00
     vertex  1.485512e-02 -3.079813e-02  0.000000e+00
     vertex -2.154475e-02 -3.518948e-02  0.000000e+00
   endloop
 endfacet
 facet normal  0.000000e+00 -0.000000e+00 -1.000000e+00
   outer loop
     vertex  1.483884e-02 -3.044677e-02  0.000000e+00
     vertex  1.484770e-02 -3.062224e-02  0.000000e+00
     vertex -2.154475e-02 -3.518948e-02  0.000000e+00
   endloop
 endfacet
 facet normal  0.000000e+00 -0.000000e+00 -1.000000e+00
   outer loop
     vertex  1.482853e-02 -3.027173e-02  0.000000e+00
     vertex  1.483884e-02 -3.044677e-02  0.000000e+00
     vertex -2.154475e-02 -3.518948e-02  0.000000e+00
   endloop
 endfacet
 facet normal  0.000000e+00  0.000000e+00 -1.000000e+00
   outer loop
     vertex  1.481678e-02 -3.009712e-02  0.000000e+00
     vertex -2.154475e-02 -3.518948e-02  0.000000e+00
     vertex -2.157734e-02 -3.503082e-02  0.000000e+00
   endloop
 endfacet
 facet normal  0.000000e+00 -0.000000e+00 -1.000000e+00
   outer loop
     vertex  1.481678e-02 -3.009712e-02  0.000000e+00
     vertex  1.482853e-02 -3.027173e-02  0.000000e+00
     vertex -2.154475e-02 -3.518948e-02  0.000000e+00
   endloop
 endfacet
 facet normal  0.000000e+00 -0.000000e+00 -1.000000e+00
   outer loop
     vertex  1.480358e-02 -2.992294e-02  0.000000e+00
     vertex  1.481678e-02 -3.009712e-02  0.000000e+00
     vertex -2.157734e-02 -3.503082e-02  0.000000e+00
   endloop
 endfacet
 facet normal  0.000000e+00 -0.000000e+00 -1.000000e+00
   outer loop
     vertex  1.478893e-02 -2.974921e-02  0.000000e+00
     vertex  1.480358e-02 -2.992294e-02  0.000000e+00
     vertex -2.157734e-02 -3.503082e-02  0.000000e+00
   endloop
 endfacet
 facet normal  0.000000e+00 -0.000000e+00 -1.000000e+00
   outer loop
     vertex  1.477285e-02 -2.957591e-02  0.000000e+00
     vertex  1.478893e-02 -2.974921e-02  0.000000e+00
     vertex -2.157734e-02 -3.503082e-02  0.000000e+00
   endloop
 endfacet
 facet normal  0.000000e+00 -0.000000e+00 -1.000000e+00
   outer loop
     vertex  1.475533e-02 -2.940306e-02  0.000000e+00
     vertex  1.477285e-02 -2.957591e-02  0.000000e+00
     vertex -2.157734e-02 -3.503082e-02  0.000000e+00
   endloop
 endfacet
 facet normal  0.000000e+00 -0.000000e+00 -1.000000e+00
   outer loop
     vertex  1.473638e-02 -2.923066e-02  0.000000e+00
     vertex  1.475533e-02 -2.940306e-02  0.000000e+00
     vertex -2.157734e-02 -3.503082e-02  0.000000e+00
   endloop
 endfacet
 facet normal  0.000000e+00 -0.000000e+00 -1.000000e+00
   outer loop
     vertex  1.471601e-02 -2.905870e-02  0.000000e+00
     vertex  1.473638e-02 -2.923066e-02  0.000000e+00
     vertex -2.157734e-02 -3.503082e-02  0.000000e+00
   endloop
 endfacet
 facet normal  0.000000e+00 -0.000000e+00 -1.000000e+00
   outer loop
     vertex  1.469423e-02 -2.888719e-02  0.000000e+00
     vertex  1.471601e-02 -2.905870e-02  0.000000e+00
     vertex -2.157734e-02 -3.503082e-02  0.000000e+00
   endloop
 endfacet
 facet normal  0.000000e+00  0.000000e+00 -1.000000e+00
   outer loop
     vertex  1.469423e-02 -2.888719e-02  0.000000e+00
     vertex -2.157734e-02 -3.503082e-02  0.000000e+00
     vertex -2.160958e-02 -3.487201e-02  0.000000e+00
   endloop
 endfacet
 facet normal  0.000000e+00 -0.000000e+00 -1.000000e+00
   outer loop
     vertex  1.467105e-02 -2.871613e-02  0.000000e+00
     vertex  1.469423e-02 -2.888719e-02  0.000000e+00
     vertex -2.160958e-02 -3.487201e-02  0.000000e+00
   endloop
 endfacet
 facet normal  0.000000e+00 -0.000000e+00 -1.000000e+00
   outer loop
     vertex  1.464647e-02 -2.854552e-02  0.000000e+00
     vertex  1.467105e-02 -2.871613e-02  0.000000e+00
     vertex -2.160958e-02 -3.487201e-02  0.000000e+00
   endloop
 endfacet
 facet normal  0.000000e+00  0.000000e+00 -1.000000e+00
   outer loop
     vertex  6.656907e-03 -5.399006e-02  0.000000e+00
     vertex  6.408307e-03 -5.419704e-02  0.000000e+00
     vertex  6.281567e-03 -5.429831e-02  0.000000e+00
   endloop
 endfacet
 facet normal  0.000000e+00  0.000000e+00 -1.000000e+00
   outer loop
     vertex  6.656907e-03 -5.399006e-02  0.000000e+00
     vertex  6.533419e-03 -5.409428e-02  0.000000e+00
     vertex  6.408307e-03 -5.419704e-02  0.000000e+00
   endloop
 endfacet
 facet normal  0.000000e+00  0.000000e+00 -1.000000e+00
   outer loop
     vertex  6.778777e-03 -5.388438e-02  0.000000e+00
     vertex  6.656907e-03 -5.399006e-02  0.000000e+00
     vertex  6.281567e-03 -5.429831e-02  0.000000e+00
   endloop
 endfacet
 facet normal  0.000000e+00 -0.000000e+00 -1.000000e+00
   outer loop
     vertex  1.462052e-02 -2.837536e-02  0.000000e+00
     vertex  1.464647e-02 -2.854552e-02  0.000000e+00
     vertex -2.160958e-02 -3.487201e-02  0.000000e+00
   endloop
 endfacet
 facet normal  0.000000e+00 -0.000000e+00 -1.000000e+00
   outer loop
     vertex  1.459320e-02 -2.820564e-02  0.000000e+00
     vertex  1.462052e-02 -2.837536e-02  0.000000e+00
     vertex -2.160958e-02 -3.487201e-02  0.000000e+00
   endloop
 endfacet
 facet normal  0.000000e+00  0.000000e+00 -1.000000e+00
   outer loop
     vertex  6.899036e-03 -5.377725e-02  0.000000e+00
     vertex  6.778777e-03 -5.388438e-02  0.000000e+00
     vertex  6.281567e-03 -5.429831e-02  0.000000e+00
   endloop
 endfacet
 facet normal  0.000000e+00  0.000000e+00 -1.000000e+00
   outer loop
     vertex  6.899036e-03 -5.377725e-02  0.000000e+00
     vertex  6.281567e-03 -5.429831e-02  0.000000e+00
     vertex  6.153194e-03 -5.439809e-02  0.000000e+00
   endloop
 endfacet
 facet normal  0.000000e+00  0.000000e+00 -1.000000e+00
   outer loop
     vertex  7.017694e-03 -5.366869e-02  0.000000e+00
     vertex  6.899036e-03 -5.377725e-02  0.000000e+00
     vertex  6.153194e-03 -5.439809e-02  0.000000e+00
   endloop
 endfacet
 facet normal  0.000000e+00 -0.000000e+00 -1.000000e+00
   outer loop
     vertex  1.456452e-02 -2.803637e-02  0.000000e+00
     vertex  1.459320e-02 -2.820564e-02  0.000000e+00
     vertex -2.160958e-02 -3.487201e-02  0.000000e+00
   endloop
 endfacet
 facet normal  0.000000e+00 -0.000000e+00 -1.000000e+00
   outer loop
     vertex  1.453452e-02 -2.786755e-02  0.000000e+00
     vertex  1.456452e-02 -2.803637e-02  0.000000e+00
     vertex -2.160958e-02 -3.487201e-02  0.000000e+00
   endloop
 endfacet
 facet normal  0.000000e+00  0.000000e+00 -1.000000e+00
   outer loop
     vertex  1.453452e-02 -2.786755e-02  0.000000e+00
     vertex -2.160958e-02 -3.487201e-02  0.000000e+00
     vertex -2.164147e-02 -3.471302e-02  0.000000e+00
   endloop
 endfacet
 facet normal  0.000000e+00  0.000000e+00 -1.000000e+00
   outer loop
     vertex  7.017694e-03 -5.366869e-02  0.000000e+00
     vertex  6.153194e-03 -5.439809e-02  0.000000e+00
     vertex  6.023189e-03 -5.449637e-02  0.000000e+00
   endloop
 endfacet
 facet normal  0.000000e+00  0.000000e+00 -1.000000e+00
   outer loop
     vertex  7.134762e-03 -5.355871e-02  0.000000e+00
     vertex  7.017694e-03 -5.366869e-02  0.000000e+00
     vertex  6.023189e-03 -5.449637e-02  0.000000e+00
   endloop
 endfacet
 facet normal  0.000000e+00 -0.000000e+00 -1.000000e+00
   outer loop
     vertex  1.450319e-02 -2.769917e-02  0.000000e+00
     vertex  1.453452e-02 -2.786755e-02  0.000000e+00
     vertex -2.164147e-02 -3.471302e-02  0.000000e+00
   endloop
 endfacet
 facet normal  0.000000e+00 -0.000000e+00 -1.000000e+00
   outer loop
     vertex  1.447057e-02 -2.753123e-02  0.000000e+00
     vertex  1.450319e-02 -2.769917e-02  0.000000e+00
     vertex -2.164147e-02 -3.471302e-02  0.000000e+00
   endloop
 endfacet
 facet normal  0.000000e+00  0.000000e+00 -1.000000e+00
   outer loop
     vertex  7.134762e-03 -5.355871e-02  0.000000e+00
     vertex  6.023189e-03 -5.449637e-02  0.000000e+00
     vertex  5.891550e-03 -5.459313e-02  0.000000e+00
   endloop
 endfacet
 facet normal  0.000000e+00  0.000000e+00 -1.000000e+00
   outer loop
     vertex  7.250250e-03 -5.344731e-02  0.000000e+00
     vertex  7.134762e-03 -5.355871e-02  0.000000e+00
     vertex  5.891550e-03 -5.459313e-02  0.000000e+00
   endloop
 endfacet
 facet normal  0.000000e+00 -0.000000e+00 -1.000000e+00
   outer loop
     vertex  1.443666e-02 -2.736373e-02  0.000000e+00
     vertex  1.447057e-02 -2.753123e-02  0.000000e+00
     vertex -2.164147e-02 -3.471302e-02  0.000000e+00
   endloop
 endfacet
 facet normal  0.000000e+00  0.000000e+00 -1.000000e+00
   outer loop
     vertex  7.250250e-03 -5.344731e-02  0.000000e+00
     vertex  5.891550e-03 -5.459313e-02  0.000000e+00
     vertex  5.758282e-03 -5.468837e-02  0.000000e+00
   endloop
 endfacet
 facet normal  0.000000e+00 -0.000000e+00 -1.000000e+00
   outer loop
     vertex  1.440151e-02 -2.719666e-02  0.000000e+00
     vertex  1.443666e-02 -2.736373e-02  0.000000e+00
     vertex -2.164147e-02 -3.471302e-02  0.000000e+00
   endloop
 endfacet
 facet normal  0.000000e+00  0.000000e+00 -1.000000e+00
   outer loop
     vertex  1.440151e-02 -2.719666e-02  0.000000e+00
     vertex -2.164147e-02 -3.471302e-02  0.000000e+00
     vertex -2.167300e-02 -3.455386e-02  0.000000e+00
   endloop
 endfacet
 facet normal  0.000000e+00  0.000000e+00 -1.000000e+00
   outer loop
     vertex  7.364173e-03 -5.333451e-02  0.000000e+00
     vertex  5.623387e-03 -5.478207e-02  0.000000e+00
     vertex  5.486871e-03 -5.487422e-02  0.000000e+00
   endloop
 endfacet
 facet normal  0.000000e+00  0.000000e+00 -1.000000e+00
   outer loop
     vertex  7.364173e-03 -5.333451e-02  0.000000e+00
     vertex  5.758282e-03 -5.468837e-02  0.000000e+00
     vertex  5.623387e-03 -5.478207e-02  0.000000e+00
   endloop
 endfacet
 facet normal  0.000000e+00  0.000000e+00 -1.000000e+00
   outer loop
     vertex  7.364173e-03 -5.333451e-02  0.000000e+00
     vertex  7.250250e-03 -5.344731e-02  0.000000e+00
     vertex  5.758282e-03 -5.468837e-02  0.000000e+00
   endloop
 endfacet
 facet normal  0.000000e+00 -0.000000e+00 -1.000000e+00
   outer loop
     vertex  1.436512e-02 -2.703003e-02  0.000000e+00
     vertex  1.440151e-02 -2.719666e-02  0.000000e+00
     vertex -2.167300e-02 -3.455386e-02  0.000000e+00
   endloop
 endfacet
 facet normal  0.000000e+00  0.000000e+00 -1.000000e+00
   outer loop
     vertex  7.476545e-03 -5.322032e-02  0.000000e+00
     vertex  7.364173e-03 -5.333451e-02  0.000000e+00
     vertex  5.486871e-03 -5.487422e-02  0.000000e+00
   endloop
 endfacet
 facet normal  0.000000e+00 -0.000000e+00 -1.000000e+00
   outer loop
     vertex  1.432752e-02 -2.686381e-02  0.000000e+00
     vertex  1.436512e-02 -2.703003e-02  0.000000e+00
     vertex -2.167300e-02 -3.455386e-02  0.000000e+00
   endloop
 endfacet
 facet normal -0.000000e+00  0.000000e+00 -1.000000e+00
   outer loop
     vertex -1.756008e-02  5.146843e-03  0.000000e+00
     vertex -2.749378e-02  9.384080e-04  0.000000e+00
     vertex -2.042271e-02  8.009476e-03  0.000000e+00
   endloop
 endfacet
 facet normal  0.000000e+00  0.000000e+00 -1.000000e+00
   outer loop
     vertex -1.756008e-02  5.146843e-03  0.000000e+00
     vertex -2.090736e-02 -5.648009e-03  0.000000e+00
     vertex -2.749378e-02  9.384080e-04  0.000000e+00
   endloop
 endfacet
 facet normal  0.000000e+00  0.000000e+00 -1.000000e+00
   outer loop
     vertex  7.476545e-03 -5.322032e-02  0.000000e+00
     vertex  5.486871e-03 -5.487422e-02  0.000000e+00
     vertex  5.348743e-03 -5.496481e-02  0.000000e+00
   endloop
 endfacet
 facet normal  0.000000e+00  0.000000e+00 -1.000000e+00
   outer loop
     vertex  7.587381e-03 -5.310475e-02  0.000000e+00
     vertex  7.476545e-03 -5.322032e-02  0.000000e+00
     vertex  5.348743e-03 -5.496481e-02  0.000000e+00
   endloop
 endfacet
 facet normal  0.000000e+00  0.000000e+00 -1.000000e+00
   outer loop
     vertex  1.428874e-02 -2.669802e-02  0.000000e+00
     vertex -2.167300e-02 -3.455386e-02  0.000000e+00
     vertex -2.170419e-02 -3.439452e-02  0.000000e+00
   endloop
 endfacet
 facet normal  0.000000e+00 -0.000000e+00 -1.000000e+00
   outer loop
     vertex  1.428874e-02 -2.669802e-02  0.000000e+00
     vertex  1.432752e-02 -2.686381e-02  0.000000e+00
     vertex -2.167300e-02 -3.455386e-02  0.000000e+00
   endloop
 endfacet
 facet normal  0.000000e+00 -0.000000e+00 -1.000000e+00
   outer loop
     vertex  1.424881e-02 -2.653264e-02  0.000000e+00
     vertex  1.428874e-02 -2.669802e-02  0.000000e+00
     vertex -2.170419e-02 -3.439452e-02  0.000000e+00
   endloop
 endfacet
 facet normal  0.000000e+00  0.000000e+00 -1.000000e+00
   outer loop
     vertex  7.587381e-03 -5.310475e-02  0.000000e+00
     vertex  5.348743e-03 -5.496481e-02  0.000000e+00
     vertex  5.209012e-03 -5.505382e-02  0.000000e+00
   endloop
 endfacet
 facet normal  0.000000e+00  0.000000e+00 -1.000000e+00
   outer loop
     vertex  7.696698e-03 -5.298782e-02  0.000000e+00
     vertex  7.587381e-03 -5.310475e-02  0.000000e+00
     vertex  5.209012e-03 -5.505382e-02  0.000000e+00
   endloop
 endfacet
 facet normal  0.000000e+00 -0.000000e+00 -1.000000e+00
   outer loop
     vertex  1.420775e-02 -2.636767e-02  0.000000e+00
     vertex  1.424881e-02 -2.653264e-02  0.000000e+00
     vertex -2.170419e-02 -3.439452e-02  0.000000e+00
   endloop
 endfacet
 facet normal  0.000000e+00  0.000000e+00 -1.000000e+00
   outer loop
     vertex  7.696698e-03 -5.298782e-02  0.000000e+00
     vertex  5.209012e-03 -5.505382e-02  0.000000e+00
     vertex  5.067689e-03 -5.514125e-02  0.000000e+00
   endloop
 endfacet
 facet normal  0.000000e+00 -0.000000e+00 -1.000000e+00
   outer loop
     vertex  1.416561e-02 -2.620310e-02  0.000000e+00
     vertex  1.420775e-02 -2.636767e-02  0.000000e+00
     vertex -2.170419e-02 -3.439452e-02  0.000000e+00
   endloop
 endfacet
 facet normal  0.000000e+00  0.000000e+00 -1.000000e+00
   outer loop
     vertex  1.416561e-02 -2.620310e-02  0.000000e+00
     vertex -2.170419e-02 -3.439452e-02  0.000000e+00
     vertex -2.173503e-02 -3.423500e-02  0.000000e+00
   endloop
 endfacet
 facet normal  0.000000e+00  0.000000e+00 -1.000000e+00
   outer loop
     vertex  7.804515e-03 -5.286953e-02  0.000000e+00
     vertex  7.696698e-03 -5.298782e-02  0.000000e+00
     vertex  5.067689e-03 -5.514125e-02  0.000000e+00
   endloop
 endfacet
 facet normal  0.000000e+00 -0.000000e+00 -1.000000e+00
   outer loop
     vertex  1.412240e-02 -2.603893e-02  0.000000e+00
     vertex  1.416561e-02 -2.620310e-02  0.000000e+00
     vertex -2.173503e-02 -3.423500e-02  0.000000e+00
   endloop
 endfacet
 facet normal  0.000000e+00  0.000000e+00 -1.000000e+00
   outer loop
     vertex  7.804515e-03 -5.286953e-02  0.000000e+00
     vertex  5.067689e-03 -5.514125e-02  0.000000e+00
     vertex  4.924788e-03 -5.522709e-02  0.000000e+00
   endloop
 endfacet
 facet normal  0.000000e+00  0.000000e+00 -1.000000e+00
   outer loop
     vertex  7.910850e-03 -5.274990e-02  0.000000e+00
     vertex  7.804515e-03 -5.286953e-02  0.000000e+00
     vertex  4.924788e-03 -5.522709e-02  0.000000e+00
   endloop
 endfacet
 facet normal  0.000000e+00  0.000000e+00 -1.000000e+00
   outer loop
     vertex  1.407817e-02 -2.587514e-02  0.000000e+00
     vertex -2.173503e-02 -3.423500e-02  0.000000e+00
     vertex -2.176552e-02 -3.407529e-02  0.000000e+00
   endloop
 endfacet
 facet normal  0.000000e+00 -0.000000e+00 -1.000000e+00
   outer loop
     vertex  1.407817e-02 -2.587514e-02  0.000000e+00
     vertex  1.412240e-02 -2.603893e-02  0.000000e+00
     vertex -2.173503e-02 -3.423500e-02  0.000000e+00
   endloop
 endfacet
 facet normal  0.000000e+00  0.000000e+00 -1.000000e+00
   outer loop
     vertex  7.910850e-03 -5.274990e-02  0.000000e+00
     vertex  4.924788e-03 -5.522709e-02  0.000000e+00
     vertex  4.780322e-03 -5.531131e-02  0.000000e+00
   endloop
 endfacet
 facet normal  0.000000e+00  0.000000e+00 -1.000000e+00
   outer loop
     vertex  8.015722e-03 -5.262893e-02  0.000000e+00
     vertex  7.910850e-03 -5.274990e-02  0.000000e+00
     vertex  4.780322e-03 -5.531131e-02  0.000000e+00
   endloop
 endfacet
 facet normal  0.000000e+00 -0.000000e+00 -1.000000e+00
   outer loop
     vertex  1.403296e-02 -2.571173e-02  0.000000e+00
     vertex  1.407817e-02 -2.587514e-02  0.000000e+00
     vertex -2.176552e-02 -3.407529e-02  0.000000e+00
   endloop
 endfacet
 facet normal  0.000000e+00  0.000000e+00 -1.000000e+00
   outer loop
     vertex  8.015722e-03 -5.262893e-02  0.000000e+00
     vertex  4.780322e-03 -5.531131e-02  0.000000e+00
     vertex  4.634309e-03 -5.539392e-02  0.000000e+00
   endloop
 endfacet
 facet normal  0.000000e+00  0.000000e+00 -1.000000e+00
   outer loop
     vertex  1.398679e-02 -2.554869e-02  0.000000e+00
     vertex -2.176552e-02 -3.407529e-02  0.000000e+00
     vertex -2.179566e-02 -3.391538e-02  0.000000e+00
   endloop
 endfacet
 facet normal  0.000000e+00 -0.000000e+00 -1.000000e+00
   outer loop
     vertex  1.398679e-02 -2.554869e-02  0.000000e+00
     vertex  1.403296e-02 -2.571173e-02  0.000000e+00
     vertex -2.176552e-02 -3.407529e-02  0.000000e+00
   endloop
 endfacet
 facet normal  0.000000e+00  0.000000e+00 -1.000000e+00
   outer loop
     vertex  8.119154e-03 -5.250664e-02  0.000000e+00
     vertex  8.015722e-03 -5.262893e-02  0.000000e+00
     vertex  4.634309e-03 -5.539392e-02  0.000000e+00
   endloop
 endfacet
 facet normal  0.000000e+00 -0.000000e+00 -1.000000e+00
   outer loop
     vertex  1.393972e-02 -2.538602e-02  0.000000e+00
     vertex  1.398679e-02 -2.554869e-02  0.000000e+00
     vertex -2.179566e-02 -3.391538e-02  0.000000e+00
   endloop
 endfacet
 facet normal  0.000000e+00  0.000000e+00 -1.000000e+00
   outer loop
     vertex  8.119154e-03 -5.250664e-02  0.000000e+00
     vertex  4.634309e-03 -5.539392e-02  0.000000e+00
     vertex  4.486766e-03 -5.547490e-02  0.000000e+00
   endloop
 endfacet
 facet normal  0.000000e+00  0.000000e+00 -1.000000e+00
   outer loop
     vertex  8.221166e-03 -5.238304e-02  0.000000e+00
     vertex  8.119154e-03 -5.250664e-02  0.000000e+00
     vertex  4.486766e-03 -5.547490e-02  0.000000e+00
   endloop
 endfacet
 facet normal  0.000000e+00  0.000000e+00 -1.000000e+00
   outer loop
     vertex  1.389177e-02 -2.522368e-02  0.000000e+00
     vertex -2.179566e-02 -3.391538e-02  0.000000e+00
     vertex -2.182546e-02 -3.375527e-02  0.000000e+00
   endloop
 endfacet
 facet normal  0.000000e+00 -0.000000e+00 -1.000000e+00
   outer loop
     vertex  1.389177e-02 -2.522368e-02  0.000000e+00
     vertex  1.393972e-02 -2.538602e-02  0.000000e+00
     vertex -2.179566e-02 -3.391538e-02  0.000000e+00
   endloop
 endfacet
 facet normal  0.000000e+00  0.000000e+00 -1.000000e+00
   outer loop
     vertex  8.221166e-03 -5.238304e-02  0.000000e+00
     vertex  4.337712e-03 -5.555423e-02  0.000000e+00
     vertex  4.187169e-03 -5.563191e-02  0.000000e+00
   endloop
 endfacet
 facet normal  0.000000e+00  0.000000e+00 -1.000000e+00
   outer loop
     vertex  8.221166e-03 -5.238304e-02  0.000000e+00
     vertex  4.486766e-03 -5.547490e-02  0.000000e+00
     vertex  4.337712e-03 -5.555423e-02  0.000000e+00
   endloop
 endfacet
 facet normal  0.000000e+00 -0.000000e+00 -1.000000e+00
   outer loop
     vertex  1.384300e-02 -2.506170e-02  0.000000e+00
     vertex  1.389177e-02 -2.522368e-02  0.000000e+00
     vertex -2.182546e-02 -3.375527e-02  0.000000e+00
   endloop
 endfacet
 facet normal  0.000000e+00  0.000000e+00 -1.000000e+00
   outer loop
     vertex  1.379345e-02 -2.490003e-02  0.000000e+00
     vertex -2.182546e-02 -3.375527e-02  0.000000e+00
     vertex -2.185491e-02 -3.359496e-02  0.000000e+00
   endloop
 endfacet
 facet normal  0.000000e+00 -0.000000e+00 -1.000000e+00
   outer loop
     vertex  1.379345e-02 -2.490003e-02  0.000000e+00
     vertex  1.384300e-02 -2.506170e-02  0.000000e+00
     vertex -2.182546e-02 -3.375527e-02  0.000000e+00
   endloop
 endfacet
 facet normal  0.000000e+00  0.000000e+00 -1.000000e+00
   outer loop
     vertex  8.321781e-03 -5.225814e-02  0.000000e+00
     vertex  8.221166e-03 -5.238304e-02  0.000000e+00
     vertex  4.187169e-03 -5.563191e-02  0.000000e+00
   endloop
 endfacet
 facet normal  0.000000e+00  0.000000e+00 -1.000000e+00
   outer loop
     vertex  8.321781e-03 -5.225814e-02  0.000000e+00
     vertex  4.187169e-03 -5.563191e-02  0.000000e+00
     vertex  4.035159e-03 -5.570793e-02  0.000000e+00
   endloop
 endfacet
 facet normal  0.000000e+00  0.000000e+00 -1.000000e+00
   outer loop
     vertex  1.374318e-02 -2.473869e-02  0.000000e+00
     vertex -2.185491e-02 -3.359496e-02  0.000000e+00
     vertex -2.188401e-02 -3.343443e-02  0.000000e+00
   endloop
 endfacet
 facet normal  0.000000e+00 -0.000000e+00 -1.000000e+00
   outer loop
     vertex  1.374318e-02 -2.473869e-02  0.000000e+00
     vertex  1.379345e-02 -2.490003e-02  0.000000e+00
     vertex -2.185491e-02 -3.359496e-02  0.000000e+00
   endloop
 endfacet
 facet normal  0.000000e+00  0.000000e+00 -1.000000e+00
   outer loop
     vertex  8.421022e-03 -5.213196e-02  0.000000e+00
     vertex  8.321781e-03 -5.225814e-02  0.000000e+00
     vertex  4.035159e-03 -5.570793e-02  0.000000e+00
   endloop
 endfacet
 facet normal  0.000000e+00  0.000000e+00 -1.000000e+00
   outer loop
     vertex  8.421022e-03 -5.213196e-02  0.000000e+00
     vertex  4.035159e-03 -5.570793e-02  0.000000e+00
     vertex  3.881705e-03 -5.578226e-02  0.000000e+00
   endloop
 endfacet
 facet normal  0.000000e+00  0.000000e+00 -1.000000e+00
   outer loop
     vertex  8.518914e-03 -5.200450e-02  0.000000e+00
     vertex  8.421022e-03 -5.213196e-02  0.000000e+00
     vertex  3.881705e-03 -5.578226e-02  0.000000e+00
   endloop
 endfacet
 facet normal  0.000000e+00  0.000000e+00 -1.000000e+00
   outer loop
     vertex  1.369221e-02 -2.457765e-02  0.000000e+00
     vertex -2.188401e-02 -3.343443e-02  0.000000e+00
     vertex -2.191276e-02 -3.327368e-02  0.000000e+00
   endloop
 endfacet
 facet normal  0.000000e+00 -0.000000e+00 -1.000000e+00
   outer loop
     vertex  1.369221e-02 -2.457765e-02  0.000000e+00
     vertex  1.374318e-02 -2.473869e-02  0.000000e+00
     vertex -2.188401e-02 -3.343443e-02  0.000000e+00
   endloop
 endfacet
 facet normal  0.000000e+00 -0.000000e+00 -1.000000e+00
   outer loop
     vertex  1.364062e-02 -2.441690e-02  0.000000e+00
     vertex  1.369221e-02 -2.457765e-02  0.000000e+00
     vertex -2.191276e-02 -3.327368e-02  0.000000e+00
   endloop
 endfacet
 facet normal  0.000000e+00  0.000000e+00 -1.000000e+00
   outer loop
     vertex  8.518914e-03 -5.200450e-02  0.000000e+00
     vertex  3.881705e-03 -5.578226e-02  0.000000e+00
     vertex  3.726833e-03 -5.585491e-02  0.000000e+00
   endloop
 endfacet
 facet normal  0.000000e+00  0.000000e+00 -1.000000e+00
   outer loop
     vertex  1.358844e-02 -2.425642e-02  0.000000e+00
     vertex -2.191276e-02 -3.327368e-02  0.000000e+00
     vertex -2.194117e-02 -3.311271e-02  0.000000e+00
   endloop
 endfacet
 facet normal  0.000000e+00 -0.000000e+00 -1.000000e+00
   outer loop
     vertex  1.358844e-02 -2.425642e-02  0.000000e+00
     vertex  1.364062e-02 -2.441690e-02  0.000000e+00
     vertex -2.191276e-02 -3.327368e-02  0.000000e+00
   endloop
 endfacet
 facet normal  0.000000e+00  0.000000e+00 -1.000000e+00
   outer loop
     vertex  8.615480e-03 -5.187577e-02  0.000000e+00
     vertex  8.518914e-03 -5.200450e-02  0.000000e+00
     vertex  3.726833e-03 -5.585491e-02  0.000000e+00
   endloop
 endfacet
 facet normal  0.000000e+00  0.000000e+00 -1.000000e+00
   outer loop
     vertex  1.353575e-02 -2.409621e-02  0.000000e+00
     vertex -2.194117e-02 -3.311271e-02  0.000000e+00
     vertex -2.196923e-02 -3.295150e-02  0.000000e+00
   endloop
 endfacet
 facet normal  0.000000e+00 -0.000000e+00 -1.000000e+00
   outer loop
     vertex  1.353575e-02 -2.409621e-02  0.000000e+00
     vertex  1.358844e-02 -2.425642e-02  0.000000e+00
     vertex -2.194117e-02 -3.311271e-02  0.000000e+00
   endloop
 endfacet
 facet normal  0.000000e+00  0.000000e+00 -1.000000e+00
   outer loop
     vertex  8.615480e-03 -5.187577e-02  0.000000e+00
     vertex  3.570569e-03 -5.592586e-02  0.000000e+00
     vertex  3.412941e-03 -5.599510e-02  0.000000e+00
   endloop
 endfacet
 facet normal  0.000000e+00  0.000000e+00 -1.000000e+00
   outer loop
     vertex  8.615480e-03 -5.187577e-02  0.000000e+00
     vertex  3.726833e-03 -5.585491e-02  0.000000e+00
     vertex  3.570569e-03 -5.592586e-02  0.000000e+00
   endloop
 endfacet
 facet normal  0.000000e+00  0.000000e+00 -1.000000e+00
   outer loop
     vertex  8.710747e-03 -5.174579e-02  0.000000e+00
     vertex  8.615480e-03 -5.187577e-02  0.000000e+00
     vertex  3.412941e-03 -5.599510e-02  0.000000e+00
   endloop
 endfacet
 facet normal  0.000000e+00  0.000000e+00 -1.000000e+00
   outer loop
     vertex  1.348258e-02 -2.393625e-02  0.000000e+00
     vertex -2.196923e-02 -3.295150e-02  0.000000e+00
     vertex -2.199694e-02 -3.279006e-02  0.000000e+00
   endloop
 endfacet
 facet normal  0.000000e+00 -0.000000e+00 -1.000000e+00
   outer loop
     vertex  1.348258e-02 -2.393625e-02  0.000000e+00
     vertex  1.353575e-02 -2.409621e-02  0.000000e+00
     vertex -2.196923e-02 -3.295150e-02  0.000000e+00
   endloop
 endfacet
 facet normal  0.000000e+00  0.000000e+00 -1.000000e+00
   outer loop
     vertex  8.710747e-03 -5.174579e-02  0.000000e+00
     vertex  3.412941e-03 -5.599510e-02  0.000000e+00
     vertex  3.253977e-03 -5.606261e-02  0.000000e+00
   endloop
 endfacet
 facet normal  0.000000e+00  0.000000e+00 -1.000000e+00
   outer loop
     vertex  1.342901e-02 -2.377652e-02  0.000000e+00
     vertex -2.199694e-02 -3.279006e-02  0.000000e+00
     vertex -2.202431e-02 -3.262837e-02  0.000000e+00
   endloop
 endfacet
 facet normal  0.000000e+00 -0.000000e+00 -1.000000e+00
   outer loop
     vertex  1.342901e-02 -2.377652e-02  0.000000e+00
     vertex  1.348258e-02 -2.393625e-02  0.000000e+00
     vertex -2.199694e-02 -3.279006e-02  0.000000e+00
   endloop
 endfacet
 facet normal  0.000000e+00  0.000000e+00 -1.000000e+00
   outer loop
     vertex  8.804741e-03 -5.161457e-02  0.000000e+00
     vertex  8.710747e-03 -5.174579e-02  0.000000e+00
     vertex  3.253977e-03 -5.606261e-02  0.000000e+00
   endloop
 endfacet
 facet normal  0.000000e+00  0.000000e+00 -1.000000e+00
   outer loop
     vertex  1.337508e-02 -2.361701e-02  0.000000e+00
     vertex -2.202431e-02 -3.262837e-02  0.000000e+00
     vertex -2.205132e-02 -3.246644e-02  0.000000e+00
   endloop
 endfacet
 facet normal  0.000000e+00 -0.000000e+00 -1.000000e+00
   outer loop
     vertex  1.337508e-02 -2.361701e-02  0.000000e+00
     vertex  1.342901e-02 -2.377652e-02  0.000000e+00
     vertex -2.202431e-02 -3.262837e-02  0.000000e+00
   endloop
 endfacet
 facet normal  0.000000e+00  0.000000e+00 -1.000000e+00
   outer loop
     vertex  8.804741e-03 -5.161457e-02  0.000000e+00
     vertex  3.253977e-03 -5.606261e-02  0.000000e+00
     vertex  3.093707e-03 -5.612839e-02  0.000000e+00
   endloop
 endfacet
 facet normal  0.000000e+00  0.000000e+00 -1.000000e+00
   outer loop
     vertex  8.897487e-03 -5.148212e-02  0.000000e+00
     vertex  8.804741e-03 -5.161457e-02  0.000000e+00
     vertex  3.093707e-03 -5.612839e-02  0.000000e+00
   endloop
 endfacet
 facet normal  0.000000e+00  0.000000e+00 -1.000000e+00
   outer loop
     vertex  1.332087e-02 -2.345770e-02  0.000000e+00
     vertex -2.205132e-02 -3.246644e-02  0.000000e+00
     vertex -2.207799e-02 -3.230425e-02  0.000000e+00
   endloop
 endfacet
 facet normal  0.000000e+00 -0.000000e+00 -1.000000e+00
   outer loop
     vertex  1.332087e-02 -2.345770e-02  0.000000e+00
     vertex  1.337508e-02 -2.361701e-02  0.000000e+00
     vertex -2.205132e-02 -3.246644e-02  0.000000e+00
   endloop
 endfacet
 facet normal  0.000000e+00  0.000000e+00 -1.000000e+00
   outer loop
     vertex  8.897487e-03 -5.148212e-02  0.000000e+00
     vertex  2.932162e-03 -5.619243e-02  0.000000e+00
     vertex  2.769375e-03 -5.625471e-02  0.000000e+00
   endloop
 endfacet
 facet normal  0.000000e+00  0.000000e+00 -1.000000e+00
   outer loop
     vertex  8.897487e-03 -5.148212e-02  0.000000e+00
     vertex  3.093707e-03 -5.612839e-02  0.000000e+00
     vertex  2.932162e-03 -5.619243e-02  0.000000e+00
   endloop
 endfacet
 facet normal  0.000000e+00  0.000000e+00 -1.000000e+00
   outer loop
     vertex  1.326644e-02 -2.329858e-02  0.000000e+00
     vertex -2.210431e-02 -3.214180e-02  0.000000e+00
     vertex -2.213028e-02 -3.197908e-02  0.000000e+00
   endloop
 endfacet
 facet normal  0.000000e+00  0.000000e+00 -1.000000e+00
   outer loop
     vertex  1.326644e-02 -2.329858e-02  0.000000e+00
     vertex -2.207799e-02 -3.230425e-02  0.000000e+00
     vertex -2.210431e-02 -3.214180e-02  0.000000e+00
   endloop
 endfacet
 facet normal  0.000000e+00 -0.000000e+00 -1.000000e+00
   outer loop
     vertex  1.326644e-02 -2.329858e-02  0.000000e+00
     vertex  1.332087e-02 -2.345770e-02  0.000000e+00
     vertex -2.207799e-02 -3.230425e-02  0.000000e+00
   endloop
 endfacet
 facet normal  0.000000e+00  0.000000e+00 -1.000000e+00
   outer loop
     vertex  8.989012e-03 -5.134845e-02  0.000000e+00
     vertex  8.897487e-03 -5.148212e-02  0.000000e+00
     vertex  2.769375e-03 -5.625471e-02  0.000000e+00
   endloop
 endfacet
 facet normal  0.000000e+00  0.000000e+00 -1.000000e+00
   outer loop
     vertex  1.321186e-02 -2.313962e-02  0.000000e+00
     vertex -2.213028e-02 -3.197908e-02  0.000000e+00
     vertex -2.215589e-02 -3.181609e-02  0.000000e+00
   endloop
 endfacet
 facet normal  0.000000e+00 -0.000000e+00 -1.000000e+00
   outer loop
     vertex  1.321186e-02 -2.313962e-02  0.000000e+00
     vertex  1.326644e-02 -2.329858e-02  0.000000e+00
     vertex -2.213028e-02 -3.197908e-02  0.000000e+00
   endloop
 endfacet
 facet normal  0.000000e+00 -0.000000e+00 -1.000000e+00
   outer loop
     vertex  1.315718e-02 -2.298081e-02  0.000000e+00
     vertex  1.321186e-02 -2.313962e-02  0.000000e+00
     vertex -2.215589e-02 -3.181609e-02  0.000000e+00
   endloop
 endfacet
 facet normal  0.000000e+00  0.000000e+00 -1.000000e+00
   outer loop
     vertex  8.989012e-03 -5.134845e-02  0.000000e+00
     vertex  2.769375e-03 -5.625471e-02  0.000000e+00
     vertex  2.605379e-03 -5.631523e-02  0.000000e+00
   endloop
 endfacet
 facet normal  0.000000e+00  0.000000e+00 -1.000000e+00
   outer loop
     vertex  1.315718e-02 -2.298081e-02  0.000000e+00
     vertex -2.215589e-02 -3.181609e-02  0.000000e+00
     vertex -2.218116e-02 -3.165282e-02  0.000000e+00
   endloop
 endfacet
 facet normal  0.000000e+00 -0.000000e+00 -1.000000e+00
   outer loop
     vertex  1.310249e-02 -2.282213e-02  0.000000e+00
     vertex  1.315718e-02 -2.298081e-02  0.000000e+00
     vertex -2.218116e-02 -3.165282e-02  0.000000e+00
   endloop
 endfacet
 facet normal  0.000000e+00  0.000000e+00 -1.000000e+00
   outer loop
     vertex  9.079344e-03 -5.121357e-02  0.000000e+00
     vertex  8.989012e-03 -5.134845e-02  0.000000e+00
     vertex  2.605379e-03 -5.631523e-02  0.000000e+00
   endloop
 endfacet
 facet normal  0.000000e+00  0.000000e+00 -1.000000e+00
   outer loop
     vertex  1.310249e-02 -2.282213e-02  0.000000e+00
     vertex -2.220607e-02 -3.148927e-02  0.000000e+00
     vertex -2.223063e-02 -3.132542e-02  0.000000e+00
   endloop
 endfacet
 facet normal  0.000000e+00  0.000000e+00 -1.000000e+00
   outer loop
     vertex  1.310249e-02 -2.282213e-02  0.000000e+00
     vertex -2.218116e-02 -3.165282e-02  0.000000e+00
     vertex -2.220607e-02 -3.148927e-02  0.000000e+00
   endloop
 endfacet
 facet normal  0.000000e+00 -0.000000e+00 -1.000000e+00
   outer loop
     vertex  1.304784e-02 -2.266355e-02  0.000000e+00
     vertex  1.310249e-02 -2.282213e-02  0.000000e+00
     vertex -2.223063e-02 -3.132542e-02  0.000000e+00
   endloop
 endfacet
 facet normal  0.000000e+00  0.000000e+00 -1.000000e+00
   outer loop
     vertex  9.079344e-03 -5.121357e-02  0.000000e+00
     vertex  2.440207e-03 -5.637396e-02  0.000000e+00
     vertex  2.273894e-03 -5.643092e-02  0.000000e+00
   endloop
 endfacet
 facet normal  0.000000e+00  0.000000e+00 -1.000000e+00
   outer loop
     vertex  9.079344e-03 -5.121357e-02  0.000000e+00
     vertex  2.605379e-03 -5.631523e-02  0.000000e+00
     vertex  2.440207e-03 -5.637396e-02  0.000000e+00
   endloop
 endfacet
 facet normal  0.000000e+00  0.000000e+00 -1.000000e+00
   outer loop
     vertex  9.168511e-03 -5.107751e-02  0.000000e+00
     vertex  9.079344e-03 -5.121357e-02  0.000000e+00
     vertex  2.273894e-03 -5.643092e-02  0.000000e+00
   endloop
 endfacet
 facet normal  0.000000e+00  0.000000e+00 -1.000000e+00
   outer loop
     vertex  1.304784e-02 -2.266355e-02  0.000000e+00
     vertex -2.223063e-02 -3.132542e-02  0.000000e+00
     vertex -2.225483e-02 -3.116128e-02  0.000000e+00
   endloop
 endfacet
 facet normal  0.000000e+00 -0.000000e+00 -1.000000e+00
   outer loop
     vertex  1.299331e-02 -2.250508e-02  0.000000e+00
     vertex  1.304784e-02 -2.266355e-02  0.000000e+00
     vertex -2.225483e-02 -3.116128e-02  0.000000e+00
   endloop
 endfacet
 facet normal  0.000000e+00  0.000000e+00 -1.000000e+00
   outer loop
     vertex  9.168511e-03 -5.107751e-02  0.000000e+00
     vertex  2.273894e-03 -5.643092e-02  0.000000e+00
     vertex  2.106478e-03 -5.648607e-02  0.000000e+00
   endloop
 endfacet
 facet normal  0.000000e+00  0.000000e+00 -1.000000e+00
   outer loop
     vertex  1.299331e-02 -2.250508e-02  0.000000e+00
     vertex -2.227868e-02 -3.099684e-02  0.000000e+00
     vertex -2.230217e-02 -3.083210e-02  0.000000e+00
   endloop
 endfacet
 facet normal  0.000000e+00  0.000000e+00 -1.000000e+00
   outer loop
     vertex  1.299331e-02 -2.250508e-02  0.000000e+00
     vertex -2.225483e-02 -3.116128e-02  0.000000e+00
     vertex -2.227868e-02 -3.099684e-02  0.000000e+00
   endloop
 endfacet
 facet normal  0.000000e+00 -0.000000e+00 -1.000000e+00
   outer loop
     vertex  1.293896e-02 -2.234667e-02  0.000000e+00
     vertex  1.299331e-02 -2.250508e-02  0.000000e+00
     vertex -2.230217e-02 -3.083210e-02  0.000000e+00
   endloop
 endfacet
 facet normal  0.000000e+00  0.000000e+00 -1.000000e+00
   outer loop
     vertex  9.256539e-03 -5.094025e-02  0.000000e+00
     vertex  9.168511e-03 -5.107751e-02  0.000000e+00
     vertex  2.106478e-03 -5.648607e-02  0.000000e+00
   endloop
 endfacet
 facet normal  0.000000e+00  0.000000e+00 -1.000000e+00
   outer loop
     vertex  1.293896e-02 -2.234667e-02  0.000000e+00
     vertex -2.230217e-02 -3.083210e-02  0.000000e+00
     vertex -2.232530e-02 -3.066703e-02  0.000000e+00
   endloop
 endfacet
 facet normal  0.000000e+00 -0.000000e+00 -1.000000e+00
   outer loop
     vertex  1.288488e-02 -2.218831e-02  0.000000e+00
     vertex  1.293896e-02 -2.234667e-02  0.000000e+00
     vertex -2.232530e-02 -3.066703e-02  0.000000e+00
   endloop
 endfacet
 facet normal  0.000000e+00  0.000000e+00 -1.000000e+00
   outer loop
     vertex  9.256539e-03 -5.094025e-02  0.000000e+00
     vertex  1.937993e-03 -5.653942e-02  0.000000e+00
     vertex  1.768478e-03 -5.659096e-02  0.000000e+00
   endloop
 endfacet
 facet normal  0.000000e+00  0.000000e+00 -1.000000e+00
   outer loop
     vertex  9.256539e-03 -5.094025e-02  0.000000e+00
     vertex  2.106478e-03 -5.648607e-02  0.000000e+00
     vertex  1.937993e-03 -5.653942e-02  0.000000e+00
   endloop
 endfacet
 facet normal  0.000000e+00  0.000000e+00 -1.000000e+00
   outer loop
     vertex  1.288488e-02 -2.218831e-02  0.000000e+00
     vertex -2.234807e-02 -3.050165e-02  0.000000e+00
     vertex -2.237047e-02 -3.033595e-02  0.000000e+00
   endloop
 endfacet
 facet normal  0.000000e+00  0.000000e+00 -1.000000e+00
   outer loop
     vertex  1.288488e-02 -2.218831e-02  0.000000e+00
     vertex -2.232530e-02 -3.066703e-02  0.000000e+00
     vertex -2.234807e-02 -3.050165e-02  0.000000e+00
   endloop
 endfacet
 facet normal  0.000000e+00 -0.000000e+00 -1.000000e+00
   outer loop
     vertex  1.283113e-02 -2.202999e-02  0.000000e+00
     vertex  1.288488e-02 -2.218831e-02  0.000000e+00
     vertex -2.237047e-02 -3.033595e-02  0.000000e+00
   endloop
 endfacet
 facet normal  0.000000e+00  0.000000e+00 -1.000000e+00
   outer loop
     vertex  1.283113e-02 -2.202999e-02  0.000000e+00
     vertex -2.237047e-02 -3.033595e-02  0.000000e+00
     vertex -2.239251e-02 -3.016992e-02  0.000000e+00
   endloop
 endfacet
 facet normal  0.000000e+00  0.000000e+00 -1.000000e+00
   outer loop
     vertex  9.343458e-03 -5.080183e-02  0.000000e+00
     vertex  9.256539e-03 -5.094025e-02  0.000000e+00
     vertex  1.768478e-03 -5.659096e-02  0.000000e+00
   endloop
 endfacet
 facet normal  0.000000e+00  0.000000e+00 -1.000000e+00
   outer loop
     vertex  9.343458e-03 -5.080183e-02  0.000000e+00
     vertex  1.768478e-03 -5.659096e-02  0.000000e+00
     vertex  1.597971e-03 -5.664066e-02  0.000000e+00
   endloop
 endfacet
 facet normal  0.000000e+00 -0.000000e+00 -1.000000e+00
   outer loop
     vertex  1.277779e-02 -2.187168e-02  0.000000e+00
     vertex  1.283113e-02 -2.202999e-02  0.000000e+00
     vertex -2.239251e-02 -3.016992e-02  0.000000e+00
   endloop
 endfacet
 facet normal  0.000000e+00  0.000000e+00 -1.000000e+00
   outer loop
     vertex  1.277779e-02 -2.187168e-02  0.000000e+00
     vertex -2.241419e-02 -3.000356e-02  0.000000e+00
     vertex -2.243550e-02 -2.983685e-02  0.000000e+00
   endloop
 endfacet
 facet normal  0.000000e+00  0.000000e+00 -1.000000e+00
   outer loop
     vertex  1.277779e-02 -2.187168e-02  0.000000e+00
     vertex -2.239251e-02 -3.016992e-02  0.000000e+00
     vertex -2.241419e-02 -3.000356e-02  0.000000e+00
   endloop
 endfacet
 facet normal  0.000000e+00 -0.000000e+00 -1.000000e+00
   outer loop
     vertex  1.272493e-02 -2.171335e-02  0.000000e+00
     vertex  1.277779e-02 -2.187168e-02  0.000000e+00
     vertex -2.243550e-02 -2.983685e-02  0.000000e+00
   endloop
 endfacet
 facet normal  0.000000e+00  0.000000e+00 -1.000000e+00
   outer loop
     vertex  9.429295e-03 -5.066225e-02  0.000000e+00
     vertex  9.343458e-03 -5.080183e-02  0.000000e+00
     vertex  1.597971e-03 -5.664066e-02  0.000000e+00
   endloop
 endfacet
 facet normal  0.000000e+00  0.000000e+00 -1.000000e+00
   outer loop
     vertex  1.272493e-02 -2.171335e-02  0.000000e+00
     vertex -2.245644e-02 -2.966980e-02  0.000000e+00
     vertex -2.247700e-02 -2.950240e-02  0.000000e+00
   endloop
 endfacet
 facet normal  0.000000e+00  0.000000e+00 -1.000000e+00
   outer loop
     vertex  1.272493e-02 -2.171335e-02  0.000000e+00
     vertex -2.243550e-02 -2.983685e-02  0.000000e+00
     vertex -2.245644e-02 -2.966980e-02  0.000000e+00
   endloop
 endfacet
 facet normal  0.000000e+00  0.000000e+00 -1.000000e+00
   outer loop
     vertex  9.429295e-03 -5.066225e-02  0.000000e+00
     vertex  1.426510e-03 -5.668853e-02  0.000000e+00
     vertex  1.254136e-03 -5.673456e-02  0.000000e+00
   endloop
 endfacet
 facet normal  0.000000e+00  0.000000e+00 -1.000000e+00
   outer loop
     vertex  9.429295e-03 -5.066225e-02  0.000000e+00
     vertex  1.597971e-03 -5.664066e-02  0.000000e+00
     vertex  1.426510e-03 -5.668853e-02  0.000000e+00
   endloop
 endfacet
 facet normal  0.000000e+00  0.000000e+00 -1.000000e+00
   outer loop
     vertex  1.267263e-02 -2.155500e-02  0.000000e+00
     vertex -2.249719e-02 -2.933465e-02  0.000000e+00
     vertex -2.251701e-02 -2.916654e-02  0.000000e+00
   endloop
 endfacet
 facet normal  0.000000e+00  0.000000e+00 -1.000000e+00
   outer loop
     vertex  1.267263e-02 -2.155500e-02  0.000000e+00
     vertex -2.247700e-02 -2.950240e-02  0.000000e+00
     vertex -2.249719e-02 -2.933465e-02  0.000000e+00
   endloop
 endfacet
 facet normal  0.000000e+00 -0.000000e+00 -1.000000e+00
   outer loop
     vertex  1.267263e-02 -2.155500e-02  0.000000e+00
     vertex  1.272493e-02 -2.171335e-02  0.000000e+00
     vertex -2.247700e-02 -2.950240e-02  0.000000e+00
   endloop
 endfacet
 facet normal  0.000000e+00  0.000000e+00 -1.000000e+00
   outer loop
     vertex  9.514080e-03 -5.052152e-02  0.000000e+00
     vertex  9.429295e-03 -5.066225e-02  0.000000e+00
     vertex  1.254136e-03 -5.673456e-02  0.000000e+00
   endloop
 endfacet
 facet normal  0.000000e+00 -0.000000e+00 -1.000000e+00
   outer loop
     vertex  1.262095e-02 -2.139660e-02  0.000000e+00
     vertex  1.267263e-02 -2.155500e-02  0.000000e+00
     vertex -2.251701e-02 -2.916654e-02  0.000000e+00
   endloop
 endfacet
 facet normal  0.000000e+00  0.000000e+00 -1.000000e+00
   outer loop
     vertex  9.514080e-03 -5.052152e-02  0.000000e+00
     vertex  1.080888e-03 -5.677873e-02  0.000000e+00
     vertex  9.068070e-04 -5.682104e-02  0.000000e+00
   endloop
 endfacet
 facet normal  0.000000e+00  0.000000e+00 -1.000000e+00
   outer loop
     vertex  9.514080e-03 -5.052152e-02  0.000000e+00
     vertex  1.254136e-03 -5.673456e-02  0.000000e+00
     vertex  1.080888e-03 -5.677873e-02  0.000000e+00
   endloop
 endfacet
 facet normal  0.000000e+00  0.000000e+00 -1.000000e+00
   outer loop
     vertex  1.262095e-02 -2.139660e-02  0.000000e+00
     vertex -2.253645e-02 -2.899807e-02  0.000000e+00
     vertex -2.255550e-02 -2.882922e-02  0.000000e+00
   endloop
 endfacet
 facet normal  0.000000e+00  0.000000e+00 -1.000000e+00
   outer loop
     vertex  1.262095e-02 -2.139660e-02  0.000000e+00
     vertex -2.251701e-02 -2.916654e-02  0.000000e+00
     vertex -2.253645e-02 -2.899807e-02  0.000000e+00
   endloop
 endfacet
 facet normal  0.000000e+00 -0.000000e+00 -1.000000e+00
   outer loop
     vertex  1.256997e-02 -2.123812e-02  0.000000e+00
     vertex  1.262095e-02 -2.139660e-02  0.000000e+00
     vertex -2.255550e-02 -2.882922e-02  0.000000e+00
   endloop
 endfacet
 facet normal  0.000000e+00  0.000000e+00 -1.000000e+00
   outer loop
     vertex  1.256997e-02 -2.123812e-02  0.000000e+00
     vertex -2.257418e-02 -2.866001e-02  0.000000e+00
     vertex -2.259246e-02 -2.849042e-02  0.000000e+00
   endloop
 endfacet
 facet normal  0.000000e+00  0.000000e+00 -1.000000e+00
   outer loop
     vertex  1.256997e-02 -2.123812e-02  0.000000e+00
     vertex -2.255550e-02 -2.882922e-02  0.000000e+00
     vertex -2.257418e-02 -2.866001e-02  0.000000e+00
   endloop
 endfacet
 facet normal  0.000000e+00  0.000000e+00 -1.000000e+00
   outer loop
     vertex  9.597839e-03 -5.037965e-02  0.000000e+00
     vertex  9.068070e-04 -5.682104e-02  0.000000e+00
     vertex  7.319350e-04 -5.686147e-02  0.000000e+00
   endloop
 endfacet
 facet normal  0.000000e+00  0.000000e+00 -1.000000e+00
   outer loop
     vertex  9.597839e-03 -5.037965e-02  0.000000e+00
     vertex  9.514080e-03 -5.052152e-02  0.000000e+00
     vertex  9.068070e-04 -5.682104e-02  0.000000e+00
   endloop
 endfacet
 facet normal  0.000000e+00  0.000000e+00 -1.000000e+00
   outer loop
     vertex  1.251978e-02 -2.107955e-02  0.000000e+00
     vertex -2.261036e-02 -2.832045e-02  0.000000e+00
     vertex -2.262787e-02 -2.815009e-02  0.000000e+00
   endloop
 endfacet
 facet normal  0.000000e+00  0.000000e+00 -1.000000e+00
   outer loop
     vertex  1.251978e-02 -2.107955e-02  0.000000e+00
     vertex -2.259246e-02 -2.849042e-02  0.000000e+00
     vertex -2.261036e-02 -2.832045e-02  0.000000e+00
   endloop
 endfacet
 facet normal  0.000000e+00 -0.000000e+00 -1.000000e+00
   outer loop
     vertex  1.251978e-02 -2.107955e-02  0.000000e+00
     vertex  1.256997e-02 -2.123812e-02  0.000000e+00
     vertex -2.259246e-02 -2.849042e-02  0.000000e+00
   endloop
 endfacet
 facet normal  0.000000e+00  0.000000e+00 -1.000000e+00
   outer loop
     vertex  1.247043e-02 -2.092085e-02  0.000000e+00
     vertex -2.264498e-02 -2.797935e-02  0.000000e+00
     vertex -2.266170e-02 -2.780822e-02  0.000000e+00
   endloop
 endfacet
 facet normal  0.000000e+00  0.000000e+00 -1.000000e+00
   outer loop
     vertex  1.247043e-02 -2.092085e-02  0.000000e+00
     vertex -2.262787e-02 -2.815009e-02  0.000000e+00
     vertex -2.264498e-02 -2.797935e-02  0.000000e+00
   endloop
 endfacet
 facet normal  0.000000e+00 -0.000000e+00 -1.000000e+00
   outer loop
     vertex  1.247043e-02 -2.092085e-02  0.000000e+00
     vertex  1.251978e-02 -2.107955e-02  0.000000e+00
     vertex -2.262787e-02 -2.815009e-02  0.000000e+00
   endloop
 endfacet
 facet normal  0.000000e+00  0.000000e+00 -1.000000e+00
   outer loop
     vertex  9.680603e-03 -5.023666e-02  0.000000e+00
     vertex  9.597839e-03 -5.037965e-02  0.000000e+00
     vertex  7.319350e-04 -5.686147e-02  0.000000e+00
   endloop
 endfacet
 facet normal  0.000000e+00  0.000000e+00 -1.000000e+00
   outer loop
     vertex  9.680603e-03 -5.023666e-02  0.000000e+00
     vertex  5.563130e-04 -5.690003e-02  0.000000e+00
     vertex  3.799820e-04 -5.693669e-02  0.000000e+00
   endloop
 endfacet
 facet normal  0.000000e+00  0.000000e+00 -1.000000e+00
   outer loop
     vertex  9.680603e-03 -5.023666e-02  0.000000e+00
     vertex  7.319350e-04 -5.686147e-02  0.000000e+00
     vertex  5.563130e-04 -5.690003e-02  0.000000e+00
   endloop
 endfacet
 facet normal  0.000000e+00  0.000000e+00 -1.000000e+00
   outer loop
     vertex  9.762399e-03 -5.009256e-02  0.000000e+00
     vertex  9.680603e-03 -5.023666e-02  0.000000e+00
     vertex  3.799820e-04 -5.693669e-02  0.000000e+00
   endloop
 endfacet
 facet normal  0.000000e+00  0.000000e+00 -1.000000e+00
   outer loop
     vertex  1.242201e-02 -2.076203e-02  0.000000e+00
     vertex -2.267801e-02 -2.763669e-02  0.000000e+00
     vertex -2.269393e-02 -2.746476e-02  0.000000e+00
   endloop
 endfacet
 facet normal  0.000000e+00  0.000000e+00 -1.000000e+00
   outer loop
     vertex  1.242201e-02 -2.076203e-02  0.000000e+00
     vertex -2.266170e-02 -2.780822e-02  0.000000e+00
     vertex -2.267801e-02 -2.763669e-02  0.000000e+00
   endloop
 endfacet
 facet normal  0.000000e+00 -0.000000e+00 -1.000000e+00
   outer loop
     vertex  1.242201e-02 -2.076203e-02  0.000000e+00
     vertex  1.247043e-02 -2.092085e-02  0.000000e+00
     vertex -2.266170e-02 -2.780822e-02  0.000000e+00
   endloop
 endfacet
 facet normal  0.000000e+00  0.000000e+00 -1.000000e+00
   outer loop
     vertex  1.237458e-02 -2.060304e-02  0.000000e+00
     vertex -2.270944e-02 -2.729243e-02  0.000000e+00
     vertex -2.272454e-02 -2.711970e-02  0.000000e+00
   endloop
 endfacet
 facet normal  0.000000e+00  0.000000e+00 -1.000000e+00
   outer loop
     vertex  1.237458e-02 -2.060304e-02  0.000000e+00
     vertex -2.269393e-02 -2.746476e-02  0.000000e+00
     vertex -2.270944e-02 -2.729243e-02  0.000000e+00
   endloop
 endfacet
 facet normal  0.000000e+00 -0.000000e+00 -1.000000e+00
   outer loop
     vertex  1.237458e-02 -2.060304e-02  0.000000e+00
     vertex  1.242201e-02 -2.076203e-02  0.000000e+00
     vertex -2.269393e-02 -2.746476e-02  0.000000e+00
   endloop
 endfacet
 facet normal  0.000000e+00  0.000000e+00 -1.000000e+00
   outer loop
     vertex  9.762399e-03 -5.009256e-02  0.000000e+00
     vertex  2.029860e-04 -5.697147e-02  0.000000e+00
     vertex  2.536600e-05 -5.700433e-02  0.000000e+00
   endloop
 endfacet
 facet normal  0.000000e+00  0.000000e+00 -1.000000e+00
   outer loop
     vertex  9.762399e-03 -5.009256e-02  0.000000e+00
     vertex  3.799820e-04 -5.693669e-02  0.000000e+00
     vertex  2.029860e-04 -5.697147e-02  0.000000e+00
   endloop
 endfacet
 facet normal  0.000000e+00 -0.000000e+00 -1.000000e+00
   outer loop
     vertex  1.232823e-02 -2.044387e-02  0.000000e+00
     vertex  1.237458e-02 -2.060304e-02  0.000000e+00
     vertex -2.272454e-02 -2.711970e-02  0.000000e+00
   endloop
 endfacet
 facet normal  0.000000e+00  0.000000e+00 -1.000000e+00
   outer loop
     vertex  1.232823e-02 -2.044387e-02  0.000000e+00
     vertex -2.275349e-02 -2.677301e-02  0.000000e+00
     vertex -2.276735e-02 -2.659905e-02  0.000000e+00
   endloop
 endfacet
 facet normal  0.000000e+00  0.000000e+00 -1.000000e+00
   outer loop
     vertex  1.232823e-02 -2.044387e-02  0.000000e+00
     vertex -2.273922e-02 -2.694656e-02  0.000000e+00
     vertex -2.275349e-02 -2.677301e-02  0.000000e+00
   endloop
 endfacet
 facet normal  0.000000e+00  0.000000e+00 -1.000000e+00
   outer loop
     vertex  1.232823e-02 -2.044387e-02  0.000000e+00
     vertex -2.272454e-02 -2.711970e-02  0.000000e+00
     vertex -2.273922e-02 -2.694656e-02  0.000000e+00
   endloop
 endfacet
 facet normal  0.000000e+00 -0.000000e+00 -1.000000e+00
   outer loop
     vertex  1.228302e-02 -2.028449e-02  0.000000e+00
     vertex  1.232823e-02 -2.044387e-02  0.000000e+00
     vertex -2.276735e-02 -2.659905e-02  0.000000e+00
   endloop
 endfacet
 facet normal  0.000000e+00  0.000000e+00 -1.000000e+00
   outer loop
     vertex  9.843257e-03 -4.994737e-02  0.000000e+00
     vertex  9.762399e-03 -5.009256e-02  0.000000e+00
     vertex  2.536600e-05 -5.700433e-02  0.000000e+00
   endloop
 endfacet
 facet normal  0.000000e+00  0.000000e+00 -1.000000e+00
   outer loop
     vertex  9.843257e-03 -4.994737e-02  0.000000e+00
     vertex -1.528330e-04 -5.703529e-02  0.000000e+00
     vertex -3.315690e-04 -5.706433e-02  0.000000e+00
   endloop
 endfacet
 facet normal  0.000000e+00  0.000000e+00 -1.000000e+00
   outer loop
     vertex  9.843257e-03 -4.994737e-02  0.000000e+00
     vertex  2.536600e-05 -5.700433e-02  0.000000e+00
     vertex -1.528330e-04 -5.703529e-02  0.000000e+00
   endloop
 endfacet
 facet normal  0.000000e+00  0.000000e+00 -1.000000e+00
   outer loop
     vertex  1.228302e-02 -2.028449e-02  0.000000e+00
     vertex -2.278078e-02 -2.642467e-02  0.000000e+00
     vertex -2.279378e-02 -2.624988e-02  0.000000e+00
   endloop
 endfacet
 facet normal  0.000000e+00  0.000000e+00 -1.000000e+00
   outer loop
     vertex  1.228302e-02 -2.028449e-02  0.000000e+00
     vertex -2.276735e-02 -2.659905e-02  0.000000e+00
     vertex -2.278078e-02 -2.642467e-02  0.000000e+00
   endloop
 endfacet
 facet normal  0.000000e+00  0.000000e+00 -1.000000e+00
   outer loop
     vertex  9.923203e-03 -4.980108e-02  0.000000e+00
     vertex  9.843257e-03 -4.994737e-02  0.000000e+00
     vertex -3.315690e-04 -5.706433e-02  0.000000e+00
   endloop
 endfacet
 facet normal  0.000000e+00  0.000000e+00 -1.000000e+00
   outer loop
     vertex  1.223902e-02 -2.012489e-02  0.000000e+00
     vertex -2.280636e-02 -2.607467e-02  0.000000e+00
     vertex -2.281850e-02 -2.589905e-02  0.000000e+00
   endloop
 endfacet
 facet normal  0.000000e+00  0.000000e+00 -1.000000e+00
   outer loop
     vertex  1.223902e-02 -2.012489e-02  0.000000e+00
     vertex -2.279378e-02 -2.624988e-02  0.000000e+00
     vertex -2.280636e-02 -2.607467e-02  0.000000e+00
   endloop
 endfacet
 facet normal  0.000000e+00 -0.000000e+00 -1.000000e+00
   outer loop
     vertex  1.223902e-02 -2.012489e-02  0.000000e+00
     vertex  1.228302e-02 -2.028449e-02  0.000000e+00
     vertex -2.279378e-02 -2.624988e-02  0.000000e+00
   endloop
 endfacet
 facet normal  0.000000e+00  0.000000e+00 -1.000000e+00
   outer loop
     vertex  9.923203e-03 -4.980108e-02  0.000000e+00
     vertex -5.107990e-04 -5.709145e-02  0.000000e+00
     vertex -6.904790e-04 -5.711663e-02  0.000000e+00
   endloop
 endfacet
 facet normal  0.000000e+00  0.000000e+00 -1.000000e+00
   outer loop
     vertex  9.923203e-03 -4.980108e-02  0.000000e+00
     vertex -3.315690e-04 -5.706433e-02  0.000000e+00
     vertex -5.107990e-04 -5.709145e-02  0.000000e+00
   endloop
 endfacet
 facet normal  0.000000e+00  0.000000e+00 -1.000000e+00
   outer loop
     vertex  1.219631e-02 -1.996505e-02  0.000000e+00
     vertex -2.284148e-02 -2.554653e-02  0.000000e+00
     vertex -2.285231e-02 -2.536964e-02  0.000000e+00
   endloop
 endfacet
 facet normal  0.000000e+00  0.000000e+00 -1.000000e+00
   outer loop
     vertex  1.219631e-02 -1.996505e-02  0.000000e+00
     vertex -2.283021e-02 -2.572300e-02  0.000000e+00
     vertex -2.284148e-02 -2.554653e-02  0.000000e+00
   endloop
 endfacet
 facet normal  0.000000e+00  0.000000e+00 -1.000000e+00
   outer loop
     vertex  1.219631e-02 -1.996505e-02  0.000000e+00
     vertex -2.281850e-02 -2.589905e-02  0.000000e+00
     vertex -2.283021e-02 -2.572300e-02  0.000000e+00
   endloop
 endfacet
 facet normal  0.000000e+00 -0.000000e+00 -1.000000e+00
   outer loop
     vertex  1.219631e-02 -1.996505e-02  0.000000e+00
     vertex  1.223902e-02 -2.012489e-02  0.000000e+00
     vertex -2.281850e-02 -2.589905e-02  0.000000e+00
   endloop
 endfacet
 facet normal  0.000000e+00  0.000000e+00 -1.000000e+00
   outer loop
     vertex  1.000227e-02 -4.965373e-02  0.000000e+00
     vertex  9.923203e-03 -4.980108e-02  0.000000e+00
     vertex -6.904790e-04 -5.711663e-02  0.000000e+00
   endloop
 endfacet
 facet normal  0.000000e+00  0.000000e+00 -1.000000e+00
   outer loop
     vertex  1.215495e-02 -1.980493e-02  0.000000e+00
     vertex -2.286268e-02 -2.519233e-02  0.000000e+00
     vertex -2.287261e-02 -2.501459e-02  0.000000e+00
   endloop
 endfacet
 facet normal  0.000000e+00  0.000000e+00 -1.000000e+00
   outer loop
     vertex  1.215495e-02 -1.980493e-02  0.000000e+00
     vertex -2.285231e-02 -2.536964e-02  0.000000e+00
     vertex -2.286268e-02 -2.519233e-02  0.000000e+00
   endloop
 endfacet
 facet normal  0.000000e+00 -0.000000e+00 -1.000000e+00
   outer loop
     vertex  1.215495e-02 -1.980493e-02  0.000000e+00
     vertex  1.219631e-02 -1.996505e-02  0.000000e+00
     vertex -2.285231e-02 -2.536964e-02  0.000000e+00
   endloop
 endfacet
 facet normal  0.000000e+00  0.000000e+00 -1.000000e+00
   outer loop
     vertex  1.000227e-02 -4.965373e-02  0.000000e+00
     vertex -1.051014e-03 -5.716118e-02  0.000000e+00
     vertex -1.231782e-03 -5.718054e-02  0.000000e+00
   endloop
 endfacet
 facet normal  0.000000e+00  0.000000e+00 -1.000000e+00
   outer loop
     vertex  1.000227e-02 -4.965373e-02  0.000000e+00
     vertex -8.705650e-04 -5.713988e-02  0.000000e+00
     vertex -1.051014e-03 -5.716118e-02  0.000000e+00
   endloop
 endfacet
 facet normal  0.000000e+00  0.000000e+00 -1.000000e+00
   outer loop
     vertex  1.000227e-02 -4.965373e-02  0.000000e+00
     vertex -6.904790e-04 -5.711663e-02  0.000000e+00
     vertex -8.705650e-04 -5.713988e-02  0.000000e+00
   endloop
 endfacet
 facet normal  0.000000e+00  0.000000e+00 -1.000000e+00
   outer loop
     vertex  1.211502e-02 -1.964452e-02  0.000000e+00
     vertex -2.289109e-02 -2.465785e-02  0.000000e+00
     vertex -2.289964e-02 -2.447885e-02  0.000000e+00
   endloop
 endfacet
 facet normal  0.000000e+00  0.000000e+00 -1.000000e+00
   outer loop
     vertex  1.211502e-02 -1.964452e-02  0.000000e+00
     vertex -2.288208e-02 -2.483643e-02  0.000000e+00
     vertex -2.289109e-02 -2.465785e-02  0.000000e+00
   endloop
 endfacet
 facet normal  0.000000e+00  0.000000e+00 -1.000000e+00
   outer loop
     vertex  1.211502e-02 -1.964452e-02  0.000000e+00
     vertex -2.287261e-02 -2.501459e-02  0.000000e+00
     vertex -2.288208e-02 -2.483643e-02  0.000000e+00
   endloop
 endfacet
 facet normal  0.000000e+00 -0.000000e+00 -1.000000e+00
   outer loop
     vertex  1.211502e-02 -1.964452e-02  0.000000e+00
     vertex  1.215495e-02 -1.980493e-02  0.000000e+00
     vertex -2.287261e-02 -2.501459e-02  0.000000e+00
   endloop
 endfacet
 facet normal  0.000000e+00  0.000000e+00 -1.000000e+00
   outer loop
     vertex  1.207658e-02 -1.948380e-02  0.000000e+00
     vertex -2.290772e-02 -2.429942e-02  0.000000e+00
     vertex -2.291533e-02 -2.411958e-02  0.000000e+00
   endloop
 endfacet
 facet normal  0.000000e+00  0.000000e+00 -1.000000e+00
   outer loop
     vertex  1.207658e-02 -1.948380e-02  0.000000e+00
     vertex -2.289964e-02 -2.447885e-02  0.000000e+00
     vertex -2.290772e-02 -2.429942e-02  0.000000e+00
   endloop
 endfacet
 facet normal  0.000000e+00 -0.000000e+00 -1.000000e+00
   outer loop
     vertex  1.207658e-02 -1.948380e-02  0.000000e+00
     vertex  1.211502e-02 -1.964452e-02  0.000000e+00
     vertex -2.289964e-02 -2.447885e-02  0.000000e+00
   endloop
 endfacet
 facet normal  0.000000e+00  0.000000e+00 -1.000000e+00
   outer loop
     vertex  1.008048e-02 -4.950531e-02  0.000000e+00
     vertex -1.412825e-03 -5.719794e-02  0.000000e+00
     vertex -1.594102e-03 -5.721338e-02  0.000000e+00
   endloop
 endfacet
 facet normal  0.000000e+00  0.000000e+00 -1.000000e+00
   outer loop
     vertex  1.008048e-02 -4.950531e-02  0.000000e+00
     vertex -1.231782e-03 -5.718054e-02  0.000000e+00
     vertex -1.412825e-03 -5.719794e-02  0.000000e+00
   endloop
 endfacet
 facet normal  0.000000e+00  0.000000e+00 -1.000000e+00
   outer loop
     vertex  1.008048e-02 -4.950531e-02  0.000000e+00
     vertex  1.000227e-02 -4.965373e-02  0.000000e+00
     vertex -1.231782e-03 -5.718054e-02  0.000000e+00
   endloop
 endfacet
 facet normal  0.000000e+00  0.000000e+00 -1.000000e+00
   outer loop
     vertex  1.203969e-02 -1.932275e-02  0.000000e+00
     vertex -2.292911e-02 -2.375863e-02  0.000000e+00
     vertex -2.293528e-02 -2.357753e-02  0.000000e+00
   endloop
 endfacet
 facet normal  0.000000e+00  0.000000e+00 -1.000000e+00
   outer loop
     vertex  1.015786e-02 -4.935584e-02  0.000000e+00
     vertex  1.008048e-02 -4.950531e-02  0.000000e+00
     vertex -1.594102e-03 -5.721338e-02  0.000000e+00
   endloop
 endfacet
 facet normal  0.000000e+00  0.000000e+00 -1.000000e+00
   outer loop
     vertex  1.203969e-02 -1.932275e-02  0.000000e+00
     vertex -2.292246e-02 -2.393931e-02  0.000000e+00
     vertex -2.292911e-02 -2.375863e-02  0.000000e+00
   endloop
 endfacet
 facet normal  0.000000e+00 -0.000000e+00 -1.000000e+00
   outer loop
     vertex  1.203969e-02 -1.932275e-02  0.000000e+00
     vertex  1.207658e-02 -1.948380e-02  0.000000e+00
     vertex -2.291533e-02 -2.411958e-02  0.000000e+00
   endloop
 endfacet
 facet normal  0.000000e+00  0.000000e+00 -1.000000e+00
   outer loop
     vertex  1.203969e-02 -1.932275e-02  0.000000e+00
     vertex -2.291533e-02 -2.411958e-02  0.000000e+00
     vertex -2.292246e-02 -2.393931e-02  0.000000e+00
   endloop
 endfacet
 facet normal  0.000000e+00  0.000000e+00 -1.000000e+00
   outer loop
     vertex  1.015786e-02 -4.935584e-02  0.000000e+00
     vertex -1.957178e-03 -5.723838e-02  0.000000e+00
     vertex -2.138892e-03 -5.724793e-02  0.000000e+00
   endloop
 endfacet
 facet normal  0.000000e+00  0.000000e+00 -1.000000e+00
   outer loop
     vertex  1.015786e-02 -4.935584e-02  0.000000e+00
     vertex -1.775567e-03 -5.722687e-02  0.000000e+00
     vertex -1.957178e-03 -5.723838e-02  0.000000e+00
   endloop
 endfacet
 facet normal  0.000000e+00  0.000000e+00 -1.000000e+00
   outer loop
     vertex  1.015786e-02 -4.935584e-02  0.000000e+00
     vertex -1.594102e-03 -5.721338e-02  0.000000e+00
     vertex -1.775567e-03 -5.722687e-02  0.000000e+00
   endloop
 endfacet
 facet normal  0.000000e+00  0.000000e+00 -1.000000e+00
   outer loop
     vertex  1.200442e-02 -1.916134e-02  0.000000e+00
     vertex -2.294615e-02 -2.321410e-02  0.000000e+00
     vertex -2.295084e-02 -2.303176e-02  0.000000e+00
   endloop
 endfacet
 facet normal  0.000000e+00  0.000000e+00 -1.000000e+00
   outer loop
     vertex  1.200442e-02 -1.916134e-02  0.000000e+00
     vertex -2.294096e-02 -2.339602e-02  0.000000e+00
     vertex -2.294615e-02 -2.321410e-02  0.000000e+00
   endloop
 endfacet
 facet normal  0.000000e+00  0.000000e+00 -1.000000e+00
   outer loop
     vertex  1.200442e-02 -1.916134e-02  0.000000e+00
     vertex -2.293528e-02 -2.357753e-02  0.000000e+00
     vertex -2.294096e-02 -2.339602e-02  0.000000e+00
   endloop
 endfacet
 facet normal  0.000000e+00 -0.000000e+00 -1.000000e+00
   outer loop
     vertex  1.200442e-02 -1.916134e-02  0.000000e+00
     vertex  1.203969e-02 -1.932275e-02  0.000000e+00
     vertex -2.293528e-02 -2.357753e-02  0.000000e+00
   endloop
 endfacet
 facet normal  0.000000e+00  0.000000e+00 -1.000000e+00
   outer loop
     vertex  1.197085e-02 -1.899955e-02  0.000000e+00
     vertex -2.295503e-02 -2.284903e-02  0.000000e+00
     vertex -2.295871e-02 -2.266588e-02  0.000000e+00
   endloop
 endfacet
 facet normal  0.000000e+00  0.000000e+00 -1.000000e+00
   outer loop
     vertex  1.197085e-02 -1.899955e-02  0.000000e+00
     vertex -2.295084e-02 -2.303176e-02  0.000000e+00
     vertex -2.295503e-02 -2.284903e-02  0.000000e+00
   endloop
 endfacet
 facet normal  0.000000e+00 -0.000000e+00 -1.000000e+00
   outer loop
     vertex  1.197085e-02 -1.899955e-02  0.000000e+00
     vertex  1.200442e-02 -1.916134e-02  0.000000e+00
     vertex -2.295084e-02 -2.303176e-02  0.000000e+00
   endloop
 endfacet
 facet normal  0.000000e+00  0.000000e+00 -1.000000e+00
   outer loop
     vertex  1.023444e-02 -4.920534e-02  0.000000e+00
     vertex  1.015786e-02 -4.935584e-02  0.000000e+00
     vertex -2.138892e-03 -5.724793e-02  0.000000e+00
   endloop
 endfacet
 facet normal  0.000000e+00  0.000000e+00 -1.000000e+00
   outer loop
     vertex  1.023444e-02 -4.920534e-02  0.000000e+00
     vertex -2.502460e-03 -5.726110e-02  0.000000e+00
     vertex -2.684229e-03 -5.726472e-02  0.000000e+00
   endloop
 endfacet
 facet normal  0.000000e+00  0.000000e+00 -1.000000e+00
   outer loop
     vertex  1.023444e-02 -4.920534e-02  0.000000e+00
     vertex -2.320666e-03 -5.725550e-02  0.000000e+00
     vertex -2.502460e-03 -5.726110e-02  0.000000e+00
   endloop
 endfacet
 facet normal  0.000000e+00  0.000000e+00 -1.000000e+00
   outer loop
     vertex  1.023444e-02 -4.920534e-02  0.000000e+00
     vertex -2.138892e-03 -5.724793e-02  0.000000e+00
     vertex -2.320666e-03 -5.725550e-02  0.000000e+00
   endloop
 endfacet
 facet normal  0.000000e+00  0.000000e+00 -1.000000e+00
   outer loop
     vertex  1.193901e-02 -1.883737e-02  0.000000e+00
     vertex -2.296454e-02 -2.229840e-02  0.000000e+00
     vertex -2.296668e-02 -2.211407e-02  0.000000e+00
   endloop
 endfacet
 facet normal  0.000000e+00  0.000000e+00 -1.000000e+00
   outer loop
     vertex  1.193901e-02 -1.883737e-02  0.000000e+00
     vertex -2.296189e-02 -2.248234e-02  0.000000e+00
     vertex -2.296454e-02 -2.229840e-02  0.000000e+00
   endloop
 endfacet
 facet normal  0.000000e+00  0.000000e+00 -1.000000e+00
   outer loop
     vertex  1.193901e-02 -1.883737e-02  0.000000e+00
     vertex -2.295871e-02 -2.266588e-02  0.000000e+00
     vertex -2.296189e-02 -2.248234e-02  0.000000e+00
   endloop
 endfacet
 facet normal  0.000000e+00 -0.000000e+00 -1.000000e+00
   outer loop
     vertex  1.193901e-02 -1.883737e-02  0.000000e+00
     vertex  1.197085e-02 -1.899955e-02  0.000000e+00
     vertex -2.295871e-02 -2.266588e-02  0.000000e+00
   endloop
 endfacet
 facet normal  0.000000e+00  0.000000e+00 -1.000000e+00
   outer loop
     vertex  1.190899e-02 -1.867478e-02  0.000000e+00
     vertex -2.296938e-02 -2.174424e-02  0.000000e+00
     vertex -2.296993e-02 -2.155875e-02  0.000000e+00
   endloop
 endfacet
 facet normal  0.000000e+00  0.000000e+00 -1.000000e+00
   outer loop
     vertex  1.190899e-02 -1.867478e-02  0.000000e+00
     vertex -2.296830e-02 -2.192935e-02  0.000000e+00
     vertex -2.296938e-02 -2.174424e-02  0.000000e+00
   endloop
 endfacet
 facet normal  0.000000e+00  0.000000e+00 -1.000000e+00
   outer loop
     vertex  1.190899e-02 -1.867478e-02  0.000000e+00
     vertex -2.296668e-02 -2.211407e-02  0.000000e+00
     vertex -2.296830e-02 -2.192935e-02  0.000000e+00
   endloop
 endfacet
 facet normal  0.000000e+00 -0.000000e+00 -1.000000e+00
   outer loop
     vertex  1.190899e-02 -1.867478e-02  0.000000e+00
     vertex  1.193901e-02 -1.883737e-02  0.000000e+00
     vertex -2.296668e-02 -2.211407e-02  0.000000e+00
   endloop
 endfacet
 facet normal  0.000000e+00  0.000000e+00 -1.000000e+00
   outer loop
     vertex  1.031025e-02 -4.905382e-02  0.000000e+00
     vertex  1.023444e-02 -4.920534e-02  0.000000e+00
     vertex -2.684229e-03 -5.726472e-02  0.000000e+00
   endloop
 endfacet
 facet normal  0.000000e+00  0.000000e+00 -1.000000e+00
   outer loop
     vertex  1.031025e-02 -4.905382e-02  0.000000e+00
     vertex -3.228986e-03 -5.726368e-02  0.000000e+00
     vertex -3.410254e-03 -5.725937e-02  0.000000e+00
   endloop
 endfacet
 facet normal  0.000000e+00  0.000000e+00 -1.000000e+00
   outer loop
     vertex  1.031025e-02 -4.905382e-02  0.000000e+00
     vertex -3.047533e-03 -5.726601e-02  0.000000e+00
     vertex -3.228986e-03 -5.726368e-02  0.000000e+00
   endloop
 endfacet
 facet normal  0.000000e+00  0.000000e+00 -1.000000e+00
   outer loop
     vertex  1.031025e-02 -4.905382e-02  0.000000e+00
     vertex -2.865934e-03 -5.726635e-02  0.000000e+00
     vertex -3.047533e-03 -5.726601e-02  0.000000e+00
   endloop
 endfacet
 facet normal  0.000000e+00  0.000000e+00 -1.000000e+00
   outer loop
     vertex  1.031025e-02 -4.905382e-02  0.000000e+00
     vertex -2.684229e-03 -5.726472e-02  0.000000e+00
     vertex -2.865934e-03 -5.726635e-02  0.000000e+00
   endloop
 endfacet
 facet normal  0.000000e+00  0.000000e+00 -1.000000e+00
   outer loop
     vertex  1.188082e-02 -1.851174e-02  0.000000e+00
     vertex -2.296995e-02 -2.137289e-02  0.000000e+00
     vertex -2.296942e-02 -2.118665e-02  0.000000e+00
   endloop
 endfacet
 facet normal  0.000000e+00  0.000000e+00 -1.000000e+00
   outer loop
     vertex  1.188082e-02 -1.851174e-02  0.000000e+00
     vertex -2.296993e-02 -2.155875e-02  0.000000e+00
     vertex -2.296995e-02 -2.137289e-02  0.000000e+00
   endloop
 endfacet
 facet normal  0.000000e+00 -0.000000e+00 -1.000000e+00
   outer loop
     vertex  1.188082e-02 -1.851174e-02  0.000000e+00
     vertex  1.190899e-02 -1.867478e-02  0.000000e+00
     vertex -2.296993e-02 -2.155875e-02  0.000000e+00
   endloop
 endfacet
 facet normal  0.000000e+00  0.000000e+00 -1.000000e+00
   outer loop
     vertex  1.038532e-02 -4.890128e-02  0.000000e+00
     vertex  1.031025e-02 -4.905382e-02  0.000000e+00
     vertex -3.410254e-03 -5.725937e-02  0.000000e+00
   endloop
 endfacet
 facet normal  0.000000e+00 -0.000000e+00 -1.000000e+00
   outer loop
     vertex  1.185458e-02 -1.834825e-02  0.000000e+00
     vertex  1.188082e-02 -1.851174e-02  0.000000e+00
     vertex -2.296942e-02 -2.118665e-02  0.000000e+00
   endloop
 endfacet
 facet normal  0.000000e+00  0.000000e+00 -1.000000e+00
   outer loop
     vertex  1.185458e-02 -1.834825e-02  0.000000e+00
     vertex -2.296673e-02 -2.081308e-02  0.000000e+00
     vertex -2.296455e-02 -2.062576e-02  0.000000e+00
   endloop
 endfacet
 facet normal  0.000000e+00  0.000000e+00 -1.000000e+00
   outer loop
     vertex  1.185458e-02 -1.834825e-02  0.000000e+00
     vertex -2.296835e-02 -2.100005e-02  0.000000e+00
     vertex -2.296673e-02 -2.081308e-02  0.000000e+00
   endloop
 endfacet
 facet normal  0.000000e+00  0.000000e+00 -1.000000e+00
   outer loop
     vertex  1.185458e-02 -1.834825e-02  0.000000e+00
     vertex -2.296942e-02 -2.118665e-02  0.000000e+00
     vertex -2.296835e-02 -2.100005e-02  0.000000e+00
   endloop
 endfacet
 facet normal  0.000000e+00  0.000000e+00 -1.000000e+00
   outer loop
     vertex  1.038532e-02 -4.890128e-02  0.000000e+00
     vertex -3.952552e-03 -5.723454e-02  0.000000e+00
     vertex -4.132691e-03 -5.722230e-02  0.000000e+00
   endloop
 endfacet
 facet normal  0.000000e+00  0.000000e+00 -1.000000e+00
   outer loop
     vertex  1.038532e-02 -4.890128e-02  0.000000e+00
     vertex -3.772075e-03 -5.724480e-02  0.000000e+00
     vertex -3.952552e-03 -5.723454e-02  0.000000e+00
   endloop
 endfacet
 facet normal  0.000000e+00  0.000000e+00 -1.000000e+00
   outer loop
     vertex  1.038532e-02 -4.890128e-02  0.000000e+00
     vertex -3.591296e-03 -5.725308e-02  0.000000e+00
     vertex -3.772075e-03 -5.724480e-02  0.000000e+00
   endloop
 endfacet
 facet normal  0.000000e+00  0.000000e+00 -1.000000e+00
   outer loop
     vertex  1.038532e-02 -4.890128e-02  0.000000e+00
     vertex -3.410254e-03 -5.725937e-02  0.000000e+00
     vertex -3.591296e-03 -5.725308e-02  0.000000e+00
   endloop
 endfacet
 facet normal  0.000000e+00  0.000000e+00 -1.000000e+00
   outer loop
     vertex  1.183030e-02 -1.818428e-02  0.000000e+00
     vertex -2.295851e-02 -2.025006e-02  0.000000e+00
     vertex -2.295464e-02 -2.006170e-02  0.000000e+00
   endloop
 endfacet
 facet normal  0.000000e+00  0.000000e+00 -1.000000e+00
   outer loop
     vertex  1.183030e-02 -1.818428e-02  0.000000e+00
     vertex -2.296181e-02 -2.043808e-02  0.000000e+00
     vertex -2.295851e-02 -2.025006e-02  0.000000e+00
   endloop
 endfacet
 facet normal  0.000000e+00  0.000000e+00 -1.000000e+00
   outer loop
     vertex  1.183030e-02 -1.818428e-02  0.000000e+00
     vertex -2.296455e-02 -2.062576e-02  0.000000e+00
     vertex -2.296181e-02 -2.043808e-02  0.000000e+00
   endloop
 endfacet
 facet normal  0.000000e+00 -0.000000e+00 -1.000000e+00
   outer loop
     vertex  1.183030e-02 -1.818428e-02  0.000000e+00
     vertex  1.185458e-02 -1.834825e-02  0.000000e+00
     vertex -2.296455e-02 -2.062576e-02  0.000000e+00
   endloop
 endfacet
 facet normal  0.000000e+00  0.000000e+00 -1.000000e+00
   outer loop
     vertex  1.045966e-02 -4.874775e-02  0.000000e+00
     vertex -5.027072e-03 -5.713144e-02  0.000000e+00
     vertex -1.351732e-02 -5.304992e-02  0.000000e+00
   endloop
 endfacet
 facet normal  0.000000e+00  0.000000e+00 -1.000000e+00
   outer loop
     vertex -1.521450e-02  8.975331e-03  0.000000e+00
     vertex -1.544477e-02  8.832270e-03  0.000000e+00
     vertex -1.533143e-02  8.906419e-03  0.000000e+00
   endloop
 endfacet
 facet normal  0.000000e+00  0.000000e+00 -1.000000e+00
   outer loop
     vertex  1.045966e-02 -4.874775e-02  0.000000e+00
     vertex -1.351732e-02 -5.304992e-02  0.000000e+00
     vertex -1.363630e-02 -5.293415e-02  0.000000e+00
   endloop
 endfacet
 facet normal  0.000000e+00  0.000000e+00 -1.000000e+00
   outer loop
     vertex  1.045966e-02 -4.874775e-02  0.000000e+00
     vertex  1.038532e-02 -4.890128e-02  0.000000e+00
     vertex -4.132691e-03 -5.722230e-02  0.000000e+00
   endloop
 endfacet
 facet normal  0.000000e+00  0.000000e+00 -1.000000e+00
   outer loop
     vertex  1.045966e-02 -4.874775e-02  0.000000e+00
     vertex -4.849151e-03 -5.715355e-02  0.000000e+00
     vertex -5.027072e-03 -5.713144e-02  0.000000e+00
   endloop
 endfacet
 facet normal  0.000000e+00  0.000000e+00 -1.000000e+00
   outer loop
     vertex  1.045966e-02 -4.874775e-02  0.000000e+00
     vertex -4.670719e-03 -5.717370e-02  0.000000e+00
     vertex -4.849151e-03 -5.715355e-02  0.000000e+00
   endloop
 endfacet
 facet normal  0.000000e+00  0.000000e+00 -1.000000e+00
   outer loop
     vertex  1.045966e-02 -4.874775e-02  0.000000e+00
     vertex -4.491810e-03 -5.719188e-02  0.000000e+00
     vertex -4.670719e-03 -5.717370e-02  0.000000e+00
   endloop
 endfacet
 facet normal  0.000000e+00  0.000000e+00 -1.000000e+00
   outer loop
     vertex  1.045966e-02 -4.874775e-02  0.000000e+00
     vertex -4.312455e-03 -5.720808e-02  0.000000e+00
     vertex -4.491810e-03 -5.719188e-02  0.000000e+00
   endloop
 endfacet
 facet normal  0.000000e+00  0.000000e+00 -1.000000e+00
   outer loop
     vertex  1.045966e-02 -4.874775e-02  0.000000e+00
     vertex -4.132691e-03 -5.722230e-02  0.000000e+00
     vertex -4.312455e-03 -5.720808e-02  0.000000e+00
   endloop
 endfacet
 facet normal  0.000000e+00  0.000000e+00 -1.000000e+00
   outer loop
     vertex  1.180806e-02 -1.801982e-02  0.000000e+00
     vertex -2.294519e-02 -1.968398e-02  0.000000e+00
     vertex -2.293959e-02 -1.949463e-02  0.000000e+00
   endloop
 endfacet
 facet normal  0.000000e+00  0.000000e+00 -1.000000e+00
   outer loop
     vertex  1.180806e-02 -1.801982e-02  0.000000e+00
     vertex -2.295021e-02 -1.987300e-02  0.000000e+00
     vertex -2.294519e-02 -1.968398e-02  0.000000e+00
   endloop
 endfacet
 facet normal  0.000000e+00  0.000000e+00 -1.000000e+00
   outer loop
     vertex  1.180806e-02 -1.801982e-02  0.000000e+00
     vertex -2.295464e-02 -2.006170e-02  0.000000e+00
     vertex -2.295021e-02 -1.987300e-02  0.000000e+00
   endloop
 endfacet
 facet normal  0.000000e+00 -0.000000e+00 -1.000000e+00
   outer loop
     vertex  1.180806e-02 -1.801982e-02  0.000000e+00
     vertex  1.183030e-02 -1.818428e-02  0.000000e+00
     vertex -2.295464e-02 -2.006170e-02  0.000000e+00
   endloop
 endfacet
 facet normal  0.000000e+00  0.000000e+00 -1.000000e+00
   outer loop
     vertex  1.053331e-02 -4.859323e-02  0.000000e+00
     vertex  1.045966e-02 -4.874775e-02  0.000000e+00
     vertex -1.363630e-02 -5.293415e-02  0.000000e+00
   endloop
 endfacet
 facet normal  0.000000e+00  0.000000e+00 -1.000000e+00
   outer loop
     vertex  1.178788e-02 -1.785484e-02  0.000000e+00
     vertex -2.292664e-02 -1.911499e-02  0.000000e+00
     vertex -2.291928e-02 -1.892471e-02  0.000000e+00
   endloop
 endfacet
 facet normal  0.000000e+00  0.000000e+00 -1.000000e+00
   outer loop
     vertex  1.178788e-02 -1.785484e-02  0.000000e+00
     vertex -2.293341e-02 -1.930496e-02  0.000000e+00
     vertex -2.292664e-02 -1.911499e-02  0.000000e+00
   endloop
 endfacet
 facet normal  0.000000e+00  0.000000e+00 -1.000000e+00
   outer loop
     vertex  1.178788e-02 -1.785484e-02  0.000000e+00
     vertex -2.293959e-02 -1.949463e-02  0.000000e+00
     vertex -2.293341e-02 -1.930496e-02  0.000000e+00
   endloop
 endfacet
 facet normal  0.000000e+00 -0.000000e+00 -1.000000e+00
   outer loop
     vertex  1.178788e-02 -1.785484e-02  0.000000e+00
     vertex  1.180806e-02 -1.801982e-02  0.000000e+00
     vertex -2.293959e-02 -1.949463e-02  0.000000e+00
   endloop
 endfacet
 facet normal  0.000000e+00  0.000000e+00 -1.000000e+00
   outer loop
     vertex -1.509396e-02  9.038966e-03  0.000000e+00
     vertex -1.555459e-02  8.752941e-03  0.000000e+00
     vertex -1.544477e-02  8.832270e-03  0.000000e+00
   endloop
 endfacet
 facet normal  0.000000e+00  0.000000e+00 -1.000000e+00
   outer loop
     vertex -1.509396e-02  9.038966e-03  0.000000e+00
     vertex -1.544477e-02  8.832270e-03  0.000000e+00
     vertex -1.521450e-02  8.975331e-03  0.000000e+00
   endloop
 endfacet
 facet normal  0.000000e+00  0.000000e+00 -1.000000e+00
   outer loop
     vertex  1.053331e-02 -4.859323e-02  0.000000e+00
     vertex -1.410023e-02 -5.245962e-02  0.000000e+00
     vertex -1.421323e-02 -5.233822e-02  0.000000e+00
   endloop
 endfacet
 facet normal  0.000000e+00  0.000000e+00 -1.000000e+00
   outer loop
     vertex  1.053331e-02 -4.859323e-02  0.000000e+00
     vertex -1.398605e-02 -5.257993e-02  0.000000e+00
     vertex -1.410023e-02 -5.245962e-02  0.000000e+00
   endloop
 endfacet
 facet normal  0.000000e+00  0.000000e+00 -1.000000e+00
   outer loop
     vertex  1.053331e-02 -4.859323e-02  0.000000e+00
     vertex -1.387066e-02 -5.269913e-02  0.000000e+00
     vertex -1.398605e-02 -5.257993e-02  0.000000e+00
   endloop
 endfacet
 facet normal  0.000000e+00  0.000000e+00 -1.000000e+00
   outer loop
     vertex  1.053331e-02 -4.859323e-02  0.000000e+00
     vertex -1.375408e-02 -5.281721e-02  0.000000e+00
     vertex -1.387066e-02 -5.269913e-02  0.000000e+00
   endloop
 endfacet
 facet normal  0.000000e+00  0.000000e+00 -1.000000e+00
   outer loop
     vertex  1.053331e-02 -4.859323e-02  0.000000e+00
     vertex -1.363630e-02 -5.293415e-02  0.000000e+00
     vertex -1.375408e-02 -5.281721e-02  0.000000e+00
   endloop
 endfacet
 facet normal  0.000000e+00  0.000000e+00 -1.000000e+00
   outer loop
     vertex  1.176983e-02 -1.768933e-02  0.000000e+00
     vertex -2.290276e-02 -1.854328e-02  0.000000e+00
     vertex -2.289360e-02 -1.835213e-02  0.000000e+00
   endloop
 endfacet
 facet normal  0.000000e+00  0.000000e+00 -1.000000e+00
   outer loop
     vertex  1.176983e-02 -1.768933e-02  0.000000e+00
     vertex -2.291132e-02 -1.873414e-02  0.000000e+00
     vertex -2.290276e-02 -1.854328e-02  0.000000e+00
   endloop
 endfacet
 facet normal  0.000000e+00  0.000000e+00 -1.000000e+00
   outer loop
     vertex  1.176983e-02 -1.768933e-02  0.000000e+00
     vertex -2.291928e-02 -1.892471e-02  0.000000e+00
     vertex -2.291132e-02 -1.873414e-02  0.000000e+00
   endloop
 endfacet
 facet normal  0.000000e+00 -0.000000e+00 -1.000000e+00
   outer loop
     vertex  1.176983e-02 -1.768933e-02  0.000000e+00
     vertex  1.178788e-02 -1.785484e-02  0.000000e+00
     vertex -2.291928e-02 -1.892471e-02  0.000000e+00
   endloop
 endfacet
 facet normal  0.000000e+00  0.000000e+00 -1.000000e+00
   outer loop
     vertex -1.496976e-02  9.097300e-03  0.000000e+00
     vertex -1.566094e-02  8.668499e-03  0.000000e+00
     vertex -1.555459e-02  8.752941e-03  0.000000e+00
   endloop
 endfacet
 facet normal  0.000000e+00  0.000000e+00 -1.000000e+00
   outer loop
     vertex -1.496976e-02  9.097300e-03  0.000000e+00
     vertex -1.555459e-02  8.752941e-03  0.000000e+00
     vertex -1.509396e-02  9.038966e-03  0.000000e+00
   endloop
 endfacet
 facet normal  0.000000e+00  0.000000e+00 -1.000000e+00
   outer loop
     vertex  1.175393e-02 -1.752327e-02  0.000000e+00
     vertex -2.287345e-02 -1.796902e-02  0.000000e+00
     vertex -2.286245e-02 -1.777707e-02  0.000000e+00
   endloop
 endfacet
 facet normal  0.000000e+00  0.000000e+00 -1.000000e+00
   outer loop
     vertex  1.175393e-02 -1.752327e-02  0.000000e+00
     vertex -2.288383e-02 -1.816071e-02  0.000000e+00
     vertex -2.287345e-02 -1.796902e-02  0.000000e+00
   endloop
 endfacet
 facet normal  0.000000e+00  0.000000e+00 -1.000000e+00
   outer loop
     vertex  1.175393e-02 -1.752327e-02  0.000000e+00
     vertex -2.289360e-02 -1.835213e-02  0.000000e+00
     vertex -2.288383e-02 -1.816071e-02  0.000000e+00
   endloop
 endfacet
 facet normal  0.000000e+00 -0.000000e+00 -1.000000e+00
   outer loop
     vertex  1.175393e-02 -1.752327e-02  0.000000e+00
     vertex  1.176983e-02 -1.768933e-02  0.000000e+00
     vertex -2.289360e-02 -1.835213e-02  0.000000e+00
   endloop
 endfacet
 facet normal  0.000000e+00  0.000000e+00 -1.000000e+00
   outer loop
     vertex  1.060628e-02 -4.843775e-02  0.000000e+00
     vertex -1.454515e-02 -5.196772e-02  0.000000e+00
     vertex -1.465345e-02 -5.184218e-02  0.000000e+00
   endloop
 endfacet
 facet normal  0.000000e+00  0.000000e+00 -1.000000e+00
   outer loop
     vertex  1.060628e-02 -4.843775e-02  0.000000e+00
     vertex -1.443569e-02 -5.209226e-02  0.000000e+00
     vertex -1.454515e-02 -5.196772e-02  0.000000e+00
   endloop
 endfacet
 facet normal  0.000000e+00  0.000000e+00 -1.000000e+00
   outer loop
     vertex  1.060628e-02 -4.843775e-02  0.000000e+00
     vertex -1.432505e-02 -5.221576e-02  0.000000e+00
     vertex -1.443569e-02 -5.209226e-02  0.000000e+00
   endloop
 endfacet
 facet normal  0.000000e+00  0.000000e+00 -1.000000e+00
   outer loop
     vertex  1.060628e-02 -4.843775e-02  0.000000e+00
     vertex -1.421323e-02 -5.233822e-02  0.000000e+00
     vertex -1.432505e-02 -5.221576e-02  0.000000e+00
   endloop
 endfacet
 facet normal  0.000000e+00  0.000000e+00 -1.000000e+00
   outer loop
     vertex  1.060628e-02 -4.843775e-02  0.000000e+00
     vertex  1.053331e-02 -4.859323e-02  0.000000e+00
     vertex -1.421323e-02 -5.233822e-02  0.000000e+00
   endloop
 endfacet
 facet normal  0.000000e+00  0.000000e+00 -1.000000e+00
   outer loop
     vertex -1.484191e-02  9.150324e-03  0.000000e+00
     vertex -1.576389e-02  8.579027e-03  0.000000e+00
     vertex -1.566094e-02  8.668499e-03  0.000000e+00
   endloop
 endfacet
 facet normal  0.000000e+00  0.000000e+00 -1.000000e+00
   outer loop
     vertex -1.484191e-02  9.150324e-03  0.000000e+00
     vertex -1.566094e-02  8.668499e-03  0.000000e+00
     vertex -1.496976e-02  9.097300e-03  0.000000e+00
   endloop
 endfacet
 facet normal  0.000000e+00  0.000000e+00 -1.000000e+00
   outer loop
     vertex  1.174025e-02 -1.735664e-02  0.000000e+00
     vertex -2.285083e-02 -1.758486e-02  0.000000e+00
     vertex -2.283860e-02 -1.739241e-02  0.000000e+00
   endloop
 endfacet
 facet normal  0.000000e+00  0.000000e+00 -1.000000e+00
   outer loop
     vertex  1.174025e-02 -1.735664e-02  0.000000e+00
     vertex -2.286245e-02 -1.777707e-02  0.000000e+00
     vertex -2.285083e-02 -1.758486e-02  0.000000e+00
   endloop
 endfacet
 facet normal  0.000000e+00 -0.000000e+00 -1.000000e+00
   outer loop
     vertex  1.174025e-02 -1.735664e-02  0.000000e+00
     vertex  1.175393e-02 -1.752327e-02  0.000000e+00
     vertex -2.286245e-02 -1.777707e-02  0.000000e+00
   endloop
 endfacet
 facet normal  0.000000e+00  0.000000e+00 -1.000000e+00
   outer loop
     vertex -1.471039e-02  9.198046e-03  0.000000e+00
     vertex -1.586353e-02  8.484618e-03  0.000000e+00
     vertex -1.576389e-02  8.579027e-03  0.000000e+00
   endloop
 endfacet
 facet normal  0.000000e+00  0.000000e+00 -1.000000e+00
   outer loop
     vertex -1.471039e-02  9.198046e-03  0.000000e+00
     vertex -1.576389e-02  8.579027e-03  0.000000e+00
     vertex -1.484191e-02  9.150324e-03  0.000000e+00
   endloop
 endfacet
 facet normal  0.000000e+00  0.000000e+00 -1.000000e+00
   outer loop
     vertex  1.067861e-02 -4.828131e-02  0.000000e+00
     vertex  1.060628e-02 -4.843775e-02  0.000000e+00
     vertex -1.465345e-02 -5.184218e-02  0.000000e+00
   endloop
 endfacet
 facet normal  0.000000e+00  0.000000e+00 -1.000000e+00
   outer loop
     vertex  1.067861e-02 -4.828131e-02  0.000000e+00
     vertex -1.486657e-02 -5.158816e-02  0.000000e+00
     vertex -1.497141e-02 -5.145972e-02  0.000000e+00
   endloop
 endfacet
 facet normal  0.000000e+00  0.000000e+00 -1.000000e+00
   outer loop
     vertex  1.067861e-02 -4.828131e-02  0.000000e+00
     vertex -1.476059e-02 -5.171565e-02  0.000000e+00
     vertex -1.486657e-02 -5.158816e-02  0.000000e+00
   endloop
 endfacet
 facet normal  0.000000e+00  0.000000e+00 -1.000000e+00
   outer loop
     vertex  1.067861e-02 -4.828131e-02  0.000000e+00
     vertex -1.465345e-02 -5.184218e-02  0.000000e+00
     vertex -1.476059e-02 -5.171565e-02  0.000000e+00
   endloop
 endfacet
 facet normal  0.000000e+00  0.000000e+00 -1.000000e+00
   outer loop
     vertex  1.172880e-02 -1.718943e-02  0.000000e+00
     vertex -2.281225e-02 -1.700680e-02  0.000000e+00
     vertex -2.279812e-02 -1.681366e-02  0.000000e+00
   endloop
 endfacet
 facet normal -0.000000e+00  0.000000e+00 -1.000000e+00
   outer loop
     vertex  1.172880e-02 -1.718943e-02  0.000000e+00
     vertex -2.282574e-02 -1.719972e-02  0.000000e+00
     vertex -2.281225e-02 -1.700680e-02  0.000000e+00
   endloop
 endfacet
 facet normal  0.000000e+00  0.000000e+00 -1.000000e+00
   outer loop
     vertex  1.172880e-02 -1.718943e-02  0.000000e+00
     vertex -2.283860e-02 -1.739241e-02  0.000000e+00
     vertex -2.282574e-02 -1.719972e-02  0.000000e+00
   endloop
 endfacet
 facet normal  0.000000e+00 -0.000000e+00 -1.000000e+00
   outer loop
     vertex  1.172880e-02 -1.718943e-02  0.000000e+00
     vertex  1.174025e-02 -1.735664e-02  0.000000e+00
     vertex -2.283860e-02 -1.739241e-02  0.000000e+00
   endloop
 endfacet
 facet normal  0.000000e+00  0.000000e+00 -1.000000e+00
   outer loop
     vertex -1.457522e-02  9.240493e-03  0.000000e+00
     vertex -1.595996e-02  8.385379e-03  0.000000e+00
     vertex -1.586353e-02  8.484618e-03  0.000000e+00
   endloop
 endfacet
 facet normal  0.000000e+00  0.000000e+00 -1.000000e+00
   outer loop
     vertex -1.457522e-02  9.240493e-03  0.000000e+00
     vertex -1.586353e-02  8.484618e-03  0.000000e+00
     vertex -1.471039e-02  9.198046e-03  0.000000e+00
   endloop
 endfacet
 facet normal  0.000000e+00  0.000000e+00 -1.000000e+00
   outer loop
     vertex  1.171964e-02 -1.702162e-02  0.000000e+00
     vertex -2.276798e-02 -1.642674e-02  0.000000e+00
     vertex -2.275194e-02 -1.623297e-02  0.000000e+00
   endloop
 endfacet
 facet normal  0.000000e+00  0.000000e+00 -1.000000e+00
   outer loop
     vertex  1.171964e-02 -1.702162e-02  0.000000e+00
     vertex -2.278337e-02 -1.662030e-02  0.000000e+00
     vertex -2.276798e-02 -1.642674e-02  0.000000e+00
   endloop
 endfacet
 facet normal  0.000000e+00  0.000000e+00 -1.000000e+00
   outer loop
     vertex  1.171964e-02 -1.702162e-02  0.000000e+00
     vertex -2.279812e-02 -1.681366e-02  0.000000e+00
     vertex -2.278337e-02 -1.662030e-02  0.000000e+00
   endloop
 endfacet
 facet normal -0.000000e+00 -0.000000e+00 -1.000000e+00
   outer loop
     vertex  1.171964e-02 -1.702162e-02  0.000000e+00
     vertex  1.172880e-02 -1.718943e-02  0.000000e+00
     vertex -2.279812e-02 -1.681366e-02  0.000000e+00
   endloop
 endfacet
 facet normal  0.000000e+00  0.000000e+00 -1.000000e+00
   outer loop
     vertex  1.075032e-02 -4.812392e-02  0.000000e+00
     vertex  1.067861e-02 -4.828131e-02  0.000000e+00
     vertex -1.497141e-02 -5.145972e-02  0.000000e+00
   endloop
 endfacet
 facet normal  0.000000e+00  0.000000e+00 -1.000000e+00
   outer loop
     vertex -1.443644e-02  9.277711e-03  0.000000e+00
     vertex -1.605326e-02  8.281423e-03  0.000000e+00
     vertex -1.595996e-02  8.385379e-03  0.000000e+00
   endloop
 endfacet
 facet normal  0.000000e+00  0.000000e+00 -1.000000e+00
   outer loop
     vertex  1.075032e-02 -4.812392e-02  0.000000e+00
     vertex -1.517766e-02 -5.120007e-02  0.000000e+00
     vertex -1.527910e-02 -5.106890e-02  0.000000e+00
   endloop
 endfacet
 facet normal  0.000000e+00  0.000000e+00 -1.000000e+00
   outer loop
     vertex  1.075032e-02 -4.812392e-02  0.000000e+00
     vertex -1.507510e-02 -5.133035e-02  0.000000e+00
     vertex -1.517766e-02 -5.120007e-02  0.000000e+00
   endloop
 endfacet
 facet normal  0.000000e+00  0.000000e+00 -1.000000e+00
   outer loop
     vertex  1.075032e-02 -4.812392e-02  0.000000e+00
     vertex -1.497141e-02 -5.145972e-02  0.000000e+00
     vertex -1.507510e-02 -5.133035e-02  0.000000e+00
   endloop
 endfacet
 facet normal  0.000000e+00  0.000000e+00 -1.000000e+00
   outer loop
     vertex -1.443644e-02  9.277711e-03  0.000000e+00
     vertex -1.595996e-02  8.385379e-03  0.000000e+00
     vertex -1.457522e-02  9.240493e-03  0.000000e+00
   endloop
 endfacet
 facet normal  0.000000e+00  0.000000e+00 -1.000000e+00
   outer loop
     vertex  1.171278e-02 -1.685319e-02  0.000000e+00
     vertex -2.271795e-02 -1.584488e-02  0.000000e+00
     vertex -2.269998e-02 -1.565057e-02  0.000000e+00
   endloop
 endfacet
 facet normal  0.000000e+00  0.000000e+00 -1.000000e+00
   outer loop
     vertex  1.171278e-02 -1.685319e-02  0.000000e+00
     vertex -2.273527e-02 -1.603902e-02  0.000000e+00
     vertex -2.271795e-02 -1.584488e-02  0.000000e+00
   endloop
 endfacet
 facet normal  0.000000e+00  0.000000e+00 -1.000000e+00
   outer loop
     vertex  1.171278e-02 -1.685319e-02  0.000000e+00
     vertex -2.275194e-02 -1.623297e-02  0.000000e+00
     vertex -2.273527e-02 -1.603902e-02  0.000000e+00
   endloop
 endfacet
 facet normal -0.000000e+00 -0.000000e+00 -1.000000e+00
   outer loop
     vertex  1.171278e-02 -1.685319e-02  0.000000e+00
     vertex  1.171964e-02 -1.702162e-02  0.000000e+00
     vertex -2.275194e-02 -1.623297e-02  0.000000e+00
   endloop
 endfacet
 facet normal  0.000000e+00  0.000000e+00 -1.000000e+00
   outer loop
     vertex -1.429409e-02  9.309763e-03  0.000000e+00
     vertex -1.614356e-02  8.172876e-03  0.000000e+00
     vertex -1.605326e-02  8.281423e-03  0.000000e+00
   endloop
 endfacet
 facet normal  0.000000e+00  0.000000e+00 -1.000000e+00
   outer loop
     vertex -1.429409e-02  9.309763e-03  0.000000e+00
     vertex -1.605326e-02  8.281423e-03  0.000000e+00
     vertex -1.443644e-02  9.277711e-03  0.000000e+00
   endloop
 endfacet
 facet normal  0.000000e+00  0.000000e+00 -1.000000e+00
   outer loop
     vertex  1.170826e-02 -1.668413e-02  0.000000e+00
     vertex -2.266210e-02 -1.526146e-02  0.000000e+00
     vertex -2.264218e-02 -1.506667e-02  0.000000e+00
   endloop
 endfacet
 facet normal  0.000000e+00  0.000000e+00 -1.000000e+00
   outer loop
     vertex  1.170826e-02 -1.668413e-02  0.000000e+00
     vertex -2.268137e-02 -1.545609e-02  0.000000e+00
     vertex -2.266210e-02 -1.526146e-02  0.000000e+00
   endloop
 endfacet
 facet normal  0.000000e+00  0.000000e+00 -1.000000e+00
   outer loop
     vertex  1.170826e-02 -1.668413e-02  0.000000e+00
     vertex -2.269998e-02 -1.565057e-02  0.000000e+00
     vertex -2.268137e-02 -1.545609e-02  0.000000e+00
   endloop
 endfacet
 facet normal -0.000000e+00 -0.000000e+00 -1.000000e+00
   outer loop
     vertex  1.170826e-02 -1.668413e-02  0.000000e+00
     vertex  1.171278e-02 -1.685319e-02  0.000000e+00
     vertex -2.269998e-02 -1.565057e-02  0.000000e+00
   endloop
 endfacet
 facet normal  0.000000e+00  0.000000e+00 -1.000000e+00
   outer loop
     vertex  1.082143e-02 -4.796560e-02  0.000000e+00
     vertex -1.537942e-02 -5.093686e-02  0.000000e+00
     vertex -1.547863e-02 -5.080398e-02  0.000000e+00
   endloop
 endfacet
 facet normal  0.000000e+00  0.000000e+00 -1.000000e+00
   outer loop
     vertex  1.082143e-02 -4.796560e-02  0.000000e+00
     vertex -1.527910e-02 -5.106890e-02  0.000000e+00
     vertex -1.537942e-02 -5.093686e-02  0.000000e+00
   endloop
 endfacet
 facet normal  0.000000e+00  0.000000e+00 -1.000000e+00
   outer loop
     vertex  1.082143e-02 -4.796560e-02  0.000000e+00
     vertex  1.075032e-02 -4.812392e-02  0.000000e+00
     vertex -1.527910e-02 -5.106890e-02  0.000000e+00
   endloop
 endfacet
 facet normal  0.000000e+00  0.000000e+00 -1.000000e+00
   outer loop
     vertex -1.414822e-02  9.336730e-03  0.000000e+00
     vertex -1.623096e-02  8.059871e-03  0.000000e+00
     vertex -1.614356e-02  8.172876e-03  0.000000e+00
   endloop
 endfacet
 facet normal  0.000000e+00  0.000000e+00 -1.000000e+00
   outer loop
     vertex -1.414822e-02  9.336730e-03  0.000000e+00
     vertex -1.614356e-02  8.172876e-03  0.000000e+00
     vertex -1.429409e-02  9.309763e-03  0.000000e+00
   endloop
 endfacet
 facet normal  0.000000e+00  0.000000e+00 -1.000000e+00
   outer loop
     vertex  1.170611e-02 -1.651442e-02  0.000000e+00
     vertex -2.260036e-02 -1.467669e-02  0.000000e+00
     vertex -2.257847e-02 -1.448151e-02  0.000000e+00
   endloop
 endfacet
 facet normal  0.000000e+00  0.000000e+00 -1.000000e+00
   outer loop
     vertex  1.170611e-02 -1.651442e-02  0.000000e+00
     vertex -2.262160e-02 -1.487175e-02  0.000000e+00
     vertex -2.260036e-02 -1.467669e-02  0.000000e+00
   endloop
 endfacet
 facet normal  0.000000e+00  0.000000e+00 -1.000000e+00
   outer loop
     vertex  1.170611e-02 -1.651442e-02  0.000000e+00
     vertex -2.264218e-02 -1.506667e-02  0.000000e+00
     vertex -2.262160e-02 -1.487175e-02  0.000000e+00
   endloop
 endfacet
 facet normal -0.000000e+00 -0.000000e+00 -1.000000e+00
   outer loop
     vertex  1.170611e-02 -1.651442e-02  0.000000e+00
     vertex  1.170826e-02 -1.668413e-02  0.000000e+00
     vertex -2.264218e-02 -1.506667e-02  0.000000e+00
   endloop
 endfacet
 facet normal  0.000000e+00  0.000000e+00 -1.000000e+00
   outer loop
     vertex -1.399892e-02  9.358709e-03  0.000000e+00
     vertex -1.623096e-02  8.059871e-03  0.000000e+00
     vertex -1.414822e-02  9.336730e-03  0.000000e+00
   endloop
 endfacet
 facet normal  0.000000e+00  0.000000e+00 -1.000000e+00
   outer loop
     vertex -1.399892e-02  9.358709e-03  0.000000e+00
     vertex -1.631558e-02  7.942550e-03  0.000000e+00
     vertex -1.623096e-02  8.059871e-03  0.000000e+00
   endloop
 endfacet
 facet normal  0.000000e+00  0.000000e+00 -1.000000e+00
   outer loop
     vertex  1.089196e-02 -4.780637e-02  0.000000e+00
     vertex -1.567375e-02 -5.053573e-02  0.000000e+00
     vertex -1.576968e-02 -5.040041e-02  0.000000e+00
   endloop
 endfacet
 facet normal  0.000000e+00  0.000000e+00 -1.000000e+00
   outer loop
     vertex  1.089196e-02 -4.780637e-02  0.000000e+00
     vertex -1.557673e-02 -5.067026e-02  0.000000e+00
     vertex -1.567375e-02 -5.053573e-02  0.000000e+00
   endloop
 endfacet
 facet normal  0.000000e+00  0.000000e+00 -1.000000e+00
   outer loop
     vertex  1.089196e-02 -4.780637e-02  0.000000e+00
     vertex -1.547863e-02 -5.080398e-02  0.000000e+00
     vertex -1.557673e-02 -5.067026e-02  0.000000e+00
   endloop
 endfacet
 facet normal  0.000000e+00  0.000000e+00 -1.000000e+00
   outer loop
     vertex  1.089196e-02 -4.780637e-02  0.000000e+00
     vertex  1.082143e-02 -4.796560e-02  0.000000e+00
     vertex -1.547863e-02 -5.080398e-02  0.000000e+00
   endloop
 endfacet
 facet normal  0.000000e+00  0.000000e+00 -1.000000e+00
   outer loop
     vertex  1.096193e-02 -4.764624e-02  0.000000e+00
     vertex  1.089196e-02 -4.780637e-02  0.000000e+00
     vertex -1.576968e-02 -5.040041e-02  0.000000e+00
   endloop
 endfacet
 facet normal  0.000000e+00  0.000000e+00 -1.000000e+00
   outer loop
     vertex  1.170635e-02 -1.634406e-02  0.000000e+00
     vertex -2.253270e-02 -1.409081e-02  0.000000e+00
     vertex -2.250882e-02 -1.389531e-02  0.000000e+00
   endloop
 endfacet
 facet normal  0.000000e+00  0.000000e+00 -1.000000e+00
   outer loop
     vertex  1.170635e-02 -1.634406e-02  0.000000e+00
     vertex -2.255592e-02 -1.428621e-02  0.000000e+00
     vertex -2.253270e-02 -1.409081e-02  0.000000e+00
   endloop
 endfacet
 facet normal  0.000000e+00  0.000000e+00 -1.000000e+00
   outer loop
     vertex  1.170635e-02 -1.634406e-02  0.000000e+00
     vertex -2.257847e-02 -1.448151e-02  0.000000e+00
     vertex -2.255592e-02 -1.428621e-02  0.000000e+00
   endloop
 endfacet
 facet normal -0.000000e+00  0.000000e+00 -1.000000e+00
   outer loop
     vertex  1.170635e-02 -1.634406e-02  0.000000e+00
     vertex  1.170611e-02 -1.651442e-02  0.000000e+00
     vertex -2.257847e-02 -1.448151e-02  0.000000e+00
   endloop
 endfacet
 facet normal  0.000000e+00  0.000000e+00 -1.000000e+00
   outer loop
     vertex -1.384626e-02  9.375811e-03  0.000000e+00
     vertex -1.631558e-02  7.942550e-03  0.000000e+00
     vertex -1.399892e-02  9.358709e-03  0.000000e+00
   endloop
 endfacet
 facet normal  0.000000e+00  0.000000e+00 -1.000000e+00
   outer loop
     vertex -1.384626e-02  9.375811e-03  0.000000e+00
     vertex -1.639755e-02  7.821059e-03  0.000000e+00
     vertex -1.631558e-02  7.942550e-03  0.000000e+00
   endloop
 endfacet
 facet normal  0.000000e+00  0.000000e+00 -1.000000e+00
   outer loop
     vertex  1.170899e-02 -1.617302e-02  0.000000e+00
     vertex -2.245908e-02 -1.350405e-02  0.000000e+00
     vertex -2.243321e-02 -1.330830e-02  0.000000e+00
   endloop
 endfacet
 facet normal  0.000000e+00  0.000000e+00 -1.000000e+00
   outer loop
     vertex  1.170899e-02 -1.617302e-02  0.000000e+00
     vertex -2.248428e-02 -1.369972e-02  0.000000e+00
     vertex -2.245908e-02 -1.350405e-02  0.000000e+00
   endloop
 endfacet
 facet normal  0.000000e+00  0.000000e+00 -1.000000e+00
   outer loop
     vertex  1.170899e-02 -1.617302e-02  0.000000e+00
     vertex -2.250882e-02 -1.389531e-02  0.000000e+00
     vertex -2.248428e-02 -1.369972e-02  0.000000e+00
   endloop
 endfacet
 facet normal -0.000000e+00  0.000000e+00 -1.000000e+00
   outer loop
     vertex  1.170899e-02 -1.617302e-02  0.000000e+00
     vertex  1.170635e-02 -1.634406e-02  0.000000e+00
     vertex -2.250882e-02 -1.389531e-02  0.000000e+00
   endloop
 endfacet
 facet normal  0.000000e+00  0.000000e+00 -1.000000e+00
   outer loop
     vertex -1.369033e-02  9.388163e-03  0.000000e+00
     vertex -1.647699e-02  7.695554e-03  0.000000e+00
     vertex -1.639755e-02  7.821059e-03  0.000000e+00
   endloop
 endfacet
 facet normal  0.000000e+00  0.000000e+00 -1.000000e+00
   outer loop
     vertex -1.369033e-02  9.388163e-03  0.000000e+00
     vertex -1.639755e-02  7.821059e-03  0.000000e+00
     vertex -1.384626e-02  9.375811e-03  0.000000e+00
   endloop
 endfacet
 facet normal  0.000000e+00  0.000000e+00 -1.000000e+00
   outer loop
     vertex  1.096193e-02 -4.764624e-02  0.000000e+00
     vertex -1.586453e-02 -5.026432e-02  0.000000e+00
     vertex -1.595832e-02 -5.012747e-02  0.000000e+00
   endloop
 endfacet
 facet normal  0.000000e+00  0.000000e+00 -1.000000e+00
   outer loop
     vertex  1.096193e-02 -4.764624e-02  0.000000e+00
     vertex -1.576968e-02 -5.040041e-02  0.000000e+00
     vertex -1.586453e-02 -5.026432e-02  0.000000e+00
   endloop
 endfacet
 facet normal  0.000000e+00  0.000000e+00 -1.000000e+00
   outer loop
     vertex  1.171406e-02 -1.600129e-02  0.000000e+00
     vertex -2.237947e-02 -1.291664e-02  0.000000e+00
     vertex -2.235161e-02 -1.272073e-02  0.000000e+00
   endloop
 endfacet
 facet normal  0.000000e+00  0.000000e+00 -1.000000e+00
   outer loop
     vertex  1.171406e-02 -1.600129e-02  0.000000e+00
     vertex -2.240667e-02 -1.311250e-02  0.000000e+00
     vertex -2.237947e-02 -1.291664e-02  0.000000e+00
   endloop
 endfacet
 facet normal  0.000000e+00  0.000000e+00 -1.000000e+00
   outer loop
     vertex  1.171406e-02 -1.600129e-02  0.000000e+00
     vertex -2.243321e-02 -1.330830e-02  0.000000e+00
     vertex -2.240667e-02 -1.311250e-02  0.000000e+00
   endloop
 endfacet
 facet normal -0.000000e+00  0.000000e+00 -1.000000e+00
   outer loop
     vertex  1.171406e-02 -1.600129e-02  0.000000e+00
     vertex  1.170899e-02 -1.617302e-02  0.000000e+00
     vertex -2.243321e-02 -1.330830e-02  0.000000e+00
   endloop
 endfacet
 facet normal  0.000000e+00  0.000000e+00 -1.000000e+00
   outer loop
     vertex -1.353126e-02  9.395903e-03  0.000000e+00
     vertex -1.655405e-02  7.566191e-03  0.000000e+00
     vertex -1.647699e-02  7.695554e-03  0.000000e+00
   endloop
 endfacet
 facet normal  0.000000e+00  0.000000e+00 -1.000000e+00
   outer loop
     vertex -1.353126e-02  9.395903e-03  0.000000e+00
     vertex -1.647699e-02  7.695554e-03  0.000000e+00
     vertex -1.369033e-02  9.388163e-03  0.000000e+00
   endloop
 endfacet
 facet normal -0.000000e+00  0.000000e+00 -1.000000e+00
   outer loop
     vertex  1.172155e-02 -1.582887e-02  0.000000e+00
     vertex  1.171406e-02 -1.600129e-02  0.000000e+00
     vertex -2.235161e-02 -1.272073e-02  0.000000e+00
   endloop
 endfacet
 facet normal  0.000000e+00  0.000000e+00 -1.000000e+00
   outer loop
     vertex  1.172155e-02 -1.582887e-02  0.000000e+00
     vertex -2.229388e-02 -1.232881e-02  0.000000e+00
     vertex -2.226402e-02 -1.213282e-02  0.000000e+00
   endloop
 endfacet
 facet normal  0.000000e+00  0.000000e+00 -1.000000e+00
   outer loop
     vertex  1.172155e-02 -1.582887e-02  0.000000e+00
     vertex -2.232308e-02 -1.252479e-02  0.000000e+00
     vertex -2.229388e-02 -1.232881e-02  0.000000e+00
   endloop
 endfacet
 facet normal  0.000000e+00  0.000000e+00 -1.000000e+00
   outer loop
     vertex  1.172155e-02 -1.582887e-02  0.000000e+00
     vertex -2.235161e-02 -1.272073e-02  0.000000e+00
     vertex -2.232308e-02 -1.252479e-02  0.000000e+00
   endloop
 endfacet
 facet normal  0.000000e+00  0.000000e+00 -1.000000e+00
   outer loop
     vertex -1.336914e-02  9.399182e-03  0.000000e+00
     vertex -1.662885e-02  7.433136e-03  0.000000e+00
     vertex -1.655405e-02  7.566191e-03  0.000000e+00
   endloop
 endfacet
 facet normal  0.000000e+00  0.000000e+00 -1.000000e+00
   outer loop
     vertex  1.103136e-02 -4.748521e-02  0.000000e+00
     vertex  1.096193e-02 -4.764624e-02  0.000000e+00
     vertex -1.595832e-02 -5.012747e-02  0.000000e+00
   endloop
 endfacet
 facet normal  0.000000e+00  0.000000e+00 -1.000000e+00
   outer loop
     vertex  1.103136e-02 -4.748521e-02  0.000000e+00
     vertex -1.605105e-02 -4.998989e-02  0.000000e+00
     vertex -1.614274e-02 -4.985160e-02  0.000000e+00
   endloop
 endfacet
 facet normal  0.000000e+00  0.000000e+00 -1.000000e+00
   outer loop
     vertex  1.103136e-02 -4.748521e-02  0.000000e+00
     vertex -1.595832e-02 -5.012747e-02  0.000000e+00
     vertex -1.605105e-02 -4.998989e-02  0.000000e+00
   endloop
 endfacet
 facet normal  0.000000e+00  0.000000e+00 -1.000000e+00
   outer loop
     vertex -1.336914e-02  9.399182e-03  0.000000e+00
     vertex -1.655405e-02  7.566191e-03  0.000000e+00
     vertex -1.353126e-02  9.395903e-03  0.000000e+00
   endloop
 endfacet
 facet normal -0.000000e+00  0.000000e+00 -1.000000e+00
   outer loop
     vertex  1.173149e-02 -1.565574e-02  0.000000e+00
     vertex  1.172155e-02 -1.582887e-02  0.000000e+00
     vertex -2.226402e-02 -1.213282e-02  0.000000e+00
   endloop
 endfacet
 facet normal  0.000000e+00  0.000000e+00 -1.000000e+00
   outer loop
     vertex  1.110028e-02 -4.732332e-02  0.000000e+00
     vertex  1.103136e-02 -4.748521e-02  0.000000e+00
     vertex -1.614274e-02 -4.985160e-02  0.000000e+00
   endloop
 endfacet
 facet normal  0.000000e+00  0.000000e+00 -1.000000e+00
   outer loop
     vertex  1.173149e-02 -1.565574e-02  0.000000e+00
     vertex -2.220232e-02 -1.174081e-02  0.000000e+00
     vertex -2.217047e-02 -1.154481e-02  0.000000e+00
   endloop
 endfacet
 facet normal  0.000000e+00  0.000000e+00 -1.000000e+00
   outer loop
     vertex  1.173149e-02 -1.565574e-02  0.000000e+00
     vertex -2.223350e-02 -1.193682e-02  0.000000e+00
     vertex -2.220232e-02 -1.174081e-02  0.000000e+00
   endloop
 endfacet
 facet normal  0.000000e+00  0.000000e+00 -1.000000e+00
   outer loop
     vertex  1.173149e-02 -1.565574e-02  0.000000e+00
     vertex -2.226402e-02 -1.213282e-02  0.000000e+00
     vertex -2.223350e-02 -1.193682e-02  0.000000e+00
   endloop
 endfacet
 facet normal  0.000000e+00  0.000000e+00 -1.000000e+00
   outer loop
     vertex -1.320411e-02  9.398163e-03  0.000000e+00
     vertex -1.670154e-02  7.296553e-03  0.000000e+00
     vertex -1.662885e-02  7.433136e-03  0.000000e+00
   endloop
 endfacet
 facet normal -0.000000e+00  0.000000e+00 -1.000000e+00
   outer loop
     vertex -1.320411e-02  9.398163e-03  0.000000e+00
     vertex -1.662885e-02  7.433136e-03  0.000000e+00
     vertex -1.336914e-02  9.399182e-03  0.000000e+00
   endloop
 endfacet
 facet normal  0.000000e+00  0.000000e+00 -1.000000e+00
   outer loop
     vertex  1.174388e-02 -1.548190e-02  0.000000e+00
     vertex -2.210480e-02 -1.115286e-02  0.000000e+00
     vertex -2.207098e-02 -1.095693e-02  0.000000e+00
   endloop
 endfacet
 facet normal  0.000000e+00  0.000000e+00 -1.000000e+00
   outer loop
     vertex  1.174388e-02 -1.548190e-02  0.000000e+00
     vertex -2.213797e-02 -1.134883e-02  0.000000e+00
     vertex -2.210480e-02 -1.115286e-02  0.000000e+00
   endloop
 endfacet
 facet normal  0.000000e+00  0.000000e+00 -1.000000e+00
   outer loop
     vertex  1.174388e-02 -1.548190e-02  0.000000e+00
     vertex -2.217047e-02 -1.154481e-02  0.000000e+00
     vertex -2.213797e-02 -1.134883e-02  0.000000e+00
   endloop
 endfacet
 facet normal -0.000000e+00  0.000000e+00 -1.000000e+00
   outer loop
     vertex  1.174388e-02 -1.548190e-02  0.000000e+00
     vertex  1.173149e-02 -1.565574e-02  0.000000e+00
     vertex -2.217047e-02 -1.154481e-02  0.000000e+00
   endloop
 endfacet
 facet normal -0.000000e+00  0.000000e+00 -1.000000e+00
   outer loop
     vertex -1.303630e-02  9.393016e-03  0.000000e+00
     vertex -1.670154e-02  7.296553e-03  0.000000e+00
     vertex -1.320411e-02  9.398163e-03  0.000000e+00
   endloop
 endfacet
 facet normal  0.000000e+00  0.000000e+00 -1.000000e+00
   outer loop
     vertex -1.303630e-02  9.393016e-03  0.000000e+00
     vertex -1.677225e-02  7.156612e-03  0.000000e+00
     vertex -1.670154e-02  7.296553e-03  0.000000e+00
   endloop
 endfacet
 facet normal  0.000000e+00  0.000000e+00 -1.000000e+00
   outer loop
     vertex  1.110028e-02 -4.732332e-02  0.000000e+00
     vertex -1.623338e-02 -4.971260e-02  0.000000e+00
     vertex -1.632300e-02 -4.957293e-02  0.000000e+00
   endloop
 endfacet
 facet normal  0.000000e+00  0.000000e+00 -1.000000e+00
   outer loop
     vertex  1.110028e-02 -4.732332e-02  0.000000e+00
     vertex -1.614274e-02 -4.985160e-02  0.000000e+00
     vertex -1.623338e-02 -4.971260e-02  0.000000e+00
   endloop
 endfacet
 facet normal  0.000000e+00  0.000000e+00 -1.000000e+00
   outer loop
     vertex  1.175870e-02 -1.530732e-02  0.000000e+00
     vertex -2.203650e-02 -1.076104e-02  0.000000e+00
     vertex -2.200138e-02 -1.056520e-02  0.000000e+00
   endloop
 endfacet
 facet normal  0.000000e+00  0.000000e+00 -1.000000e+00
   outer loop
     vertex  1.175870e-02 -1.530732e-02  0.000000e+00
     vertex -2.207098e-02 -1.095693e-02  0.000000e+00
     vertex -2.203650e-02 -1.076104e-02  0.000000e+00
   endloop
 endfacet
 facet normal -0.000000e+00  0.000000e+00 -1.000000e+00
   outer loop
     vertex  1.175870e-02 -1.530732e-02  0.000000e+00
     vertex  1.174388e-02 -1.548190e-02  0.000000e+00
     vertex -2.207098e-02 -1.095693e-02  0.000000e+00
   endloop
 endfacet
 facet normal -0.000000e+00  0.000000e+00 -1.000000e+00
   outer loop
     vertex -1.286583e-02  9.383923e-03  0.000000e+00
     vertex -1.677225e-02  7.156612e-03  0.000000e+00
     vertex -1.303630e-02  9.393016e-03  0.000000e+00
   endloop
 endfacet
 facet normal  0.000000e+00  0.000000e+00 -1.000000e+00
   outer loop
     vertex -1.286583e-02  9.383923e-03  0.000000e+00
     vertex -1.684113e-02  7.013483e-03  0.000000e+00
     vertex -1.677225e-02  7.156612e-03  0.000000e+00
   endloop
 endfacet
 facet normal  0.000000e+00  0.000000e+00 -1.000000e+00
   outer loop
     vertex  1.177597e-02 -1.513201e-02  0.000000e+00
     vertex -2.192918e-02 -1.017369e-02  0.000000e+00
     vertex -2.189211e-02 -9.978035e-03  0.000000e+00
   endloop
 endfacet
 facet normal  0.000000e+00  0.000000e+00 -1.000000e+00
   outer loop
     vertex  1.177597e-02 -1.513201e-02  0.000000e+00
     vertex -2.196560e-02 -1.036941e-02  0.000000e+00
     vertex -2.192918e-02 -1.017369e-02  0.000000e+00
   endloop
 endfacet
 facet normal  0.000000e+00  0.000000e+00 -1.000000e+00
   outer loop
     vertex  1.177597e-02 -1.513201e-02  0.000000e+00
     vertex -2.200138e-02 -1.056520e-02  0.000000e+00
     vertex -2.196560e-02 -1.036941e-02  0.000000e+00
   endloop
 endfacet
 facet normal -0.000000e+00  0.000000e+00 -1.000000e+00
   outer loop
     vertex  1.177597e-02 -1.513201e-02  0.000000e+00
     vertex  1.175870e-02 -1.530732e-02  0.000000e+00
     vertex -2.200138e-02 -1.056520e-02  0.000000e+00
   endloop
 endfacet
 facet normal -0.000000e+00  0.000000e+00 -1.000000e+00
   outer loop
     vertex -1.269287e-02  9.371073e-03  0.000000e+00
     vertex -1.684113e-02  7.013483e-03  0.000000e+00
     vertex -1.286583e-02  9.383923e-03  0.000000e+00
   endloop
 endfacet
 facet normal  0.000000e+00  0.000000e+00 -1.000000e+00
   outer loop
     vertex -1.269287e-02  9.371073e-03  0.000000e+00
     vertex -1.690831e-02  6.867337e-03  0.000000e+00
     vertex -1.684113e-02  7.013483e-03  0.000000e+00
   endloop
 endfacet
 facet normal -0.000000e+00  0.000000e+00 -1.000000e+00
   outer loop
     vertex -1.251754e-02  9.354661e-03  0.000000e+00
     vertex -1.690831e-02  6.867337e-03  0.000000e+00
     vertex -1.269287e-02  9.371073e-03  0.000000e+00
   endloop
 endfacet
 facet normal  0.000000e+00  0.000000e+00 -1.000000e+00
   outer loop
     vertex -1.251754e-02  9.354661e-03  0.000000e+00
     vertex -1.697394e-02  6.718345e-03  0.000000e+00
     vertex -1.690831e-02  6.867337e-03  0.000000e+00
   endloop
 endfacet
 facet normal  0.000000e+00  0.000000e+00 -1.000000e+00
   outer loop
     vertex  1.116869e-02 -4.716056e-02  0.000000e+00
     vertex -1.641160e-02 -4.943260e-02  0.000000e+00
     vertex -1.649919e-02 -4.929163e-02  0.000000e+00
   endloop
 endfacet
 facet normal  0.000000e+00  0.000000e+00 -1.000000e+00
   outer loop
     vertex  1.116869e-02 -4.716056e-02  0.000000e+00
     vertex -1.632300e-02 -4.957293e-02  0.000000e+00
     vertex -1.641160e-02 -4.943260e-02  0.000000e+00
   endloop
 endfacet
 facet normal  0.000000e+00  0.000000e+00 -1.000000e+00
   outer loop
     vertex  1.116869e-02 -4.716056e-02  0.000000e+00
     vertex  1.110028e-02 -4.732332e-02  0.000000e+00
     vertex -1.632300e-02 -4.957293e-02  0.000000e+00
   endloop
 endfacet
 facet normal -0.000000e+00  0.000000e+00 -1.000000e+00
   outer loop
     vertex  1.179566e-02 -1.495596e-02  0.000000e+00
     vertex  1.177597e-02 -1.513201e-02  0.000000e+00
     vertex -2.189211e-02 -9.978035e-03  0.000000e+00
   endloop
 endfacet
 facet normal  0.000000e+00  0.000000e+00 -1.000000e+00
   outer loop
     vertex  1.179566e-02 -1.495596e-02  0.000000e+00
     vertex -2.181605e-02 -9.586985e-03  0.000000e+00
     vertex -2.177707e-02 -9.391602e-03  0.000000e+00
   endloop
 endfacet
 facet normal  0.000000e+00  0.000000e+00 -1.000000e+00
   outer loop
     vertex  1.179566e-02 -1.495596e-02  0.000000e+00
     vertex -2.185440e-02 -9.782466e-03  0.000000e+00
     vertex -2.181605e-02 -9.586985e-03  0.000000e+00
   endloop
 endfacet
 facet normal  0.000000e+00  0.000000e+00 -1.000000e+00
   outer loop
     vertex  1.179566e-02 -1.495596e-02  0.000000e+00
     vertex -2.189211e-02 -9.978035e-03  0.000000e+00
     vertex -2.185440e-02 -9.782466e-03  0.000000e+00
   endloop
 endfacet
 facet normal  0.000000e+00  0.000000e+00 -1.000000e+00
   outer loop
     vertex -1.234002e-02  9.334889e-03  0.000000e+00
     vertex -1.703815e-02  6.566677e-03  0.000000e+00
     vertex -1.697394e-02  6.718345e-03  0.000000e+00
   endloop
 endfacet
 facet normal -0.000000e+00  0.000000e+00 -1.000000e+00
   outer loop
     vertex -1.234002e-02  9.334889e-03  0.000000e+00
     vertex -1.697394e-02  6.718345e-03  0.000000e+00
     vertex -1.251754e-02  9.354661e-03  0.000000e+00
   endloop
 endfacet
 facet normal  0.000000e+00  0.000000e+00 -1.000000e+00
   outer loop
     vertex  1.181777e-02 -1.477915e-02  0.000000e+00
     vertex -2.169723e-02 -9.001155e-03  0.000000e+00
     vertex -2.165638e-02 -8.806109e-03  0.000000e+00
   endloop
 endfacet
 facet normal  0.000000e+00  0.000000e+00 -1.000000e+00
   outer loop
     vertex  1.181777e-02 -1.477915e-02  0.000000e+00
     vertex -2.173747e-02 -9.196322e-03  0.000000e+00
     vertex -2.169723e-02 -9.001155e-03  0.000000e+00
   endloop
 endfacet
 facet normal  0.000000e+00  0.000000e+00 -1.000000e+00
   outer loop
     vertex  1.181777e-02 -1.477915e-02  0.000000e+00
     vertex -2.177707e-02 -9.391602e-03  0.000000e+00
     vertex -2.173747e-02 -9.196322e-03  0.000000e+00
   endloop
 endfacet
 facet normal -0.000000e+00  0.000000e+00 -1.000000e+00
   outer loop
     vertex  1.181777e-02 -1.477915e-02  0.000000e+00
     vertex  1.179566e-02 -1.495596e-02  0.000000e+00
     vertex -2.177707e-02 -9.391602e-03  0.000000e+00
   endloop
 endfacet
 facet normal -0.000000e+00  0.000000e+00 -1.000000e+00
   outer loop
     vertex -1.216044e-02  9.311964e-03  0.000000e+00
     vertex -1.703815e-02  6.566677e-03  0.000000e+00
     vertex -1.234002e-02  9.334889e-03  0.000000e+00
   endloop
 endfacet
 facet normal  0.000000e+00  0.000000e+00 -1.000000e+00
   outer loop
     vertex -1.216044e-02  9.311964e-03  0.000000e+00
     vertex -1.710109e-02  6.412500e-03  0.000000e+00
     vertex -1.703815e-02  6.566677e-03  0.000000e+00
   endloop
 endfacet
 facet normal -0.000000e+00  0.000000e+00 -1.000000e+00
   outer loop
     vertex  1.184228e-02 -1.460159e-02  0.000000e+00
     vertex  1.181777e-02 -1.477915e-02  0.000000e+00
     vertex -2.165638e-02 -8.806109e-03  0.000000e+00
   endloop
 endfacet
 facet normal  0.000000e+00  0.000000e+00 -1.000000e+00
   outer loop
     vertex  1.184228e-02 -1.460159e-02  0.000000e+00
     vertex -2.161490e-02 -8.611189e-03  0.000000e+00
     vertex -2.157282e-02 -8.416405e-03  0.000000e+00
   endloop
 endfacet
 facet normal  0.000000e+00  0.000000e+00 -1.000000e+00
   outer loop
     vertex  1.184228e-02 -1.460159e-02  0.000000e+00
     vertex -2.165638e-02 -8.806109e-03  0.000000e+00
     vertex -2.161490e-02 -8.611189e-03  0.000000e+00
   endloop
 endfacet
 facet normal  0.000000e+00  0.000000e+00 -1.000000e+00
   outer loop
     vertex  1.123663e-02 -4.699696e-02  0.000000e+00
     vertex -1.658578e-02 -4.915003e-02  0.000000e+00
     vertex -1.667139e-02 -4.900782e-02  0.000000e+00
   endloop
 endfacet
 facet normal  0.000000e+00  0.000000e+00 -1.000000e+00
   outer loop
     vertex  1.123663e-02 -4.699696e-02  0.000000e+00
     vertex -1.649919e-02 -4.929163e-02  0.000000e+00
     vertex -1.658578e-02 -4.915003e-02  0.000000e+00
   endloop
 endfacet
 facet normal  0.000000e+00  0.000000e+00 -1.000000e+00
   outer loop
     vertex  1.123663e-02 -4.699696e-02  0.000000e+00
     vertex  1.116869e-02 -4.716056e-02  0.000000e+00
     vertex -1.649919e-02 -4.929163e-02  0.000000e+00
   endloop
 endfacet
 facet normal  0.000000e+00  0.000000e+00 -1.000000e+00
   outer loop
     vertex -1.197897e-02  9.286095e-03  0.000000e+00
     vertex -1.716287e-02  6.255980e-03  0.000000e+00
     vertex -1.710109e-02  6.412500e-03  0.000000e+00
   endloop
 endfacet
 facet normal -0.000000e+00  0.000000e+00 -1.000000e+00
   outer loop
     vertex -1.197897e-02  9.286095e-03  0.000000e+00
     vertex -1.710109e-02  6.412500e-03  0.000000e+00
     vertex -1.216044e-02  9.311964e-03  0.000000e+00
   endloop
 endfacet
 facet normal -0.000000e+00  0.000000e+00 -1.000000e+00
   outer loop
     vertex  1.186915e-02 -1.442327e-02  0.000000e+00
     vertex  1.184228e-02 -1.460159e-02  0.000000e+00
     vertex -2.157282e-02 -8.416405e-03  0.000000e+00
   endloop
 endfacet
 facet normal  0.000000e+00  0.000000e+00 -1.000000e+00
   outer loop
     vertex  1.186915e-02 -1.442327e-02  0.000000e+00
     vertex -2.148685e-02 -8.027271e-03  0.000000e+00
     vertex -2.144296e-02 -7.832936e-03  0.000000e+00
   endloop
 endfacet
 facet normal  0.000000e+00  0.000000e+00 -1.000000e+00
   outer loop
     vertex  1.186915e-02 -1.442327e-02  0.000000e+00
     vertex -2.153013e-02 -8.221763e-03  0.000000e+00
     vertex -2.148685e-02 -8.027271e-03  0.000000e+00
   endloop
 endfacet
 facet normal  0.000000e+00  0.000000e+00 -1.000000e+00
   outer loop
     vertex  1.186915e-02 -1.442327e-02  0.000000e+00
     vertex -2.157282e-02 -8.416405e-03  0.000000e+00
     vertex -2.153013e-02 -8.221763e-03  0.000000e+00
   endloop
 endfacet
 facet normal -0.000000e+00  0.000000e+00 -1.000000e+00
   outer loop
     vertex -1.179577e-02  9.257496e-03  0.000000e+00
     vertex -1.716287e-02  6.255980e-03  0.000000e+00
     vertex -1.197897e-02  9.286095e-03  0.000000e+00
   endloop
 endfacet
 facet normal  0.000000e+00  0.000000e+00 -1.000000e+00
   outer loop
     vertex -1.179577e-02  9.257496e-03  0.000000e+00
     vertex -1.722363e-02  6.097278e-03  0.000000e+00
     vertex -1.716287e-02  6.255980e-03  0.000000e+00
   endloop
 endfacet
 facet normal -0.000000e+00  0.000000e+00 -1.000000e+00
   outer loop
     vertex -1.161100e-02  9.226382e-03  0.000000e+00
     vertex -1.722363e-02  6.097278e-03  0.000000e+00
     vertex -1.179577e-02  9.257496e-03  0.000000e+00
   endloop
 endfacet
 facet normal  0.000000e+00  0.000000e+00 -1.000000e+00
   outer loop
     vertex -1.161100e-02  9.226382e-03  0.000000e+00
     vertex -1.728350e-02  5.936551e-03  0.000000e+00
     vertex -1.722363e-02  6.097278e-03  0.000000e+00
   endloop
 endfacet
 facet normal  0.000000e+00  0.000000e+00 -1.000000e+00
   outer loop
     vertex  1.189838e-02 -1.424418e-02  0.000000e+00
     vertex -2.135344e-02 -7.444764e-03  0.000000e+00
     vertex -2.130781e-02 -7.250941e-03  0.000000e+00
   endloop
 endfacet
 facet normal  0.000000e+00  0.000000e+00 -1.000000e+00
   outer loop
     vertex  1.189838e-02 -1.424418e-02  0.000000e+00
     vertex -2.139849e-02 -7.638765e-03  0.000000e+00
     vertex -2.135344e-02 -7.444764e-03  0.000000e+00
   endloop
 endfacet
 facet normal  0.000000e+00  0.000000e+00 -1.000000e+00
   outer loop
     vertex  1.189838e-02 -1.424418e-02  0.000000e+00
     vertex -2.144296e-02 -7.832936e-03  0.000000e+00
     vertex -2.139849e-02 -7.638765e-03  0.000000e+00
   endloop
 endfacet
 facet normal -0.000000e+00  0.000000e+00 -1.000000e+00
   outer loop
     vertex  1.189838e-02 -1.424418e-02  0.000000e+00
     vertex  1.186915e-02 -1.442327e-02  0.000000e+00
     vertex -2.144296e-02 -7.832936e-03  0.000000e+00
   endloop
 endfacet
 facet normal -0.000000e+00  0.000000e+00 -1.000000e+00
   outer loop
     vertex -1.142480e-02  9.192970e-03  0.000000e+00
     vertex -1.728350e-02  5.936551e-03  0.000000e+00
     vertex -1.161100e-02  9.226382e-03  0.000000e+00
   endloop
 endfacet
 facet normal  0.000000e+00  0.000000e+00 -1.000000e+00
   outer loop
     vertex -1.142480e-02  9.192970e-03  0.000000e+00
     vertex -1.734259e-02  5.773950e-03  0.000000e+00
     vertex -1.728350e-02  5.936551e-03  0.000000e+00
   endloop
 endfacet
 facet normal  0.000000e+00  0.000000e+00 -1.000000e+00
   outer loop
     vertex  1.192992e-02 -1.406432e-02  0.000000e+00
     vertex -2.126162e-02 -7.057302e-03  0.000000e+00
     vertex -2.121486e-02 -6.863854e-03  0.000000e+00
   endloop
 endfacet
 facet normal  0.000000e+00  0.000000e+00 -1.000000e+00
   outer loop
     vertex  1.192992e-02 -1.406432e-02  0.000000e+00
     vertex -2.130781e-02 -7.250941e-03  0.000000e+00
     vertex -2.126162e-02 -7.057302e-03  0.000000e+00
   endloop
 endfacet
 facet normal -0.000000e+00  0.000000e+00 -1.000000e+00
   outer loop
     vertex  1.192992e-02 -1.406432e-02  0.000000e+00
     vertex  1.189838e-02 -1.424418e-02  0.000000e+00
     vertex -2.130781e-02 -7.250941e-03  0.000000e+00
   endloop
 endfacet
 facet normal  0.000000e+00  0.000000e+00 -1.000000e+00
   outer loop
     vertex  1.130409e-02 -4.683252e-02  0.000000e+00
     vertex -1.675601e-02 -4.886503e-02  0.000000e+00
     vertex -1.683967e-02 -4.872167e-02  0.000000e+00
   endloop
 endfacet
 facet normal  0.000000e+00  0.000000e+00 -1.000000e+00
   outer loop
     vertex  1.130409e-02 -4.683252e-02  0.000000e+00
     vertex -1.667139e-02 -4.900782e-02  0.000000e+00
     vertex -1.675601e-02 -4.886503e-02  0.000000e+00
   endloop
 endfacet
 facet normal  0.000000e+00  0.000000e+00 -1.000000e+00
   outer loop
     vertex  1.130409e-02 -4.683252e-02  0.000000e+00
     vertex  1.123663e-02 -4.699696e-02  0.000000e+00
     vertex -1.667139e-02 -4.900782e-02  0.000000e+00
   endloop
 endfacet
 facet normal  0.000000e+00  0.000000e+00 -1.000000e+00
   outer loop
     vertex -1.123735e-02  9.157474e-03  0.000000e+00
     vertex -1.740102e-02  5.609621e-03  0.000000e+00
     vertex -1.734259e-02  5.773950e-03  0.000000e+00
   endloop
 endfacet
 facet normal -0.000000e+00  0.000000e+00 -1.000000e+00
   outer loop
     vertex -1.123735e-02  9.157474e-03  0.000000e+00
     vertex -1.734259e-02  5.773950e-03  0.000000e+00
     vertex -1.142480e-02  9.192970e-03  0.000000e+00
   endloop
 endfacet
 facet normal  0.000000e+00  0.000000e+00 -1.000000e+00
   outer loop
     vertex -1.104879e-02  9.120109e-03  0.000000e+00
     vertex -1.745889e-02  5.443702e-03  0.000000e+00
     vertex -1.740102e-02  5.609621e-03  0.000000e+00
   endloop
 endfacet
 facet normal -0.000000e+00  0.000000e+00 -1.000000e+00
   outer loop
     vertex -1.104879e-02  9.120109e-03  0.000000e+00
     vertex -1.740102e-02  5.609621e-03  0.000000e+00
     vertex -1.123735e-02  9.157474e-03  0.000000e+00
   endloop
 endfacet
 facet normal  0.000000e+00  0.000000e+00 -1.000000e+00
   outer loop
     vertex  1.196374e-02 -1.388370e-02  0.000000e+00
     vertex -2.111970e-02 -6.477555e-03  0.000000e+00
     vertex -2.107131e-02 -6.284716e-03  0.000000e+00
   endloop
 endfacet
 facet normal  0.000000e+00  0.000000e+00 -1.000000e+00
   outer loop
     vertex  1.196374e-02 -1.388370e-02  0.000000e+00
     vertex -2.116755e-02 -6.670603e-03  0.000000e+00
     vertex -2.111970e-02 -6.477555e-03  0.000000e+00
   endloop
 endfacet
 facet normal  0.000000e+00  0.000000e+00 -1.000000e+00
   outer loop
     vertex  1.196374e-02 -1.388370e-02  0.000000e+00
     vertex -2.121486e-02 -6.863854e-03  0.000000e+00
     vertex -2.116755e-02 -6.670603e-03  0.000000e+00
   endloop
 endfacet
 facet normal -0.000000e+00  0.000000e+00 -1.000000e+00
   outer loop
     vertex  1.196374e-02 -1.388370e-02  0.000000e+00
     vertex  1.192992e-02 -1.406432e-02  0.000000e+00
     vertex -2.121486e-02 -6.863854e-03  0.000000e+00
   endloop
 endfacet
 facet normal  0.000000e+00  0.000000e+00 -1.000000e+00
   outer loop
     vertex -1.085927e-02  9.081088e-03  0.000000e+00
     vertex -1.751630e-02  5.276323e-03  0.000000e+00
     vertex -1.745889e-02  5.443702e-03  0.000000e+00
   endloop
 endfacet
 facet normal  0.000000e+00  0.000000e+00 -1.000000e+00
   outer loop
     vertex -1.085927e-02  9.081088e-03  0.000000e+00
     vertex -1.756008e-02  5.146843e-03  0.000000e+00
     vertex -1.751630e-02  5.276323e-03  0.000000e+00
   endloop
 endfacet
 facet normal -0.000000e+00  0.000000e+00 -1.000000e+00
   outer loop
     vertex -1.085927e-02  9.081088e-03  0.000000e+00
     vertex -1.745889e-02  5.443702e-03  0.000000e+00
     vertex -1.104879e-02  9.120109e-03  0.000000e+00
   endloop
 endfacet
 facet normal  0.000000e+00  0.000000e+00 -1.000000e+00
   outer loop
     vertex  1.199979e-02 -1.370230e-02  0.000000e+00
     vertex -2.102239e-02 -6.092092e-03  0.000000e+00
     vertex -2.097295e-02 -5.899689e-03  0.000000e+00
   endloop
 endfacet
 facet normal  0.000000e+00  0.000000e+00 -1.000000e+00
   outer loop
     vertex  1.199979e-02 -1.370230e-02  0.000000e+00
     vertex -2.107131e-02 -6.284716e-03  0.000000e+00
     vertex -2.102239e-02 -6.092092e-03  0.000000e+00
   endloop
 endfacet
 facet normal -0.000000e+00  0.000000e+00 -1.000000e+00
   outer loop
     vertex  1.199979e-02 -1.370230e-02  0.000000e+00
     vertex  1.196374e-02 -1.388370e-02  0.000000e+00
     vertex -2.107131e-02 -6.284716e-03  0.000000e+00
   endloop
 endfacet
 facet normal -0.000000e+00  0.000000e+00 -1.000000e+00
   outer loop
     vertex -1.066894e-02  9.040620e-03  0.000000e+00
     vertex -1.756008e-02  5.146843e-03  0.000000e+00
     vertex -1.085927e-02  9.081088e-03  0.000000e+00
   endloop
 endfacet
 facet normal  0.000000e+00  0.000000e+00 -1.000000e+00
   outer loop
     vertex  1.203802e-02 -1.352013e-02  0.000000e+00
     vertex -2.092300e-02 -5.707513e-03  0.000000e+00
     vertex -2.090736e-02 -5.648009e-03  0.000000e+00
   endloop
 endfacet
 facet normal  0.000000e+00  0.000000e+00 -1.000000e+00
   outer loop
     vertex  1.203802e-02 -1.352013e-02  0.000000e+00
     vertex -2.097295e-02 -5.899689e-03  0.000000e+00
     vertex -2.092300e-02 -5.707513e-03  0.000000e+00
   endloop
 endfacet
 facet normal -0.000000e+00  0.000000e+00 -1.000000e+00
   outer loop
     vertex  1.203802e-02 -1.352013e-02  0.000000e+00
     vertex  1.199979e-02 -1.370230e-02  0.000000e+00
     vertex -2.097295e-02 -5.899689e-03  0.000000e+00
   endloop
 endfacet
 facet normal  0.000000e+00  0.000000e+00 -1.000000e+00
   outer loop
     vertex  1.137110e-02 -4.666727e-02  0.000000e+00
     vertex  1.130409e-02 -4.683252e-02  0.000000e+00
     vertex -1.683967e-02 -4.872167e-02  0.000000e+00
   endloop
 endfacet
 facet normal -0.000000e+00  0.000000e+00 -1.000000e+00
   outer loop
     vertex -1.047794e-02  8.998909e-03  0.000000e+00
     vertex -1.756008e-02  5.146843e-03  0.000000e+00
     vertex -1.066894e-02  9.040620e-03  0.000000e+00
   endloop
 endfacet
 facet normal  0.000000e+00  0.000000e+00 -1.000000e+00
   outer loop
     vertex  1.137110e-02 -4.666727e-02  0.000000e+00
     vertex -1.692237e-02 -4.857775e-02  0.000000e+00
     vertex -1.700413e-02 -4.843330e-02  0.000000e+00
   endloop
 endfacet
 facet normal  0.000000e+00  0.000000e+00 -1.000000e+00
   outer loop
     vertex  1.137110e-02 -4.666727e-02  0.000000e+00
     vertex -1.683967e-02 -4.872167e-02  0.000000e+00
     vertex -1.692237e-02 -4.857775e-02  0.000000e+00
   endloop
 endfacet
 facet normal -0.000000e+00  0.000000e+00 -1.000000e+00
   outer loop
     vertex -1.028641e-02  8.956155e-03  0.000000e+00
     vertex -1.756008e-02  5.146843e-03  0.000000e+00
     vertex -1.047794e-02  8.998909e-03  0.000000e+00
   endloop
 endfacet
 facet normal -0.000000e+00  0.000000e+00 -1.000000e+00
   outer loop
     vertex  1.207838e-02 -1.333720e-02  0.000000e+00
     vertex  1.203802e-02 -1.352013e-02  0.000000e+00
     vertex -2.090736e-02 -5.648009e-03  0.000000e+00
   endloop
 endfacet
 facet normal -0.000000e+00  0.000000e+00 -1.000000e+00
   outer loop
     vertex -1.009447e-02  8.912551e-03  0.000000e+00
     vertex -1.756008e-02  5.146843e-03  0.000000e+00
     vertex -1.028641e-02  8.956155e-03  0.000000e+00
   endloop
 endfacet
 facet normal -0.000000e+00  0.000000e+00 -1.000000e+00
   outer loop
     vertex -9.902239e-03  8.868282e-03  0.000000e+00
     vertex -1.756008e-02  5.146843e-03  0.000000e+00
     vertex -1.009447e-02  8.912551e-03  0.000000e+00
   endloop
 endfacet
 facet normal -0.000000e+00  0.000000e+00 -1.000000e+00
   outer loop
     vertex  1.212082e-02 -1.315349e-02  0.000000e+00
     vertex  1.207838e-02 -1.333720e-02  0.000000e+00
     vertex -2.090736e-02 -5.648009e-03  0.000000e+00
   endloop
 endfacet
 facet normal -0.000000e+00  0.000000e+00 -1.000000e+00
   outer loop
     vertex -9.709835e-03  8.823528e-03  0.000000e+00
     vertex -1.756008e-02  5.146843e-03  0.000000e+00
     vertex -9.902239e-03  8.868282e-03  0.000000e+00
   endloop
 endfacet
 facet normal -0.000000e+00  0.000000e+00 -1.000000e+00
   outer loop
     vertex -9.517357e-03  8.778454e-03  0.000000e+00
     vertex -1.756008e-02  5.146843e-03  0.000000e+00
     vertex -9.709835e-03  8.823528e-03  0.000000e+00
   endloop
 endfacet
 facet normal -0.000000e+00  0.000000e+00 -1.000000e+00
   outer loop
     vertex -9.324894e-03  8.733221e-03  0.000000e+00
     vertex -1.756008e-02  5.146843e-03  0.000000e+00
     vertex -9.517357e-03  8.778454e-03  0.000000e+00
   endloop
 endfacet
 facet normal  0.000000e+00  0.000000e+00 -1.000000e+00
   outer loop
     vertex  1.143767e-02 -4.650122e-02  0.000000e+00
     vertex -1.708495e-02 -4.828833e-02  0.000000e+00
     vertex -1.716485e-02 -4.814286e-02  0.000000e+00
   endloop
 endfacet
 facet normal  0.000000e+00  0.000000e+00 -1.000000e+00
   outer loop
     vertex  1.143767e-02 -4.650122e-02  0.000000e+00
     vertex -1.700413e-02 -4.843330e-02  0.000000e+00
     vertex -1.708495e-02 -4.828833e-02  0.000000e+00
   endloop
 endfacet
 facet normal  0.000000e+00  0.000000e+00 -1.000000e+00
   outer loop
     vertex  1.143767e-02 -4.650122e-02  0.000000e+00
     vertex  1.137110e-02 -4.666727e-02  0.000000e+00
     vertex -1.700413e-02 -4.843330e-02  0.000000e+00
   endloop
 endfacet
 facet normal -0.000000e+00  0.000000e+00 -1.000000e+00
   outer loop
     vertex -9.132526e-03  8.687973e-03  0.000000e+00
     vertex -1.756008e-02  5.146843e-03  0.000000e+00
     vertex -9.324894e-03  8.733221e-03  0.000000e+00
   endloop
 endfacet
 facet normal -0.000000e+00  0.000000e+00 -1.000000e+00
   outer loop
     vertex -8.940320e-03  8.642846e-03  0.000000e+00
     vertex -1.756008e-02  5.146843e-03  0.000000e+00
     vertex -9.132526e-03  8.687973e-03  0.000000e+00
   endloop
 endfacet
 facet normal -0.000000e+00  0.000000e+00 -1.000000e+00
   outer loop
     vertex -8.748330e-03  8.597962e-03  0.000000e+00
     vertex -1.756008e-02  5.146843e-03  0.000000e+00
     vertex -8.940320e-03  8.642846e-03  0.000000e+00
   endloop
 endfacet
 facet normal -0.000000e+00  0.000000e+00 -1.000000e+00
   outer loop
     vertex -8.556601e-03  8.553432e-03  0.000000e+00
     vertex -1.756008e-02  5.146843e-03  0.000000e+00
     vertex -8.748330e-03  8.597962e-03  0.000000e+00
   endloop
 endfacet
 facet normal -0.000000e+00  0.000000e+00 -1.000000e+00
   outer loop
     vertex -8.365165e-03  8.509355e-03  0.000000e+00
     vertex -1.756008e-02  5.146843e-03  0.000000e+00
     vertex -8.556601e-03  8.553432e-03  0.000000e+00
   endloop
 endfacet
 facet normal -0.000000e+00  0.000000e+00 -1.000000e+00
   outer loop
     vertex -8.174044e-03  8.465821e-03  0.000000e+00
     vertex -1.756008e-02  5.146843e-03  0.000000e+00
     vertex -8.365165e-03  8.509355e-03  0.000000e+00
   endloop
 endfacet
 facet normal -0.000000e+00  0.000000e+00 -1.000000e+00
   outer loop
     vertex -7.983253e-03  8.422908e-03  0.000000e+00
     vertex -1.756008e-02  5.146843e-03  0.000000e+00
     vertex -8.174044e-03  8.465821e-03  0.000000e+00
   endloop
 endfacet
 facet normal -0.000000e+00  0.000000e+00 -1.000000e+00
   outer loop
     vertex -7.792795e-03  8.380686e-03  0.000000e+00
     vertex -1.756008e-02  5.146843e-03  0.000000e+00
     vertex -7.983253e-03  8.422908e-03  0.000000e+00
   endloop
 endfacet
 facet normal  0.000000e+00  0.000000e+00 -1.000000e+00
   outer loop
     vertex  1.150381e-02 -4.633438e-02  0.000000e+00
     vertex -1.716485e-02 -4.814286e-02  0.000000e+00
     vertex -1.724383e-02 -4.799690e-02  0.000000e+00
   endloop
 endfacet
 facet normal  0.000000e+00  0.000000e+00 -1.000000e+00
   outer loop
     vertex  1.150381e-02 -4.633438e-02  0.000000e+00
     vertex  1.143767e-02 -4.650122e-02  0.000000e+00
     vertex -1.716485e-02 -4.814286e-02  0.000000e+00
   endloop
 endfacet
 facet normal -0.000000e+00  0.000000e+00 -1.000000e+00
   outer loop
     vertex -7.602666e-03  8.339214e-03  0.000000e+00
     vertex -1.756008e-02  5.146843e-03  0.000000e+00
     vertex -7.792795e-03  8.380686e-03  0.000000e+00
   endloop
 endfacet
 facet normal -0.000000e+00  0.000000e+00 -1.000000e+00
   outer loop
     vertex -7.412854e-03  8.298542e-03  0.000000e+00
     vertex -1.756008e-02  5.146843e-03  0.000000e+00
     vertex -7.602666e-03  8.339214e-03  0.000000e+00
   endloop
 endfacet
 facet normal -0.000000e+00  0.000000e+00 -1.000000e+00
   outer loop
     vertex -7.223339e-03  8.258713e-03  0.000000e+00
     vertex -1.756008e-02  5.146843e-03  0.000000e+00
     vertex -7.412854e-03  8.298542e-03  0.000000e+00
   endloop
 endfacet
 facet normal -0.000000e+00  0.000000e+00 -1.000000e+00
   outer loop
     vertex -7.034094e-03  8.219759e-03  0.000000e+00
     vertex -1.756008e-02  5.146843e-03  0.000000e+00
     vertex -7.223339e-03  8.258713e-03  0.000000e+00
   endloop
 endfacet
 facet normal  0.000000e+00  0.000000e+00 -1.000000e+00
   outer loop
     vertex -7.034094e-03  8.219759e-03  0.000000e+00
     vertex -2.090736e-02 -5.648009e-03  0.000000e+00
     vertex -1.756008e-02  5.146843e-03  0.000000e+00
   endloop
 endfacet
 facet normal -0.000000e+00  0.000000e+00 -1.000000e+00
   outer loop
     vertex -6.845089e-03  8.181708e-03  0.000000e+00
     vertex -2.090736e-02 -5.648009e-03  0.000000e+00
     vertex -7.034094e-03  8.219759e-03  0.000000e+00
   endloop
 endfacet
 facet normal  0.000000e+00  0.000000e+00 -1.000000e+00
   outer loop
     vertex  1.156954e-02 -4.616677e-02  0.000000e+00
     vertex -1.732191e-02 -4.785048e-02  0.000000e+00
     vertex -1.739910e-02 -4.770360e-02  0.000000e+00
   endloop
 endfacet
 facet normal  0.000000e+00  0.000000e+00 -1.000000e+00
   outer loop
     vertex  1.156954e-02 -4.616677e-02  0.000000e+00
     vertex -1.724383e-02 -4.799690e-02  0.000000e+00
     vertex -1.732191e-02 -4.785048e-02  0.000000e+00
   endloop
 endfacet
 facet normal  0.000000e+00  0.000000e+00 -1.000000e+00
   outer loop
     vertex  1.156954e-02 -4.616677e-02  0.000000e+00
     vertex  1.150381e-02 -4.633438e-02  0.000000e+00
     vertex -1.724383e-02 -4.799690e-02  0.000000e+00
   endloop
 endfacet
 facet normal -0.000000e+00  0.000000e+00 -1.000000e+00
   outer loop
     vertex -6.656283e-03  8.144577e-03  0.000000e+00
     vertex -2.090736e-02 -5.648009e-03  0.000000e+00
     vertex -6.845089e-03  8.181708e-03  0.000000e+00
   endloop
 endfacet
 facet normal -0.000000e+00  0.000000e+00 -1.000000e+00
   outer loop
     vertex -6.467636e-03  8.108379e-03  0.000000e+00
     vertex -2.090736e-02 -5.648009e-03  0.000000e+00
     vertex -6.656283e-03  8.144577e-03  0.000000e+00
   endloop
 endfacet
 facet normal -0.000000e+00  0.000000e+00 -1.000000e+00
   outer loop
     vertex -6.279099e-03  8.073119e-03  0.000000e+00
     vertex -2.090736e-02 -5.648009e-03  0.000000e+00
     vertex -6.467636e-03  8.108379e-03  0.000000e+00
   endloop
 endfacet
 facet normal -0.000000e+00  0.000000e+00 -1.000000e+00
   outer loop
     vertex -6.090621e-03  8.038796e-03  0.000000e+00
     vertex -2.090736e-02 -5.648009e-03  0.000000e+00
     vertex -6.279099e-03  8.073119e-03  0.000000e+00
   endloop
 endfacet
 facet normal -0.000000e+00  0.000000e+00 -1.000000e+00
   outer loop
     vertex -5.902147e-03  8.005403e-03  0.000000e+00
     vertex -2.090736e-02 -5.648009e-03  0.000000e+00
     vertex -6.090621e-03  8.038796e-03  0.000000e+00
   endloop
 endfacet
 facet normal -0.000000e+00  0.000000e+00 -1.000000e+00
   outer loop
     vertex -5.713621e-03  7.972929e-03  0.000000e+00
     vertex -2.090736e-02 -5.648009e-03  0.000000e+00
     vertex -5.902147e-03  8.005403e-03  0.000000e+00
   endloop
 endfacet
 facet normal  0.000000e+00  0.000000e+00 -1.000000e+00
   outer loop
     vertex  1.163485e-02 -4.599840e-02  0.000000e+00
     vertex -1.747540e-02 -4.755629e-02  0.000000e+00
     vertex -1.755084e-02 -4.740855e-02  0.000000e+00
   endloop
 endfacet
 facet normal  0.000000e+00  0.000000e+00 -1.000000e+00
   outer loop
     vertex  1.163485e-02 -4.599840e-02  0.000000e+00
     vertex -1.739910e-02 -4.770360e-02  0.000000e+00
     vertex -1.747540e-02 -4.755629e-02  0.000000e+00
   endloop
 endfacet
 facet normal  0.000000e+00  0.000000e+00 -1.000000e+00
   outer loop
     vertex  1.163485e-02 -4.599840e-02  0.000000e+00
     vertex  1.156954e-02 -4.616677e-02  0.000000e+00
     vertex -1.739910e-02 -4.770360e-02  0.000000e+00
   endloop
 endfacet
 facet normal -0.000000e+00  0.000000e+00 -1.000000e+00
   outer loop
     vertex -5.524983e-03  7.941358e-03  0.000000e+00
     vertex -2.090736e-02 -5.648009e-03  0.000000e+00
     vertex -5.713621e-03  7.972929e-03  0.000000e+00
   endloop
 endfacet
 facet normal -0.000000e+00  0.000000e+00 -1.000000e+00
   outer loop
     vertex -5.336173e-03  7.910668e-03  0.000000e+00
     vertex -2.090736e-02 -5.648009e-03  0.000000e+00
     vertex -5.524983e-03  7.941358e-03  0.000000e+00
   endloop
 endfacet
 facet normal -0.000000e+00  0.000000e+00 -1.000000e+00
   outer loop
     vertex -5.147128e-03  7.880835e-03  0.000000e+00
     vertex -2.090736e-02 -5.648009e-03  0.000000e+00
     vertex -5.336173e-03  7.910668e-03  0.000000e+00
   endloop
 endfacet
 facet normal -0.000000e+00  0.000000e+00 -1.000000e+00
   outer loop
     vertex -4.957786e-03  7.851832e-03  0.000000e+00
     vertex -2.090736e-02 -5.648009e-03  0.000000e+00
     vertex -5.147128e-03  7.880835e-03  0.000000e+00
   endloop
 endfacet
 facet normal -0.000000e+00  0.000000e+00 -1.000000e+00
   outer loop
     vertex -4.768085e-03  7.823625e-03  0.000000e+00
     vertex -2.090736e-02 -5.648009e-03  0.000000e+00
     vertex -4.957786e-03  7.851832e-03  0.000000e+00
   endloop
 endfacet
 facet normal  0.000000e+00  0.000000e+00 -1.000000e+00
   outer loop
     vertex  1.169977e-02 -4.582930e-02  0.000000e+00
     vertex -1.762542e-02 -4.726042e-02  0.000000e+00
     vertex -1.769915e-02 -4.711188e-02  0.000000e+00
   endloop
 endfacet
 facet normal  0.000000e+00  0.000000e+00 -1.000000e+00
   outer loop
     vertex  1.169977e-02 -4.582930e-02  0.000000e+00
     vertex -1.755084e-02 -4.740855e-02  0.000000e+00
     vertex -1.762542e-02 -4.726042e-02  0.000000e+00
   endloop
 endfacet
 facet normal  0.000000e+00  0.000000e+00 -1.000000e+00
   outer loop
     vertex  1.169977e-02 -4.582930e-02  0.000000e+00
     vertex  1.163485e-02 -4.599840e-02  0.000000e+00
     vertex -1.755084e-02 -4.740855e-02  0.000000e+00
   endloop
 endfacet
 facet normal -0.000000e+00  0.000000e+00 -1.000000e+00
   outer loop
     vertex -4.577965e-03  7.796182e-03  0.000000e+00
     vertex -2.090736e-02 -5.648009e-03  0.000000e+00
     vertex -4.768085e-03  7.823625e-03  0.000000e+00
   endloop
 endfacet
 facet normal -0.000000e+00  0.000000e+00 -1.000000e+00
   outer loop
     vertex -4.387364e-03  7.769466e-03  0.000000e+00
     vertex -2.090736e-02 -5.648009e-03  0.000000e+00
     vertex -4.577965e-03  7.796182e-03  0.000000e+00
   endloop
 endfacet
 facet normal -0.000000e+00  0.000000e+00 -1.000000e+00
   outer loop
     vertex -4.196226e-03  7.743439e-03  0.000000e+00
     vertex -2.090736e-02 -5.648009e-03  0.000000e+00
     vertex -4.387364e-03  7.769466e-03  0.000000e+00
   endloop
 endfacet
 facet normal -0.000000e+00  0.000000e+00 -1.000000e+00
   outer loop
     vertex -4.004494e-03  7.718062e-03  0.000000e+00
     vertex -2.090736e-02 -5.648009e-03  0.000000e+00
     vertex -4.196226e-03  7.743439e-03  0.000000e+00
   endloop
 endfacet
 facet normal -0.000000e+00  0.000000e+00 -1.000000e+00
   outer loop
     vertex -3.812116e-03  7.693293e-03  0.000000e+00
     vertex -2.090736e-02 -5.648009e-03  0.000000e+00
     vertex -4.004494e-03  7.718062e-03  0.000000e+00
   endloop
 endfacet
 facet normal  0.000000e+00  0.000000e+00 -1.000000e+00
   outer loop
     vertex  1.176430e-02 -4.565946e-02  0.000000e+00
     vertex -1.769915e-02 -4.711188e-02  0.000000e+00
     vertex -1.777204e-02 -4.696298e-02  0.000000e+00
   endloop
 endfacet
 facet normal  0.000000e+00  0.000000e+00 -1.000000e+00
   outer loop
     vertex  1.176430e-02 -4.565946e-02  0.000000e+00
     vertex  1.169977e-02 -4.582930e-02  0.000000e+00
     vertex -1.769915e-02 -4.711188e-02  0.000000e+00
   endloop
 endfacet
 facet normal -0.000000e+00  0.000000e+00 -1.000000e+00
   outer loop
     vertex -3.619043e-03  7.669093e-03  0.000000e+00
     vertex -2.090736e-02 -5.648009e-03  0.000000e+00
     vertex -3.812116e-03  7.693293e-03  0.000000e+00
   endloop
 endfacet
 facet normal -0.000000e+00  0.000000e+00 -1.000000e+00
   outer loop
     vertex -3.425231e-03  7.645419e-03  0.000000e+00
     vertex -2.090736e-02 -5.648009e-03  0.000000e+00
     vertex -3.619043e-03  7.669093e-03  0.000000e+00
   endloop
 endfacet
 facet normal -0.000000e+00  0.000000e+00 -1.000000e+00
   outer loop
     vertex -3.230639e-03  7.622230e-03  0.000000e+00
     vertex -2.090736e-02 -5.648009e-03  0.000000e+00
     vertex -3.425231e-03  7.645419e-03  0.000000e+00
   endloop
 endfacet
 facet normal -0.000000e+00  0.000000e+00 -1.000000e+00
   outer loop
     vertex -3.035234e-03  7.599487e-03  0.000000e+00
     vertex -2.090736e-02 -5.648009e-03  0.000000e+00
     vertex -3.230639e-03  7.622230e-03  0.000000e+00
   endloop
 endfacet
 facet normal -0.000000e+00  0.000000e+00 -1.000000e+00
   outer loop
     vertex -2.838986e-03  7.577150e-03  0.000000e+00
     vertex -2.090736e-02 -5.648009e-03  0.000000e+00
     vertex -3.035234e-03  7.599487e-03  0.000000e+00
   endloop
 endfacet
 facet normal  0.000000e+00  0.000000e+00 -1.000000e+00
   outer loop
     vertex  1.182844e-02 -4.548892e-02  0.000000e+00
     vertex -1.784411e-02 -4.681372e-02  0.000000e+00
     vertex -1.791536e-02 -4.666410e-02  0.000000e+00
   endloop
 endfacet
 facet normal  0.000000e+00  0.000000e+00 -1.000000e+00
   outer loop
     vertex  1.182844e-02 -4.548892e-02  0.000000e+00
     vertex -1.777204e-02 -4.696298e-02  0.000000e+00
     vertex -1.784411e-02 -4.681372e-02  0.000000e+00
   endloop
 endfacet
 facet normal  0.000000e+00  0.000000e+00 -1.000000e+00
   outer loop
     vertex  1.182844e-02 -4.548892e-02  0.000000e+00
     vertex  1.176430e-02 -4.565946e-02  0.000000e+00
     vertex -1.777204e-02 -4.696298e-02  0.000000e+00
   endloop
 endfacet
 facet normal -0.000000e+00  0.000000e+00 -1.000000e+00
   outer loop
     vertex -2.641874e-03  7.555182e-03  0.000000e+00
     vertex -2.090736e-02 -5.648009e-03  0.000000e+00
     vertex -2.838986e-03  7.577150e-03  0.000000e+00
   endloop
 endfacet
 facet normal  0.000000e+00 -0.000000e+00 -1.000000e+00
   outer loop
     vertex -2.443880e-03  7.533545e-03  0.000000e+00
     vertex  1.212082e-02 -1.315349e-02  0.000000e+00
     vertex -2.090736e-02 -5.648009e-03  0.000000e+00
   endloop
 endfacet
 facet normal  0.000000e+00  0.000000e+00 -1.000000e+00
   outer loop
     vertex -2.443880e-03  7.533545e-03  0.000000e+00
     vertex  1.216527e-02 -1.296903e-02  0.000000e+00
     vertex  1.212082e-02 -1.315349e-02  0.000000e+00
   endloop
 endfacet
 facet normal -0.000000e+00  0.000000e+00 -1.000000e+00
   outer loop
     vertex -2.443880e-03  7.533545e-03  0.000000e+00
     vertex -2.090736e-02 -5.648009e-03  0.000000e+00
     vertex -2.641874e-03  7.555182e-03  0.000000e+00
   endloop
 endfacet
 facet normal -0.000000e+00 -0.000000e+00 -1.000000e+00
   outer loop
     vertex -2.244993e-03  7.512204e-03  0.000000e+00
     vertex  1.216527e-02 -1.296903e-02  0.000000e+00
     vertex -2.443880e-03  7.533545e-03  0.000000e+00
   endloop
 endfacet
 facet normal  0.000000e+00  0.000000e+00 -1.000000e+00
   outer loop
     vertex -2.045210e-03  7.491125e-03  0.000000e+00
     vertex  1.221167e-02 -1.278380e-02  0.000000e+00
     vertex  1.216527e-02 -1.296903e-02  0.000000e+00
   endloop
 endfacet
 facet normal  0.000000e+00  0.000000e+00 -1.000000e+00
   outer loop
     vertex  1.189219e-02 -4.531768e-02  0.000000e+00
     vertex  1.182844e-02 -4.548892e-02  0.000000e+00
     vertex -1.791536e-02 -4.666410e-02  0.000000e+00
   endloop
 endfacet
 facet normal -0.000000e+00 -0.000000e+00 -1.000000e+00
   outer loop
     vertex -2.045210e-03  7.491125e-03  0.000000e+00
     vertex  1.216527e-02 -1.296903e-02  0.000000e+00
     vertex -2.244993e-03  7.512204e-03  0.000000e+00
   endloop
 endfacet
 facet normal  0.000000e+00  0.000000e+00 -1.000000e+00
   outer loop
     vertex  1.189219e-02 -4.531768e-02  0.000000e+00
     vertex -1.791536e-02 -4.666410e-02  0.000000e+00
     vertex -1.798581e-02 -4.651416e-02  0.000000e+00
   endloop
 endfacet
 facet normal  0.000000e+00  0.000000e+00 -1.000000e+00
   outer loop
     vertex -1.844528e-03  7.470275e-03  0.000000e+00
     vertex  1.225994e-02 -1.259782e-02  0.000000e+00
     vertex  1.221167e-02 -1.278380e-02  0.000000e+00
   endloop
 endfacet
 facet normal -0.000000e+00 -0.000000e+00 -1.000000e+00
   outer loop
     vertex -1.844528e-03  7.470275e-03  0.000000e+00
     vertex  1.221167e-02 -1.278380e-02  0.000000e+00
     vertex -2.045210e-03  7.491125e-03  0.000000e+00
   endloop
 endfacet
 facet normal -0.000000e+00 -0.000000e+00 -1.000000e+00
   outer loop
     vertex -1.642955e-03  7.449621e-03  0.000000e+00
     vertex  1.225994e-02 -1.259782e-02  0.000000e+00
     vertex -1.844528e-03  7.470275e-03  0.000000e+00
   endloop
 endfacet
 facet normal -0.000000e+00 -0.000000e+00 -1.000000e+00
   outer loop
     vertex -1.440500e-03  7.429133e-03  0.000000e+00
     vertex  1.225994e-02 -1.259782e-02  0.000000e+00
     vertex -1.642955e-03  7.449621e-03  0.000000e+00
   endloop
 endfacet
 facet normal  0.000000e+00  0.000000e+00 -1.000000e+00
   outer loop
     vertex -1.440500e-03  7.429133e-03  0.000000e+00
     vertex  1.231001e-02 -1.241110e-02  0.000000e+00
     vertex  1.225994e-02 -1.259782e-02  0.000000e+00
   endloop
 endfacet
 facet normal -0.000000e+00 -0.000000e+00 -1.000000e+00
   outer loop
     vertex -1.237178e-03  7.408780e-03  0.000000e+00
     vertex  1.231001e-02 -1.241110e-02  0.000000e+00
     vertex -1.440500e-03  7.429133e-03  0.000000e+00
   endloop
 endfacet
 facet normal  0.000000e+00  0.000000e+00 -1.000000e+00
   outer loop
     vertex -1.237178e-03  7.408780e-03  0.000000e+00
     vertex  1.236181e-02 -1.222364e-02  0.000000e+00
     vertex  1.231001e-02 -1.241110e-02  0.000000e+00
   endloop
 endfacet
 facet normal -0.000000e+00 -0.000000e+00 -1.000000e+00
   outer loop
     vertex -1.033011e-03  7.388532e-03  0.000000e+00
     vertex  1.236181e-02 -1.222364e-02  0.000000e+00
     vertex -1.237178e-03  7.408780e-03  0.000000e+00
   endloop
 endfacet
 facet normal  0.000000e+00  0.000000e+00 -1.000000e+00
   outer loop
     vertex  1.195557e-02 -4.514577e-02  0.000000e+00
     vertex -1.805547e-02 -4.636390e-02  0.000000e+00
     vertex -1.812434e-02 -4.621334e-02  0.000000e+00
   endloop
 endfacet
 facet normal  0.000000e+00  0.000000e+00 -1.000000e+00
   outer loop
     vertex  1.195557e-02 -4.514577e-02  0.000000e+00
     vertex -1.798581e-02 -4.651416e-02  0.000000e+00
     vertex -1.805547e-02 -4.636390e-02  0.000000e+00
   endloop
 endfacet
 facet normal  0.000000e+00  0.000000e+00 -1.000000e+00
   outer loop
     vertex  1.195557e-02 -4.514577e-02  0.000000e+00
     vertex  1.189219e-02 -4.531768e-02  0.000000e+00
     vertex -1.798581e-02 -4.651416e-02  0.000000e+00
   endloop
 endfacet
 facet normal  0.000000e+00  0.000000e+00 -1.000000e+00
   outer loop
     vertex -8.280210e-04  7.368363e-03  0.000000e+00
     vertex  1.241524e-02 -1.203544e-02  0.000000e+00
     vertex  1.236181e-02 -1.222364e-02  0.000000e+00
   endloop
 endfacet
 facet normal -0.000000e+00 -0.000000e+00 -1.000000e+00
   outer loop
     vertex -8.280210e-04  7.368363e-03  0.000000e+00
     vertex  1.236181e-02 -1.222364e-02  0.000000e+00
     vertex -1.033011e-03  7.388532e-03  0.000000e+00
   endloop
 endfacet
 facet normal -0.000000e+00 -0.000000e+00 -1.000000e+00
   outer loop
     vertex -6.222390e-04  7.348243e-03  0.000000e+00
     vertex  1.241524e-02 -1.203544e-02  0.000000e+00
     vertex -8.280210e-04  7.368363e-03  0.000000e+00
   endloop
 endfacet
 facet normal  0.000000e+00  0.000000e+00 -1.000000e+00
   outer loop
     vertex -6.222390e-04  7.348243e-03  0.000000e+00
     vertex  1.247023e-02 -1.184653e-02  0.000000e+00
     vertex  1.241524e-02 -1.203544e-02  0.000000e+00
   endloop
 endfacet
 facet normal -0.000000e+00 -0.000000e+00 -1.000000e+00
   outer loop
     vertex -4.156980e-04  7.328146e-03  0.000000e+00
     vertex  1.247023e-02 -1.184653e-02  0.000000e+00
     vertex -6.222390e-04  7.348243e-03  0.000000e+00
   endloop
 endfacet
 facet normal  0.000000e+00  0.000000e+00 -1.000000e+00
   outer loop
     vertex -4.156980e-04  7.328146e-03  0.000000e+00
     vertex  1.252668e-02 -1.165690e-02  0.000000e+00
     vertex  1.247023e-02 -1.184653e-02  0.000000e+00
   endloop
 endfacet
 facet normal -0.000000e+00 -0.000000e+00 -1.000000e+00
   outer loop
     vertex -2.084340e-04  7.308046e-03  0.000000e+00
     vertex  1.252668e-02 -1.165690e-02  0.000000e+00
     vertex -4.156980e-04  7.328146e-03  0.000000e+00
   endloop
 endfacet
 facet normal -0.000000e+00 -0.000000e+00 -1.000000e+00
   outer loop
     vertex -4.890000e-07  7.287918e-03  0.000000e+00
     vertex  1.252668e-02 -1.165690e-02  0.000000e+00
     vertex -2.084340e-04  7.308046e-03  0.000000e+00
   endloop
 endfacet
 facet normal  0.000000e+00  0.000000e+00 -1.000000e+00
   outer loop
     vertex -4.890000e-07  7.287918e-03  0.000000e+00
     vertex  1.258451e-02 -1.146658e-02  0.000000e+00
     vertex  1.252668e-02 -1.165690e-02  0.000000e+00
   endloop
 endfacet
 facet normal  0.000000e+00  0.000000e+00 -1.000000e+00
   outer loop
     vertex  1.201858e-02 -4.497320e-02  0.000000e+00
     vertex -1.819244e-02 -4.606248e-02  0.000000e+00
     vertex -1.825978e-02 -4.591134e-02  0.000000e+00
   endloop
 endfacet
 facet normal  0.000000e+00  0.000000e+00 -1.000000e+00
   outer loop
     vertex  1.201858e-02 -4.497320e-02  0.000000e+00
     vertex -1.812434e-02 -4.621334e-02  0.000000e+00
     vertex -1.819244e-02 -4.606248e-02  0.000000e+00
   endloop
 endfacet
 facet normal  0.000000e+00  0.000000e+00 -1.000000e+00
   outer loop
     vertex  1.201858e-02 -4.497320e-02  0.000000e+00
     vertex  1.195557e-02 -4.514577e-02  0.000000e+00
     vertex -1.812434e-02 -4.621334e-02  0.000000e+00
   endloop
 endfacet
 facet normal -0.000000e+00 -0.000000e+00 -1.000000e+00
   outer loop
     vertex  2.080920e-04  7.267738e-03  0.000000e+00
     vertex  1.258451e-02 -1.146658e-02  0.000000e+00
     vertex -4.890000e-07  7.287918e-03  0.000000e+00
   endloop
 endfacet
 facet normal  0.000000e+00  0.000000e+00 -1.000000e+00
   outer loop
     vertex  2.080920e-04  7.267738e-03  0.000000e+00
     vertex  1.264362e-02 -1.127557e-02  0.000000e+00
     vertex  1.258451e-02 -1.146658e-02  0.000000e+00
   endloop
 endfacet
 facet normal -0.000000e+00 -0.000000e+00 -1.000000e+00
   outer loop
     vertex  4.172610e-04  7.247480e-03  0.000000e+00
     vertex  1.264362e-02 -1.127557e-02  0.000000e+00
     vertex  2.080920e-04  7.267738e-03  0.000000e+00
   endloop
 endfacet
 facet normal  0.000000e+00  0.000000e+00 -1.000000e+00
   outer loop
     vertex  4.172610e-04  7.247480e-03  0.000000e+00
     vertex  1.270391e-02 -1.108389e-02  0.000000e+00
     vertex  1.264362e-02 -1.127557e-02  0.000000e+00
   endloop
 endfacet
 facet normal -0.000000e+00 -0.000000e+00 -1.000000e+00
   outer loop
     vertex  6.269670e-04  7.227121e-03  0.000000e+00
     vertex  1.270391e-02 -1.108389e-02  0.000000e+00
     vertex  4.172610e-04  7.247480e-03  0.000000e+00
   endloop
 endfacet
 facet normal -0.000000e+00 -0.000000e+00 -1.000000e+00
   outer loop
     vertex  8.371550e-04  7.206640e-03  0.000000e+00
     vertex  1.270391e-02 -1.108389e-02  0.000000e+00
     vertex  6.269670e-04  7.227121e-03  0.000000e+00
   endloop
 endfacet
 facet normal  0.000000e+00  0.000000e+00 -1.000000e+00
   outer loop
     vertex  8.371550e-04  7.206640e-03  0.000000e+00
     vertex  1.276528e-02 -1.089155e-02  0.000000e+00
     vertex  1.270391e-02 -1.108389e-02  0.000000e+00
   endloop
 endfacet
 facet normal -0.000000e+00 -0.000000e+00 -1.000000e+00
   outer loop
     vertex  1.047767e-03  7.186011e-03  0.000000e+00
     vertex  1.276528e-02 -1.089155e-02  0.000000e+00
     vertex  8.371550e-04  7.206640e-03  0.000000e+00
   endloop
 endfacet
 facet normal  0.000000e+00  0.000000e+00 -1.000000e+00
   outer loop
     vertex  1.047767e-03  7.186011e-03  0.000000e+00
     vertex  1.282764e-02 -1.069858e-02  0.000000e+00
     vertex  1.276528e-02 -1.089155e-02  0.000000e+00
   endloop
 endfacet
 facet normal  0.000000e+00  0.000000e+00 -1.000000e+00
   outer loop
     vertex  1.208121e-02 -4.479997e-02  0.000000e+00
     vertex -1.825978e-02 -4.591134e-02  0.000000e+00
     vertex -1.832638e-02 -4.575994e-02  0.000000e+00
   endloop
 endfacet
 facet normal  0.000000e+00  0.000000e+00 -1.000000e+00
   outer loop
     vertex  1.208121e-02 -4.479997e-02  0.000000e+00
     vertex  1.201858e-02 -4.497320e-02  0.000000e+00
     vertex -1.825978e-02 -4.591134e-02  0.000000e+00
   endloop
 endfacet
 facet normal -0.000000e+00 -0.000000e+00 -1.000000e+00
   outer loop
     vertex  1.258742e-03  7.165215e-03  0.000000e+00
     vertex  1.282764e-02 -1.069858e-02  0.000000e+00
     vertex  1.047767e-03  7.186011e-03  0.000000e+00
   endloop
 endfacet
 facet normal  0.000000e+00  0.000000e+00 -1.000000e+00
   outer loop
     vertex  1.258742e-03  7.165215e-03  0.000000e+00
     vertex  1.289087e-02 -1.050498e-02  0.000000e+00
     vertex  1.282764e-02 -1.069858e-02  0.000000e+00
   endloop
 endfacet
 facet normal -0.000000e+00 -0.000000e+00 -1.000000e+00
   outer loop
     vertex  1.470018e-03  7.144228e-03  0.000000e+00
     vertex  1.289087e-02 -1.050498e-02  0.000000e+00
     vertex  1.258742e-03  7.165215e-03  0.000000e+00
   endloop
 endfacet
 facet normal  0.000000e+00  0.000000e+00 -1.000000e+00
   outer loop
     vertex  1.470018e-03  7.144228e-03  0.000000e+00
     vertex  1.295487e-02 -1.031077e-02  0.000000e+00
     vertex  1.289087e-02 -1.050498e-02  0.000000e+00
   endloop
 endfacet
 facet normal -0.000000e+00 -0.000000e+00 -1.000000e+00
   outer loop
     vertex  1.681528e-03  7.123030e-03  0.000000e+00
     vertex  1.295487e-02 -1.031077e-02  0.000000e+00
     vertex  1.470018e-03  7.144228e-03  0.000000e+00
   endloop
 endfacet
 facet normal  0.000000e+00  0.000000e+00 -1.000000e+00
   outer loop
     vertex  1.681528e-03  7.123030e-03  0.000000e+00
     vertex  1.301953e-02 -1.011598e-02  0.000000e+00
     vertex  1.295487e-02 -1.031077e-02  0.000000e+00
   endloop
 endfacet
 facet normal -0.000000e+00 -0.000000e+00 -1.000000e+00
   outer loop
     vertex  1.893204e-03  7.101599e-03  0.000000e+00
     vertex  1.301953e-02 -1.011598e-02  0.000000e+00
     vertex  1.681528e-03  7.123030e-03  0.000000e+00
   endloop
 endfacet
 facet normal -0.000000e+00 -0.000000e+00 -1.000000e+00
   outer loop
     vertex  2.104977e-03  7.079914e-03  0.000000e+00
     vertex  1.301953e-02 -1.011598e-02  0.000000e+00
     vertex  1.893204e-03  7.101599e-03  0.000000e+00
   endloop
 endfacet
 facet normal  0.000000e+00  0.000000e+00 -1.000000e+00
   outer loop
     vertex  2.104977e-03  7.079914e-03  0.000000e+00
     vertex  1.308475e-02 -9.920625e-03  0.000000e+00
     vertex  1.301953e-02 -1.011598e-02  0.000000e+00
   endloop
 endfacet
 facet normal -0.000000e+00 -0.000000e+00 -1.000000e+00
   outer loop
     vertex  2.316774e-03  7.057955e-03  0.000000e+00
     vertex  1.308475e-02 -9.920625e-03  0.000000e+00
     vertex  2.104977e-03  7.079914e-03  0.000000e+00
   endloop
 endfacet
 facet normal  0.000000e+00  0.000000e+00 -1.000000e+00
   outer loop
     vertex  2.316774e-03  7.057955e-03  0.000000e+00
     vertex  1.315041e-02 -9.724725e-03  0.000000e+00
     vertex  1.308475e-02 -9.920625e-03  0.000000e+00
   endloop
 endfacet
 facet normal  0.000000e+00  0.000000e+00 -1.000000e+00
   outer loop
     vertex  1.214346e-02 -4.462612e-02  0.000000e+00
     vertex -1.839223e-02 -4.560829e-02  0.000000e+00
     vertex -1.845735e-02 -4.545639e-02  0.000000e+00
   endloop
 endfacet
 facet normal  0.000000e+00  0.000000e+00 -1.000000e+00
   outer loop
     vertex  1.214346e-02 -4.462612e-02  0.000000e+00
     vertex -1.832638e-02 -4.575994e-02  0.000000e+00
     vertex -1.839223e-02 -4.560829e-02  0.000000e+00
   endloop
 endfacet
 facet normal  0.000000e+00  0.000000e+00 -1.000000e+00
   outer loop
     vertex  1.214346e-02 -4.462612e-02  0.000000e+00
     vertex  1.208121e-02 -4.479997e-02  0.000000e+00
     vertex -1.832638e-02 -4.575994e-02  0.000000e+00
   endloop
 endfacet
 facet normal -0.000000e+00 -0.000000e+00 -1.000000e+00
   outer loop
     vertex  2.528522e-03  7.035701e-03  0.000000e+00
     vertex  1.315041e-02 -9.724725e-03  0.000000e+00
     vertex  2.316774e-03  7.057955e-03  0.000000e+00
   endloop
 endfacet
 facet normal  0.000000e+00  0.000000e+00 -1.000000e+00
   outer loop
     vertex  2.528522e-03  7.035701e-03  0.000000e+00
     vertex  1.321639e-02 -9.528301e-03  0.000000e+00
     vertex  1.315041e-02 -9.724725e-03  0.000000e+00
   endloop
 endfacet
 facet normal -0.000000e+00 -0.000000e+00 -1.000000e+00
   outer loop
     vertex  2.740144e-03  7.013131e-03  0.000000e+00
     vertex  1.321639e-02 -9.528301e-03  0.000000e+00
     vertex  2.528522e-03  7.035701e-03  0.000000e+00
   endloop
 endfacet
 facet normal  0.000000e+00  0.000000e+00 -1.000000e+00
   outer loop
     vertex  2.740144e-03  7.013131e-03  0.000000e+00
     vertex  1.328260e-02 -9.331379e-03  0.000000e+00
     vertex  1.321639e-02 -9.528301e-03  0.000000e+00
   endloop
 endfacet
 facet normal  0.000000e+00  0.000000e+00 -1.000000e+00
   outer loop
     vertex  2.951565e-03  6.990225e-03  0.000000e+00
     vertex  1.334890e-02 -9.133981e-03  0.000000e+00
     vertex  1.328260e-02 -9.331379e-03  0.000000e+00
   endloop
 endfacet
 facet normal -0.000000e+00 -0.000000e+00 -1.000000e+00
   outer loop
     vertex  2.951565e-03  6.990225e-03  0.000000e+00
     vertex  1.328260e-02 -9.331379e-03  0.000000e+00
     vertex  2.740144e-03  7.013131e-03  0.000000e+00
   endloop
 endfacet
 facet normal  0.000000e+00  0.000000e+00 -1.000000e+00
   outer loop
     vertex  3.162705e-03  6.966962e-03  0.000000e+00
     vertex  1.341520e-02 -8.936134e-03  0.000000e+00
     vertex  1.334890e-02 -9.133981e-03  0.000000e+00
   endloop
 endfacet
 facet normal -0.000000e+00 -0.000000e+00 -1.000000e+00
   outer loop
     vertex  3.162705e-03  6.966962e-03  0.000000e+00
     vertex  1.334890e-02 -9.133981e-03  0.000000e+00
     vertex  2.951565e-03  6.990225e-03  0.000000e+00
   endloop
 endfacet
 facet normal  0.000000e+00  0.000000e+00 -1.000000e+00
   outer loop
     vertex  3.373485e-03  6.943322e-03  0.000000e+00
     vertex  1.348136e-02 -8.737864e-03  0.000000e+00
     vertex  1.341520e-02 -8.936134e-03  0.000000e+00
   endloop
 endfacet
 facet normal -0.000000e+00 -0.000000e+00 -1.000000e+00
   outer loop
     vertex  3.373485e-03  6.943322e-03  0.000000e+00
     vertex  1.341520e-02 -8.936134e-03  0.000000e+00
     vertex  3.162705e-03  6.966962e-03  0.000000e+00
   endloop
 endfacet
 facet normal -0.000000e+00 -0.000000e+00 -1.000000e+00
   outer loop
     vertex  3.583826e-03  6.919285e-03  0.000000e+00
     vertex  1.348136e-02 -8.737864e-03  0.000000e+00
     vertex  3.373485e-03  6.943322e-03  0.000000e+00
   endloop
 endfacet
 facet normal  0.000000e+00  0.000000e+00 -1.000000e+00
   outer loop
     vertex  3.583826e-03  6.919285e-03  0.000000e+00
     vertex  1.354728e-02 -8.539198e-03  0.000000e+00
     vertex  1.348136e-02 -8.737864e-03  0.000000e+00
   endloop
 endfacet
 facet normal  0.000000e+00  0.000000e+00 -1.000000e+00
   outer loop
     vertex  1.220535e-02 -4.445166e-02  0.000000e+00
     vertex -1.845735e-02 -4.545639e-02  0.000000e+00
     vertex -1.852176e-02 -4.530427e-02  0.000000e+00
   endloop
 endfacet
 facet normal  0.000000e+00  0.000000e+00 -1.000000e+00
   outer loop
     vertex  1.220535e-02 -4.445166e-02  0.000000e+00
     vertex  1.214346e-02 -4.462612e-02  0.000000e+00
     vertex -1.845735e-02 -4.545639e-02  0.000000e+00
   endloop
 endfacet
 facet normal  0.000000e+00  0.000000e+00 -1.000000e+00
   outer loop
     vertex  3.793646e-03  6.894829e-03  0.000000e+00
     vertex  1.361284e-02 -8.340165e-03  0.000000e+00
     vertex  1.354728e-02 -8.539198e-03  0.000000e+00
   endloop
 endfacet
 facet normal -0.000000e+00 -0.000000e+00 -1.000000e+00
   outer loop
     vertex  3.793646e-03  6.894829e-03  0.000000e+00
     vertex  1.354728e-02 -8.539198e-03  0.000000e+00
     vertex  3.583826e-03  6.919285e-03  0.000000e+00
   endloop
 endfacet
 facet normal  0.000000e+00  0.000000e+00 -1.000000e+00
   outer loop
     vertex  4.002863e-03  6.869933e-03  0.000000e+00
     vertex  1.367793e-02 -8.140793e-03  0.000000e+00
     vertex  1.361284e-02 -8.340165e-03  0.000000e+00
   endloop
 endfacet
 facet normal -0.000000e+00 -0.000000e+00 -1.000000e+00
   outer loop
     vertex  4.002863e-03  6.869933e-03  0.000000e+00
     vertex  1.361284e-02 -8.340165e-03  0.000000e+00
     vertex  3.793646e-03  6.894829e-03  0.000000e+00
   endloop
 endfacet
 facet normal -0.000000e+00 -0.000000e+00 -1.000000e+00
   outer loop
     vertex  4.211396e-03  6.844578e-03  0.000000e+00
     vertex  1.367793e-02 -8.140793e-03  0.000000e+00
     vertex  4.002863e-03  6.869933e-03  0.000000e+00
   endloop
 endfacet
 facet normal  0.000000e+00  0.000000e+00 -1.000000e+00
   outer loop
     vertex  4.211396e-03  6.844578e-03  0.000000e+00
     vertex  1.374242e-02 -7.941114e-03  0.000000e+00
     vertex  1.367793e-02 -8.140793e-03  0.000000e+00
   endloop
 endfacet
 facet normal -0.000000e+00 -0.000000e+00 -1.000000e+00
   outer loop
     vertex  4.419163e-03  6.818740e-03  0.000000e+00
     vertex  1.374242e-02 -7.941114e-03  0.000000e+00
     vertex  4.211396e-03  6.844578e-03  0.000000e+00
   endloop
 endfacet
 facet normal  0.000000e+00  0.000000e+00 -1.000000e+00
   outer loop
     vertex  4.419163e-03  6.818740e-03  0.000000e+00
     vertex  1.380621e-02 -7.741158e-03  0.000000e+00
     vertex  1.374242e-02 -7.941114e-03  0.000000e+00
   endloop
 endfacet
 facet normal  0.000000e+00  0.000000e+00 -1.000000e+00
   outer loop
     vertex  4.626082e-03  6.792399e-03  0.000000e+00
     vertex  1.386917e-02 -7.540959e-03  0.000000e+00
     vertex  1.380621e-02 -7.741158e-03  0.000000e+00
   endloop
 endfacet
 facet normal -0.000000e+00 -0.000000e+00 -1.000000e+00
   outer loop
     vertex  4.626082e-03  6.792399e-03  0.000000e+00
     vertex  1.380621e-02 -7.741158e-03  0.000000e+00
     vertex  4.419163e-03  6.818740e-03  0.000000e+00
   endloop
 endfacet
 facet normal  0.000000e+00  0.000000e+00 -1.000000e+00
   outer loop
     vertex  1.226685e-02 -4.427660e-02  0.000000e+00
     vertex  1.220535e-02 -4.445166e-02  0.000000e+00
     vertex -1.852176e-02 -4.530427e-02  0.000000e+00
   endloop
 endfacet
 facet normal -0.000000e+00 -0.000000e+00 -1.000000e+00
   outer loop
     vertex  4.832069e-03  6.765532e-03  0.000000e+00
     vertex  1.386917e-02 -7.540959e-03  0.000000e+00
     vertex  4.626082e-03  6.792399e-03  0.000000e+00
   endloop
 endfacet
 facet normal  0.000000e+00  0.000000e+00 -1.000000e+00
   outer loop
     vertex  4.832069e-03  6.765532e-03  0.000000e+00
     vertex  1.393120e-02 -7.340550e-03  0.000000e+00
     vertex  1.386917e-02 -7.540959e-03  0.000000e+00
   endloop
 endfacet
 facet normal -0.000000e+00 -0.000000e+00 -1.000000e+00
   outer loop
     vertex  5.037044e-03  6.738117e-03  0.000000e+00
     vertex  1.393120e-02 -7.340550e-03  0.000000e+00
     vertex  4.832069e-03  6.765532e-03  0.000000e+00
   endloop
 endfacet
 facet normal  0.000000e+00  0.000000e+00 -1.000000e+00
   outer loop
     vertex  5.037044e-03  6.738117e-03  0.000000e+00
     vertex  1.399218e-02 -7.139964e-03  0.000000e+00
     vertex  1.393120e-02 -7.340550e-03  0.000000e+00
   endloop
 endfacet
 facet normal  0.000000e+00  0.000000e+00 -1.000000e+00
   outer loop
     vertex  1.226685e-02 -4.427660e-02  0.000000e+00
     vertex -1.858545e-02 -4.515192e-02  0.000000e+00
     vertex -1.864845e-02 -4.499937e-02  0.000000e+00
   endloop
 endfacet
 facet normal  0.000000e+00  0.000000e+00 -1.000000e+00
   outer loop
     vertex  1.226685e-02 -4.427660e-02  0.000000e+00
     vertex -1.852176e-02 -4.530427e-02  0.000000e+00
     vertex -1.858545e-02 -4.515192e-02  0.000000e+00
   endloop
 endfacet
 facet normal -0.000000e+00 -0.000000e+00 -1.000000e+00
   outer loop
     vertex  5.240924e-03  6.710131e-03  0.000000e+00
     vertex  1.399218e-02 -7.139964e-03  0.000000e+00
     vertex  5.037044e-03  6.738117e-03  0.000000e+00
   endloop
 endfacet
 facet normal  0.000000e+00  0.000000e+00 -1.000000e+00
   outer loop
     vertex  5.240924e-03  6.710131e-03  0.000000e+00
     vertex  1.405200e-02 -6.939238e-03  0.000000e+00
     vertex  1.399218e-02 -7.139964e-03  0.000000e+00
   endloop
 endfacet
 facet normal  0.000000e+00  0.000000e+00 -1.000000e+00
   outer loop
     vertex  5.240924e-03  6.710131e-03  0.000000e+00
     vertex  1.411056e-02 -6.738409e-03  0.000000e+00
     vertex  1.405200e-02 -6.939238e-03  0.000000e+00
   endloop
 endfacet
 facet normal -0.000000e+00 -0.000000e+00 -1.000000e+00
   outer loop
     vertex  5.443630e-03  6.681550e-03  0.000000e+00
     vertex  1.411056e-02 -6.738409e-03  0.000000e+00
     vertex  5.240924e-03  6.710131e-03  0.000000e+00
   endloop
 endfacet
 facet normal  0.000000e+00  0.000000e+00 -1.000000e+00
   outer loop
     vertex  5.443630e-03  6.681550e-03  0.000000e+00
     vertex  1.416773e-02 -6.537513e-03  0.000000e+00
     vertex  1.411056e-02 -6.738409e-03  0.000000e+00
   endloop
 endfacet
 facet normal -0.000000e+00 -0.000000e+00 -1.000000e+00
   outer loop
     vertex  5.645081e-03  6.652351e-03  0.000000e+00
     vertex  1.416773e-02 -6.537513e-03  0.000000e+00
     vertex  5.443630e-03  6.681550e-03  0.000000e+00
   endloop
 endfacet
 facet normal  0.000000e+00  0.000000e+00 -1.000000e+00
   outer loop
     vertex  5.645081e-03  6.652351e-03  0.000000e+00
     vertex  1.422341e-02 -6.336589e-03  0.000000e+00
     vertex  1.416773e-02 -6.537513e-03  0.000000e+00
   endloop
 endfacet
 facet normal -0.000000e+00 -0.000000e+00 -1.000000e+00
   outer loop
     vertex  5.845198e-03  6.622508e-03  0.000000e+00
     vertex  1.422341e-02 -6.336589e-03  0.000000e+00
     vertex  5.645081e-03  6.652351e-03  0.000000e+00
   endloop
 endfacet
 facet normal  0.000000e+00  0.000000e+00 -1.000000e+00
   outer loop
     vertex  5.845198e-03  6.622508e-03  0.000000e+00
     vertex  1.427750e-02 -6.135677e-03  0.000000e+00
     vertex  1.422341e-02 -6.336589e-03  0.000000e+00
   endloop
 endfacet
 facet normal -0.000000e+00 -0.000000e+00 -1.000000e+00
   outer loop
     vertex  6.043904e-03  6.591998e-03  0.000000e+00
     vertex  1.427750e-02 -6.135677e-03  0.000000e+00
     vertex  5.845198e-03  6.622508e-03  0.000000e+00
   endloop
 endfacet
 facet normal  0.000000e+00  0.000000e+00 -1.000000e+00
   outer loop
     vertex  6.043904e-03  6.591998e-03  0.000000e+00
     vertex  1.432990e-02 -5.934817e-03  0.000000e+00
     vertex  1.427750e-02 -6.135677e-03  0.000000e+00
   endloop
 endfacet
 facet normal -0.000000e+00 -0.000000e+00 -1.000000e+00
   outer loop
     vertex  6.241122e-03  6.560793e-03  0.000000e+00
     vertex  1.432990e-02 -5.934817e-03  0.000000e+00
     vertex  6.043904e-03  6.591998e-03  0.000000e+00
   endloop
 endfacet
 facet normal  0.000000e+00  0.000000e+00 -1.000000e+00
   outer loop
     vertex  6.241122e-03  6.560793e-03  0.000000e+00
     vertex  1.438049e-02 -5.734050e-03  0.000000e+00
     vertex  1.432990e-02 -5.934817e-03  0.000000e+00
   endloop
 endfacet
 facet normal  0.000000e+00  0.000000e+00 -1.000000e+00
   outer loop
     vertex  6.241122e-03  6.560793e-03  0.000000e+00
     vertex  1.442919e-02 -5.533420e-03  0.000000e+00
     vertex  1.438049e-02 -5.734050e-03  0.000000e+00
   endloop
 endfacet
 facet normal -0.000000e+00 -0.000000e+00 -1.000000e+00
   outer loop
     vertex  6.436776e-03  6.528867e-03  0.000000e+00
     vertex  1.442919e-02 -5.533420e-03  0.000000e+00
     vertex  6.241122e-03  6.560793e-03  0.000000e+00
   endloop
 endfacet
 facet normal  0.000000e+00  0.000000e+00 -1.000000e+00
   outer loop
     vertex  6.436776e-03  6.528867e-03  0.000000e+00
     vertex  1.447590e-02 -5.332970e-03  0.000000e+00
     vertex  1.442919e-02 -5.533420e-03  0.000000e+00
   endloop
 endfacet
 facet normal -0.000000e+00 -0.000000e+00 -1.000000e+00
   outer loop
     vertex  6.630795e-03  6.496193e-03  0.000000e+00
     vertex  1.447590e-02 -5.332970e-03  0.000000e+00
     vertex  6.436776e-03  6.528867e-03  0.000000e+00
   endloop
 endfacet
 facet normal  0.000000e+00  0.000000e+00 -1.000000e+00
   outer loop
     vertex  6.630795e-03  6.496193e-03  0.000000e+00
     vertex  1.452052e-02 -5.132744e-03  0.000000e+00
     vertex  1.447590e-02 -5.332970e-03  0.000000e+00
   endloop
 endfacet
 facet normal -0.000000e+00 -0.000000e+00 -1.000000e+00
   outer loop
     vertex  6.823105e-03  6.462742e-03  0.000000e+00
     vertex  1.452052e-02 -5.132744e-03  0.000000e+00
     vertex  6.630795e-03  6.496193e-03  0.000000e+00
   endloop
 endfacet
 facet normal  0.000000e+00  0.000000e+00 -1.000000e+00
   outer loop
     vertex  1.232798e-02 -4.410095e-02  0.000000e+00
     vertex -1.864845e-02 -4.499937e-02  0.000000e+00
     vertex -1.871076e-02 -4.484662e-02  0.000000e+00
   endloop
 endfacet
 facet normal  0.000000e+00  0.000000e+00 -1.000000e+00
   outer loop
     vertex  1.232798e-02 -4.410095e-02  0.000000e+00
     vertex  1.226685e-02 -4.427660e-02  0.000000e+00
     vertex -1.864845e-02 -4.499937e-02  0.000000e+00
   endloop
 endfacet
 facet normal  0.000000e+00  0.000000e+00 -1.000000e+00
   outer loop
     vertex  6.823105e-03  6.462742e-03  0.000000e+00
     vertex  1.456297e-02 -4.932788e-03  0.000000e+00
     vertex  1.452052e-02 -5.132744e-03  0.000000e+00
   endloop
 endfacet
 facet normal  0.000000e+00  0.000000e+00 -1.000000e+00
   outer loop
     vertex  6.823105e-03  6.462742e-03  0.000000e+00
     vertex  1.460314e-02 -4.733148e-03  0.000000e+00
     vertex  1.456297e-02 -4.932788e-03  0.000000e+00
   endloop
 endfacet
 facet normal -0.000000e+00 -0.000000e+00 -1.000000e+00
   outer loop
     vertex  7.013638e-03  6.428486e-03  0.000000e+00
     vertex  1.460314e-02 -4.733148e-03  0.000000e+00
     vertex  6.823105e-03  6.462742e-03  0.000000e+00
   endloop
 endfacet
 facet normal  0.000000e+00  0.000000e+00 -1.000000e+00
   outer loop
     vertex  7.013638e-03  6.428486e-03  0.000000e+00
     vertex  1.464097e-02 -4.533872e-03  0.000000e+00
     vertex  1.460314e-02 -4.733148e-03  0.000000e+00
   endloop
 endfacet
 facet normal -0.000000e+00 -0.000000e+00 -1.000000e+00
   outer loop
     vertex  7.202326e-03  6.393395e-03  0.000000e+00
     vertex  1.464097e-02 -4.533872e-03  0.000000e+00
     vertex  7.013638e-03  6.428486e-03  0.000000e+00
   endloop
 endfacet
 facet normal  0.000000e+00  0.000000e+00 -1.000000e+00
   outer loop
     vertex  7.202326e-03  6.393395e-03  0.000000e+00
     vertex  1.467637e-02 -4.335009e-03  0.000000e+00
     vertex  1.464097e-02 -4.533872e-03  0.000000e+00
   endloop
 endfacet
 facet normal  0.000000e+00  0.000000e+00 -1.000000e+00
   outer loop
     vertex  7.389105e-03  6.357437e-03  0.000000e+00
     vertex  1.473958e-02 -3.938717e-03  0.000000e+00
     vertex  1.470927e-02 -4.136607e-03  0.000000e+00
   endloop
 endfacet
 facet normal -0.000000e+00 -0.000000e+00 -1.000000e+00
   outer loop
     vertex  7.389105e-03  6.357437e-03  0.000000e+00
     vertex  1.467637e-02 -4.335009e-03  0.000000e+00
     vertex  7.202326e-03  6.393395e-03  0.000000e+00
   endloop
 endfacet
 facet normal  0.000000e+00  0.000000e+00 -1.000000e+00
   outer loop
     vertex  7.389105e-03  6.357437e-03  0.000000e+00
     vertex  1.470927e-02 -4.136607e-03  0.000000e+00
     vertex  1.467637e-02 -4.335009e-03  0.000000e+00
   endloop
 endfacet
 facet normal  0.000000e+00  0.000000e+00 -1.000000e+00
   outer loop
     vertex  7.573912e-03  6.320580e-03  0.000000e+00
     vertex  1.476724e-02 -3.741391e-03  0.000000e+00
     vertex  1.473958e-02 -3.938717e-03  0.000000e+00
   endloop
 endfacet
 facet normal -0.000000e+00 -0.000000e+00 -1.000000e+00
   outer loop
     vertex  7.573912e-03  6.320580e-03  0.000000e+00
     vertex  1.473958e-02 -3.938717e-03  0.000000e+00
     vertex  7.389105e-03  6.357437e-03  0.000000e+00
   endloop
 endfacet
 facet normal  0.000000e+00  0.000000e+00 -1.000000e+00
   outer loop
     vertex  7.756686e-03  6.282792e-03  0.000000e+00
     vertex  1.479219e-02 -3.544682e-03  0.000000e+00
     vertex  1.476724e-02 -3.741391e-03  0.000000e+00
   endloop
 endfacet
 facet normal  0.000000e+00  0.000000e+00 -1.000000e+00
   outer loop
     vertex  7.756686e-03  6.282792e-03  0.000000e+00
     vertex  1.481437e-02 -3.348642e-03  0.000000e+00
     vertex  1.479219e-02 -3.544682e-03  0.000000e+00
   endloop
 endfacet
 facet normal -0.000000e+00 -0.000000e+00 -1.000000e+00
   outer loop
     vertex  7.756686e-03  6.282792e-03  0.000000e+00
     vertex  1.476724e-02 -3.741391e-03  0.000000e+00
     vertex  7.573912e-03  6.320580e-03  0.000000e+00
   endloop
 endfacet
 facet normal  0.000000e+00  0.000000e+00 -1.000000e+00
   outer loop
     vertex  7.937373e-03  6.244039e-03  0.000000e+00
     vertex  1.483371e-02 -3.153326e-03  0.000000e+00
     vertex  1.481437e-02 -3.348642e-03  0.000000e+00
   endloop
 endfacet
 facet normal  0.000000e+00  0.000000e+00 -1.000000e+00
   outer loop
     vertex  7.937373e-03  6.244039e-03  0.000000e+00
     vertex  1.485017e-02 -2.958789e-03  0.000000e+00
     vertex  1.483371e-02 -3.153326e-03  0.000000e+00
   endloop
 endfacet
 facet normal -0.000000e+00 -0.000000e+00 -1.000000e+00
   outer loop
     vertex  7.937373e-03  6.244039e-03  0.000000e+00
     vertex  1.481437e-02 -3.348642e-03  0.000000e+00
     vertex  7.756686e-03  6.282792e-03  0.000000e+00
   endloop
 endfacet
 facet normal  0.000000e+00  0.000000e+00 -1.000000e+00
   outer loop
     vertex  8.115917e-03  6.204284e-03  0.000000e+00
     vertex  1.486370e-02 -2.765088e-03  0.000000e+00
     vertex  1.485017e-02 -2.958789e-03  0.000000e+00
   endloop
 endfacet
 facet normal -0.000000e+00 -0.000000e+00 -1.000000e+00
   outer loop
     vertex  8.115917e-03  6.204284e-03  0.000000e+00
     vertex  1.485017e-02 -2.958789e-03  0.000000e+00
     vertex  7.937373e-03  6.244039e-03  0.000000e+00
   endloop
 endfacet
 facet normal  0.000000e+00  0.000000e+00 -1.000000e+00
   outer loop
     vertex  8.292268e-03  6.163493e-03  0.000000e+00
     vertex  1.487426e-02 -2.572280e-03  0.000000e+00
     vertex  1.486370e-02 -2.765088e-03  0.000000e+00
   endloop
 endfacet
 facet normal  0.000000e+00  0.000000e+00 -1.000000e+00
   outer loop
     vertex  8.292268e-03  6.163493e-03  0.000000e+00
     vertex  1.488181e-02 -2.380424e-03  0.000000e+00
     vertex  1.487426e-02 -2.572280e-03  0.000000e+00
   endloop
 endfacet
 facet normal -0.000000e+00 -0.000000e+00 -1.000000e+00
   outer loop
     vertex  8.292268e-03  6.163493e-03  0.000000e+00
     vertex  1.486370e-02 -2.765088e-03  0.000000e+00
     vertex  8.115917e-03  6.204284e-03  0.000000e+00
   endloop
 endfacet
 facet normal  0.000000e+00  0.000000e+00 -1.000000e+00
   outer loop
     vertex  8.466379e-03  6.121626e-03  0.000000e+00
     vertex  1.488633e-02 -2.189578e-03  0.000000e+00
     vertex  1.488181e-02 -2.380424e-03  0.000000e+00
   endloop
 endfacet
 facet normal  0.000000e+00  0.000000e+00 -1.000000e+00
   outer loop
     vertex  8.466379e-03  6.121626e-03  0.000000e+00
     vertex  1.488779e-02 -1.999804e-03  0.000000e+00
     vertex  1.488633e-02 -2.189578e-03  0.000000e+00
   endloop
 endfacet
 facet normal  0.000000e+00  0.000000e+00 -1.000000e+00
   outer loop
     vertex  1.238872e-02 -4.392475e-02  0.000000e+00
     vertex -1.877239e-02 -4.469368e-02  0.000000e+00
     vertex -1.883335e-02 -4.454057e-02  0.000000e+00
   endloop
 endfacet
 facet normal  0.000000e+00  0.000000e+00 -1.000000e+00
   outer loop
     vertex  1.238872e-02 -4.392475e-02  0.000000e+00
     vertex -1.871076e-02 -4.484662e-02  0.000000e+00
     vertex -1.877239e-02 -4.469368e-02  0.000000e+00
   endloop
 endfacet
 facet normal  0.000000e+00  0.000000e+00 -1.000000e+00
   outer loop
     vertex  1.238872e-02 -4.392475e-02  0.000000e+00
     vertex  1.232798e-02 -4.410095e-02  0.000000e+00
     vertex -1.871076e-02 -4.484662e-02  0.000000e+00
   endloop
 endfacet
 facet normal -0.000000e+00 -0.000000e+00 -1.000000e+00
   outer loop
     vertex  8.466379e-03  6.121626e-03  0.000000e+00
     vertex  1.488181e-02 -2.380424e-03  0.000000e+00
     vertex  8.292268e-03  6.163493e-03  0.000000e+00
   endloop
 endfacet
 facet normal  0.000000e+00  0.000000e+00 -1.000000e+00
   outer loop
     vertex  8.638206e-03  6.078646e-03  0.000000e+00
     vertex  1.488616e-02 -1.811162e-03  0.000000e+00
     vertex  1.488779e-02 -1.999804e-03  0.000000e+00
   endloop
 endfacet
 facet normal  0.000000e+00  0.000000e+00 -1.000000e+00
   outer loop
     vertex  8.638206e-03  6.078646e-03  0.000000e+00
     vertex  1.488144e-02 -1.623714e-03  0.000000e+00
     vertex  1.488616e-02 -1.811162e-03  0.000000e+00
   endloop
 endfacet
 facet normal -0.000000e+00 -0.000000e+00 -1.000000e+00
   outer loop
     vertex  8.638206e-03  6.078646e-03  0.000000e+00
     vertex  1.488779e-02 -1.999804e-03  0.000000e+00
     vertex  8.466379e-03  6.121626e-03  0.000000e+00
   endloop
 endfacet
 facet normal  0.000000e+00  0.000000e+00 -1.000000e+00
   outer loop
     vertex  8.807709e-03  6.034512e-03  0.000000e+00
     vertex  1.487363e-02 -1.437523e-03  0.000000e+00
     vertex  1.488144e-02 -1.623714e-03  0.000000e+00
   endloop
 endfacet
 facet normal  0.000000e+00  0.000000e+00 -1.000000e+00
   outer loop
     vertex  8.807709e-03  6.034512e-03  0.000000e+00
     vertex  1.486271e-02 -1.252655e-03  0.000000e+00
     vertex  1.487363e-02 -1.437523e-03  0.000000e+00
   endloop
 endfacet
 facet normal -0.000000e+00 -0.000000e+00 -1.000000e+00
   outer loop
     vertex  8.807709e-03  6.034512e-03  0.000000e+00
     vertex  1.488144e-02 -1.623714e-03  0.000000e+00
     vertex  8.638206e-03  6.078646e-03  0.000000e+00
   endloop
 endfacet
 facet normal  0.000000e+00  0.000000e+00 -1.000000e+00
   outer loop
     vertex  8.974853e-03  5.989182e-03  0.000000e+00
     vertex  1.484869e-02 -1.069173e-03  0.000000e+00
     vertex  1.486271e-02 -1.252655e-03  0.000000e+00
   endloop
 endfacet
 facet normal  0.000000e+00  0.000000e+00 -1.000000e+00
   outer loop
     vertex  8.974853e-03  5.989182e-03  0.000000e+00
     vertex  1.483159e-02 -8.871430e-04  0.000000e+00
     vertex  1.484869e-02 -1.069173e-03  0.000000e+00
   endloop
 endfacet
 facet normal -0.000000e+00 -0.000000e+00 -1.000000e+00
   outer loop
     vertex  8.974853e-03  5.989182e-03  0.000000e+00
     vertex  1.486271e-02 -1.252655e-03  0.000000e+00
     vertex  8.807709e-03  6.034512e-03  0.000000e+00
   endloop
 endfacet
 facet normal -0.000000e+00 -0.000000e+00 -1.000000e+00
   outer loop
     vertex  9.139606e-03  5.942613e-03  0.000000e+00
     vertex  1.483159e-02 -8.871430e-04  0.000000e+00
     vertex  8.974853e-03  5.989182e-03  0.000000e+00
   endloop
 endfacet
 facet normal  0.000000e+00  0.000000e+00 -1.000000e+00
   outer loop
     vertex  9.139606e-03  5.942613e-03  0.000000e+00
     vertex  1.481143e-02 -7.066310e-04  0.000000e+00
     vertex  1.483159e-02 -8.871430e-04  0.000000e+00
   endloop
 endfacet
 facet normal  0.000000e+00  0.000000e+00 -1.000000e+00
   outer loop
     vertex  9.301940e-03  5.894761e-03  0.000000e+00
     vertex  1.478821e-02 -5.277030e-04  0.000000e+00
     vertex  1.481143e-02 -7.066310e-04  0.000000e+00
   endloop
 endfacet
 facet normal -0.000000e+00 -0.000000e+00 -1.000000e+00
   outer loop
     vertex  9.301940e-03  5.894761e-03  0.000000e+00
     vertex  1.481143e-02 -7.066310e-04  0.000000e+00
     vertex  9.139606e-03  5.942613e-03  0.000000e+00
   endloop
 endfacet
 facet normal  0.000000e+00  0.000000e+00 -1.000000e+00
   outer loop
     vertex  9.301940e-03  5.894761e-03  0.000000e+00
     vertex  1.476198e-02 -3.504250e-04  0.000000e+00
     vertex  1.478821e-02 -5.277030e-04  0.000000e+00
   endloop
 endfacet
 facet normal -0.000000e+00 -0.000000e+00 -1.000000e+00
   outer loop
     vertex  9.461831e-03  5.845580e-03  0.000000e+00
     vertex  1.476198e-02 -3.504250e-04  0.000000e+00
     vertex  9.301940e-03  5.894761e-03  0.000000e+00
   endloop
 endfacet
 facet normal  0.000000e+00  0.000000e+00 -1.000000e+00
   outer loop
     vertex  9.461831e-03  5.845580e-03  0.000000e+00
     vertex  1.473276e-02 -1.748630e-04  0.000000e+00
     vertex  1.476198e-02 -3.504250e-04  0.000000e+00
   endloop
 endfacet
 facet normal  0.000000e+00  0.000000e+00 -1.000000e+00
   outer loop
     vertex  9.461831e-03  5.845580e-03  0.000000e+00
     vertex  1.470058e-02 -1.083000e-06  0.000000e+00
     vertex  1.473276e-02 -1.748630e-04  0.000000e+00
   endloop
 endfacet
 facet normal -0.000000e+00 -0.000000e+00 -1.000000e+00
   outer loop
     vertex  9.619262e-03  5.795022e-03  0.000000e+00
     vertex  1.470058e-02 -1.083000e-06  0.000000e+00
     vertex  9.461831e-03  5.845580e-03  0.000000e+00
   endloop
 endfacet
 facet normal  0.000000e+00  0.000000e+00 -1.000000e+00
   outer loop
     vertex  9.619262e-03  5.795022e-03  0.000000e+00
     vertex  1.466548e-02  1.708520e-04  0.000000e+00
     vertex  1.470058e-02 -1.083000e-06  0.000000e+00
   endloop
 endfacet
 facet normal  0.000000e+00  0.000000e+00 -1.000000e+00
   outer loop
     vertex  9.619262e-03  5.795022e-03  0.000000e+00
     vertex  1.462750e-02  3.408750e-04  0.000000e+00
     vertex  1.466548e-02  1.708520e-04  0.000000e+00
   endloop
 endfacet
 facet normal  0.000000e+00  0.000000e+00 -1.000000e+00
   outer loop
     vertex  9.774218e-03  5.743038e-03  0.000000e+00
     vertex  1.458668e-02  5.089260e-04  0.000000e+00
     vertex  1.462750e-02  3.408750e-04  0.000000e+00
   endloop
 endfacet
 facet normal  0.000000e+00  0.000000e+00 -1.000000e+00
   outer loop
     vertex  9.774218e-03  5.743038e-03  0.000000e+00
     vertex  1.454307e-02  6.749400e-04  0.000000e+00
     vertex  1.458668e-02  5.089260e-04  0.000000e+00
   endloop
 endfacet
 facet normal -0.000000e+00 -0.000000e+00 -1.000000e+00
   outer loop
     vertex  9.774218e-03  5.743038e-03  0.000000e+00
     vertex  1.462750e-02  3.408750e-04  0.000000e+00
     vertex  9.619262e-03  5.795022e-03  0.000000e+00
   endloop
 endfacet
 facet normal -0.000000e+00 -0.000000e+00 -1.000000e+00
   outer loop
     vertex  9.926691e-03  5.689577e-03  0.000000e+00
     vertex  1.454307e-02  6.749400e-04  0.000000e+00
     vertex  9.774218e-03  5.743038e-03  0.000000e+00
   endloop
 endfacet
 facet normal  0.000000e+00  0.000000e+00 -1.000000e+00
   outer loop
     vertex  9.926691e-03  5.689577e-03  0.000000e+00
     vertex  1.449672e-02  8.388580e-04  0.000000e+00
     vertex  1.454307e-02  6.749400e-04  0.000000e+00
   endloop
 endfacet
 facet normal  0.000000e+00  0.000000e+00 -1.000000e+00
   outer loop
     vertex  9.926691e-03  5.689577e-03  0.000000e+00
     vertex  1.444767e-02  1.000621e-03  0.000000e+00
     vertex  1.449672e-02  8.388580e-04  0.000000e+00
   endloop
 endfacet
 facet normal -0.000000e+00 -0.000000e+00 -1.000000e+00
   outer loop
     vertex  1.007668e-02  5.634588e-03  0.000000e+00
     vertex  1.444767e-02  1.000621e-03  0.000000e+00
     vertex  9.926691e-03  5.689577e-03  0.000000e+00
   endloop
 endfacet
 facet normal  0.000000e+00  0.000000e+00 -1.000000e+00
   outer loop
     vertex  1.007668e-02  5.634588e-03  0.000000e+00
     vertex  1.439597e-02  1.160170e-03  0.000000e+00
     vertex  1.444767e-02  1.000621e-03  0.000000e+00
   endloop
 endfacet
 facet normal  0.000000e+00  0.000000e+00 -1.000000e+00
   outer loop
     vertex  1.007668e-02  5.634588e-03  0.000000e+00
     vertex  1.434168e-02  1.317452e-03  0.000000e+00
     vertex  1.439597e-02  1.160170e-03  0.000000e+00
   endloop
 endfacet
 facet normal -0.000000e+00 -0.000000e+00 -1.000000e+00
   outer loop
     vertex  1.022417e-02  5.578015e-03  0.000000e+00
     vertex  1.434168e-02  1.317452e-03  0.000000e+00
     vertex  1.007668e-02  5.634588e-03  0.000000e+00
   endloop
 endfacet
 facet normal  0.000000e+00  0.000000e+00 -1.000000e+00
   outer loop
     vertex  1.022417e-02  5.578015e-03  0.000000e+00
     vertex  1.428484e-02  1.472411e-03  0.000000e+00
     vertex  1.434168e-02  1.317452e-03  0.000000e+00
   endloop
 endfacet
 facet normal  0.000000e+00  0.000000e+00 -1.000000e+00
   outer loop
     vertex  1.036919e-02  5.519805e-03  0.000000e+00
     vertex  1.422550e-02  1.624998e-03  0.000000e+00
     vertex  1.428484e-02  1.472411e-03  0.000000e+00
   endloop
 endfacet
 facet normal -0.000000e+00 -0.000000e+00 -1.000000e+00
   outer loop
     vertex  1.036919e-02  5.519805e-03  0.000000e+00
     vertex  1.428484e-02  1.472411e-03  0.000000e+00
     vertex  1.022417e-02  5.578015e-03  0.000000e+00
   endloop
 endfacet
 facet normal -0.000000e+00 -0.000000e+00 -1.000000e+00
   outer loop
     vertex  1.416372e-02  1.775164e-03  0.000000e+00
     vertex  1.422550e-02  1.624998e-03  0.000000e+00
     vertex  1.036919e-02  5.519805e-03  0.000000e+00
   endloop
 endfacet
 facet normal -0.000000e+00 -0.000000e+00 -1.000000e+00
   outer loop
     vertex  1.051173e-02  5.459901e-03  0.000000e+00
     vertex  1.416372e-02  1.775164e-03  0.000000e+00
     vertex  1.036919e-02  5.519805e-03  0.000000e+00
   endloop
 endfacet
 facet normal -0.000000e+00 -0.000000e+00 -1.000000e+00
   outer loop
     vertex  1.409955e-02  1.922862e-03  0.000000e+00
     vertex  1.416372e-02  1.775164e-03  0.000000e+00
     vertex  1.051173e-02  5.459901e-03  0.000000e+00
   endloop
 endfacet
 facet normal -0.000000e+00 -0.000000e+00 -1.000000e+00
   outer loop
     vertex  1.403303e-02  2.068050e-03  0.000000e+00
     vertex  1.409955e-02  1.922862e-03  0.000000e+00
     vertex  1.051173e-02  5.459901e-03  0.000000e+00
   endloop
 endfacet
 facet normal  0.000000e+00  0.000000e+00 -1.000000e+00
   outer loop
     vertex  1.403303e-02  2.068050e-03  0.000000e+00
     vertex  1.051173e-02  5.459901e-03  0.000000e+00
     vertex  1.065181e-02  5.398248e-03  0.000000e+00
   endloop
 endfacet
 facet normal -0.000000e+00 -0.000000e+00 -1.000000e+00
   outer loop
     vertex  1.396420e-02  2.210689e-03  0.000000e+00
     vertex  1.403303e-02  2.068050e-03  0.000000e+00
     vertex  1.065181e-02  5.398248e-03  0.000000e+00
   endloop
 endfacet
 facet normal  0.000000e+00  0.000000e+00 -1.000000e+00
   outer loop
     vertex  1.396420e-02  2.210689e-03  0.000000e+00
     vertex  1.065181e-02  5.398248e-03  0.000000e+00
     vertex  1.078945e-02  5.334787e-03  0.000000e+00
   endloop
 endfacet
 facet normal -0.000000e+00 -0.000000e+00 -1.000000e+00
   outer loop
     vertex  1.389312e-02  2.350740e-03  0.000000e+00
     vertex  1.396420e-02  2.210689e-03  0.000000e+00
     vertex  1.078945e-02  5.334787e-03  0.000000e+00
   endloop
 endfacet
 facet normal -0.000000e+00 -0.000000e+00 -1.000000e+00
   outer loop
     vertex  1.381983e-02  2.488173e-03  0.000000e+00
     vertex  1.389312e-02  2.350740e-03  0.000000e+00
     vertex  1.078945e-02  5.334787e-03  0.000000e+00
   endloop
 endfacet
 facet normal  0.000000e+00  0.000000e+00 -1.000000e+00
   outer loop
     vertex  1.381983e-02  2.488173e-03  0.000000e+00
     vertex  1.078945e-02  5.334787e-03  0.000000e+00
     vertex  1.092466e-02  5.269463e-03  0.000000e+00
   endloop
 endfacet
 facet normal -0.000000e+00 -0.000000e+00 -1.000000e+00
   outer loop
     vertex  1.374437e-02  2.622956e-03  0.000000e+00
     vertex  1.381983e-02  2.488173e-03  0.000000e+00
     vertex  1.092466e-02  5.269463e-03  0.000000e+00
   endloop
 endfacet
 facet normal  0.000000e+00  0.000000e+00 -1.000000e+00
   outer loop
     vertex  1.374437e-02  2.622956e-03  0.000000e+00
     vertex  1.092466e-02  5.269463e-03  0.000000e+00
     vertex  1.105746e-02  5.202217e-03  0.000000e+00
   endloop
 endfacet
 facet normal -0.000000e+00 -0.000000e+00 -1.000000e+00
   outer loop
     vertex  1.366676e-02  2.755065e-03  0.000000e+00
     vertex  1.374437e-02  2.622956e-03  0.000000e+00
     vertex  1.105746e-02  5.202217e-03  0.000000e+00
   endloop
 endfacet
 facet normal  0.000000e+00  0.000000e+00 -1.000000e+00
   outer loop
     vertex  1.366676e-02  2.755065e-03  0.000000e+00
     vertex  1.105746e-02  5.202217e-03  0.000000e+00
     vertex  1.118788e-02  5.132993e-03  0.000000e+00
   endloop
 endfacet
 facet normal -0.000000e+00 -0.000000e+00 -1.000000e+00
   outer loop
     vertex  1.358706e-02  2.884477e-03  0.000000e+00
     vertex  1.366676e-02  2.755065e-03  0.000000e+00
     vertex  1.118788e-02  5.132993e-03  0.000000e+00
   endloop
 endfacet
 facet normal  0.000000e+00  0.000000e+00 -1.000000e+00
   outer loop
     vertex  1.350528e-02  3.011177e-03  0.000000e+00
     vertex  1.118788e-02  5.132993e-03  0.000000e+00
     vertex  1.131594e-02  5.061734e-03  0.000000e+00
   endloop
 endfacet
 facet normal -0.000000e+00 -0.000000e+00 -1.000000e+00
   outer loop
     vertex  1.350528e-02  3.011177e-03  0.000000e+00
     vertex  1.358706e-02  2.884477e-03  0.000000e+00
     vertex  1.118788e-02  5.132993e-03  0.000000e+00
   endloop
 endfacet
 facet normal  0.000000e+00  0.000000e+00 -1.000000e+00
   outer loop
     vertex  1.244908e-02 -4.374800e-02  0.000000e+00
     vertex -1.883335e-02 -4.454057e-02  0.000000e+00
     vertex -1.889366e-02 -4.438728e-02  0.000000e+00
   endloop
 endfacet
 facet normal  0.000000e+00  0.000000e+00 -1.000000e+00
   outer loop
     vertex  1.244908e-02 -4.374800e-02  0.000000e+00
     vertex  1.238872e-02 -4.392475e-02  0.000000e+00
     vertex -1.883335e-02 -4.454057e-02  0.000000e+00
   endloop
 endfacet
 facet normal  0.000000e+00  0.000000e+00 -1.000000e+00
   outer loop
     vertex  1.342146e-02  3.135150e-03  0.000000e+00
     vertex  1.131594e-02  5.061734e-03  0.000000e+00
     vertex  1.144166e-02  4.988384e-03  0.000000e+00
   endloop
 endfacet
 facet normal -0.000000e+00 -0.000000e+00 -1.000000e+00
   outer loop
     vertex  1.342146e-02  3.135150e-03  0.000000e+00
     vertex  1.350528e-02  3.011177e-03  0.000000e+00
     vertex  1.131594e-02  5.061734e-03  0.000000e+00
   endloop
 endfacet
 facet normal  0.000000e+00  0.000000e+00 -1.000000e+00
   outer loop
     vertex  1.333561e-02  3.256389e-03  0.000000e+00
     vertex  1.144166e-02  4.988384e-03  0.000000e+00
     vertex  1.156509e-02  4.912888e-03  0.000000e+00
   endloop
 endfacet
 facet normal -0.000000e+00 -0.000000e+00 -1.000000e+00
   outer loop
     vertex  1.333561e-02  3.256389e-03  0.000000e+00
     vertex  1.342146e-02  3.135150e-03  0.000000e+00
     vertex  1.144166e-02  4.988384e-03  0.000000e+00
   endloop
 endfacet
 facet normal  0.000000e+00  0.000000e+00 -1.000000e+00
   outer loop
     vertex  1.324775e-02  3.374891e-03  0.000000e+00
     vertex  1.156509e-02  4.912888e-03  0.000000e+00
     vertex  1.168623e-02  4.835192e-03  0.000000e+00
   endloop
 endfacet
 facet normal -0.000000e+00 -0.000000e+00 -1.000000e+00
   outer loop
     vertex  1.324775e-02  3.374891e-03  0.000000e+00
     vertex  1.333561e-02  3.256389e-03  0.000000e+00
     vertex  1.156509e-02  4.912888e-03  0.000000e+00
   endloop
 endfacet
 facet normal  0.000000e+00  0.000000e+00 -1.000000e+00
   outer loop
     vertex  1.315789e-02  3.490656e-03  0.000000e+00
     vertex  1.168623e-02  4.835192e-03  0.000000e+00
     vertex  1.180513e-02  4.755243e-03  0.000000e+00
   endloop
 endfacet
 facet normal -0.000000e+00 -0.000000e+00 -1.000000e+00
   outer loop
     vertex  1.315789e-02  3.490656e-03  0.000000e+00
     vertex  1.324775e-02  3.374891e-03  0.000000e+00
     vertex  1.168623e-02  4.835192e-03  0.000000e+00
   endloop
 endfacet
 facet normal -0.000000e+00 -0.000000e+00 -1.000000e+00
   outer loop
     vertex  1.306604e-02  3.603692e-03  0.000000e+00
     vertex  1.315789e-02  3.490656e-03  0.000000e+00
     vertex  1.180513e-02  4.755243e-03  0.000000e+00
   endloop
 endfacet
 facet normal  0.000000e+00  0.000000e+00 -1.000000e+00
   outer loop
     vertex  1.297220e-02  3.714010e-03  0.000000e+00
     vertex  1.180513e-02  4.755243e-03  0.000000e+00
     vertex  1.192180e-02  4.672990e-03  0.000000e+00
   endloop
 endfacet
 facet normal -0.000000e+00 -0.000000e+00 -1.000000e+00
   outer loop
     vertex  1.297220e-02  3.714010e-03  0.000000e+00
     vertex  1.306604e-02  3.603692e-03  0.000000e+00
     vertex  1.180513e-02  4.755243e-03  0.000000e+00
   endloop
 endfacet
 facet normal  0.000000e+00  0.000000e+00 -1.000000e+00
   outer loop
     vertex  1.287636e-02  3.821624e-03  0.000000e+00
     vertex  1.192180e-02  4.672990e-03  0.000000e+00
     vertex  1.203629e-02  4.588383e-03  0.000000e+00
   endloop
 endfacet
 facet normal -0.000000e+00 -0.000000e+00 -1.000000e+00
   outer loop
     vertex  1.287636e-02  3.821624e-03  0.000000e+00
     vertex  1.297220e-02  3.714010e-03  0.000000e+00
     vertex  1.192180e-02  4.672990e-03  0.000000e+00
   endloop
 endfacet
 facet normal  0.000000e+00  0.000000e+00 -1.000000e+00
   outer loop
     vertex  1.277852e-02  3.926556e-03  0.000000e+00
     vertex  1.203629e-02  4.588383e-03  0.000000e+00
     vertex  1.214861e-02  4.501376e-03  0.000000e+00
   endloop
 endfacet
 facet normal -0.000000e+00 -0.000000e+00 -1.000000e+00
   outer loop
     vertex  1.277852e-02  3.926556e-03  0.000000e+00
     vertex  1.287636e-02  3.821624e-03  0.000000e+00
     vertex  1.203629e-02  4.588383e-03  0.000000e+00
   endloop
 endfacet
 facet normal  0.000000e+00  0.000000e+00 -1.000000e+00
   outer loop
     vertex  1.257679e-02  4.128468e-03  0.000000e+00
     vertex  1.236687e-02  4.319979e-03  0.000000e+00
     vertex  1.247286e-02  4.225507e-03  0.000000e+00
   endloop
 endfacet
 facet normal  0.000000e+00  0.000000e+00 -1.000000e+00
   outer loop
     vertex  1.257679e-02  4.128468e-03  0.000000e+00
     vertex  1.225879e-02  4.411922e-03  0.000000e+00
     vertex  1.236687e-02  4.319979e-03  0.000000e+00
   endloop
 endfacet
 facet normal -0.000000e+00 -0.000000e+00 -1.000000e+00
   outer loop
     vertex  1.267867e-02  4.028828e-03  0.000000e+00
     vertex  1.277852e-02  3.926556e-03  0.000000e+00
     vertex  1.214861e-02  4.501376e-03  0.000000e+00
   endloop
 endfacet
 facet normal  0.000000e+00  0.000000e+00 -1.000000e+00
   outer loop
     vertex  1.267867e-02  4.028828e-03  0.000000e+00
     vertex  1.225879e-02  4.411922e-03  0.000000e+00
     vertex  1.257679e-02  4.128468e-03  0.000000e+00
   endloop
 endfacet
 facet normal  0.000000e+00  0.000000e+00 -1.000000e+00
   outer loop
     vertex  1.267867e-02  4.028828e-03  0.000000e+00
     vertex  1.214861e-02  4.501376e-03  0.000000e+00
     vertex  1.225879e-02  4.411922e-03  0.000000e+00
   endloop
 endfacet
 facet normal  0.000000e+00  0.000000e+00 -1.000000e+00
   outer loop
     vertex  1.250904e-02 -4.357071e-02  0.000000e+00
     vertex -1.889366e-02 -4.438728e-02  0.000000e+00
     vertex -1.895331e-02 -4.423384e-02  0.000000e+00
   endloop
 endfacet
 facet normal  0.000000e+00  0.000000e+00 -1.000000e+00
   outer loop
     vertex  1.250904e-02 -4.357071e-02  0.000000e+00
     vertex  1.244908e-02 -4.374800e-02  0.000000e+00
     vertex -1.889366e-02 -4.438728e-02  0.000000e+00
   endloop
 endfacet
 facet normal  0.000000e+00  0.000000e+00 -1.000000e+00
   outer loop
     vertex  1.256861e-02 -4.339291e-02  0.000000e+00
     vertex -1.901233e-02 -4.408025e-02  0.000000e+00
     vertex -1.907071e-02 -4.392651e-02  0.000000e+00
   endloop
 endfacet
 facet normal  0.000000e+00  0.000000e+00 -1.000000e+00
   outer loop
     vertex  1.256861e-02 -4.339291e-02  0.000000e+00
     vertex -1.895331e-02 -4.423384e-02  0.000000e+00
     vertex -1.901233e-02 -4.408025e-02  0.000000e+00
   endloop
 endfacet
 facet normal  0.000000e+00  0.000000e+00 -1.000000e+00
   outer loop
     vertex  1.256861e-02 -4.339291e-02  0.000000e+00
     vertex  1.250904e-02 -4.357071e-02  0.000000e+00
     vertex -1.895331e-02 -4.423384e-02  0.000000e+00
   endloop
 endfacet
 facet normal  0.000000e+00  0.000000e+00 -1.000000e+00
   outer loop
     vertex  1.262777e-02 -4.321462e-02  0.000000e+00
     vertex  1.256861e-02 -4.339291e-02  0.000000e+00
     vertex -1.907071e-02 -4.392651e-02  0.000000e+00
   endloop
 endfacet
 facet normal  0.000000e+00  0.000000e+00 -1.000000e+00
   outer loop
     vertex  1.262777e-02 -4.321462e-02  0.000000e+00
     vertex -1.907071e-02 -4.392651e-02  0.000000e+00
     vertex -1.912847e-02 -4.377264e-02  0.000000e+00
   endloop
 endfacet
 facet normal  0.000000e+00  0.000000e+00 -1.000000e+00
   outer loop
     vertex  1.268652e-02 -4.303584e-02  0.000000e+00
     vertex  1.262777e-02 -4.321462e-02  0.000000e+00
     vertex -1.912847e-02 -4.377264e-02  0.000000e+00
   endloop
 endfacet
 facet normal  0.000000e+00  0.000000e+00 -1.000000e+00
   outer loop
     vertex  1.268652e-02 -4.303584e-02  0.000000e+00
     vertex -1.918562e-02 -4.361864e-02  0.000000e+00
     vertex -1.924217e-02 -4.346452e-02  0.000000e+00
   endloop
 endfacet
 facet normal  0.000000e+00  0.000000e+00 -1.000000e+00
   outer loop
     vertex  1.268652e-02 -4.303584e-02  0.000000e+00
     vertex -1.912847e-02 -4.377264e-02  0.000000e+00
     vertex -1.918562e-02 -4.361864e-02  0.000000e+00
   endloop
 endfacet
 facet normal  0.000000e+00  0.000000e+00 -1.000000e+00
   outer loop
     vertex  1.274485e-02 -4.285660e-02  0.000000e+00
     vertex -1.924217e-02 -4.346452e-02  0.000000e+00
     vertex -1.929812e-02 -4.331028e-02  0.000000e+00
   endloop
 endfacet
 facet normal  0.000000e+00  0.000000e+00 -1.000000e+00
   outer loop
     vertex  1.274485e-02 -4.285660e-02  0.000000e+00
     vertex  1.268652e-02 -4.303584e-02  0.000000e+00
     vertex -1.924217e-02 -4.346452e-02  0.000000e+00
   endloop
 endfacet
 facet normal  0.000000e+00  0.000000e+00 -1.000000e+00
   outer loop
     vertex  1.280274e-02 -4.267692e-02  0.000000e+00
     vertex -1.929812e-02 -4.331028e-02  0.000000e+00
     vertex -1.935347e-02 -4.315594e-02  0.000000e+00
   endloop
 endfacet
 facet normal  0.000000e+00  0.000000e+00 -1.000000e+00
   outer loop
     vertex  1.280274e-02 -4.267692e-02  0.000000e+00
     vertex  1.274485e-02 -4.285660e-02  0.000000e+00
     vertex -1.929812e-02 -4.331028e-02  0.000000e+00
   endloop
 endfacet
 facet normal  0.000000e+00  0.000000e+00 -1.000000e+00
   outer loop
     vertex  1.286019e-02 -4.249680e-02  0.000000e+00
     vertex -1.940826e-02 -4.300149e-02  0.000000e+00
     vertex -1.946247e-02 -4.284695e-02  0.000000e+00
   endloop
 endfacet
 facet normal  0.000000e+00  0.000000e+00 -1.000000e+00
   outer loop
     vertex  1.286019e-02 -4.249680e-02  0.000000e+00
     vertex -1.935347e-02 -4.315594e-02  0.000000e+00
     vertex -1.940826e-02 -4.300149e-02  0.000000e+00
   endloop
 endfacet
 facet normal  0.000000e+00  0.000000e+00 -1.000000e+00
   outer loop
     vertex  1.286019e-02 -4.249680e-02  0.000000e+00
     vertex  1.280274e-02 -4.267692e-02  0.000000e+00
     vertex -1.935347e-02 -4.315594e-02  0.000000e+00
   endloop
 endfacet
 facet normal  0.000000e+00  0.000000e+00 -1.000000e+00
   outer loop
     vertex  1.291719e-02 -4.231627e-02  0.000000e+00
     vertex -1.946247e-02 -4.284695e-02  0.000000e+00
     vertex -1.951611e-02 -4.269232e-02  0.000000e+00
   endloop
 endfacet
 facet normal  0.000000e+00  0.000000e+00 -1.000000e+00
   outer loop
     vertex  1.291719e-02 -4.231627e-02  0.000000e+00
     vertex  1.286019e-02 -4.249680e-02  0.000000e+00
     vertex -1.946247e-02 -4.284695e-02  0.000000e+00
   endloop
 endfacet
 facet normal  0.000000e+00  0.000000e+00 -1.000000e+00
   outer loop
     vertex  1.297373e-02 -4.213534e-02  0.000000e+00
     vertex -1.951611e-02 -4.269232e-02  0.000000e+00
     vertex -1.956920e-02 -4.253760e-02  0.000000e+00
   endloop
 endfacet
 facet normal  0.000000e+00  0.000000e+00 -1.000000e+00
   outer loop
     vertex  1.297373e-02 -4.213534e-02  0.000000e+00
     vertex  1.291719e-02 -4.231627e-02  0.000000e+00
     vertex -1.951611e-02 -4.269232e-02  0.000000e+00
   endloop
 endfacet
 facet normal  0.000000e+00  0.000000e+00 -1.000000e+00
   outer loop
     vertex  1.302978e-02 -4.195404e-02  0.000000e+00
     vertex -1.956920e-02 -4.253760e-02  0.000000e+00
     vertex -1.962174e-02 -4.238279e-02  0.000000e+00
   endloop
 endfacet
 facet normal  0.000000e+00  0.000000e+00 -1.000000e+00
   outer loop
     vertex  1.302978e-02 -4.195404e-02  0.000000e+00
     vertex  1.297373e-02 -4.213534e-02  0.000000e+00
     vertex -1.956920e-02 -4.253760e-02  0.000000e+00
   endloop
 endfacet
endsolid
