solid 
 facet normal -7.071068e-01 -7.071068e-01  0.000000e+00
   outer loop
     vertex -2.090736e-02 -5.648009e-03  0.000000e+00
     vertex -2.749378e-02  9.384080e-04  1.000000e-03
     vertex -2.749378e-02  9.384080e-04  0.000000e+00
   endloop
 endfacet
 facet normal -7.071068e-01 -7.071068e-01  0.000000e+00
   outer loop
     vertex -2.090736e-02 -5.648009e-03  0.000000e+00
     vertex -2.090736e-02 -5.648009e-03  1.000000e-03
     vertex -2.749378e-02  9.384080e-04  1.000000e-03
   endloop
 endfacet
 facet normal -9.671533e-01  2.541937e-01  0.000000e+00
   outer loop
     vertex -2.092300e-02 -5.707513e-03  0.000000e+00
     vertex -2.090736e-02 -5.648009e-03  1.000000e-03
     vertex -2.090736e-02 -5.648009e-03  0.000000e+00
   endloop
 endfacet
 facet normal -9.671533e-01  2.541937e-01  0.000000e+00
   outer loop
     vertex -2.092300e-02 -5.707513e-03  0.000000e+00
     vertex -2.092300e-02 -5.707513e-03  1.000000e-03
     vertex -2.090736e-02 -5.648009e-03  1.000000e-03
   endloop
 endfacet
 facet normal -9.678455e-01  2.515454e-01  0.000000e+00
   outer loop
     vertex -2.097295e-02 -5.899689e-03  0.000000e+00
     vertex -2.092300e-02 -5.707513e-03  1.000000e-03
     vertex -2.092300e-02 -5.707513e-03  0.000000e+00
   endloop
 endfacet
 facet normal -9.678455e-01  2.515454e-01  0.000000e+00
   outer loop
     vertex -2.097295e-02 -5.899689e-03  0.000000e+00
     vertex -2.097295e-02 -5.899689e-03  1.000000e-03
     vertex -2.092300e-02 -5.707513e-03  1.000000e-03
   endloop
 endfacet
 facet normal -9.685379e-01  2.488661e-01  0.000000e+00
   outer loop
     vertex -2.102239e-02 -6.092092e-03  0.000000e+00
     vertex -2.097295e-02 -5.899689e-03  1.000000e-03
     vertex -2.097295e-02 -5.899689e-03  0.000000e+00
   endloop
 endfacet
 facet normal -9.685379e-01  2.488661e-01  0.000000e+00
   outer loop
     vertex -2.102239e-02 -6.092092e-03  0.000000e+00
     vertex -2.102239e-02 -6.092092e-03  1.000000e-03
     vertex -2.097295e-02 -5.899689e-03  1.000000e-03
   endloop
 endfacet
 facet normal -9.692324e-01  2.461473e-01  0.000000e+00
   outer loop
     vertex -2.107131e-02 -6.284716e-03  0.000000e+00
     vertex -2.102239e-02 -6.092092e-03  1.000000e-03
     vertex -2.102239e-02 -6.092092e-03  0.000000e+00
   endloop
 endfacet
 facet normal -9.692324e-01  2.461473e-01  0.000000e+00
   outer loop
     vertex -2.107131e-02 -6.284716e-03  0.000000e+00
     vertex -2.107131e-02 -6.284716e-03  1.000000e-03
     vertex -2.102239e-02 -6.092092e-03  1.000000e-03
   endloop
 endfacet
 facet normal -9.699288e-01  2.433888e-01  0.000000e+00
   outer loop
     vertex -2.111970e-02 -6.477555e-03  0.000000e+00
     vertex -2.107131e-02 -6.284716e-03  1.000000e-03
     vertex -2.107131e-02 -6.284716e-03  0.000000e+00
   endloop
 endfacet
 facet normal -9.699288e-01  2.433888e-01  0.000000e+00
   outer loop
     vertex -2.111970e-02 -6.477555e-03  0.000000e+00
     vertex -2.111970e-02 -6.477555e-03  1.000000e-03
     vertex -2.107131e-02 -6.284716e-03  1.000000e-03
   endloop
 endfacet
 facet normal -9.706233e-01  2.406044e-01  0.000000e+00
   outer loop
     vertex -2.116755e-02 -6.670603e-03  0.000000e+00
     vertex -2.111970e-02 -6.477555e-03  1.000000e-03
     vertex -2.111970e-02 -6.477555e-03  0.000000e+00
   endloop
 endfacet
 facet normal -9.706233e-01  2.406044e-01  0.000000e+00
   outer loop
     vertex -2.116755e-02 -6.670603e-03  0.000000e+00
     vertex -2.116755e-02 -6.670603e-03  1.000000e-03
     vertex -2.111970e-02 -6.477555e-03  1.000000e-03
   endloop
 endfacet
 facet normal -9.713191e-01  2.377797e-01  0.000000e+00
   outer loop
     vertex -2.121486e-02 -6.863854e-03  0.000000e+00
     vertex -2.116755e-02 -6.670603e-03  1.000000e-03
     vertex -2.116755e-02 -6.670603e-03  0.000000e+00
   endloop
 endfacet
 facet normal -9.713191e-01  2.377797e-01  0.000000e+00
   outer loop
     vertex -2.121486e-02 -6.863854e-03  0.000000e+00
     vertex -2.121486e-02 -6.863854e-03  1.000000e-03
     vertex -2.116755e-02 -6.670603e-03  1.000000e-03
   endloop
 endfacet
 facet normal -9.720115e-01  2.349333e-01  0.000000e+00
   outer loop
     vertex -2.126162e-02 -7.057302e-03  0.000000e+00
     vertex -2.121486e-02 -6.863854e-03  1.000000e-03
     vertex -2.121486e-02 -6.863854e-03  0.000000e+00
   endloop
 endfacet
 facet normal -9.720115e-01  2.349333e-01  0.000000e+00
   outer loop
     vertex -2.126162e-02 -7.057302e-03  0.000000e+00
     vertex -2.126162e-02 -7.057302e-03  1.000000e-03
     vertex -2.121486e-02 -6.863854e-03  1.000000e-03
   endloop
 endfacet
 facet normal -9.727037e-01  2.320506e-01  0.000000e+00
   outer loop
     vertex -2.130781e-02 -7.250941e-03  0.000000e+00
     vertex -2.126162e-02 -7.057302e-03  1.000000e-03
     vertex -2.126162e-02 -7.057302e-03  0.000000e+00
   endloop
 endfacet
 facet normal -9.727037e-01  2.320506e-01  0.000000e+00
   outer loop
     vertex -2.130781e-02 -7.250941e-03  0.000000e+00
     vertex -2.130781e-02 -7.250941e-03  1.000000e-03
     vertex -2.126162e-02 -7.057302e-03  1.000000e-03
   endloop
 endfacet
 facet normal -9.733919e-01  2.291468e-01  0.000000e+00
   outer loop
     vertex -2.135344e-02 -7.444764e-03  0.000000e+00
     vertex -2.130781e-02 -7.250941e-03  1.000000e-03
     vertex -2.130781e-02 -7.250941e-03  0.000000e+00
   endloop
 endfacet
 facet normal -9.733919e-01  2.291468e-01  0.000000e+00
   outer loop
     vertex -2.135344e-02 -7.444764e-03  0.000000e+00
     vertex -2.135344e-02 -7.444764e-03  1.000000e-03
     vertex -2.130781e-02 -7.250941e-03  1.000000e-03
   endloop
 endfacet
 facet normal -9.740794e-01  2.262062e-01  0.000000e+00
   outer loop
     vertex -2.139849e-02 -7.638765e-03  0.000000e+00
     vertex -2.135344e-02 -7.444764e-03  1.000000e-03
     vertex -2.135344e-02 -7.444764e-03  0.000000e+00
   endloop
 endfacet
 facet normal -9.740794e-01  2.262062e-01  0.000000e+00
   outer loop
     vertex -2.139849e-02 -7.638765e-03  0.000000e+00
     vertex -2.139849e-02 -7.638765e-03  1.000000e-03
     vertex -2.135344e-02 -7.444764e-03  1.000000e-03
   endloop
 endfacet
 facet normal -9.747613e-01  2.232497e-01  0.000000e+00
   outer loop
     vertex -2.144296e-02 -7.832936e-03  0.000000e+00
     vertex -2.139849e-02 -7.638765e-03  1.000000e-03
     vertex -2.139849e-02 -7.638765e-03  0.000000e+00
   endloop
 endfacet
 facet normal -9.747613e-01  2.232497e-01  0.000000e+00
   outer loop
     vertex -2.144296e-02 -7.832936e-03  0.000000e+00
     vertex -2.144296e-02 -7.832936e-03  1.000000e-03
     vertex -2.139849e-02 -7.638765e-03  1.000000e-03
   endloop
 endfacet
 facet normal -9.754400e-01  2.202652e-01  0.000000e+00
   outer loop
     vertex -2.148685e-02 -8.027271e-03  0.000000e+00
     vertex -2.144296e-02 -7.832936e-03  1.000000e-03
     vertex -2.144296e-02 -7.832936e-03  0.000000e+00
   endloop
 endfacet
 facet normal -9.754400e-01  2.202652e-01  0.000000e+00
   outer loop
     vertex -2.148685e-02 -8.027271e-03  0.000000e+00
     vertex -2.148685e-02 -8.027271e-03  1.000000e-03
     vertex -2.144296e-02 -7.832936e-03  1.000000e-03
   endloop
 endfacet
 facet normal -9.761152e-01  2.172535e-01  0.000000e+00
   outer loop
     vertex -2.153013e-02 -8.221763e-03  0.000000e+00
     vertex -2.148685e-02 -8.027271e-03  1.000000e-03
     vertex -2.148685e-02 -8.027271e-03  0.000000e+00
   endloop
 endfacet
 facet normal -9.761152e-01  2.172535e-01  0.000000e+00
   outer loop
     vertex -2.153013e-02 -8.221763e-03  0.000000e+00
     vertex -2.153013e-02 -8.221763e-03  1.000000e-03
     vertex -2.148685e-02 -8.027271e-03  1.000000e-03
   endloop
 endfacet
 facet normal -9.767846e-01  2.142240e-01  0.000000e+00
   outer loop
     vertex -2.157282e-02 -8.416405e-03  0.000000e+00
     vertex -2.153013e-02 -8.221763e-03  1.000000e-03
     vertex -2.153013e-02 -8.221763e-03  0.000000e+00
   endloop
 endfacet
 facet normal -9.767846e-01  2.142240e-01  0.000000e+00
   outer loop
     vertex -2.157282e-02 -8.416405e-03  0.000000e+00
     vertex -2.157282e-02 -8.416405e-03  1.000000e-03
     vertex -2.153013e-02 -8.221763e-03  1.000000e-03
   endloop
 endfacet
 facet normal -9.774478e-01  2.111772e-01  0.000000e+00
   outer loop
     vertex -2.161490e-02 -8.611189e-03  0.000000e+00
     vertex -2.157282e-02 -8.416405e-03  1.000000e-03
     vertex -2.157282e-02 -8.416405e-03  0.000000e+00
   endloop
 endfacet
 facet normal -9.774478e-01  2.111772e-01  0.000000e+00
   outer loop
     vertex -2.161490e-02 -8.611189e-03  0.000000e+00
     vertex -2.161490e-02 -8.611189e-03  1.000000e-03
     vertex -2.157282e-02 -8.416405e-03  1.000000e-03
   endloop
 endfacet
 facet normal -9.781073e-01  2.081012e-01  0.000000e+00
   outer loop
     vertex -2.165638e-02 -8.806109e-03  0.000000e+00
     vertex -2.161490e-02 -8.611189e-03  1.000000e-03
     vertex -2.161490e-02 -8.611189e-03  0.000000e+00
   endloop
 endfacet
 facet normal -9.781073e-01  2.081012e-01  0.000000e+00
   outer loop
     vertex -2.165638e-02 -8.806109e-03  0.000000e+00
     vertex -2.165638e-02 -8.806109e-03  1.000000e-03
     vertex -2.161490e-02 -8.611189e-03  1.000000e-03
   endloop
 endfacet
 facet normal -9.787590e-01  2.050142e-01  0.000000e+00
   outer loop
     vertex -2.169723e-02 -9.001155e-03  0.000000e+00
     vertex -2.165638e-02 -8.806109e-03  1.000000e-03
     vertex -2.165638e-02 -8.806109e-03  0.000000e+00
   endloop
 endfacet
 facet normal -9.787590e-01  2.050142e-01  0.000000e+00
   outer loop
     vertex -2.169723e-02 -9.001155e-03  0.000000e+00
     vertex -2.169723e-02 -9.001155e-03  1.000000e-03
     vertex -2.165638e-02 -8.806109e-03  1.000000e-03
   endloop
 endfacet
 facet normal -9.794039e-01  2.019108e-01  0.000000e+00
   outer loop
     vertex -2.173747e-02 -9.196322e-03  0.000000e+00
     vertex -2.169723e-02 -9.001155e-03  1.000000e-03
     vertex -2.169723e-02 -9.001155e-03  0.000000e+00
   endloop
 endfacet
 facet normal -9.794039e-01  2.019108e-01  0.000000e+00
   outer loop
     vertex -2.173747e-02 -9.196322e-03  0.000000e+00
     vertex -2.173747e-02 -9.196322e-03  1.000000e-03
     vertex -2.169723e-02 -9.001155e-03  1.000000e-03
   endloop
 endfacet
 facet normal -9.800433e-01  1.987840e-01  0.000000e+00
   outer loop
     vertex -2.177707e-02 -9.391602e-03  0.000000e+00
     vertex -2.173747e-02 -9.196322e-03  1.000000e-03
     vertex -2.173747e-02 -9.196322e-03  0.000000e+00
   endloop
 endfacet
 facet normal -9.800433e-01  1.987840e-01  0.000000e+00
   outer loop
     vertex -2.177707e-02 -9.391602e-03  0.000000e+00
     vertex -2.177707e-02 -9.391602e-03  1.000000e-03
     vertex -2.173747e-02 -9.196322e-03  1.000000e-03
   endloop
 endfacet
 facet normal -9.806748e-01  1.956451e-01  0.000000e+00
   outer loop
     vertex -2.181605e-02 -9.586985e-03  0.000000e+00
     vertex -2.177707e-02 -9.391602e-03  1.000000e-03
     vertex -2.177707e-02 -9.391602e-03  0.000000e+00
   endloop
 endfacet
 facet normal -9.806748e-01  1.956451e-01  0.000000e+00
   outer loop
     vertex -2.181605e-02 -9.586985e-03  0.000000e+00
     vertex -2.181605e-02 -9.586985e-03  1.000000e-03
     vertex -2.177707e-02 -9.391602e-03  1.000000e-03
   endloop
 endfacet
 facet normal -9.812982e-01  1.924937e-01  0.000000e+00
   outer loop
     vertex -2.185440e-02 -9.782466e-03  0.000000e+00
     vertex -2.181605e-02 -9.586985e-03  1.000000e-03
     vertex -2.181605e-02 -9.586985e-03  0.000000e+00
   endloop
 endfacet
 facet normal -9.812982e-01  1.924937e-01  0.000000e+00
   outer loop
     vertex -2.185440e-02 -9.782466e-03  0.000000e+00
     vertex -2.185440e-02 -9.782466e-03  1.000000e-03
     vertex -2.181605e-02 -9.586985e-03  1.000000e-03
   endloop
 endfacet
 facet normal -9.819136e-01  1.893295e-01  0.000000e+00
   outer loop
     vertex -2.189211e-02 -9.978035e-03  0.000000e+00
     vertex -2.185440e-02 -9.782466e-03  1.000000e-03
     vertex -2.185440e-02 -9.782466e-03  0.000000e+00
   endloop
 endfacet
 facet normal -9.819136e-01  1.893295e-01  0.000000e+00
   outer loop
     vertex -2.189211e-02 -9.978035e-03  0.000000e+00
     vertex -2.189211e-02 -9.978035e-03  1.000000e-03
     vertex -2.185440e-02 -9.782466e-03  1.000000e-03
   endloop
 endfacet
 facet normal -9.825216e-01  1.861484e-01  0.000000e+00
   outer loop
     vertex -2.192918e-02 -1.017369e-02  0.000000e+00
     vertex -2.189211e-02 -9.978035e-03  1.000000e-03
     vertex -2.189211e-02 -9.978035e-03  0.000000e+00
   endloop
 endfacet
 facet normal -9.825216e-01  1.861484e-01  0.000000e+00
   outer loop
     vertex -2.192918e-02 -1.017369e-02  0.000000e+00
     vertex -2.192918e-02 -1.017369e-02  1.000000e-03
     vertex -2.189211e-02 -9.978035e-03  1.000000e-03
   endloop
 endfacet
 facet normal -9.831206e-01  1.829585e-01  0.000000e+00
   outer loop
     vertex -2.196560e-02 -1.036941e-02  0.000000e+00
     vertex -2.192918e-02 -1.017369e-02  1.000000e-03
     vertex -2.192918e-02 -1.017369e-02  0.000000e+00
   endloop
 endfacet
 facet normal -9.831206e-01  1.829585e-01  0.000000e+00
   outer loop
     vertex -2.196560e-02 -1.036941e-02  0.000000e+00
     vertex -2.196560e-02 -1.036941e-02  1.000000e-03
     vertex -2.192918e-02 -1.017369e-02  1.000000e-03
   endloop
 endfacet
 facet normal -9.837109e-01  1.797577e-01  0.000000e+00
   outer loop
     vertex -2.200138e-02 -1.056520e-02  0.000000e+00
     vertex -2.196560e-02 -1.036941e-02  1.000000e-03
     vertex -2.196560e-02 -1.036941e-02  0.000000e+00
   endloop
 endfacet
 facet normal -9.837109e-01  1.797577e-01  0.000000e+00
   outer loop
     vertex -2.200138e-02 -1.056520e-02  0.000000e+00
     vertex -2.200138e-02 -1.056520e-02  1.000000e-03
     vertex -2.196560e-02 -1.036941e-02  1.000000e-03
   endloop
 endfacet
 facet normal -9.842917e-01  1.765497e-01  0.000000e+00
   outer loop
     vertex -2.203650e-02 -1.076104e-02  0.000000e+00
     vertex -2.200138e-02 -1.056520e-02  1.000000e-03
     vertex -2.200138e-02 -1.056520e-02  0.000000e+00
   endloop
 endfacet
 facet normal -9.842917e-01  1.765497e-01  0.000000e+00
   outer loop
     vertex -2.203650e-02 -1.076104e-02  0.000000e+00
     vertex -2.203650e-02 -1.076104e-02  1.000000e-03
     vertex -2.200138e-02 -1.056520e-02  1.000000e-03
   endloop
 endfacet
 facet normal -9.848645e-01  1.733261e-01  0.000000e+00
   outer loop
     vertex -2.207098e-02 -1.095693e-02  0.000000e+00
     vertex -2.203650e-02 -1.076104e-02  1.000000e-03
     vertex -2.203650e-02 -1.076104e-02  0.000000e+00
   endloop
 endfacet
 facet normal -9.848645e-01  1.733261e-01  0.000000e+00
   outer loop
     vertex -2.207098e-02 -1.095693e-02  0.000000e+00
     vertex -2.207098e-02 -1.095693e-02  1.000000e-03
     vertex -2.203650e-02 -1.076104e-02  1.000000e-03
   endloop
 endfacet
 facet normal -9.854267e-01  1.701004e-01  0.000000e+00
   outer loop
     vertex -2.210480e-02 -1.115286e-02  0.000000e+00
     vertex -2.207098e-02 -1.095693e-02  1.000000e-03
     vertex -2.207098e-02 -1.095693e-02  0.000000e+00
   endloop
 endfacet
 facet normal -9.854267e-01  1.701004e-01  0.000000e+00
   outer loop
     vertex -2.210480e-02 -1.115286e-02  0.000000e+00
     vertex -2.210480e-02 -1.115286e-02  1.000000e-03
     vertex -2.207098e-02 -1.095693e-02  1.000000e-03
   endloop
 endfacet
 facet normal -9.859800e-01  1.668633e-01  0.000000e+00
   outer loop
     vertex -2.213797e-02 -1.134883e-02  0.000000e+00
     vertex -2.210480e-02 -1.115286e-02  1.000000e-03
     vertex -2.210480e-02 -1.115286e-02  0.000000e+00
   endloop
 endfacet
 facet normal -9.859800e-01  1.668633e-01  0.000000e+00
   outer loop
     vertex -2.213797e-02 -1.134883e-02  0.000000e+00
     vertex -2.213797e-02 -1.134883e-02  1.000000e-03
     vertex -2.210480e-02 -1.115286e-02  1.000000e-03
   endloop
 endfacet
 facet normal -9.865227e-01  1.636243e-01  0.000000e+00
   outer loop
     vertex -2.217047e-02 -1.154481e-02  0.000000e+00
     vertex -2.213797e-02 -1.134883e-02  1.000000e-03
     vertex -2.213797e-02 -1.134883e-02  0.000000e+00
   endloop
 endfacet
 facet normal -9.865227e-01  1.636243e-01  0.000000e+00
   outer loop
     vertex -2.217047e-02 -1.154481e-02  0.000000e+00
     vertex -2.217047e-02 -1.154481e-02  1.000000e-03
     vertex -2.213797e-02 -1.134883e-02  1.000000e-03
   endloop
 endfacet
 facet normal -9.870561e-01  1.603756e-01  0.000000e+00
   outer loop
     vertex -2.220232e-02 -1.174081e-02  0.000000e+00
     vertex -2.217047e-02 -1.154481e-02  1.000000e-03
     vertex -2.217047e-02 -1.154481e-02  0.000000e+00
   endloop
 endfacet
 facet normal -9.870561e-01  1.603756e-01  0.000000e+00
   outer loop
     vertex -2.220232e-02 -1.174081e-02  0.000000e+00
     vertex -2.220232e-02 -1.174081e-02  1.000000e-03
     vertex -2.217047e-02 -1.154481e-02  1.000000e-03
   endloop
 endfacet
 facet normal -9.875786e-01  1.571260e-01  0.000000e+00
   outer loop
     vertex -2.223350e-02 -1.193682e-02  0.000000e+00
     vertex -2.220232e-02 -1.174081e-02  1.000000e-03
     vertex -2.220232e-02 -1.174081e-02  0.000000e+00
   endloop
 endfacet
 facet normal -9.875786e-01  1.571260e-01  0.000000e+00
   outer loop
     vertex -2.223350e-02 -1.193682e-02  0.000000e+00
     vertex -2.223350e-02 -1.193682e-02  1.000000e-03
     vertex -2.220232e-02 -1.174081e-02  1.000000e-03
   endloop
 endfacet
 facet normal -9.880915e-01  1.538677e-01  0.000000e+00
   outer loop
     vertex -2.226402e-02 -1.213282e-02  0.000000e+00
     vertex -2.223350e-02 -1.193682e-02  1.000000e-03
     vertex -2.223350e-02 -1.193682e-02  0.000000e+00
   endloop
 endfacet
 facet normal -9.880915e-01  1.538677e-01  0.000000e+00
   outer loop
     vertex -2.226402e-02 -1.213282e-02  0.000000e+00
     vertex -2.226402e-02 -1.213282e-02  1.000000e-03
     vertex -2.223350e-02 -1.193682e-02  1.000000e-03
   endloop
 endfacet
 facet normal -9.885932e-01  1.506103e-01  0.000000e+00
   outer loop
     vertex -2.229388e-02 -1.232881e-02  0.000000e+00
     vertex -2.226402e-02 -1.213282e-02  1.000000e-03
     vertex -2.226402e-02 -1.213282e-02  0.000000e+00
   endloop
 endfacet
 facet normal -9.885932e-01  1.506103e-01  0.000000e+00
   outer loop
     vertex -2.229388e-02 -1.232881e-02  0.000000e+00
     vertex -2.229388e-02 -1.232881e-02  1.000000e-03
     vertex -2.226402e-02 -1.213282e-02  1.000000e-03
   endloop
 endfacet
 facet normal -9.890845e-01  1.473492e-01  0.000000e+00
   outer loop
     vertex -2.232308e-02 -1.252479e-02  0.000000e+00
     vertex -2.229388e-02 -1.232881e-02  1.000000e-03
     vertex -2.229388e-02 -1.232881e-02  0.000000e+00
   endloop
 endfacet
 facet normal -9.890845e-01  1.473492e-01  0.000000e+00
   outer loop
     vertex -2.232308e-02 -1.252479e-02  0.000000e+00
     vertex -2.232308e-02 -1.252479e-02  1.000000e-03
     vertex -2.229388e-02 -1.232881e-02  1.000000e-03
   endloop
 endfacet
 facet normal -9.895655e-01  1.440835e-01  0.000000e+00
   outer loop
     vertex -2.235161e-02 -1.272073e-02  0.000000e+00
     vertex -2.232308e-02 -1.252479e-02  1.000000e-03
     vertex -2.232308e-02 -1.252479e-02  0.000000e+00
   endloop
 endfacet
 facet normal -9.895655e-01  1.440835e-01  0.000000e+00
   outer loop
     vertex -2.235161e-02 -1.272073e-02  0.000000e+00
     vertex -2.235161e-02 -1.272073e-02  1.000000e-03
     vertex -2.232308e-02 -1.252479e-02  1.000000e-03
   endloop
 endfacet
 facet normal -9.900353e-01  1.408192e-01  0.000000e+00
   outer loop
     vertex -2.237947e-02 -1.291664e-02  0.000000e+00
     vertex -2.235161e-02 -1.272073e-02  1.000000e-03
     vertex -2.235161e-02 -1.272073e-02  0.000000e+00
   endloop
 endfacet
 facet normal -9.900353e-01  1.408192e-01  0.000000e+00
   outer loop
     vertex -2.237947e-02 -1.291664e-02  0.000000e+00
     vertex -2.237947e-02 -1.291664e-02  1.000000e-03
     vertex -2.235161e-02 -1.272073e-02  1.000000e-03
   endloop
 endfacet
 facet normal -9.904943e-01  1.375539e-01  0.000000e+00
   outer loop
     vertex -2.240667e-02 -1.311250e-02  0.000000e+00
     vertex -2.237947e-02 -1.291664e-02  1.000000e-03
     vertex -2.237947e-02 -1.291664e-02  0.000000e+00
   endloop
 endfacet
 facet normal -9.904943e-01  1.375539e-01  0.000000e+00
   outer loop
     vertex -2.240667e-02 -1.311250e-02  0.000000e+00
     vertex -2.240667e-02 -1.311250e-02  1.000000e-03
     vertex -2.237947e-02 -1.291664e-02  1.000000e-03
   endloop
 endfacet
 facet normal -9.909422e-01  1.342893e-01  0.000000e+00
   outer loop
     vertex -2.243321e-02 -1.330830e-02  0.000000e+00
     vertex -2.240667e-02 -1.311250e-02  1.000000e-03
     vertex -2.240667e-02 -1.311250e-02  0.000000e+00
   endloop
 endfacet
 facet normal -9.909422e-01  1.342893e-01  0.000000e+00
   outer loop
     vertex -2.243321e-02 -1.330830e-02  0.000000e+00
     vertex -2.243321e-02 -1.330830e-02  1.000000e-03
     vertex -2.240667e-02 -1.311250e-02  1.000000e-03
   endloop
 endfacet
 facet normal -9.913799e-01  1.310188e-01  0.000000e+00
   outer loop
     vertex -2.245908e-02 -1.350405e-02  0.000000e+00
     vertex -2.243321e-02 -1.330830e-02  1.000000e-03
     vertex -2.243321e-02 -1.330830e-02  0.000000e+00
   endloop
 endfacet
 facet normal -9.913799e-01  1.310188e-01  0.000000e+00
   outer loop
     vertex -2.245908e-02 -1.350405e-02  0.000000e+00
     vertex -2.245908e-02 -1.350405e-02  1.000000e-03
     vertex -2.243321e-02 -1.330830e-02  1.000000e-03
   endloop
 endfacet
 facet normal -9.918053e-01  1.277582e-01  0.000000e+00
   outer loop
     vertex -2.248428e-02 -1.369972e-02  0.000000e+00
     vertex -2.245908e-02 -1.350405e-02  1.000000e-03
     vertex -2.245908e-02 -1.350405e-02  0.000000e+00
   endloop
 endfacet
 facet normal -9.918053e-01  1.277582e-01  0.000000e+00
   outer loop
     vertex -2.248428e-02 -1.369972e-02  0.000000e+00
     vertex -2.248428e-02 -1.369972e-02  1.000000e-03
     vertex -2.245908e-02 -1.350405e-02  1.000000e-03
   endloop
 endfacet
 facet normal -9.922203e-01  1.244949e-01  0.000000e+00
   outer loop
     vertex -2.250882e-02 -1.389531e-02  0.000000e+00
     vertex -2.248428e-02 -1.369972e-02  1.000000e-03
     vertex -2.248428e-02 -1.369972e-02  0.000000e+00
   endloop
 endfacet
 facet normal -9.922203e-01  1.244949e-01  0.000000e+00
   outer loop
     vertex -2.250882e-02 -1.389531e-02  0.000000e+00
     vertex -2.250882e-02 -1.389531e-02  1.000000e-03
     vertex -2.248428e-02 -1.369972e-02  1.000000e-03
   endloop
 endfacet
 facet normal -9.926236e-01  1.212366e-01  0.000000e+00
   outer loop
     vertex -2.253270e-02 -1.409081e-02  0.000000e+00
     vertex -2.250882e-02 -1.389531e-02  1.000000e-03
     vertex -2.250882e-02 -1.389531e-02  0.000000e+00
   endloop
 endfacet
 facet normal -9.926236e-01  1.212366e-01  0.000000e+00
   outer loop
     vertex -2.253270e-02 -1.409081e-02  0.000000e+00
     vertex -2.253270e-02 -1.409081e-02  1.000000e-03
     vertex -2.250882e-02 -1.389531e-02  1.000000e-03
   endloop
 endfacet
 facet normal -9.930164e-01  1.179761e-01  0.000000e+00
   outer loop
     vertex -2.255592e-02 -1.428621e-02  0.000000e+00
     vertex -2.253270e-02 -1.409081e-02  1.000000e-03
     vertex -2.253270e-02 -1.409081e-02  0.000000e+00
   endloop
 endfacet
 facet normal -9.930164e-01  1.179761e-01  0.000000e+00
   outer loop
     vertex -2.255592e-02 -1.428621e-02  0.000000e+00
     vertex -2.255592e-02 -1.428621e-02  1.000000e-03
     vertex -2.253270e-02 -1.409081e-02  1.000000e-03
   endloop
 endfacet
 facet normal -9.933974e-01  1.147237e-01  0.000000e+00
   outer loop
     vertex -2.257847e-02 -1.448151e-02  0.000000e+00
     vertex -2.255592e-02 -1.428621e-02  1.000000e-03
     vertex -2.255592e-02 -1.428621e-02  0.000000e+00
   endloop
 endfacet
 facet normal -9.933974e-01  1.147237e-01  0.000000e+00
   outer loop
     vertex -2.257847e-02 -1.448151e-02  0.000000e+00
     vertex -2.257847e-02 -1.448151e-02  1.000000e-03
     vertex -2.255592e-02 -1.428621e-02  1.000000e-03
   endloop
 endfacet
 facet normal -9.937680e-01  1.114681e-01  0.000000e+00
   outer loop
     vertex -2.260036e-02 -1.467669e-02  0.000000e+00
     vertex -2.257847e-02 -1.448151e-02  1.000000e-03
     vertex -2.257847e-02 -1.448151e-02  0.000000e+00
   endloop
 endfacet
 facet normal -9.937680e-01  1.114681e-01  0.000000e+00
   outer loop
     vertex -2.260036e-02 -1.467669e-02  0.000000e+00
     vertex -2.260036e-02 -1.467669e-02  1.000000e-03
     vertex -2.257847e-02 -1.448151e-02  1.000000e-03
   endloop
 endfacet
 facet normal -9.941264e-01  1.082256e-01  0.000000e+00
   outer loop
     vertex -2.262160e-02 -1.487175e-02  0.000000e+00
     vertex -2.260036e-02 -1.467669e-02  1.000000e-03
     vertex -2.260036e-02 -1.467669e-02  0.000000e+00
   endloop
 endfacet
 facet normal -9.941264e-01  1.082256e-01  0.000000e+00
   outer loop
     vertex -2.262160e-02 -1.487175e-02  0.000000e+00
     vertex -2.262160e-02 -1.487175e-02  1.000000e-03
     vertex -2.260036e-02 -1.467669e-02  1.000000e-03
   endloop
 endfacet
 facet normal -9.944738e-01  1.049854e-01  0.000000e+00
   outer loop
     vertex -2.264218e-02 -1.506667e-02  0.000000e+00
     vertex -2.262160e-02 -1.487175e-02  1.000000e-03
     vertex -2.262160e-02 -1.487175e-02  0.000000e+00
   endloop
 endfacet
 facet normal -9.944738e-01  1.049854e-01  0.000000e+00
   outer loop
     vertex -2.264218e-02 -1.506667e-02  0.000000e+00
     vertex -2.264218e-02 -1.506667e-02  1.000000e-03
     vertex -2.262160e-02 -1.487175e-02  1.000000e-03
   endloop
 endfacet
 facet normal -9.948104e-01  1.017461e-01  0.000000e+00
   outer loop
     vertex -2.266210e-02 -1.526146e-02  0.000000e+00
     vertex -2.264218e-02 -1.506667e-02  1.000000e-03
     vertex -2.264218e-02 -1.506667e-02  0.000000e+00
   endloop
 endfacet
 facet normal -9.948104e-01  1.017461e-01  0.000000e+00
   outer loop
     vertex -2.266210e-02 -1.526146e-02  0.000000e+00
     vertex -2.266210e-02 -1.526146e-02  1.000000e-03
     vertex -2.264218e-02 -1.506667e-02  1.000000e-03
   endloop
 endfacet
 facet normal -9.951357e-01  9.851401e-02  0.000000e+00
   outer loop
     vertex -2.268137e-02 -1.545609e-02  0.000000e+00
     vertex -2.266210e-02 -1.526146e-02  1.000000e-03
     vertex -2.266210e-02 -1.526146e-02  0.000000e+00
   endloop
 endfacet
 facet normal -9.951357e-01  9.851401e-02  0.000000e+00
   outer loop
     vertex -2.268137e-02 -1.545609e-02  0.000000e+00
     vertex -2.268137e-02 -1.545609e-02  1.000000e-03
     vertex -2.266210e-02 -1.526146e-02  1.000000e-03
   endloop
 endfacet
 facet normal -9.954493e-01  9.529242e-02  0.000000e+00
   outer loop
     vertex -2.269998e-02 -1.565057e-02  0.000000e+00
     vertex -2.268137e-02 -1.545609e-02  1.000000e-03
     vertex -2.268137e-02 -1.545609e-02  0.000000e+00
   endloop
 endfacet
 facet normal -9.954493e-01  9.529242e-02  0.000000e+00
   outer loop
     vertex -2.269998e-02 -1.565057e-02  0.000000e+00
     vertex -2.269998e-02 -1.565057e-02  1.000000e-03
     vertex -2.268137e-02 -1.545609e-02  1.000000e-03
   endloop
 endfacet
 facet normal -9.957524e-01  9.207194e-02  0.000000e+00
   outer loop
     vertex -2.271795e-02 -1.584488e-02  0.000000e+00
     vertex -2.269998e-02 -1.565057e-02  1.000000e-03
     vertex -2.269998e-02 -1.565057e-02  0.000000e+00
   endloop
 endfacet
 facet normal -9.957524e-01  9.207194e-02  0.000000e+00
   outer loop
     vertex -2.271795e-02 -1.584488e-02  0.000000e+00
     vertex -2.271795e-02 -1.584488e-02  1.000000e-03
     vertex -2.269998e-02 -1.565057e-02  1.000000e-03
   endloop
 endfacet
 facet normal -9.960439e-01  8.886240e-02  0.000000e+00
   outer loop
     vertex -2.273527e-02 -1.603902e-02  0.000000e+00
     vertex -2.271795e-02 -1.584488e-02  1.000000e-03
     vertex -2.271795e-02 -1.584488e-02  0.000000e+00
   endloop
 endfacet
 facet normal -9.960439e-01  8.886240e-02  0.000000e+00
   outer loop
     vertex -2.273527e-02 -1.603902e-02  0.000000e+00
     vertex -2.273527e-02 -1.603902e-02  1.000000e-03
     vertex -2.271795e-02 -1.584488e-02  1.000000e-03
   endloop
 endfacet
 facet normal -9.963246e-01  8.565757e-02  0.000000e+00
   outer loop
     vertex -2.275194e-02 -1.623297e-02  0.000000e+00
     vertex -2.273527e-02 -1.603902e-02  1.000000e-03
     vertex -2.273527e-02 -1.603902e-02  0.000000e+00
   endloop
 endfacet
 facet normal -9.963246e-01  8.565757e-02  0.000000e+00
   outer loop
     vertex -2.275194e-02 -1.623297e-02  0.000000e+00
     vertex -2.275194e-02 -1.623297e-02  1.000000e-03
     vertex -2.273527e-02 -1.603902e-02  1.000000e-03
   endloop
 endfacet
 facet normal -9.965945e-01  8.245848e-02  0.000000e+00
   outer loop
     vertex -2.276798e-02 -1.642674e-02  0.000000e+00
     vertex -2.275194e-02 -1.623297e-02  1.000000e-03
     vertex -2.275194e-02 -1.623297e-02  0.000000e+00
   endloop
 endfacet
 facet normal -9.965945e-01  8.245848e-02  0.000000e+00
   outer loop
     vertex -2.276798e-02 -1.642674e-02  0.000000e+00
     vertex -2.276798e-02 -1.642674e-02  1.000000e-03
     vertex -2.275194e-02 -1.623297e-02  1.000000e-03
   endloop
 endfacet
 facet normal -9.968529e-01  7.927341e-02  0.000000e+00
   outer loop
     vertex -2.278337e-02 -1.662030e-02  0.000000e+00
     vertex -2.276798e-02 -1.642674e-02  1.000000e-03
     vertex -2.276798e-02 -1.642674e-02  0.000000e+00
   endloop
 endfacet
 facet normal -9.968529e-01  7.927341e-02  0.000000e+00
   outer loop
     vertex -2.278337e-02 -1.662030e-02  0.000000e+00
     vertex -2.278337e-02 -1.662030e-02  1.000000e-03
     vertex -2.276798e-02 -1.642674e-02  1.000000e-03
   endloop
 endfacet
 facet normal -9.971011e-01  7.608802e-02  0.000000e+00
   outer loop
     vertex -2.279812e-02 -1.681366e-02  0.000000e+00
     vertex -2.278337e-02 -1.662030e-02  1.000000e-03
     vertex -2.278337e-02 -1.662030e-02  0.000000e+00
   endloop
 endfacet
 facet normal -9.971011e-01  7.608802e-02  0.000000e+00
   outer loop
     vertex -2.279812e-02 -1.681366e-02  0.000000e+00
     vertex -2.279812e-02 -1.681366e-02  1.000000e-03
     vertex -2.278337e-02 -1.662030e-02  1.000000e-03
   endloop
 endfacet
 facet normal -9.973376e-01  7.292215e-02  0.000000e+00
   outer loop
     vertex -2.281225e-02 -1.700680e-02  0.000000e+00
     vertex -2.279812e-02 -1.681366e-02  1.000000e-03
     vertex -2.279812e-02 -1.681366e-02  0.000000e+00
   endloop
 endfacet
 facet normal -9.973376e-01  7.292215e-02  0.000000e+00
   outer loop
     vertex -2.281225e-02 -1.700680e-02  0.000000e+00
     vertex -2.281225e-02 -1.700680e-02  1.000000e-03
     vertex -2.279812e-02 -1.681366e-02  1.000000e-03
   endloop
 endfacet
 facet normal -9.975642e-01  6.975503e-02  0.000000e+00
   outer loop
     vertex -2.282574e-02 -1.719972e-02  0.000000e+00
     vertex -2.281225e-02 -1.700680e-02  1.000000e-03
     vertex -2.281225e-02 -1.700680e-02  0.000000e+00
   endloop
 endfacet
 facet normal -9.975642e-01  6.975503e-02  0.000000e+00
   outer loop
     vertex -2.282574e-02 -1.719972e-02  0.000000e+00
     vertex -2.282574e-02 -1.719972e-02  1.000000e-03
     vertex -2.281225e-02 -1.700680e-02  1.000000e-03
   endloop
 endfacet
 facet normal -9.977796e-01  6.660184e-02  0.000000e+00
   outer loop
     vertex -2.283860e-02 -1.739241e-02  0.000000e+00
     vertex -2.282574e-02 -1.719972e-02  1.000000e-03
     vertex -2.282574e-02 -1.719972e-02  0.000000e+00
   endloop
 endfacet
 facet normal -9.977796e-01  6.660184e-02  0.000000e+00
   outer loop
     vertex -2.283860e-02 -1.739241e-02  0.000000e+00
     vertex -2.283860e-02 -1.739241e-02  1.000000e-03
     vertex -2.282574e-02 -1.719972e-02  1.000000e-03
   endloop
 endfacet
 facet normal -9.979849e-01  6.345170e-02  0.000000e+00
   outer loop
     vertex -2.285083e-02 -1.758486e-02  0.000000e+00
     vertex -2.283860e-02 -1.739241e-02  1.000000e-03
     vertex -2.283860e-02 -1.739241e-02  0.000000e+00
   endloop
 endfacet
 facet normal -9.979849e-01  6.345170e-02  0.000000e+00
   outer loop
     vertex -2.285083e-02 -1.758486e-02  0.000000e+00
     vertex -2.285083e-02 -1.758486e-02  1.000000e-03
     vertex -2.283860e-02 -1.739241e-02  1.000000e-03
   endloop
 endfacet
 facet normal -9.981788e-01  6.032541e-02  0.000000e+00
   outer loop
     vertex -2.286245e-02 -1.777707e-02  0.000000e+00
     vertex -2.285083e-02 -1.758486e-02  1.000000e-03
     vertex -2.285083e-02 -1.758486e-02  0.000000e+00
   endloop
 endfacet
 facet normal -9.981788e-01  6.032541e-02  0.000000e+00
   outer loop
     vertex -2.286245e-02 -1.777707e-02  0.000000e+00
     vertex -2.286245e-02 -1.777707e-02  1.000000e-03
     vertex -2.285083e-02 -1.758486e-02  1.000000e-03
   endloop
 endfacet
 facet normal -9.983632e-01  5.719169e-02  0.000000e+00
   outer loop
     vertex -2.287345e-02 -1.796902e-02  0.000000e+00
     vertex -2.286245e-02 -1.777707e-02  1.000000e-03
     vertex -2.286245e-02 -1.777707e-02  0.000000e+00
   endloop
 endfacet
 facet normal -9.983632e-01  5.719169e-02  0.000000e+00
   outer loop
     vertex -2.287345e-02 -1.796902e-02  0.000000e+00
     vertex -2.287345e-02 -1.796902e-02  1.000000e-03
     vertex -2.286245e-02 -1.777707e-02  1.000000e-03
   endloop
 endfacet
 facet normal -9.985365e-01  5.408110e-02  0.000000e+00
   outer loop
     vertex -2.288383e-02 -1.816071e-02  0.000000e+00
     vertex -2.287345e-02 -1.796902e-02  1.000000e-03
     vertex -2.287345e-02 -1.796902e-02  0.000000e+00
   endloop
 endfacet
 facet normal -9.985365e-01  5.408110e-02  0.000000e+00
   outer loop
     vertex -2.288383e-02 -1.816071e-02  0.000000e+00
     vertex -2.288383e-02 -1.816071e-02  1.000000e-03
     vertex -2.287345e-02 -1.796902e-02  1.000000e-03
   endloop
 endfacet
 facet normal -9.986998e-01  5.097819e-02  0.000000e+00
   outer loop
     vertex -2.289360e-02 -1.835213e-02  0.000000e+00
     vertex -2.288383e-02 -1.816071e-02  1.000000e-03
     vertex -2.288383e-02 -1.816071e-02  0.000000e+00
   endloop
 endfacet
 facet normal -9.986998e-01  5.097819e-02  0.000000e+00
   outer loop
     vertex -2.289360e-02 -1.835213e-02  0.000000e+00
     vertex -2.289360e-02 -1.835213e-02  1.000000e-03
     vertex -2.288383e-02 -1.816071e-02  1.000000e-03
   endloop
 endfacet
 facet normal -9.988532e-01  4.787698e-02  0.000000e+00
   outer loop
     vertex -2.290276e-02 -1.854328e-02  0.000000e+00
     vertex -2.289360e-02 -1.835213e-02  1.000000e-03
     vertex -2.289360e-02 -1.835213e-02  0.000000e+00
   endloop
 endfacet
 facet normal -9.988532e-01  4.787698e-02  0.000000e+00
   outer loop
     vertex -2.290276e-02 -1.854328e-02  0.000000e+00
     vertex -2.290276e-02 -1.854328e-02  1.000000e-03
     vertex -2.289360e-02 -1.835213e-02  1.000000e-03
   endloop
 endfacet
 facet normal -9.989960e-01  4.479866e-02  0.000000e+00
   outer loop
     vertex -2.291132e-02 -1.873414e-02  0.000000e+00
     vertex -2.290276e-02 -1.854328e-02  1.000000e-03
     vertex -2.290276e-02 -1.854328e-02  0.000000e+00
   endloop
 endfacet
 facet normal -9.989960e-01  4.479866e-02  0.000000e+00
   outer loop
     vertex -2.291132e-02 -1.873414e-02  0.000000e+00
     vertex -2.291132e-02 -1.873414e-02  1.000000e-03
     vertex -2.290276e-02 -1.854328e-02  1.000000e-03
   endloop
 endfacet
 facet normal -9.991293e-01  4.172170e-02  0.000000e+00
   outer loop
     vertex -2.291928e-02 -1.892471e-02  0.000000e+00
     vertex -2.291132e-02 -1.873414e-02  1.000000e-03
     vertex -2.291132e-02 -1.873414e-02  0.000000e+00
   endloop
 endfacet
 facet normal -9.991293e-01  4.172170e-02  0.000000e+00
   outer loop
     vertex -2.291928e-02 -1.892471e-02  0.000000e+00
     vertex -2.291928e-02 -1.892471e-02  1.000000e-03
     vertex -2.291132e-02 -1.873414e-02  1.000000e-03
   endloop
 endfacet
 facet normal -9.992523e-01  3.866203e-02  0.000000e+00
   outer loop
     vertex -2.292664e-02 -1.911499e-02  0.000000e+00
     vertex -2.291928e-02 -1.892471e-02  1.000000e-03
     vertex -2.291928e-02 -1.892471e-02  0.000000e+00
   endloop
 endfacet
 facet normal -9.992523e-01  3.866203e-02  0.000000e+00
   outer loop
     vertex -2.292664e-02 -1.911499e-02  0.000000e+00
     vertex -2.292664e-02 -1.911499e-02  1.000000e-03
     vertex -2.291928e-02 -1.892471e-02  1.000000e-03
   endloop
 endfacet
 facet normal -9.993656e-01  3.561385e-02  0.000000e+00
   outer loop
     vertex -2.293341e-02 -1.930496e-02  0.000000e+00
     vertex -2.292664e-02 -1.911499e-02  1.000000e-03
     vertex -2.292664e-02 -1.911499e-02  0.000000e+00
   endloop
 endfacet
 facet normal -9.993656e-01  3.561385e-02  0.000000e+00
   outer loop
     vertex -2.293341e-02 -1.930496e-02  0.000000e+00
     vertex -2.293341e-02 -1.930496e-02  1.000000e-03
     vertex -2.292664e-02 -1.911499e-02  1.000000e-03
   endloop
 endfacet
 facet normal -9.994694e-01  3.257192e-02  0.000000e+00
   outer loop
     vertex -2.293959e-02 -1.949463e-02  0.000000e+00
     vertex -2.293341e-02 -1.930496e-02  1.000000e-03
     vertex -2.293341e-02 -1.930496e-02  0.000000e+00
   endloop
 endfacet
 facet normal -9.994694e-01  3.257192e-02  0.000000e+00
   outer loop
     vertex -2.293959e-02 -1.949463e-02  0.000000e+00
     vertex -2.293959e-02 -1.949463e-02  1.000000e-03
     vertex -2.293341e-02 -1.930496e-02  1.000000e-03
   endloop
 endfacet
 facet normal -9.995634e-01  2.954642e-02  0.000000e+00
   outer loop
     vertex -2.294519e-02 -1.968398e-02  0.000000e+00
     vertex -2.293959e-02 -1.949463e-02  1.000000e-03
     vertex -2.293959e-02 -1.949463e-02  0.000000e+00
   endloop
 endfacet
 facet normal -9.995634e-01  2.954642e-02  0.000000e+00
   outer loop
     vertex -2.294519e-02 -1.968398e-02  0.000000e+00
     vertex -2.294519e-02 -1.968398e-02  1.000000e-03
     vertex -2.293959e-02 -1.949463e-02  1.000000e-03
   endloop
 endfacet
 facet normal -9.996481e-01  2.652669e-02  0.000000e+00
   outer loop
     vertex -2.295021e-02 -1.987300e-02  0.000000e+00
     vertex -2.294519e-02 -1.968398e-02  1.000000e-03
     vertex -2.294519e-02 -1.968398e-02  0.000000e+00
   endloop
 endfacet
 facet normal -9.996481e-01  2.652669e-02  0.000000e+00
   outer loop
     vertex -2.295021e-02 -1.987300e-02  0.000000e+00
     vertex -2.295021e-02 -1.987300e-02  1.000000e-03
     vertex -2.294519e-02 -1.968398e-02  1.000000e-03
   endloop
 endfacet
 facet normal -9.997233e-01  2.352340e-02  0.000000e+00
   outer loop
     vertex -2.295464e-02 -2.006170e-02  0.000000e+00
     vertex -2.295021e-02 -1.987300e-02  1.000000e-03
     vertex -2.295021e-02 -1.987300e-02  0.000000e+00
   endloop
 endfacet
 facet normal -9.997233e-01  2.352340e-02  0.000000e+00
   outer loop
     vertex -2.295464e-02 -2.006170e-02  0.000000e+00
     vertex -2.295464e-02 -2.006170e-02  1.000000e-03
     vertex -2.295021e-02 -1.987300e-02  1.000000e-03
   endloop
 endfacet
 facet normal -9.997892e-01  2.053060e-02  0.000000e+00
   outer loop
     vertex -2.295851e-02 -2.025006e-02  0.000000e+00
     vertex -2.295464e-02 -2.006170e-02  1.000000e-03
     vertex -2.295464e-02 -2.006170e-02  0.000000e+00
   endloop
 endfacet
 facet normal -9.997892e-01  2.053060e-02  0.000000e+00
   outer loop
     vertex -2.295851e-02 -2.025006e-02  0.000000e+00
     vertex -2.295851e-02 -2.025006e-02  1.000000e-03
     vertex -2.295464e-02 -2.006170e-02  1.000000e-03
   endloop
 endfacet
 facet normal -9.998460e-01  1.754844e-02  0.000000e+00
   outer loop
     vertex -2.296181e-02 -2.043808e-02  0.000000e+00
     vertex -2.295851e-02 -2.025006e-02  1.000000e-03
     vertex -2.295851e-02 -2.025006e-02  0.000000e+00
   endloop
 endfacet
 facet normal -9.998460e-01  1.754844e-02  0.000000e+00
   outer loop
     vertex -2.296181e-02 -2.043808e-02  0.000000e+00
     vertex -2.296181e-02 -2.043808e-02  1.000000e-03
     vertex -2.295851e-02 -2.025006e-02  1.000000e-03
   endloop
 endfacet
 facet normal -9.998937e-01  1.458217e-02  0.000000e+00
   outer loop
     vertex -2.296455e-02 -2.062576e-02  0.000000e+00
     vertex -2.296181e-02 -2.043808e-02  1.000000e-03
     vertex -2.296181e-02 -2.043808e-02  0.000000e+00
   endloop
 endfacet
 facet normal -9.998937e-01  1.458217e-02  0.000000e+00
   outer loop
     vertex -2.296455e-02 -2.062576e-02  0.000000e+00
     vertex -2.296455e-02 -2.062576e-02  1.000000e-03
     vertex -2.296181e-02 -2.043808e-02  1.000000e-03
   endloop
 endfacet
 facet normal -9.999324e-01  1.162619e-02  0.000000e+00
   outer loop
     vertex -2.296673e-02 -2.081308e-02  0.000000e+00
     vertex -2.296455e-02 -2.062576e-02  1.000000e-03
     vertex -2.296455e-02 -2.062576e-02  0.000000e+00
   endloop
 endfacet
 facet normal -9.999324e-01  1.162619e-02  0.000000e+00
   outer loop
     vertex -2.296673e-02 -2.081308e-02  0.000000e+00
     vertex -2.296673e-02 -2.081308e-02  1.000000e-03
     vertex -2.296455e-02 -2.062576e-02  1.000000e-03
   endloop
 endfacet
 facet normal -9.999624e-01  8.675001e-03  0.000000e+00
   outer loop
     vertex -2.296835e-02 -2.100005e-02  0.000000e+00
     vertex -2.296673e-02 -2.081308e-02  1.000000e-03
     vertex -2.296673e-02 -2.081308e-02  0.000000e+00
   endloop
 endfacet
 facet normal -9.999624e-01  8.675001e-03  0.000000e+00
   outer loop
     vertex -2.296835e-02 -2.100005e-02  0.000000e+00
     vertex -2.296835e-02 -2.100005e-02  1.000000e-03
     vertex -2.296673e-02 -2.081308e-02  1.000000e-03
   endloop
 endfacet
 facet normal -9.999835e-01  5.744691e-03  0.000000e+00
   outer loop
     vertex -2.296942e-02 -2.118665e-02  0.000000e+00
     vertex -2.296835e-02 -2.100005e-02  1.000000e-03
     vertex -2.296835e-02 -2.100005e-02  0.000000e+00
   endloop
 endfacet
 facet normal -9.999835e-01  5.744691e-03  0.000000e+00
   outer loop
     vertex -2.296942e-02 -2.118665e-02  0.000000e+00
     vertex -2.296942e-02 -2.118665e-02  1.000000e-03
     vertex -2.296835e-02 -2.100005e-02  1.000000e-03
   endloop
 endfacet
 facet normal -9.999960e-01  2.829716e-03  0.000000e+00
   outer loop
     vertex -2.296995e-02 -2.137289e-02  0.000000e+00
     vertex -2.296942e-02 -2.118665e-02  1.000000e-03
     vertex -2.296942e-02 -2.118665e-02  0.000000e+00
   endloop
 endfacet
 facet normal -9.999960e-01  2.829716e-03  0.000000e+00
   outer loop
     vertex -2.296995e-02 -2.137289e-02  0.000000e+00
     vertex -2.296995e-02 -2.137289e-02  1.000000e-03
     vertex -2.296942e-02 -2.118665e-02  1.000000e-03
   endloop
 endfacet
 facet normal -1.000000e+00 -8.608399e-05  0.000000e+00
   outer loop
     vertex -2.296993e-02 -2.155875e-02  0.000000e+00
     vertex -2.296995e-02 -2.137289e-02  1.000000e-03
     vertex -2.296995e-02 -2.137289e-02  0.000000e+00
   endloop
 endfacet
 facet normal -1.000000e+00 -8.608399e-05  0.000000e+00
   outer loop
     vertex -2.296993e-02 -2.155875e-02  0.000000e+00
     vertex -2.296993e-02 -2.155875e-02  1.000000e-03
     vertex -2.296995e-02 -2.137289e-02  1.000000e-03
   endloop
 endfacet
 facet normal -9.999956e-01 -2.981312e-03  0.000000e+00
   outer loop
     vertex -2.296938e-02 -2.174424e-02  0.000000e+00
     vertex -2.296993e-02 -2.155875e-02  1.000000e-03
     vertex -2.296993e-02 -2.155875e-02  0.000000e+00
   endloop
 endfacet
 facet normal -9.999956e-01 -2.981312e-03  0.000000e+00
   outer loop
     vertex -2.296938e-02 -2.174424e-02  0.000000e+00
     vertex -2.296938e-02 -2.174424e-02  1.000000e-03
     vertex -2.296993e-02 -2.155875e-02  1.000000e-03
   endloop
 endfacet
 facet normal -9.999828e-01 -5.861374e-03  0.000000e+00
   outer loop
     vertex -2.296830e-02 -2.192935e-02  0.000000e+00
     vertex -2.296938e-02 -2.174424e-02  1.000000e-03
     vertex -2.296938e-02 -2.174424e-02  0.000000e+00
   endloop
 endfacet
 facet normal -9.999828e-01 -5.861374e-03  0.000000e+00
   outer loop
     vertex -2.296830e-02 -2.192935e-02  0.000000e+00
     vertex -2.296830e-02 -2.192935e-02  1.000000e-03
     vertex -2.296938e-02 -2.174424e-02  1.000000e-03
   endloop
 endfacet
 facet normal -9.999618e-01 -8.737121e-03  0.000000e+00
   outer loop
     vertex -2.296668e-02 -2.211407e-02  0.000000e+00
     vertex -2.296830e-02 -2.192935e-02  1.000000e-03
     vertex -2.296830e-02 -2.192935e-02  0.000000e+00
   endloop
 endfacet
 facet normal -9.999618e-01 -8.737121e-03  0.000000e+00
   outer loop
     vertex -2.296668e-02 -2.211407e-02  0.000000e+00
     vertex -2.296668e-02 -2.211407e-02  1.000000e-03
     vertex -2.296830e-02 -2.192935e-02  1.000000e-03
   endloop
 endfacet
 facet normal -9.999327e-01 -1.159786e-02  0.000000e+00
   outer loop
     vertex -2.296454e-02 -2.229840e-02  0.000000e+00
     vertex -2.296668e-02 -2.211407e-02  1.000000e-03
     vertex -2.296668e-02 -2.211407e-02  0.000000e+00
   endloop
 endfacet
 facet normal -9.999327e-01 -1.159786e-02  0.000000e+00
   outer loop
     vertex -2.296454e-02 -2.229840e-02  0.000000e+00
     vertex -2.296454e-02 -2.229840e-02  1.000000e-03
     vertex -2.296668e-02 -2.211407e-02  1.000000e-03
   endloop
 endfacet
 facet normal -9.998957e-01 -1.444350e-02  0.000000e+00
   outer loop
     vertex -2.296189e-02 -2.248234e-02  0.000000e+00
     vertex -2.296454e-02 -2.229840e-02  1.000000e-03
     vertex -2.296454e-02 -2.229840e-02  0.000000e+00
   endloop
 endfacet
 facet normal -9.998957e-01 -1.444350e-02  0.000000e+00
   outer loop
     vertex -2.296189e-02 -2.248234e-02  0.000000e+00
     vertex -2.296189e-02 -2.248234e-02  1.000000e-03
     vertex -2.296454e-02 -2.229840e-02  1.000000e-03
   endloop
 endfacet
 facet normal -9.998507e-01 -1.727957e-02  0.000000e+00
   outer loop
     vertex -2.295871e-02 -2.266588e-02  0.000000e+00
     vertex -2.296189e-02 -2.248234e-02  1.000000e-03
     vertex -2.296189e-02 -2.248234e-02  0.000000e+00
   endloop
 endfacet
 facet normal -9.998507e-01 -1.727957e-02  0.000000e+00
   outer loop
     vertex -2.295871e-02 -2.266588e-02  0.000000e+00
     vertex -2.295871e-02 -2.266588e-02  1.000000e-03
     vertex -2.296189e-02 -2.248234e-02  1.000000e-03
   endloop
 endfacet
 facet normal -9.997979e-01 -2.010590e-02  0.000000e+00
   outer loop
     vertex -2.295503e-02 -2.284903e-02  0.000000e+00
     vertex -2.295871e-02 -2.266588e-02  1.000000e-03
     vertex -2.295871e-02 -2.266588e-02  0.000000e+00
   endloop
 endfacet
 facet normal -9.997979e-01 -2.010590e-02  0.000000e+00
   outer loop
     vertex -2.295503e-02 -2.284903e-02  0.000000e+00
     vertex -2.295503e-02 -2.284903e-02  1.000000e-03
     vertex -2.295871e-02 -2.266588e-02  1.000000e-03
   endloop
 endfacet
 facet normal -9.997375e-01 -2.291204e-02  0.000000e+00
   outer loop
     vertex -2.295084e-02 -2.303176e-02  0.000000e+00
     vertex -2.295503e-02 -2.284903e-02  1.000000e-03
     vertex -2.295503e-02 -2.284903e-02  0.000000e+00
   endloop
 endfacet
 facet normal -9.997375e-01 -2.291204e-02  0.000000e+00
   outer loop
     vertex -2.295084e-02 -2.303176e-02  0.000000e+00
     vertex -2.295084e-02 -2.303176e-02  1.000000e-03
     vertex -2.295503e-02 -2.284903e-02  1.000000e-03
   endloop
 endfacet
 facet normal -9.996692e-01 -2.571914e-02  0.000000e+00
   outer loop
     vertex -2.294615e-02 -2.321410e-02  0.000000e+00
     vertex -2.295084e-02 -2.303176e-02  1.000000e-03
     vertex -2.295084e-02 -2.303176e-02  0.000000e+00
   endloop
 endfacet
 facet normal -9.996692e-01 -2.571914e-02  0.000000e+00
   outer loop
     vertex -2.294615e-02 -2.321410e-02  0.000000e+00
     vertex -2.294615e-02 -2.321410e-02  1.000000e-03
     vertex -2.295084e-02 -2.303176e-02  1.000000e-03
   endloop
 endfacet
 facet normal -9.995936e-01 -2.850597e-02  0.000000e+00
   outer loop
     vertex -2.294096e-02 -2.339602e-02  0.000000e+00
     vertex -2.294615e-02 -2.321410e-02  1.000000e-03
     vertex -2.294615e-02 -2.321410e-02  0.000000e+00
   endloop
 endfacet
 facet normal -9.995936e-01 -2.850597e-02  0.000000e+00
   outer loop
     vertex -2.294096e-02 -2.339602e-02  0.000000e+00
     vertex -2.294096e-02 -2.339602e-02  1.000000e-03
     vertex -2.294615e-02 -2.321410e-02  1.000000e-03
   endloop
 endfacet
 facet normal -9.995107e-01 -3.127739e-02  0.000000e+00
   outer loop
     vertex -2.293528e-02 -2.357753e-02  0.000000e+00
     vertex -2.294096e-02 -2.339602e-02  1.000000e-03
     vertex -2.294096e-02 -2.339602e-02  0.000000e+00
   endloop
 endfacet
 facet normal -9.995107e-01 -3.127739e-02  0.000000e+00
   outer loop
     vertex -2.293528e-02 -2.357753e-02  0.000000e+00
     vertex -2.293528e-02 -2.357753e-02  1.000000e-03
     vertex -2.294096e-02 -2.339602e-02  1.000000e-03
   endloop
 endfacet
 facet normal -9.994203e-01 -3.404468e-02  0.000000e+00
   outer loop
     vertex -2.292911e-02 -2.375863e-02  0.000000e+00
     vertex -2.293528e-02 -2.357753e-02  1.000000e-03
     vertex -2.293528e-02 -2.357753e-02  0.000000e+00
   endloop
 endfacet
 facet normal -9.994203e-01 -3.404468e-02  0.000000e+00
   outer loop
     vertex -2.292911e-02 -2.375863e-02  0.000000e+00
     vertex -2.292911e-02 -2.375863e-02  1.000000e-03
     vertex -2.293528e-02 -2.357753e-02  1.000000e-03
   endloop
 endfacet
 facet normal -9.993226e-01 -3.680218e-02  0.000000e+00
   outer loop
     vertex -2.292246e-02 -2.393931e-02  0.000000e+00
     vertex -2.292911e-02 -2.375863e-02  1.000000e-03
     vertex -2.292911e-02 -2.375863e-02  0.000000e+00
   endloop
 endfacet
 facet normal -9.993226e-01 -3.680218e-02  0.000000e+00
   outer loop
     vertex -2.292246e-02 -2.393931e-02  0.000000e+00
     vertex -2.292246e-02 -2.393931e-02  1.000000e-03
     vertex -2.292911e-02 -2.375863e-02  1.000000e-03
   endloop
 endfacet
 facet normal -9.992180e-01 -3.953880e-02  0.000000e+00
   outer loop
     vertex -2.291533e-02 -2.411958e-02  0.000000e+00
     vertex -2.292246e-02 -2.393931e-02  1.000000e-03
     vertex -2.292246e-02 -2.393931e-02  0.000000e+00
   endloop
 endfacet
 facet normal -9.992180e-01 -3.953880e-02  0.000000e+00
   outer loop
     vertex -2.291533e-02 -2.411958e-02  0.000000e+00
     vertex -2.291533e-02 -2.411958e-02  1.000000e-03
     vertex -2.292246e-02 -2.393931e-02  1.000000e-03
   endloop
 endfacet
 facet normal -9.991060e-01 -4.227638e-02  0.000000e+00
   outer loop
     vertex -2.290772e-02 -2.429942e-02  0.000000e+00
     vertex -2.291533e-02 -2.411958e-02  1.000000e-03
     vertex -2.291533e-02 -2.411958e-02  0.000000e+00
   endloop
 endfacet
 facet normal -9.991060e-01 -4.227638e-02  0.000000e+00
   outer loop
     vertex -2.290772e-02 -2.429942e-02  0.000000e+00
     vertex -2.290772e-02 -2.429942e-02  1.000000e-03
     vertex -2.291533e-02 -2.411958e-02  1.000000e-03
   endloop
 endfacet
 facet normal -9.989876e-01 -4.498715e-02  0.000000e+00
   outer loop
     vertex -2.289964e-02 -2.447885e-02  0.000000e+00
     vertex -2.290772e-02 -2.429942e-02  1.000000e-03
     vertex -2.290772e-02 -2.429942e-02  0.000000e+00
   endloop
 endfacet
 facet normal -9.989876e-01 -4.498715e-02  0.000000e+00
   outer loop
     vertex -2.289964e-02 -2.447885e-02  0.000000e+00
     vertex -2.289964e-02 -2.447885e-02  1.000000e-03
     vertex -2.290772e-02 -2.429942e-02  1.000000e-03
   endloop
 endfacet
 facet normal -9.988618e-01 -4.769877e-02  0.000000e+00
   outer loop
     vertex -2.289109e-02 -2.465785e-02  0.000000e+00
     vertex -2.289964e-02 -2.447885e-02  1.000000e-03
     vertex -2.289964e-02 -2.447885e-02  0.000000e+00
   endloop
 endfacet
 facet normal -9.988618e-01 -4.769877e-02  0.000000e+00
   outer loop
     vertex -2.289109e-02 -2.465785e-02  0.000000e+00
     vertex -2.289109e-02 -2.465785e-02  1.000000e-03
     vertex -2.289964e-02 -2.447885e-02  1.000000e-03
   endloop
 endfacet
 facet normal -9.987291e-01 -5.040036e-02  0.000000e+00
   outer loop
     vertex -2.288208e-02 -2.483643e-02  0.000000e+00
     vertex -2.289109e-02 -2.465785e-02  1.000000e-03
     vertex -2.289109e-02 -2.465785e-02  0.000000e+00
   endloop
 endfacet
 facet normal -9.987291e-01 -5.040036e-02  0.000000e+00
   outer loop
     vertex -2.288208e-02 -2.483643e-02  0.000000e+00
     vertex -2.288208e-02 -2.483643e-02  1.000000e-03
     vertex -2.289109e-02 -2.465785e-02  1.000000e-03
   endloop
 endfacet
 facet normal -9.985903e-01 -5.307983e-02  0.000000e+00
   outer loop
     vertex -2.287261e-02 -2.501459e-02  0.000000e+00
     vertex -2.288208e-02 -2.483643e-02  1.000000e-03
     vertex -2.288208e-02 -2.483643e-02  0.000000e+00
   endloop
 endfacet
 facet normal -9.985903e-01 -5.307983e-02  0.000000e+00
   outer loop
     vertex -2.287261e-02 -2.501459e-02  0.000000e+00
     vertex -2.287261e-02 -2.501459e-02  1.000000e-03
     vertex -2.288208e-02 -2.483643e-02  1.000000e-03
   endloop
 endfacet
 facet normal -9.984442e-01 -5.575999e-02  0.000000e+00
   outer loop
     vertex -2.286268e-02 -2.519233e-02  0.000000e+00
     vertex -2.287261e-02 -2.501459e-02  1.000000e-03
     vertex -2.287261e-02 -2.501459e-02  0.000000e+00
   endloop
 endfacet
 facet normal -9.984442e-01 -5.575999e-02  0.000000e+00
   outer loop
     vertex -2.286268e-02 -2.519233e-02  0.000000e+00
     vertex -2.286268e-02 -2.519233e-02  1.000000e-03
     vertex -2.287261e-02 -2.501459e-02  1.000000e-03
   endloop
 endfacet
 facet normal -9.982919e-01 -5.842366e-02  0.000000e+00
   outer loop
     vertex -2.285231e-02 -2.536964e-02  0.000000e+00
     vertex -2.286268e-02 -2.519233e-02  1.000000e-03
     vertex -2.286268e-02 -2.519233e-02  0.000000e+00
   endloop
 endfacet
 facet normal -9.982919e-01 -5.842366e-02  0.000000e+00
   outer loop
     vertex -2.285231e-02 -2.536964e-02  0.000000e+00
     vertex -2.285231e-02 -2.536964e-02  1.000000e-03
     vertex -2.286268e-02 -2.519233e-02  1.000000e-03
   endloop
 endfacet
 facet normal -9.981328e-01 -6.108196e-02  0.000000e+00
   outer loop
     vertex -2.284148e-02 -2.554653e-02  0.000000e+00
     vertex -2.285231e-02 -2.536964e-02  1.000000e-03
     vertex -2.285231e-02 -2.536964e-02  0.000000e+00
   endloop
 endfacet
 facet normal -9.981328e-01 -6.108196e-02  0.000000e+00
   outer loop
     vertex -2.284148e-02 -2.554653e-02  0.000000e+00
     vertex -2.284148e-02 -2.554653e-02  1.000000e-03
     vertex -2.285231e-02 -2.536964e-02  1.000000e-03
   endloop
 endfacet
 facet normal -9.979676e-01 -6.372280e-02  0.000000e+00
   outer loop
     vertex -2.283021e-02 -2.572300e-02  0.000000e+00
     vertex -2.284148e-02 -2.554653e-02  1.000000e-03
     vertex -2.284148e-02 -2.554653e-02  0.000000e+00
   endloop
 endfacet
 facet normal -9.979676e-01 -6.372280e-02  0.000000e+00
   outer loop
     vertex -2.283021e-02 -2.572300e-02  0.000000e+00
     vertex -2.283021e-02 -2.572300e-02  1.000000e-03
     vertex -2.284148e-02 -2.554653e-02  1.000000e-03
   endloop
 endfacet
 facet normal -9.977959e-01 -6.635838e-02  0.000000e+00
   outer loop
     vertex -2.281850e-02 -2.589905e-02  0.000000e+00
     vertex -2.283021e-02 -2.572300e-02  1.000000e-03
     vertex -2.283021e-02 -2.572300e-02  0.000000e+00
   endloop
 endfacet
 facet normal -9.977959e-01 -6.635838e-02  0.000000e+00
   outer loop
     vertex -2.281850e-02 -2.589905e-02  0.000000e+00
     vertex -2.281850e-02 -2.589905e-02  1.000000e-03
     vertex -2.283021e-02 -2.572300e-02  1.000000e-03
   endloop
 endfacet
 facet normal -9.976179e-01 -6.898183e-02  0.000000e+00
   outer loop
     vertex -2.280636e-02 -2.607467e-02  0.000000e+00
     vertex -2.281850e-02 -2.589905e-02  1.000000e-03
     vertex -2.281850e-02 -2.589905e-02  0.000000e+00
   endloop
 endfacet
 facet normal -9.976179e-01 -6.898183e-02  0.000000e+00
   outer loop
     vertex -2.280636e-02 -2.607467e-02  0.000000e+00
     vertex -2.280636e-02 -2.607467e-02  1.000000e-03
     vertex -2.281850e-02 -2.589905e-02  1.000000e-03
   endloop
 endfacet
 facet normal -9.974335e-01 -7.159902e-02  0.000000e+00
   outer loop
     vertex -2.279378e-02 -2.624988e-02  0.000000e+00
     vertex -2.280636e-02 -2.607467e-02  1.000000e-03
     vertex -2.280636e-02 -2.607467e-02  0.000000e+00
   endloop
 endfacet
 facet normal -9.974335e-01 -7.159902e-02  0.000000e+00
   outer loop
     vertex -2.279378e-02 -2.624988e-02  0.000000e+00
     vertex -2.279378e-02 -2.624988e-02  1.000000e-03
     vertex -2.280636e-02 -2.607467e-02  1.000000e-03
   endloop
 endfacet
 facet normal -9.972435e-01 -7.419805e-02  0.000000e+00
   outer loop
     vertex -2.278078e-02 -2.642467e-02  0.000000e+00
     vertex -2.279378e-02 -2.624988e-02  1.000000e-03
     vertex -2.279378e-02 -2.624988e-02  0.000000e+00
   endloop
 endfacet
 facet normal -9.972435e-01 -7.419805e-02  0.000000e+00
   outer loop
     vertex -2.278078e-02 -2.642467e-02  0.000000e+00
     vertex -2.278078e-02 -2.642467e-02  1.000000e-03
     vertex -2.279378e-02 -2.624988e-02  1.000000e-03
   endloop
 endfacet
 facet normal -9.970464e-01 -7.680187e-02  0.000000e+00
   outer loop
     vertex -2.276735e-02 -2.659905e-02  0.000000e+00
     vertex -2.278078e-02 -2.642467e-02  1.000000e-03
     vertex -2.278078e-02 -2.642467e-02  0.000000e+00
   endloop
 endfacet
 facet normal -9.970464e-01 -7.680187e-02  0.000000e+00
   outer loop
     vertex -2.276735e-02 -2.659905e-02  0.000000e+00
     vertex -2.276735e-02 -2.659905e-02  1.000000e-03
     vertex -2.278078e-02 -2.642467e-02  1.000000e-03
   endloop
 endfacet
 facet normal -9.968443e-01 -7.938149e-02  0.000000e+00
   outer loop
     vertex -2.275349e-02 -2.677301e-02  0.000000e+00
     vertex -2.276735e-02 -2.659905e-02  1.000000e-03
     vertex -2.276735e-02 -2.659905e-02  0.000000e+00
   endloop
 endfacet
 facet normal -9.968443e-01 -7.938149e-02  0.000000e+00
   outer loop
     vertex -2.275349e-02 -2.677301e-02  0.000000e+00
     vertex -2.275349e-02 -2.677301e-02  1.000000e-03
     vertex -2.276735e-02 -2.659905e-02  1.000000e-03
   endloop
 endfacet
 facet normal -9.966362e-01 -8.195330e-02  0.000000e+00
   outer loop
     vertex -2.273922e-02 -2.694656e-02  0.000000e+00
     vertex -2.275349e-02 -2.677301e-02  1.000000e-03
     vertex -2.275349e-02 -2.677301e-02  0.000000e+00
   endloop
 endfacet
 facet normal -9.966362e-01 -8.195330e-02  0.000000e+00
   outer loop
     vertex -2.273922e-02 -2.694656e-02  0.000000e+00
     vertex -2.273922e-02 -2.694656e-02  1.000000e-03
     vertex -2.275349e-02 -2.677301e-02  1.000000e-03
   endloop
 endfacet
 facet normal -9.964215e-01 -8.452375e-02  0.000000e+00
   outer loop
     vertex -2.272454e-02 -2.711970e-02  0.000000e+00
     vertex -2.273922e-02 -2.694656e-02  1.000000e-03
     vertex -2.273922e-02 -2.694656e-02  0.000000e+00
   endloop
 endfacet
 facet normal -9.964215e-01 -8.452375e-02  0.000000e+00
   outer loop
     vertex -2.272454e-02 -2.711970e-02  0.000000e+00
     vertex -2.272454e-02 -2.711970e-02  1.000000e-03
     vertex -2.273922e-02 -2.694656e-02  1.000000e-03
   endloop
 endfacet
 facet normal -9.962013e-01 -8.708031e-02  0.000000e+00
   outer loop
     vertex -2.270944e-02 -2.729243e-02  0.000000e+00
     vertex -2.272454e-02 -2.711970e-02  1.000000e-03
     vertex -2.272454e-02 -2.711970e-02  0.000000e+00
   endloop
 endfacet
 facet normal -9.962013e-01 -8.708031e-02  0.000000e+00
   outer loop
     vertex -2.270944e-02 -2.729243e-02  0.000000e+00
     vertex -2.270944e-02 -2.729243e-02  1.000000e-03
     vertex -2.272454e-02 -2.711970e-02  1.000000e-03
   endloop
 endfacet
 facet normal -9.959753e-01 -8.962847e-02  0.000000e+00
   outer loop
     vertex -2.269393e-02 -2.746476e-02  0.000000e+00
     vertex -2.270944e-02 -2.729243e-02  1.000000e-03
     vertex -2.270944e-02 -2.729243e-02  0.000000e+00
   endloop
 endfacet
 facet normal -9.959753e-01 -8.962847e-02  0.000000e+00
   outer loop
     vertex -2.269393e-02 -2.746476e-02  0.000000e+00
     vertex -2.269393e-02 -2.746476e-02  1.000000e-03
     vertex -2.270944e-02 -2.729243e-02  1.000000e-03
   endloop
 endfacet
 facet normal -9.957434e-01 -9.216854e-02  0.000000e+00
   outer loop
     vertex -2.267801e-02 -2.763669e-02  0.000000e+00
     vertex -2.269393e-02 -2.746476e-02  1.000000e-03
     vertex -2.269393e-02 -2.746476e-02  0.000000e+00
   endloop
 endfacet
 facet normal -9.957434e-01 -9.216854e-02  0.000000e+00
   outer loop
     vertex -2.267801e-02 -2.763669e-02  0.000000e+00
     vertex -2.267801e-02 -2.763669e-02  1.000000e-03
     vertex -2.269393e-02 -2.746476e-02  1.000000e-03
   endloop
 endfacet
 facet normal -9.955060e-01 -9.469872e-02  0.000000e+00
   outer loop
     vertex -2.266170e-02 -2.780822e-02  0.000000e+00
     vertex -2.267801e-02 -2.763669e-02  1.000000e-03
     vertex -2.267801e-02 -2.763669e-02  0.000000e+00
   endloop
 endfacet
 facet normal -9.955060e-01 -9.469872e-02  0.000000e+00
   outer loop
     vertex -2.266170e-02 -2.780822e-02  0.000000e+00
     vertex -2.266170e-02 -2.780822e-02  1.000000e-03
     vertex -2.267801e-02 -2.763669e-02  1.000000e-03
   endloop
 endfacet
 facet normal -9.952634e-01 -9.721518e-02  0.000000e+00
   outer loop
     vertex -2.264498e-02 -2.797935e-02  0.000000e+00
     vertex -2.266170e-02 -2.780822e-02  1.000000e-03
     vertex -2.266170e-02 -2.780822e-02  0.000000e+00
   endloop
 endfacet
 facet normal -9.952634e-01 -9.721518e-02  0.000000e+00
   outer loop
     vertex -2.264498e-02 -2.797935e-02  0.000000e+00
     vertex -2.264498e-02 -2.797935e-02  1.000000e-03
     vertex -2.266170e-02 -2.780822e-02  1.000000e-03
   endloop
 endfacet
 facet normal -9.950148e-01 -9.972701e-02  0.000000e+00
   outer loop
     vertex -2.262787e-02 -2.815009e-02  0.000000e+00
     vertex -2.264498e-02 -2.797935e-02  1.000000e-03
     vertex -2.264498e-02 -2.797935e-02  0.000000e+00
   endloop
 endfacet
 facet normal -9.950148e-01 -9.972701e-02  0.000000e+00
   outer loop
     vertex -2.262787e-02 -2.815009e-02  0.000000e+00
     vertex -2.262787e-02 -2.815009e-02  1.000000e-03
     vertex -2.264498e-02 -2.797935e-02  1.000000e-03
   endloop
 endfacet
 facet normal -9.947609e-01 -1.022293e-01  0.000000e+00
   outer loop
     vertex -2.261036e-02 -2.832045e-02  0.000000e+00
     vertex -2.262787e-02 -2.815009e-02  1.000000e-03
     vertex -2.262787e-02 -2.815009e-02  0.000000e+00
   endloop
 endfacet
 facet normal -9.947609e-01 -1.022293e-01  0.000000e+00
   outer loop
     vertex -2.261036e-02 -2.832045e-02  0.000000e+00
     vertex -2.261036e-02 -2.832045e-02  1.000000e-03
     vertex -2.262787e-02 -2.815009e-02  1.000000e-03
   endloop
 endfacet
 facet normal -9.945016e-01 -1.047213e-01  0.000000e+00
   outer loop
     vertex -2.259246e-02 -2.849042e-02  0.000000e+00
     vertex -2.261036e-02 -2.832045e-02  1.000000e-03
     vertex -2.261036e-02 -2.832045e-02  0.000000e+00
   endloop
 endfacet
 facet normal -9.945016e-01 -1.047213e-01  0.000000e+00
   outer loop
     vertex -2.259246e-02 -2.849042e-02  0.000000e+00
     vertex -2.259246e-02 -2.849042e-02  1.000000e-03
     vertex -2.261036e-02 -2.832045e-02  1.000000e-03
   endloop
 endfacet
 facet normal -9.942366e-01 -1.072085e-01  0.000000e+00
   outer loop
     vertex -2.257418e-02 -2.866001e-02  0.000000e+00
     vertex -2.259246e-02 -2.849042e-02  1.000000e-03
     vertex -2.259246e-02 -2.849042e-02  0.000000e+00
   endloop
 endfacet
 facet normal -9.942366e-01 -1.072085e-01  0.000000e+00
   outer loop
     vertex -2.257418e-02 -2.866001e-02  0.000000e+00
     vertex -2.257418e-02 -2.866001e-02  1.000000e-03
     vertex -2.259246e-02 -2.849042e-02  1.000000e-03
   endloop
 endfacet
 facet normal -9.939663e-01 -1.096856e-01  0.000000e+00
   outer loop
     vertex -2.255550e-02 -2.882922e-02  0.000000e+00
     vertex -2.257418e-02 -2.866001e-02  1.000000e-03
     vertex -2.257418e-02 -2.866001e-02  0.000000e+00
   endloop
 endfacet
 facet normal -9.939663e-01 -1.096856e-01  0.000000e+00
   outer loop
     vertex -2.255550e-02 -2.882922e-02  0.000000e+00
     vertex -2.255550e-02 -2.882922e-02  1.000000e-03
     vertex -2.257418e-02 -2.866001e-02  1.000000e-03
   endloop
 endfacet
 facet normal -9.936912e-01 -1.121509e-01  0.000000e+00
   outer loop
     vertex -2.253645e-02 -2.899807e-02  0.000000e+00
     vertex -2.255550e-02 -2.882922e-02  1.000000e-03
     vertex -2.255550e-02 -2.882922e-02  0.000000e+00
   endloop
 endfacet
 facet normal -9.936912e-01 -1.121509e-01  0.000000e+00
   outer loop
     vertex -2.253645e-02 -2.899807e-02  0.000000e+00
     vertex -2.253645e-02 -2.899807e-02  1.000000e-03
     vertex -2.255550e-02 -2.882922e-02  1.000000e-03
   endloop
 endfacet
 facet normal -9.934105e-01 -1.146107e-01  0.000000e+00
   outer loop
     vertex -2.251701e-02 -2.916654e-02  0.000000e+00
     vertex -2.253645e-02 -2.899807e-02  1.000000e-03
     vertex -2.253645e-02 -2.899807e-02  0.000000e+00
   endloop
 endfacet
 facet normal -9.934105e-01 -1.146107e-01  0.000000e+00
   outer loop
     vertex -2.251701e-02 -2.916654e-02  0.000000e+00
     vertex -2.251701e-02 -2.916654e-02  1.000000e-03
     vertex -2.253645e-02 -2.899807e-02  1.000000e-03
   endloop
 endfacet
 facet normal -9.931244e-01 -1.170640e-01  0.000000e+00
   outer loop
     vertex -2.249719e-02 -2.933465e-02  0.000000e+00
     vertex -2.251701e-02 -2.916654e-02  1.000000e-03
     vertex -2.251701e-02 -2.916654e-02  0.000000e+00
   endloop
 endfacet
 facet normal -9.931244e-01 -1.170640e-01  0.000000e+00
   outer loop
     vertex -2.249719e-02 -2.933465e-02  0.000000e+00
     vertex -2.249719e-02 -2.933465e-02  1.000000e-03
     vertex -2.251701e-02 -2.916654e-02  1.000000e-03
   endloop
 endfacet
 facet normal -9.928335e-01 -1.195055e-01  0.000000e+00
   outer loop
     vertex -2.247700e-02 -2.950240e-02  0.000000e+00
     vertex -2.249719e-02 -2.933465e-02  1.000000e-03
     vertex -2.249719e-02 -2.933465e-02  0.000000e+00
   endloop
 endfacet
 facet normal -9.928335e-01 -1.195055e-01  0.000000e+00
   outer loop
     vertex -2.247700e-02 -2.950240e-02  0.000000e+00
     vertex -2.247700e-02 -2.950240e-02  1.000000e-03
     vertex -2.249719e-02 -2.933465e-02  1.000000e-03
   endloop
 endfacet
 facet normal -9.925376e-01 -1.219394e-01  0.000000e+00
   outer loop
     vertex -2.245644e-02 -2.966980e-02  0.000000e+00
     vertex -2.247700e-02 -2.950240e-02  1.000000e-03
     vertex -2.247700e-02 -2.950240e-02  0.000000e+00
   endloop
 endfacet
 facet normal -9.925376e-01 -1.219394e-01  0.000000e+00
   outer loop
     vertex -2.245644e-02 -2.966980e-02  0.000000e+00
     vertex -2.245644e-02 -2.966980e-02  1.000000e-03
     vertex -2.247700e-02 -2.950240e-02  1.000000e-03
   endloop
 endfacet
 facet normal -9.922362e-01 -1.243674e-01  0.000000e+00
   outer loop
     vertex -2.243550e-02 -2.983685e-02  0.000000e+00
     vertex -2.245644e-02 -2.966980e-02  1.000000e-03
     vertex -2.245644e-02 -2.966980e-02  0.000000e+00
   endloop
 endfacet
 facet normal -9.922362e-01 -1.243674e-01  0.000000e+00
   outer loop
     vertex -2.243550e-02 -2.983685e-02  0.000000e+00
     vertex -2.243550e-02 -2.983685e-02  1.000000e-03
     vertex -2.245644e-02 -2.966980e-02  1.000000e-03
   endloop
 endfacet
 facet normal -9.919300e-01 -1.267871e-01  0.000000e+00
   outer loop
     vertex -2.241419e-02 -3.000356e-02  0.000000e+00
     vertex -2.243550e-02 -2.983685e-02  1.000000e-03
     vertex -2.243550e-02 -2.983685e-02  0.000000e+00
   endloop
 endfacet
 facet normal -9.919300e-01 -1.267871e-01  0.000000e+00
   outer loop
     vertex -2.241419e-02 -3.000356e-02  0.000000e+00
     vertex -2.241419e-02 -3.000356e-02  1.000000e-03
     vertex -2.243550e-02 -2.983685e-02  1.000000e-03
   endloop
 endfacet
 facet normal -9.916186e-01 -1.291998e-01  0.000000e+00
   outer loop
     vertex -2.239251e-02 -3.016992e-02  0.000000e+00
     vertex -2.241419e-02 -3.000356e-02  1.000000e-03
     vertex -2.241419e-02 -3.000356e-02  0.000000e+00
   endloop
 endfacet
 facet normal -9.916186e-01 -1.291998e-01  0.000000e+00
   outer loop
     vertex -2.239251e-02 -3.016992e-02  0.000000e+00
     vertex -2.239251e-02 -3.016992e-02  1.000000e-03
     vertex -2.241419e-02 -3.000356e-02  1.000000e-03
   endloop
 endfacet
 facet normal -9.913025e-01 -1.316029e-01  0.000000e+00
   outer loop
     vertex -2.237047e-02 -3.033595e-02  0.000000e+00
     vertex -2.239251e-02 -3.016992e-02  1.000000e-03
     vertex -2.239251e-02 -3.016992e-02  0.000000e+00
   endloop
 endfacet
 facet normal -9.913025e-01 -1.316029e-01  0.000000e+00
   outer loop
     vertex -2.237047e-02 -3.033595e-02  0.000000e+00
     vertex -2.237047e-02 -3.033595e-02  1.000000e-03
     vertex -2.239251e-02 -3.016992e-02  1.000000e-03
   endloop
 endfacet
 facet normal -9.909814e-01 -1.339992e-01  0.000000e+00
   outer loop
     vertex -2.234807e-02 -3.050165e-02  0.000000e+00
     vertex -2.237047e-02 -3.033595e-02  1.000000e-03
     vertex -2.237047e-02 -3.033595e-02  0.000000e+00
   endloop
 endfacet
 facet normal -9.909814e-01 -1.339992e-01  0.000000e+00
   outer loop
     vertex -2.234807e-02 -3.050165e-02  0.000000e+00
     vertex -2.234807e-02 -3.050165e-02  1.000000e-03
     vertex -2.237047e-02 -3.033595e-02  1.000000e-03
   endloop
 endfacet
 facet normal -9.906551e-01 -1.363911e-01  0.000000e+00
   outer loop
     vertex -2.232530e-02 -3.066703e-02  0.000000e+00
     vertex -2.234807e-02 -3.050165e-02  1.000000e-03
     vertex -2.234807e-02 -3.050165e-02  0.000000e+00
   endloop
 endfacet
 facet normal -9.906551e-01 -1.363911e-01  0.000000e+00
   outer loop
     vertex -2.232530e-02 -3.066703e-02  0.000000e+00
     vertex -2.232530e-02 -3.066703e-02  1.000000e-03
     vertex -2.234807e-02 -3.050165e-02  1.000000e-03
   endloop
 endfacet
 facet normal -9.903241e-01 -1.387741e-01  0.000000e+00
   outer loop
     vertex -2.230217e-02 -3.083210e-02  0.000000e+00
     vertex -2.232530e-02 -3.066703e-02  1.000000e-03
     vertex -2.232530e-02 -3.066703e-02  0.000000e+00
   endloop
 endfacet
 facet normal -9.903241e-01 -1.387741e-01  0.000000e+00
   outer loop
     vertex -2.230217e-02 -3.083210e-02  0.000000e+00
     vertex -2.230217e-02 -3.083210e-02  1.000000e-03
     vertex -2.232530e-02 -3.066703e-02  1.000000e-03
   endloop
 endfacet
 facet normal -9.899885e-01 -1.411479e-01  0.000000e+00
   outer loop
     vertex -2.227868e-02 -3.099684e-02  0.000000e+00
     vertex -2.230217e-02 -3.083210e-02  1.000000e-03
     vertex -2.230217e-02 -3.083210e-02  0.000000e+00
   endloop
 endfacet
 facet normal -9.899885e-01 -1.411479e-01  0.000000e+00
   outer loop
     vertex -2.227868e-02 -3.099684e-02  0.000000e+00
     vertex -2.227868e-02 -3.099684e-02  1.000000e-03
     vertex -2.230217e-02 -3.083210e-02  1.000000e-03
   endloop
 endfacet
 facet normal -9.896487e-01 -1.435114e-01  0.000000e+00
   outer loop
     vertex -2.225483e-02 -3.116128e-02  0.000000e+00
     vertex -2.227868e-02 -3.099684e-02  1.000000e-03
     vertex -2.227868e-02 -3.099684e-02  0.000000e+00
   endloop
 endfacet
 facet normal -9.896487e-01 -1.435114e-01  0.000000e+00
   outer loop
     vertex -2.225483e-02 -3.116128e-02  0.000000e+00
     vertex -2.225483e-02 -3.116128e-02  1.000000e-03
     vertex -2.227868e-02 -3.099684e-02  1.000000e-03
   endloop
 endfacet
 facet normal -9.893029e-01 -1.458761e-01  0.000000e+00
   outer loop
     vertex -2.223063e-02 -3.132542e-02  0.000000e+00
     vertex -2.225483e-02 -3.116128e-02  1.000000e-03
     vertex -2.225483e-02 -3.116128e-02  0.000000e+00
   endloop
 endfacet
 facet normal -9.893029e-01 -1.458761e-01  0.000000e+00
   outer loop
     vertex -2.223063e-02 -3.132542e-02  0.000000e+00
     vertex -2.223063e-02 -3.132542e-02  1.000000e-03
     vertex -2.225483e-02 -3.116128e-02  1.000000e-03
   endloop
 endfacet
 facet normal -9.889518e-01 -1.482374e-01  0.000000e+00
   outer loop
     vertex -2.220607e-02 -3.148927e-02  0.000000e+00
     vertex -2.223063e-02 -3.132542e-02  1.000000e-03
     vertex -2.223063e-02 -3.132542e-02  0.000000e+00
   endloop
 endfacet
 facet normal -9.889518e-01 -1.482374e-01  0.000000e+00
   outer loop
     vertex -2.220607e-02 -3.148927e-02  0.000000e+00
     vertex -2.220607e-02 -3.148927e-02  1.000000e-03
     vertex -2.223063e-02 -3.132542e-02  1.000000e-03
   endloop
 endfacet
 facet normal -9.885978e-01 -1.505799e-01  0.000000e+00
   outer loop
     vertex -2.218116e-02 -3.165282e-02  0.000000e+00
     vertex -2.220607e-02 -3.148927e-02  1.000000e-03
     vertex -2.220607e-02 -3.148927e-02  0.000000e+00
   endloop
 endfacet
 facet normal -9.885978e-01 -1.505799e-01  0.000000e+00
   outer loop
     vertex -2.218116e-02 -3.165282e-02  0.000000e+00
     vertex -2.218116e-02 -3.165282e-02  1.000000e-03
     vertex -2.220607e-02 -3.148927e-02  1.000000e-03
   endloop
 endfacet
 facet normal -9.882377e-01 -1.529254e-01  0.000000e+00
   outer loop
     vertex -2.215589e-02 -3.181609e-02  0.000000e+00
     vertex -2.218116e-02 -3.165282e-02  1.000000e-03
     vertex -2.218116e-02 -3.165282e-02  0.000000e+00
   endloop
 endfacet
 facet normal -9.882377e-01 -1.529254e-01  0.000000e+00
   outer loop
     vertex -2.215589e-02 -3.181609e-02  0.000000e+00
     vertex -2.215589e-02 -3.181609e-02  1.000000e-03
     vertex -2.218116e-02 -3.165282e-02  1.000000e-03
   endloop
 endfacet
 facet normal -9.878733e-01 -1.552623e-01  0.000000e+00
   outer loop
     vertex -2.213028e-02 -3.197908e-02  0.000000e+00
     vertex -2.215589e-02 -3.181609e-02  1.000000e-03
     vertex -2.215589e-02 -3.181609e-02  0.000000e+00
   endloop
 endfacet
 facet normal -9.878733e-01 -1.552623e-01  0.000000e+00
   outer loop
     vertex -2.213028e-02 -3.197908e-02  0.000000e+00
     vertex -2.213028e-02 -3.197908e-02  1.000000e-03
     vertex -2.215589e-02 -3.181609e-02  1.000000e-03
   endloop
 endfacet
 facet normal -9.875037e-01 -1.575957e-01  0.000000e+00
   outer loop
     vertex -2.210431e-02 -3.214180e-02  0.000000e+00
     vertex -2.213028e-02 -3.197908e-02  1.000000e-03
     vertex -2.213028e-02 -3.197908e-02  0.000000e+00
   endloop
 endfacet
 facet normal -9.875037e-01 -1.575957e-01  0.000000e+00
   outer loop
     vertex -2.210431e-02 -3.214180e-02  0.000000e+00
     vertex -2.210431e-02 -3.214180e-02  1.000000e-03
     vertex -2.213028e-02 -3.197908e-02  1.000000e-03
   endloop
 endfacet
 facet normal -9.871299e-01 -1.599207e-01  0.000000e+00
   outer loop
     vertex -2.207799e-02 -3.230425e-02  0.000000e+00
     vertex -2.210431e-02 -3.214180e-02  1.000000e-03
     vertex -2.210431e-02 -3.214180e-02  0.000000e+00
   endloop
 endfacet
 facet normal -9.871299e-01 -1.599207e-01  0.000000e+00
   outer loop
     vertex -2.207799e-02 -3.230425e-02  0.000000e+00
     vertex -2.207799e-02 -3.230425e-02  1.000000e-03
     vertex -2.210431e-02 -3.214180e-02  1.000000e-03
   endloop
 endfacet
 facet normal -9.867504e-01 -1.622459e-01  0.000000e+00
   outer loop
     vertex -2.205132e-02 -3.246644e-02  0.000000e+00
     vertex -2.207799e-02 -3.230425e-02  1.000000e-03
     vertex -2.207799e-02 -3.230425e-02  0.000000e+00
   endloop
 endfacet
 facet normal -9.867504e-01 -1.622459e-01  0.000000e+00
   outer loop
     vertex -2.205132e-02 -3.246644e-02  0.000000e+00
     vertex -2.205132e-02 -3.246644e-02  1.000000e-03
     vertex -2.207799e-02 -3.230425e-02  1.000000e-03
   endloop
 endfacet
 facet normal -9.863672e-01 -1.645590e-01  0.000000e+00
   outer loop
     vertex -2.202431e-02 -3.262837e-02  0.000000e+00
     vertex -2.205132e-02 -3.246644e-02  1.000000e-03
     vertex -2.205132e-02 -3.246644e-02  0.000000e+00
   endloop
 endfacet
 facet normal -9.863672e-01 -1.645590e-01  0.000000e+00
   outer loop
     vertex -2.202431e-02 -3.262837e-02  0.000000e+00
     vertex -2.202431e-02 -3.262837e-02  1.000000e-03
     vertex -2.205132e-02 -3.246644e-02  1.000000e-03
   endloop
 endfacet
 facet normal -9.859781e-01 -1.668746e-01  0.000000e+00
   outer loop
     vertex -2.199694e-02 -3.279006e-02  0.000000e+00
     vertex -2.202431e-02 -3.262837e-02  1.000000e-03
     vertex -2.202431e-02 -3.262837e-02  0.000000e+00
   endloop
 endfacet
 facet normal -9.859781e-01 -1.668746e-01  0.000000e+00
   outer loop
     vertex -2.199694e-02 -3.279006e-02  0.000000e+00
     vertex -2.199694e-02 -3.279006e-02  1.000000e-03
     vertex -2.202431e-02 -3.262837e-02  1.000000e-03
   endloop
 endfacet
 facet normal -9.855854e-01 -1.691787e-01  0.000000e+00
   outer loop
     vertex -2.196923e-02 -3.295150e-02  0.000000e+00
     vertex -2.199694e-02 -3.279006e-02  1.000000e-03
     vertex -2.199694e-02 -3.279006e-02  0.000000e+00
   endloop
 endfacet
 facet normal -9.855854e-01 -1.691787e-01  0.000000e+00
   outer loop
     vertex -2.196923e-02 -3.295150e-02  0.000000e+00
     vertex -2.196923e-02 -3.295150e-02  1.000000e-03
     vertex -2.199694e-02 -3.279006e-02  1.000000e-03
   endloop
 endfacet
 facet normal -9.851878e-01 -1.714786e-01  0.000000e+00
   outer loop
     vertex -2.194117e-02 -3.311271e-02  0.000000e+00
     vertex -2.196923e-02 -3.295150e-02  1.000000e-03
     vertex -2.196923e-02 -3.295150e-02  0.000000e+00
   endloop
 endfacet
 facet normal -9.851878e-01 -1.714786e-01  0.000000e+00
   outer loop
     vertex -2.194117e-02 -3.311271e-02  0.000000e+00
     vertex -2.194117e-02 -3.311271e-02  1.000000e-03
     vertex -2.196923e-02 -3.295150e-02  1.000000e-03
   endloop
 endfacet
 facet normal -9.847837e-01 -1.737843e-01  0.000000e+00
   outer loop
     vertex -2.191276e-02 -3.327368e-02  0.000000e+00
     vertex -2.194117e-02 -3.311271e-02  1.000000e-03
     vertex -2.194117e-02 -3.311271e-02  0.000000e+00
   endloop
 endfacet
 facet normal -9.847837e-01 -1.737843e-01  0.000000e+00
   outer loop
     vertex -2.191276e-02 -3.327368e-02  0.000000e+00
     vertex -2.191276e-02 -3.327368e-02  1.000000e-03
     vertex -2.194117e-02 -3.311271e-02  1.000000e-03
   endloop
 endfacet
 facet normal -9.843758e-01 -1.760804e-01  0.000000e+00
   outer loop
     vertex -2.188401e-02 -3.343443e-02  0.000000e+00
     vertex -2.191276e-02 -3.327368e-02  1.000000e-03
     vertex -2.191276e-02 -3.327368e-02  0.000000e+00
   endloop
 endfacet
 facet normal -9.843758e-01 -1.760804e-01  0.000000e+00
   outer loop
     vertex -2.188401e-02 -3.343443e-02  0.000000e+00
     vertex -2.188401e-02 -3.343443e-02  1.000000e-03
     vertex -2.191276e-02 -3.327368e-02  1.000000e-03
   endloop
 endfacet
 facet normal -9.839627e-01 -1.783746e-01  0.000000e+00
   outer loop
     vertex -2.185491e-02 -3.359496e-02  0.000000e+00
     vertex -2.188401e-02 -3.343443e-02  1.000000e-03
     vertex -2.188401e-02 -3.343443e-02  0.000000e+00
   endloop
 endfacet
 facet normal -9.839627e-01 -1.783746e-01  0.000000e+00
   outer loop
     vertex -2.185491e-02 -3.359496e-02  0.000000e+00
     vertex -2.185491e-02 -3.359496e-02  1.000000e-03
     vertex -2.188401e-02 -3.343443e-02  1.000000e-03
   endloop
 endfacet
 facet normal -9.835448e-01 -1.806646e-01  0.000000e+00
   outer loop
     vertex -2.182546e-02 -3.375527e-02  0.000000e+00
     vertex -2.185491e-02 -3.359496e-02  1.000000e-03
     vertex -2.185491e-02 -3.359496e-02  0.000000e+00
   endloop
 endfacet
 facet normal -9.835448e-01 -1.806646e-01  0.000000e+00
   outer loop
     vertex -2.182546e-02 -3.375527e-02  0.000000e+00
     vertex -2.182546e-02 -3.375527e-02  1.000000e-03
     vertex -2.185491e-02 -3.359496e-02  1.000000e-03
   endloop
 endfacet
 facet normal -9.831220e-01 -1.829511e-01  0.000000e+00
   outer loop
     vertex -2.179566e-02 -3.391538e-02  0.000000e+00
     vertex -2.182546e-02 -3.375527e-02  1.000000e-03
     vertex -2.182546e-02 -3.375527e-02  0.000000e+00
   endloop
 endfacet
 facet normal -9.831220e-01 -1.829511e-01  0.000000e+00
   outer loop
     vertex -2.179566e-02 -3.391538e-02  0.000000e+00
     vertex -2.179566e-02 -3.391538e-02  1.000000e-03
     vertex -2.182546e-02 -3.375527e-02  1.000000e-03
   endloop
 endfacet
 facet normal -9.826931e-01 -1.852409e-01  0.000000e+00
   outer loop
     vertex -2.176552e-02 -3.407529e-02  0.000000e+00
     vertex -2.179566e-02 -3.391538e-02  1.000000e-03
     vertex -2.179566e-02 -3.391538e-02  0.000000e+00
   endloop
 endfacet
 facet normal -9.826931e-01 -1.852409e-01  0.000000e+00
   outer loop
     vertex -2.176552e-02 -3.407529e-02  0.000000e+00
     vertex -2.176552e-02 -3.407529e-02  1.000000e-03
     vertex -2.179566e-02 -3.391538e-02  1.000000e-03
   endloop
 endfacet
 facet normal -9.822595e-01 -1.875267e-01  0.000000e+00
   outer loop
     vertex -2.173503e-02 -3.423500e-02  0.000000e+00
     vertex -2.176552e-02 -3.407529e-02  1.000000e-03
     vertex -2.176552e-02 -3.407529e-02  0.000000e+00
   endloop
 endfacet
 facet normal -9.822595e-01 -1.875267e-01  0.000000e+00
   outer loop
     vertex -2.173503e-02 -3.423500e-02  0.000000e+00
     vertex -2.173503e-02 -3.423500e-02  1.000000e-03
     vertex -2.176552e-02 -3.407529e-02  1.000000e-03
   endloop
 endfacet
 facet normal -9.818214e-01 -1.898070e-01  0.000000e+00
   outer loop
     vertex -2.170419e-02 -3.439452e-02  0.000000e+00
     vertex -2.173503e-02 -3.423500e-02  1.000000e-03
     vertex -2.173503e-02 -3.423500e-02  0.000000e+00
   endloop
 endfacet
 facet normal -9.818214e-01 -1.898070e-01  0.000000e+00
   outer loop
     vertex -2.170419e-02 -3.439452e-02  0.000000e+00
     vertex -2.170419e-02 -3.439452e-02  1.000000e-03
     vertex -2.173503e-02 -3.423500e-02  1.000000e-03
   endloop
 endfacet
 facet normal -9.813771e-01 -1.920909e-01  0.000000e+00
   outer loop
     vertex -2.167300e-02 -3.455386e-02  0.000000e+00
     vertex -2.170419e-02 -3.439452e-02  1.000000e-03
     vertex -2.170419e-02 -3.439452e-02  0.000000e+00
   endloop
 endfacet
 facet normal -9.813771e-01 -1.920909e-01  0.000000e+00
   outer loop
     vertex -2.167300e-02 -3.455386e-02  0.000000e+00
     vertex -2.167300e-02 -3.455386e-02  1.000000e-03
     vertex -2.170419e-02 -3.439452e-02  1.000000e-03
   endloop
 endfacet
 facet normal -9.809285e-01 -1.943688e-01  0.000000e+00
   outer loop
     vertex -2.164147e-02 -3.471302e-02  0.000000e+00
     vertex -2.167300e-02 -3.455386e-02  1.000000e-03
     vertex -2.167300e-02 -3.455386e-02  0.000000e+00
   endloop
 endfacet
 facet normal -9.809285e-01 -1.943688e-01  0.000000e+00
   outer loop
     vertex -2.164147e-02 -3.471302e-02  0.000000e+00
     vertex -2.164147e-02 -3.471302e-02  1.000000e-03
     vertex -2.167300e-02 -3.455386e-02  1.000000e-03
   endloop
 endfacet
 facet normal -9.804728e-01 -1.966545e-01  0.000000e+00
   outer loop
     vertex -2.160958e-02 -3.487201e-02  0.000000e+00
     vertex -2.164147e-02 -3.471302e-02  1.000000e-03
     vertex -2.164147e-02 -3.471302e-02  0.000000e+00
   endloop
 endfacet
 facet normal -9.804728e-01 -1.966545e-01  0.000000e+00
   outer loop
     vertex -2.160958e-02 -3.487201e-02  0.000000e+00
     vertex -2.160958e-02 -3.487201e-02  1.000000e-03
     vertex -2.164147e-02 -3.471302e-02  1.000000e-03
   endloop
 endfacet
 facet normal -9.800115e-01 -1.989408e-01  0.000000e+00
   outer loop
     vertex -2.157734e-02 -3.503082e-02  0.000000e+00
     vertex -2.160958e-02 -3.487201e-02  1.000000e-03
     vertex -2.160958e-02 -3.487201e-02  0.000000e+00
   endloop
 endfacet
 facet normal -9.800115e-01 -1.989408e-01  0.000000e+00
   outer loop
     vertex -2.157734e-02 -3.503082e-02  0.000000e+00
     vertex -2.157734e-02 -3.503082e-02  1.000000e-03
     vertex -2.160958e-02 -3.487201e-02  1.000000e-03
   endloop
 endfacet
 facet normal -9.795468e-01 -2.012165e-01  0.000000e+00
   outer loop
     vertex -2.154475e-02 -3.518948e-02  0.000000e+00
     vertex -2.157734e-02 -3.503082e-02  1.000000e-03
     vertex -2.157734e-02 -3.503082e-02  0.000000e+00
   endloop
 endfacet
 facet normal -9.795468e-01 -2.012165e-01  0.000000e+00
   outer loop
     vertex -2.154475e-02 -3.518948e-02  0.000000e+00
     vertex -2.154475e-02 -3.518948e-02  1.000000e-03
     vertex -2.157734e-02 -3.503082e-02  1.000000e-03
   endloop
 endfacet
 facet normal -9.790738e-01 -2.035053e-01  0.000000e+00
   outer loop
     vertex -2.151180e-02 -3.534798e-02  0.000000e+00
     vertex -2.154475e-02 -3.518948e-02  1.000000e-03
     vertex -2.154475e-02 -3.518948e-02  0.000000e+00
   endloop
 endfacet
 facet normal -9.790738e-01 -2.035053e-01  0.000000e+00
   outer loop
     vertex -2.151180e-02 -3.534798e-02  0.000000e+00
     vertex -2.151180e-02 -3.534798e-02  1.000000e-03
     vertex -2.154475e-02 -3.518948e-02  1.000000e-03
   endloop
 endfacet
 facet normal -9.785957e-01 -2.057925e-01  0.000000e+00
   outer loop
     vertex -2.147850e-02 -3.550633e-02  0.000000e+00
     vertex -2.151180e-02 -3.534798e-02  1.000000e-03
     vertex -2.151180e-02 -3.534798e-02  0.000000e+00
   endloop
 endfacet
 facet normal -9.785957e-01 -2.057925e-01  0.000000e+00
   outer loop
     vertex -2.147850e-02 -3.550633e-02  0.000000e+00
     vertex -2.147850e-02 -3.550633e-02  1.000000e-03
     vertex -2.151180e-02 -3.534798e-02  1.000000e-03
   endloop
 endfacet
 facet normal -9.781118e-01 -2.080802e-01  0.000000e+00
   outer loop
     vertex -2.144485e-02 -3.566454e-02  0.000000e+00
     vertex -2.147850e-02 -3.550633e-02  1.000000e-03
     vertex -2.147850e-02 -3.550633e-02  0.000000e+00
   endloop
 endfacet
 facet normal -9.781118e-01 -2.080802e-01  0.000000e+00
   outer loop
     vertex -2.144485e-02 -3.566454e-02  0.000000e+00
     vertex -2.144485e-02 -3.566454e-02  1.000000e-03
     vertex -2.147850e-02 -3.550633e-02  1.000000e-03
   endloop
 endfacet
 facet normal -9.776207e-01 -2.103755e-01  0.000000e+00
   outer loop
     vertex -2.141083e-02 -3.582260e-02  0.000000e+00
     vertex -2.144485e-02 -3.566454e-02  1.000000e-03
     vertex -2.144485e-02 -3.566454e-02  0.000000e+00
   endloop
 endfacet
 facet normal -9.776207e-01 -2.103755e-01  0.000000e+00
   outer loop
     vertex -2.141083e-02 -3.582260e-02  0.000000e+00
     vertex -2.141083e-02 -3.582260e-02  1.000000e-03
     vertex -2.144485e-02 -3.566454e-02  1.000000e-03
   endloop
 endfacet
 facet normal -9.771252e-01 -2.126649e-01  0.000000e+00
   outer loop
     vertex -2.137646e-02 -3.598053e-02  0.000000e+00
     vertex -2.141083e-02 -3.582260e-02  1.000000e-03
     vertex -2.141083e-02 -3.582260e-02  0.000000e+00
   endloop
 endfacet
 facet normal -9.771252e-01 -2.126649e-01  0.000000e+00
   outer loop
     vertex -2.137646e-02 -3.598053e-02  0.000000e+00
     vertex -2.137646e-02 -3.598053e-02  1.000000e-03
     vertex -2.141083e-02 -3.582260e-02  1.000000e-03
   endloop
 endfacet
 facet normal -9.766208e-01 -2.149693e-01  0.000000e+00
   outer loop
     vertex -2.134173e-02 -3.613833e-02  0.000000e+00
     vertex -2.137646e-02 -3.598053e-02  1.000000e-03
     vertex -2.137646e-02 -3.598053e-02  0.000000e+00
   endloop
 endfacet
 facet normal -9.766208e-01 -2.149693e-01  0.000000e+00
   outer loop
     vertex -2.134173e-02 -3.613833e-02  0.000000e+00
     vertex -2.134173e-02 -3.613833e-02  1.000000e-03
     vertex -2.137646e-02 -3.598053e-02  1.000000e-03
   endloop
 endfacet
 facet normal -9.761115e-01 -2.172700e-01  0.000000e+00
   outer loop
     vertex -2.130663e-02 -3.629600e-02  0.000000e+00
     vertex -2.134173e-02 -3.613833e-02  1.000000e-03
     vertex -2.134173e-02 -3.613833e-02  0.000000e+00
   endloop
 endfacet
 facet normal -9.761115e-01 -2.172700e-01  0.000000e+00
   outer loop
     vertex -2.130663e-02 -3.629600e-02  0.000000e+00
     vertex -2.130663e-02 -3.629600e-02  1.000000e-03
     vertex -2.134173e-02 -3.613833e-02  1.000000e-03
   endloop
 endfacet
 facet normal -9.755944e-01 -2.195804e-01  0.000000e+00
   outer loop
     vertex -2.127117e-02 -3.645355e-02  0.000000e+00
     vertex -2.130663e-02 -3.629600e-02  1.000000e-03
     vertex -2.130663e-02 -3.629600e-02  0.000000e+00
   endloop
 endfacet
 facet normal -9.755944e-01 -2.195804e-01  0.000000e+00
   outer loop
     vertex -2.127117e-02 -3.645355e-02  0.000000e+00
     vertex -2.127117e-02 -3.645355e-02  1.000000e-03
     vertex -2.130663e-02 -3.629600e-02  1.000000e-03
   endloop
 endfacet
 facet normal -9.750714e-01 -2.218912e-01  0.000000e+00
   outer loop
     vertex -2.123534e-02 -3.661099e-02  0.000000e+00
     vertex -2.127117e-02 -3.645355e-02  1.000000e-03
     vertex -2.127117e-02 -3.645355e-02  0.000000e+00
   endloop
 endfacet
 facet normal -9.750714e-01 -2.218912e-01  0.000000e+00
   outer loop
     vertex -2.123534e-02 -3.661099e-02  0.000000e+00
     vertex -2.123534e-02 -3.661099e-02  1.000000e-03
     vertex -2.127117e-02 -3.645355e-02  1.000000e-03
   endloop
 endfacet
 facet normal -9.745400e-01 -2.242139e-01  0.000000e+00
   outer loop
     vertex -2.119915e-02 -3.676832e-02  0.000000e+00
     vertex -2.123534e-02 -3.661099e-02  1.000000e-03
     vertex -2.123534e-02 -3.661099e-02  0.000000e+00
   endloop
 endfacet
 facet normal -9.745400e-01 -2.242139e-01  0.000000e+00
   outer loop
     vertex -2.119915e-02 -3.676832e-02  0.000000e+00
     vertex -2.119915e-02 -3.676832e-02  1.000000e-03
     vertex -2.123534e-02 -3.661099e-02  1.000000e-03
   endloop
 endfacet
 facet normal -9.740020e-01 -2.265396e-01  0.000000e+00
   outer loop
     vertex -2.116258e-02 -3.692553e-02  0.000000e+00
     vertex -2.119915e-02 -3.676832e-02  1.000000e-03
     vertex -2.119915e-02 -3.676832e-02  0.000000e+00
   endloop
 endfacet
 facet normal -9.740020e-01 -2.265396e-01  0.000000e+00
   outer loop
     vertex -2.116258e-02 -3.692553e-02  0.000000e+00
     vertex -2.116258e-02 -3.692553e-02  1.000000e-03
     vertex -2.119915e-02 -3.676832e-02  1.000000e-03
   endloop
 endfacet
 facet normal -9.734551e-01 -2.288781e-01  0.000000e+00
   outer loop
     vertex -2.112564e-02 -3.708265e-02  0.000000e+00
     vertex -2.116258e-02 -3.692553e-02  1.000000e-03
     vertex -2.116258e-02 -3.692553e-02  0.000000e+00
   endloop
 endfacet
 facet normal -9.734551e-01 -2.288781e-01  0.000000e+00
   outer loop
     vertex -2.112564e-02 -3.708265e-02  0.000000e+00
     vertex -2.112564e-02 -3.708265e-02  1.000000e-03
     vertex -2.116258e-02 -3.692553e-02  1.000000e-03
   endloop
 endfacet
 facet normal -9.729014e-01 -2.312204e-01  0.000000e+00
   outer loop
     vertex -2.108832e-02 -3.723967e-02  0.000000e+00
     vertex -2.112564e-02 -3.708265e-02  1.000000e-03
     vertex -2.112564e-02 -3.708265e-02  0.000000e+00
   endloop
 endfacet
 facet normal -9.729014e-01 -2.312204e-01  0.000000e+00
   outer loop
     vertex -2.108832e-02 -3.723967e-02  0.000000e+00
     vertex -2.108832e-02 -3.723967e-02  1.000000e-03
     vertex -2.112564e-02 -3.708265e-02  1.000000e-03
   endloop
 endfacet
 facet normal -9.723388e-01 -2.335750e-01  0.000000e+00
   outer loop
     vertex -2.105063e-02 -3.739659e-02  0.000000e+00
     vertex -2.108832e-02 -3.723967e-02  1.000000e-03
     vertex -2.108832e-02 -3.723967e-02  0.000000e+00
   endloop
 endfacet
 facet normal -9.723388e-01 -2.335750e-01  0.000000e+00
   outer loop
     vertex -2.105063e-02 -3.739659e-02  0.000000e+00
     vertex -2.105063e-02 -3.739659e-02  1.000000e-03
     vertex -2.108832e-02 -3.723967e-02  1.000000e-03
   endloop
 endfacet
 facet normal -9.717694e-01 -2.359329e-01  0.000000e+00
   outer loop
     vertex -2.101255e-02 -3.755342e-02  0.000000e+00
     vertex -2.105063e-02 -3.739659e-02  1.000000e-03
     vertex -2.105063e-02 -3.739659e-02  0.000000e+00
   endloop
 endfacet
 facet normal -9.717694e-01 -2.359329e-01  0.000000e+00
   outer loop
     vertex -2.101255e-02 -3.755342e-02  0.000000e+00
     vertex -2.101255e-02 -3.755342e-02  1.000000e-03
     vertex -2.105063e-02 -3.739659e-02  1.000000e-03
   endloop
 endfacet
 facet normal -9.711910e-01 -2.383026e-01  0.000000e+00
   outer loop
     vertex -2.097409e-02 -3.771017e-02  0.000000e+00
     vertex -2.101255e-02 -3.755342e-02  1.000000e-03
     vertex -2.101255e-02 -3.755342e-02  0.000000e+00
   endloop
 endfacet
 facet normal -9.711910e-01 -2.383026e-01  0.000000e+00
   outer loop
     vertex -2.097409e-02 -3.771017e-02  0.000000e+00
     vertex -2.097409e-02 -3.771017e-02  1.000000e-03
     vertex -2.101255e-02 -3.755342e-02  1.000000e-03
   endloop
 endfacet
 facet normal -9.706025e-01 -2.406882e-01  0.000000e+00
   outer loop
     vertex -2.093524e-02 -3.786683e-02  0.000000e+00
     vertex -2.097409e-02 -3.771017e-02  1.000000e-03
     vertex -2.097409e-02 -3.771017e-02  0.000000e+00
   endloop
 endfacet
 facet normal -9.706025e-01 -2.406882e-01  0.000000e+00
   outer loop
     vertex -2.093524e-02 -3.786683e-02  0.000000e+00
     vertex -2.093524e-02 -3.786683e-02  1.000000e-03
     vertex -2.097409e-02 -3.771017e-02  1.000000e-03
   endloop
 endfacet
 facet normal -9.700064e-01 -2.430793e-01  0.000000e+00
   outer loop
     vertex -2.089600e-02 -3.802342e-02  0.000000e+00
     vertex -2.093524e-02 -3.786683e-02  1.000000e-03
     vertex -2.093524e-02 -3.786683e-02  0.000000e+00
   endloop
 endfacet
 facet normal -9.700064e-01 -2.430793e-01  0.000000e+00
   outer loop
     vertex -2.089600e-02 -3.802342e-02  0.000000e+00
     vertex -2.089600e-02 -3.802342e-02  1.000000e-03
     vertex -2.093524e-02 -3.786683e-02  1.000000e-03
   endloop
 endfacet
 facet normal -9.693987e-01 -2.454916e-01  0.000000e+00
   outer loop
     vertex -2.085637e-02 -3.817992e-02  0.000000e+00
     vertex -2.089600e-02 -3.802342e-02  1.000000e-03
     vertex -2.089600e-02 -3.802342e-02  0.000000e+00
   endloop
 endfacet
 facet normal -9.693987e-01 -2.454916e-01  0.000000e+00
   outer loop
     vertex -2.085637e-02 -3.817992e-02  0.000000e+00
     vertex -2.085637e-02 -3.817992e-02  1.000000e-03
     vertex -2.089600e-02 -3.802342e-02  1.000000e-03
   endloop
 endfacet
 facet normal -9.687845e-01 -2.479045e-01  0.000000e+00
   outer loop
     vertex -2.081634e-02 -3.833636e-02  0.000000e+00
     vertex -2.085637e-02 -3.817992e-02  1.000000e-03
     vertex -2.085637e-02 -3.817992e-02  0.000000e+00
   endloop
 endfacet
 facet normal -9.687845e-01 -2.479045e-01  0.000000e+00
   outer loop
     vertex -2.081634e-02 -3.833636e-02  0.000000e+00
     vertex -2.081634e-02 -3.833636e-02  1.000000e-03
     vertex -2.085637e-02 -3.817992e-02  1.000000e-03
   endloop
 endfacet
 facet normal -9.681566e-01 -2.503454e-01  0.000000e+00
   outer loop
     vertex -2.077590e-02 -3.849272e-02  0.000000e+00
     vertex -2.081634e-02 -3.833636e-02  1.000000e-03
     vertex -2.081634e-02 -3.833636e-02  0.000000e+00
   endloop
 endfacet
 facet normal -9.681566e-01 -2.503454e-01  0.000000e+00
   outer loop
     vertex -2.077590e-02 -3.849272e-02  0.000000e+00
     vertex -2.077590e-02 -3.849272e-02  1.000000e-03
     vertex -2.081634e-02 -3.833636e-02  1.000000e-03
   endloop
 endfacet
 facet normal -9.675225e-01 -2.527850e-01  0.000000e+00
   outer loop
     vertex -2.073507e-02 -3.864901e-02  0.000000e+00
     vertex -2.077590e-02 -3.849272e-02  1.000000e-03
     vertex -2.077590e-02 -3.849272e-02  0.000000e+00
   endloop
 endfacet
 facet normal -9.675225e-01 -2.527850e-01  0.000000e+00
   outer loop
     vertex -2.073507e-02 -3.864901e-02  0.000000e+00
     vertex -2.073507e-02 -3.864901e-02  1.000000e-03
     vertex -2.077590e-02 -3.849272e-02  1.000000e-03
   endloop
 endfacet
 facet normal -9.668730e-01 -2.552578e-01  0.000000e+00
   outer loop
     vertex -2.069382e-02 -3.880524e-02  0.000000e+00
     vertex -2.073507e-02 -3.864901e-02  1.000000e-03
     vertex -2.073507e-02 -3.864901e-02  0.000000e+00
   endloop
 endfacet
 facet normal -9.668730e-01 -2.552578e-01  0.000000e+00
   outer loop
     vertex -2.069382e-02 -3.880524e-02  0.000000e+00
     vertex -2.069382e-02 -3.880524e-02  1.000000e-03
     vertex -2.073507e-02 -3.864901e-02  1.000000e-03
   endloop
 endfacet
 facet normal -9.662165e-01 -2.577320e-01  0.000000e+00
   outer loop
     vertex -2.065217e-02 -3.896141e-02  0.000000e+00
     vertex -2.069382e-02 -3.880524e-02  1.000000e-03
     vertex -2.069382e-02 -3.880524e-02  0.000000e+00
   endloop
 endfacet
 facet normal -9.662165e-01 -2.577320e-01  0.000000e+00
   outer loop
     vertex -2.065217e-02 -3.896141e-02  0.000000e+00
     vertex -2.065217e-02 -3.896141e-02  1.000000e-03
     vertex -2.069382e-02 -3.880524e-02  1.000000e-03
   endloop
 endfacet
 facet normal -9.655463e-01 -2.602314e-01  0.000000e+00
   outer loop
     vertex -2.061010e-02 -3.911751e-02  0.000000e+00
     vertex -2.065217e-02 -3.896141e-02  1.000000e-03
     vertex -2.065217e-02 -3.896141e-02  0.000000e+00
   endloop
 endfacet
 facet normal -9.655463e-01 -2.602314e-01  0.000000e+00
   outer loop
     vertex -2.061010e-02 -3.911751e-02  0.000000e+00
     vertex -2.061010e-02 -3.911751e-02  1.000000e-03
     vertex -2.065217e-02 -3.896141e-02  1.000000e-03
   endloop
 endfacet
 facet normal -9.648649e-01 -2.627464e-01  0.000000e+00
   outer loop
     vertex -2.056760e-02 -3.927356e-02  0.000000e+00
     vertex -2.061010e-02 -3.911751e-02  1.000000e-03
     vertex -2.061010e-02 -3.911751e-02  0.000000e+00
   endloop
 endfacet
 facet normal -9.648649e-01 -2.627464e-01  0.000000e+00
   outer loop
     vertex -2.056760e-02 -3.927356e-02  0.000000e+00
     vertex -2.056760e-02 -3.927356e-02  1.000000e-03
     vertex -2.061010e-02 -3.911751e-02  1.000000e-03
   endloop
 endfacet
 facet normal -9.641717e-01 -2.652789e-01  0.000000e+00
   outer loop
     vertex -2.052468e-02 -3.942954e-02  0.000000e+00
     vertex -2.056760e-02 -3.927356e-02  1.000000e-03
     vertex -2.056760e-02 -3.927356e-02  0.000000e+00
   endloop
 endfacet
 facet normal -9.641717e-01 -2.652789e-01  0.000000e+00
   outer loop
     vertex -2.052468e-02 -3.942954e-02  0.000000e+00
     vertex -2.052468e-02 -3.942954e-02  1.000000e-03
     vertex -2.056760e-02 -3.927356e-02  1.000000e-03
   endloop
 endfacet
 facet normal -9.634656e-01 -2.678322e-01  0.000000e+00
   outer loop
     vertex -2.048134e-02 -3.958547e-02  0.000000e+00
     vertex -2.052468e-02 -3.942954e-02  1.000000e-03
     vertex -2.052468e-02 -3.942954e-02  0.000000e+00
   endloop
 endfacet
 facet normal -9.634656e-01 -2.678322e-01  0.000000e+00
   outer loop
     vertex -2.048134e-02 -3.958547e-02  0.000000e+00
     vertex -2.048134e-02 -3.958547e-02  1.000000e-03
     vertex -2.052468e-02 -3.942954e-02  1.000000e-03
   endloop
 endfacet
 facet normal -9.627461e-01 -2.704072e-01  0.000000e+00
   outer loop
     vertex -2.043756e-02 -3.974135e-02  0.000000e+00
     vertex -2.048134e-02 -3.958547e-02  1.000000e-03
     vertex -2.048134e-02 -3.958547e-02  0.000000e+00
   endloop
 endfacet
 facet normal -9.627461e-01 -2.704072e-01  0.000000e+00
   outer loop
     vertex -2.043756e-02 -3.974135e-02  0.000000e+00
     vertex -2.043756e-02 -3.974135e-02  1.000000e-03
     vertex -2.048134e-02 -3.958547e-02  1.000000e-03
   endloop
 endfacet
 facet normal -9.620126e-01 -2.730051e-01  0.000000e+00
   outer loop
     vertex -2.039334e-02 -3.989717e-02  0.000000e+00
     vertex -2.043756e-02 -3.974135e-02  1.000000e-03
     vertex -2.043756e-02 -3.974135e-02  0.000000e+00
   endloop
 endfacet
 facet normal -9.620126e-01 -2.730051e-01  0.000000e+00
   outer loop
     vertex -2.039334e-02 -3.989717e-02  0.000000e+00
     vertex -2.039334e-02 -3.989717e-02  1.000000e-03
     vertex -2.043756e-02 -3.974135e-02  1.000000e-03
   endloop
 endfacet
 facet normal -9.612650e-01 -2.756257e-01  0.000000e+00
   outer loop
     vertex -2.034867e-02 -4.005294e-02  0.000000e+00
     vertex -2.039334e-02 -3.989717e-02  1.000000e-03
     vertex -2.039334e-02 -3.989717e-02  0.000000e+00
   endloop
 endfacet
 facet normal -9.612650e-01 -2.756257e-01  0.000000e+00
   outer loop
     vertex -2.034867e-02 -4.005294e-02  0.000000e+00
     vertex -2.034867e-02 -4.005294e-02  1.000000e-03
     vertex -2.039334e-02 -3.989717e-02  1.000000e-03
   endloop
 endfacet
 facet normal -9.605044e-01 -2.782648e-01  0.000000e+00
   outer loop
     vertex -2.030356e-02 -4.020866e-02  0.000000e+00
     vertex -2.034867e-02 -4.005294e-02  1.000000e-03
     vertex -2.034867e-02 -4.005294e-02  0.000000e+00
   endloop
 endfacet
 facet normal -9.605044e-01 -2.782648e-01  0.000000e+00
   outer loop
     vertex -2.030356e-02 -4.020866e-02  0.000000e+00
     vertex -2.030356e-02 -4.020866e-02  1.000000e-03
     vertex -2.034867e-02 -4.005294e-02  1.000000e-03
   endloop
 endfacet
 facet normal -9.597273e-01 -2.809334e-01  0.000000e+00
   outer loop
     vertex -2.025799e-02 -4.036432e-02  0.000000e+00
     vertex -2.030356e-02 -4.020866e-02  1.000000e-03
     vertex -2.030356e-02 -4.020866e-02  0.000000e+00
   endloop
 endfacet
 facet normal -9.597273e-01 -2.809334e-01  0.000000e+00
   outer loop
     vertex -2.025799e-02 -4.036432e-02  0.000000e+00
     vertex -2.025799e-02 -4.036432e-02  1.000000e-03
     vertex -2.030356e-02 -4.020866e-02  1.000000e-03
   endloop
 endfacet
 facet normal -9.589373e-01 -2.836183e-01  0.000000e+00
   outer loop
     vertex -2.021197e-02 -4.051993e-02  0.000000e+00
     vertex -2.025799e-02 -4.036432e-02  1.000000e-03
     vertex -2.025799e-02 -4.036432e-02  0.000000e+00
   endloop
 endfacet
 facet normal -9.589373e-01 -2.836183e-01  0.000000e+00
   outer loop
     vertex -2.021197e-02 -4.051993e-02  0.000000e+00
     vertex -2.021197e-02 -4.051993e-02  1.000000e-03
     vertex -2.025799e-02 -4.036432e-02  1.000000e-03
   endloop
 endfacet
 facet normal -9.581265e-01 -2.863453e-01  0.000000e+00
   outer loop
     vertex -2.016548e-02 -4.067549e-02  0.000000e+00
     vertex -2.021197e-02 -4.051993e-02  1.000000e-03
     vertex -2.021197e-02 -4.051993e-02  0.000000e+00
   endloop
 endfacet
 facet normal -9.581265e-01 -2.863453e-01  0.000000e+00
   outer loop
     vertex -2.016548e-02 -4.067549e-02  0.000000e+00
     vertex -2.016548e-02 -4.067549e-02  1.000000e-03
     vertex -2.021197e-02 -4.051993e-02  1.000000e-03
   endloop
 endfacet
 facet normal -9.573037e-01 -2.890841e-01  0.000000e+00
   outer loop
     vertex -2.011852e-02 -4.083099e-02  0.000000e+00
     vertex -2.016548e-02 -4.067549e-02  1.000000e-03
     vertex -2.016548e-02 -4.067549e-02  0.000000e+00
   endloop
 endfacet
 facet normal -9.573037e-01 -2.890841e-01  0.000000e+00
   outer loop
     vertex -2.011852e-02 -4.083099e-02  0.000000e+00
     vertex -2.011852e-02 -4.083099e-02  1.000000e-03
     vertex -2.016548e-02 -4.067549e-02  1.000000e-03
   endloop
 endfacet
 facet normal -9.564609e-01 -2.918605e-01  0.000000e+00
   outer loop
     vertex -2.007109e-02 -4.098644e-02  0.000000e+00
     vertex -2.011852e-02 -4.083099e-02  1.000000e-03
     vertex -2.011852e-02 -4.083099e-02  0.000000e+00
   endloop
 endfacet
 facet normal -9.564609e-01 -2.918605e-01  0.000000e+00
   outer loop
     vertex -2.007109e-02 -4.098644e-02  0.000000e+00
     vertex -2.007109e-02 -4.098644e-02  1.000000e-03
     vertex -2.011852e-02 -4.083099e-02  1.000000e-03
   endloop
 endfacet
 facet normal -9.556011e-01 -2.946635e-01  0.000000e+00
   outer loop
     vertex -2.002317e-02 -4.114184e-02  0.000000e+00
     vertex -2.007109e-02 -4.098644e-02  1.000000e-03
     vertex -2.007109e-02 -4.098644e-02  0.000000e+00
   endloop
 endfacet
 facet normal -9.556011e-01 -2.946635e-01  0.000000e+00
   outer loop
     vertex -2.002317e-02 -4.114184e-02  0.000000e+00
     vertex -2.002317e-02 -4.114184e-02  1.000000e-03
     vertex -2.007109e-02 -4.098644e-02  1.000000e-03
   endloop
 endfacet
 facet normal -9.547219e-01 -2.974997e-01  0.000000e+00
   outer loop
     vertex -1.997476e-02 -4.129718e-02  0.000000e+00
     vertex -2.002317e-02 -4.114184e-02  1.000000e-03
     vertex -2.002317e-02 -4.114184e-02  0.000000e+00
   endloop
 endfacet
 facet normal -9.547219e-01 -2.974997e-01  0.000000e+00
   outer loop
     vertex -1.997476e-02 -4.129718e-02  0.000000e+00
     vertex -1.997476e-02 -4.129718e-02  1.000000e-03
     vertex -2.002317e-02 -4.114184e-02  1.000000e-03
   endloop
 endfacet
 facet normal -9.538260e-01 -3.003599e-01  0.000000e+00
   outer loop
     vertex -1.992587e-02 -4.145246e-02  0.000000e+00
     vertex -1.997476e-02 -4.129718e-02  1.000000e-03
     vertex -1.997476e-02 -4.129718e-02  0.000000e+00
   endloop
 endfacet
 facet normal -9.538260e-01 -3.003599e-01  0.000000e+00
   outer loop
     vertex -1.992587e-02 -4.145246e-02  0.000000e+00
     vertex -1.992587e-02 -4.145246e-02  1.000000e-03
     vertex -1.997476e-02 -4.129718e-02  1.000000e-03
   endloop
 endfacet
 facet normal -9.529084e-01 -3.032584e-01  0.000000e+00
   outer loop
     vertex -1.987647e-02 -4.160768e-02  0.000000e+00
     vertex -1.992587e-02 -4.145246e-02  1.000000e-03
     vertex -1.992587e-02 -4.145246e-02  0.000000e+00
   endloop
 endfacet
 facet normal -9.529084e-01 -3.032584e-01  0.000000e+00
   outer loop
     vertex -1.987647e-02 -4.160768e-02  0.000000e+00
     vertex -1.987647e-02 -4.160768e-02  1.000000e-03
     vertex -1.992587e-02 -4.145246e-02  1.000000e-03
   endloop
 endfacet
 facet normal -9.519687e-01 -3.061953e-01  0.000000e+00
   outer loop
     vertex -1.982656e-02 -4.176284e-02  0.000000e+00
     vertex -1.987647e-02 -4.160768e-02  1.000000e-03
     vertex -1.987647e-02 -4.160768e-02  0.000000e+00
   endloop
 endfacet
 facet normal -9.519687e-01 -3.061953e-01  0.000000e+00
   outer loop
     vertex -1.982656e-02 -4.176284e-02  0.000000e+00
     vertex -1.982656e-02 -4.176284e-02  1.000000e-03
     vertex -1.987647e-02 -4.160768e-02  1.000000e-03
   endloop
 endfacet
 facet normal -9.510110e-01 -3.091569e-01  0.000000e+00
   outer loop
     vertex -1.977614e-02 -4.191793e-02  0.000000e+00
     vertex -1.982656e-02 -4.176284e-02  1.000000e-03
     vertex -1.982656e-02 -4.176284e-02  0.000000e+00
   endloop
 endfacet
 facet normal -9.510110e-01 -3.091569e-01  0.000000e+00
   outer loop
     vertex -1.977614e-02 -4.191793e-02  0.000000e+00
     vertex -1.977614e-02 -4.191793e-02  1.000000e-03
     vertex -1.982656e-02 -4.176284e-02  1.000000e-03
   endloop
 endfacet
 facet normal -9.500283e-01 -3.121637e-01  0.000000e+00
   outer loop
     vertex -1.972520e-02 -4.207296e-02  0.000000e+00
     vertex -1.977614e-02 -4.191793e-02  1.000000e-03
     vertex -1.977614e-02 -4.191793e-02  0.000000e+00
   endloop
 endfacet
 facet normal -9.500283e-01 -3.121637e-01  0.000000e+00
   outer loop
     vertex -1.972520e-02 -4.207296e-02  0.000000e+00
     vertex -1.972520e-02 -4.207296e-02  1.000000e-03
     vertex -1.977614e-02 -4.191793e-02  1.000000e-03
   endloop
 endfacet
 facet normal -9.490257e-01 -3.151987e-01  0.000000e+00
   outer loop
     vertex -1.967374e-02 -4.222791e-02  0.000000e+00
     vertex -1.972520e-02 -4.207296e-02  1.000000e-03
     vertex -1.972520e-02 -4.207296e-02  0.000000e+00
   endloop
 endfacet
 facet normal -9.490257e-01 -3.151987e-01  0.000000e+00
   outer loop
     vertex -1.967374e-02 -4.222791e-02  0.000000e+00
     vertex -1.967374e-02 -4.222791e-02  1.000000e-03
     vertex -1.972520e-02 -4.207296e-02  1.000000e-03
   endloop
 endfacet
 facet normal -9.479974e-01 -3.182781e-01  0.000000e+00
   outer loop
     vertex -1.962174e-02 -4.238279e-02  0.000000e+00
     vertex -1.967374e-02 -4.222791e-02  1.000000e-03
     vertex -1.967374e-02 -4.222791e-02  0.000000e+00
   endloop
 endfacet
 facet normal -9.479974e-01 -3.182781e-01  0.000000e+00
   outer loop
     vertex -1.962174e-02 -4.238279e-02  0.000000e+00
     vertex -1.962174e-02 -4.238279e-02  1.000000e-03
     vertex -1.967374e-02 -4.222791e-02  1.000000e-03
   endloop
 endfacet
 facet normal -9.469442e-01 -3.213981e-01  0.000000e+00
   outer loop
     vertex -1.956920e-02 -4.253760e-02  0.000000e+00
     vertex -1.962174e-02 -4.238279e-02  1.000000e-03
     vertex -1.962174e-02 -4.238279e-02  0.000000e+00
   endloop
 endfacet
 facet normal -9.469442e-01 -3.213981e-01  0.000000e+00
   outer loop
     vertex -1.956920e-02 -4.253760e-02  0.000000e+00
     vertex -1.956920e-02 -4.253760e-02  1.000000e-03
     vertex -1.962174e-02 -4.238279e-02  1.000000e-03
   endloop
 endfacet
 facet normal -9.458669e-01 -3.245549e-01  0.000000e+00
   outer loop
     vertex -1.951611e-02 -4.269232e-02  0.000000e+00
     vertex -1.956920e-02 -4.253760e-02  1.000000e-03
     vertex -1.956920e-02 -4.253760e-02  0.000000e+00
   endloop
 endfacet
 facet normal -9.458669e-01 -3.245549e-01  0.000000e+00
   outer loop
     vertex -1.951611e-02 -4.269232e-02  0.000000e+00
     vertex -1.951611e-02 -4.269232e-02  1.000000e-03
     vertex -1.956920e-02 -4.253760e-02  1.000000e-03
   endloop
 endfacet
 facet normal -9.447614e-01 -3.277589e-01  0.000000e+00
   outer loop
     vertex -1.946247e-02 -4.284695e-02  0.000000e+00
     vertex -1.951611e-02 -4.269232e-02  1.000000e-03
     vertex -1.951611e-02 -4.269232e-02  0.000000e+00
   endloop
 endfacet
 facet normal -9.447614e-01 -3.277589e-01  0.000000e+00
   outer loop
     vertex -1.946247e-02 -4.284695e-02  0.000000e+00
     vertex -1.946247e-02 -4.284695e-02  1.000000e-03
     vertex -1.951611e-02 -4.269232e-02  1.000000e-03
   endloop
 endfacet
 facet normal -9.436310e-01 -3.309993e-01  0.000000e+00
   outer loop
     vertex -1.940826e-02 -4.300149e-02  0.000000e+00
     vertex -1.946247e-02 -4.284695e-02  1.000000e-03
     vertex -1.946247e-02 -4.284695e-02  0.000000e+00
   endloop
 endfacet
 facet normal -9.436310e-01 -3.309993e-01  0.000000e+00
   outer loop
     vertex -1.940826e-02 -4.300149e-02  0.000000e+00
     vertex -1.940826e-02 -4.300149e-02  1.000000e-03
     vertex -1.946247e-02 -4.284695e-02  1.000000e-03
   endloop
 endfacet
 facet normal -9.424702e-01 -3.342903e-01  0.000000e+00
   outer loop
     vertex -1.935347e-02 -4.315594e-02  0.000000e+00
     vertex -1.940826e-02 -4.300149e-02  1.000000e-03
     vertex -1.940826e-02 -4.300149e-02  0.000000e+00
   endloop
 endfacet
 facet normal -9.424702e-01 -3.342903e-01  0.000000e+00
   outer loop
     vertex -1.935347e-02 -4.315594e-02  0.000000e+00
     vertex -1.935347e-02 -4.315594e-02  1.000000e-03
     vertex -1.940826e-02 -4.300149e-02  1.000000e-03
   endloop
 endfacet
 facet normal -9.412823e-01 -3.376207e-01  0.000000e+00
   outer loop
     vertex -1.929812e-02 -4.331028e-02  0.000000e+00
     vertex -1.935347e-02 -4.315594e-02  1.000000e-03
     vertex -1.935347e-02 -4.315594e-02  0.000000e+00
   endloop
 endfacet
 facet normal -9.412823e-01 -3.376207e-01  0.000000e+00
   outer loop
     vertex -1.929812e-02 -4.331028e-02  0.000000e+00
     vertex -1.929812e-02 -4.331028e-02  1.000000e-03
     vertex -1.935347e-02 -4.315594e-02  1.000000e-03
   endloop
 endfacet
 facet normal -9.400629e-01 -3.410011e-01  0.000000e+00
   outer loop
     vertex -1.924217e-02 -4.346452e-02  0.000000e+00
     vertex -1.929812e-02 -4.331028e-02  1.000000e-03
     vertex -1.929812e-02 -4.331028e-02  0.000000e+00
   endloop
 endfacet
 facet normal -9.400629e-01 -3.410011e-01  0.000000e+00
   outer loop
     vertex -1.924217e-02 -4.346452e-02  0.000000e+00
     vertex -1.924217e-02 -4.346452e-02  1.000000e-03
     vertex -1.929812e-02 -4.331028e-02  1.000000e-03
   endloop
 endfacet
 facet normal -9.388114e-01 -3.444317e-01  0.000000e+00
   outer loop
     vertex -1.918562e-02 -4.361864e-02  0.000000e+00
     vertex -1.924217e-02 -4.346452e-02  1.000000e-03
     vertex -1.924217e-02 -4.346452e-02  0.000000e+00
   endloop
 endfacet
 facet normal -9.388114e-01 -3.444317e-01  0.000000e+00
   outer loop
     vertex -1.918562e-02 -4.361864e-02  0.000000e+00
     vertex -1.918562e-02 -4.361864e-02  1.000000e-03
     vertex -1.924217e-02 -4.346452e-02  1.000000e-03
   endloop
 endfacet
 facet normal -9.375266e-01 -3.479137e-01  0.000000e+00
   outer loop
     vertex -1.912847e-02 -4.377264e-02  0.000000e+00
     vertex -1.918562e-02 -4.361864e-02  1.000000e-03
     vertex -1.918562e-02 -4.361864e-02  0.000000e+00
   endloop
 endfacet
 facet normal -9.375266e-01 -3.479137e-01  0.000000e+00
   outer loop
     vertex -1.912847e-02 -4.377264e-02  0.000000e+00
     vertex -1.912847e-02 -4.377264e-02  1.000000e-03
     vertex -1.918562e-02 -4.361864e-02  1.000000e-03
   endloop
 endfacet
 facet normal -9.362091e-01 -3.514435e-01  0.000000e+00
   outer loop
     vertex -1.907071e-02 -4.392651e-02  0.000000e+00
     vertex -1.912847e-02 -4.377264e-02  1.000000e-03
     vertex -1.912847e-02 -4.377264e-02  0.000000e+00
   endloop
 endfacet
 facet normal -9.362091e-01 -3.514435e-01  0.000000e+00
   outer loop
     vertex -1.907071e-02 -4.392651e-02  0.000000e+00
     vertex -1.907071e-02 -4.392651e-02  1.000000e-03
     vertex -1.912847e-02 -4.377264e-02  1.000000e-03
   endloop
 endfacet
 facet normal -9.348564e-01 -3.550261e-01  0.000000e+00
   outer loop
     vertex -1.901233e-02 -4.408025e-02  0.000000e+00
     vertex -1.907071e-02 -4.392651e-02  1.000000e-03
     vertex -1.907071e-02 -4.392651e-02  0.000000e+00
   endloop
 endfacet
 facet normal -9.348564e-01 -3.550261e-01  0.000000e+00
   outer loop
     vertex -1.901233e-02 -4.408025e-02  0.000000e+00
     vertex -1.901233e-02 -4.408025e-02  1.000000e-03
     vertex -1.907071e-02 -4.392651e-02  1.000000e-03
   endloop
 endfacet
 facet normal -9.334677e-01 -3.586614e-01  0.000000e+00
   outer loop
     vertex -1.895331e-02 -4.423384e-02  0.000000e+00
     vertex -1.901233e-02 -4.408025e-02  1.000000e-03
     vertex -1.901233e-02 -4.408025e-02  0.000000e+00
   endloop
 endfacet
 facet normal -9.334677e-01 -3.586614e-01  0.000000e+00
   outer loop
     vertex -1.895331e-02 -4.423384e-02  0.000000e+00
     vertex -1.895331e-02 -4.423384e-02  1.000000e-03
     vertex -1.901233e-02 -4.408025e-02  1.000000e-03
   endloop
 endfacet
 facet normal -9.320401e-01 -3.623551e-01  0.000000e+00
   outer loop
     vertex -1.889366e-02 -4.438728e-02  0.000000e+00
     vertex -1.895331e-02 -4.423384e-02  1.000000e-03
     vertex -1.895331e-02 -4.423384e-02  0.000000e+00
   endloop
 endfacet
 facet normal -9.320401e-01 -3.623551e-01  0.000000e+00
   outer loop
     vertex -1.889366e-02 -4.438728e-02  0.000000e+00
     vertex -1.889366e-02 -4.438728e-02  1.000000e-03
     vertex -1.895331e-02 -4.423384e-02  1.000000e-03
   endloop
 endfacet
 facet normal -9.305731e-01 -3.661061e-01  0.000000e+00
   outer loop
     vertex -1.883335e-02 -4.454057e-02  0.000000e+00
     vertex -1.889366e-02 -4.438728e-02  1.000000e-03
     vertex -1.889366e-02 -4.438728e-02  0.000000e+00
   endloop
 endfacet
 facet normal -9.305731e-01 -3.661061e-01  0.000000e+00
   outer loop
     vertex -1.883335e-02 -4.454057e-02  0.000000e+00
     vertex -1.883335e-02 -4.454057e-02  1.000000e-03
     vertex -1.889366e-02 -4.438728e-02  1.000000e-03
   endloop
 endfacet
 facet normal -9.290676e-01 -3.699099e-01  0.000000e+00
   outer loop
     vertex -1.877239e-02 -4.469368e-02  0.000000e+00
     vertex -1.883335e-02 -4.454057e-02  1.000000e-03
     vertex -1.883335e-02 -4.454057e-02  0.000000e+00
   endloop
 endfacet
 facet normal -9.290676e-01 -3.699099e-01  0.000000e+00
   outer loop
     vertex -1.877239e-02 -4.469368e-02  0.000000e+00
     vertex -1.877239e-02 -4.469368e-02  1.000000e-03
     vertex -1.883335e-02 -4.454057e-02  1.000000e-03
   endloop
 endfacet
 facet normal -9.275183e-01 -3.737777e-01  0.000000e+00
   outer loop
     vertex -1.871076e-02 -4.484662e-02  0.000000e+00
     vertex -1.877239e-02 -4.469368e-02  1.000000e-03
     vertex -1.877239e-02 -4.469368e-02  0.000000e+00
   endloop
 endfacet
 facet normal -9.275183e-01 -3.737777e-01  0.000000e+00
   outer loop
     vertex -1.871076e-02 -4.484662e-02  0.000000e+00
     vertex -1.871076e-02 -4.484662e-02  1.000000e-03
     vertex -1.877239e-02 -4.469368e-02  1.000000e-03
   endloop
 endfacet
 facet normal -9.259260e-01 -3.777051e-01  0.000000e+00
   outer loop
     vertex -1.864845e-02 -4.499937e-02  0.000000e+00
     vertex -1.871076e-02 -4.484662e-02  1.000000e-03
     vertex -1.871076e-02 -4.484662e-02  0.000000e+00
   endloop
 endfacet
 facet normal -9.259260e-01 -3.777051e-01  0.000000e+00
   outer loop
     vertex -1.864845e-02 -4.499937e-02  0.000000e+00
     vertex -1.864845e-02 -4.499937e-02  1.000000e-03
     vertex -1.871076e-02 -4.484662e-02  1.000000e-03
   endloop
 endfacet
 facet normal -9.242914e-01 -3.816876e-01  0.000000e+00
   outer loop
     vertex -1.858545e-02 -4.515192e-02  0.000000e+00
     vertex -1.864845e-02 -4.499937e-02  1.000000e-03
     vertex -1.864845e-02 -4.499937e-02  0.000000e+00
   endloop
 endfacet
 facet normal -9.242914e-01 -3.816876e-01  0.000000e+00
   outer loop
     vertex -1.858545e-02 -4.515192e-02  0.000000e+00
     vertex -1.858545e-02 -4.515192e-02  1.000000e-03
     vertex -1.864845e-02 -4.499937e-02  1.000000e-03
   endloop
 endfacet
 facet normal -9.226046e-01 -3.857469e-01  0.000000e+00
   outer loop
     vertex -1.852176e-02 -4.530427e-02  0.000000e+00
     vertex -1.858545e-02 -4.515192e-02  1.000000e-03
     vertex -1.858545e-02 -4.515192e-02  0.000000e+00
   endloop
 endfacet
 facet normal -9.226046e-01 -3.857469e-01  0.000000e+00
   outer loop
     vertex -1.852176e-02 -4.530427e-02  0.000000e+00
     vertex -1.852176e-02 -4.530427e-02  1.000000e-03
     vertex -1.858545e-02 -4.515192e-02  1.000000e-03
   endloop
 endfacet
 facet normal -9.208716e-01 -3.898659e-01  0.000000e+00
   outer loop
     vertex -1.845735e-02 -4.545639e-02  0.000000e+00
     vertex -1.852176e-02 -4.530427e-02  1.000000e-03
     vertex -1.852176e-02 -4.530427e-02  0.000000e+00
   endloop
 endfacet
 facet normal -9.208716e-01 -3.898659e-01  0.000000e+00
   outer loop
     vertex -1.845735e-02 -4.545639e-02  0.000000e+00
     vertex -1.845735e-02 -4.545639e-02  1.000000e-03
     vertex -1.852176e-02 -4.530427e-02  1.000000e-03
   endloop
 endfacet
 facet normal -9.190909e-01 -3.940456e-01  0.000000e+00
   outer loop
     vertex -1.839223e-02 -4.560829e-02  0.000000e+00
     vertex -1.845735e-02 -4.545639e-02  1.000000e-03
     vertex -1.845735e-02 -4.545639e-02  0.000000e+00
   endloop
 endfacet
 facet normal -9.190909e-01 -3.940456e-01  0.000000e+00
   outer loop
     vertex -1.839223e-02 -4.560829e-02  0.000000e+00
     vertex -1.839223e-02 -4.560829e-02  1.000000e-03
     vertex -1.845735e-02 -4.545639e-02  1.000000e-03
   endloop
 endfacet
 facet normal -9.172591e-01 -3.982910e-01  0.000000e+00
   outer loop
     vertex -1.832638e-02 -4.575994e-02  0.000000e+00
     vertex -1.839223e-02 -4.560829e-02  1.000000e-03
     vertex -1.839223e-02 -4.560829e-02  0.000000e+00
   endloop
 endfacet
 facet normal -9.172591e-01 -3.982910e-01  0.000000e+00
   outer loop
     vertex -1.832638e-02 -4.575994e-02  0.000000e+00
     vertex -1.832638e-02 -4.575994e-02  1.000000e-03
     vertex -1.839223e-02 -4.560829e-02  1.000000e-03
   endloop
 endfacet
 facet normal -9.153695e-01 -4.026148e-01  0.000000e+00
   outer loop
     vertex -1.825978e-02 -4.591134e-02  0.000000e+00
     vertex -1.832638e-02 -4.575994e-02  1.000000e-03
     vertex -1.832638e-02 -4.575994e-02  0.000000e+00
   endloop
 endfacet
 facet normal -9.153695e-01 -4.026148e-01  0.000000e+00
   outer loop
     vertex -1.825978e-02 -4.591134e-02  0.000000e+00
     vertex -1.825978e-02 -4.591134e-02  1.000000e-03
     vertex -1.832638e-02 -4.575994e-02  1.000000e-03
   endloop
 endfacet
 facet normal -9.134291e-01 -4.069979e-01  0.000000e+00
   outer loop
     vertex -1.819244e-02 -4.606248e-02  0.000000e+00
     vertex -1.825978e-02 -4.591134e-02  1.000000e-03
     vertex -1.825978e-02 -4.591134e-02  0.000000e+00
   endloop
 endfacet
 facet normal -9.134291e-01 -4.069979e-01  0.000000e+00
   outer loop
     vertex -1.819244e-02 -4.606248e-02  0.000000e+00
     vertex -1.819244e-02 -4.606248e-02  1.000000e-03
     vertex -1.825978e-02 -4.591134e-02  1.000000e-03
   endloop
 endfacet
 facet normal -9.114317e-01 -4.114514e-01  0.000000e+00
   outer loop
     vertex -1.812434e-02 -4.621334e-02  0.000000e+00
     vertex -1.819244e-02 -4.606248e-02  1.000000e-03
     vertex -1.819244e-02 -4.606248e-02  0.000000e+00
   endloop
 endfacet
 facet normal -9.114317e-01 -4.114514e-01  0.000000e+00
   outer loop
     vertex -1.812434e-02 -4.621334e-02  0.000000e+00
     vertex -1.812434e-02 -4.621334e-02  1.000000e-03
     vertex -1.819244e-02 -4.606248e-02  1.000000e-03
   endloop
 endfacet
 facet normal -9.093756e-01 -4.159760e-01  0.000000e+00
   outer loop
     vertex -1.805547e-02 -4.636390e-02  0.000000e+00
     vertex -1.812434e-02 -4.621334e-02  1.000000e-03
     vertex -1.812434e-02 -4.621334e-02  0.000000e+00
   endloop
 endfacet
 facet normal -9.093756e-01 -4.159760e-01  0.000000e+00
   outer loop
     vertex -1.805547e-02 -4.636390e-02  0.000000e+00
     vertex -1.805547e-02 -4.636390e-02  1.000000e-03
     vertex -1.812434e-02 -4.621334e-02  1.000000e-03
   endloop
 endfacet
 facet normal -9.072580e-01 -4.205746e-01  0.000000e+00
   outer loop
     vertex -1.798581e-02 -4.651416e-02  0.000000e+00
     vertex -1.805547e-02 -4.636390e-02  1.000000e-03
     vertex -1.805547e-02 -4.636390e-02  0.000000e+00
   endloop
 endfacet
 facet normal -9.072580e-01 -4.205746e-01  0.000000e+00
   outer loop
     vertex -1.798581e-02 -4.651416e-02  0.000000e+00
     vertex -1.798581e-02 -4.651416e-02  1.000000e-03
     vertex -1.805547e-02 -4.636390e-02  1.000000e-03
   endloop
 endfacet
 facet normal -9.050800e-01 -4.252414e-01  0.000000e+00
   outer loop
     vertex -1.791536e-02 -4.666410e-02  0.000000e+00
     vertex -1.798581e-02 -4.651416e-02  1.000000e-03
     vertex -1.798581e-02 -4.651416e-02  0.000000e+00
   endloop
 endfacet
 facet normal -9.050800e-01 -4.252414e-01  0.000000e+00
   outer loop
     vertex -1.791536e-02 -4.666410e-02  0.000000e+00
     vertex -1.791536e-02 -4.666410e-02  1.000000e-03
     vertex -1.798581e-02 -4.651416e-02  1.000000e-03
   endloop
 endfacet
 facet normal -9.028379e-01 -4.299811e-01  0.000000e+00
   outer loop
     vertex -1.784411e-02 -4.681372e-02  0.000000e+00
     vertex -1.791536e-02 -4.666410e-02  1.000000e-03
     vertex -1.791536e-02 -4.666410e-02  0.000000e+00
   endloop
 endfacet
 facet normal -9.028379e-01 -4.299811e-01  0.000000e+00
   outer loop
     vertex -1.784411e-02 -4.681372e-02  0.000000e+00
     vertex -1.784411e-02 -4.681372e-02  1.000000e-03
     vertex -1.791536e-02 -4.666410e-02  1.000000e-03
   endloop
 endfacet
 facet normal -9.005327e-01 -4.347884e-01  0.000000e+00
   outer loop
     vertex -1.777204e-02 -4.696298e-02  0.000000e+00
     vertex -1.784411e-02 -4.681372e-02  1.000000e-03
     vertex -1.784411e-02 -4.681372e-02  0.000000e+00
   endloop
 endfacet
 facet normal -9.005327e-01 -4.347884e-01  0.000000e+00
   outer loop
     vertex -1.777204e-02 -4.696298e-02  0.000000e+00
     vertex -1.777204e-02 -4.696298e-02  1.000000e-03
     vertex -1.784411e-02 -4.681372e-02  1.000000e-03
   endloop
 endfacet
 facet normal -8.981546e-01 -4.396798e-01  0.000000e+00
   outer loop
     vertex -1.769915e-02 -4.711188e-02  0.000000e+00
     vertex -1.777204e-02 -4.696298e-02  1.000000e-03
     vertex -1.777204e-02 -4.696298e-02  0.000000e+00
   endloop
 endfacet
 facet normal -8.981546e-01 -4.396798e-01  0.000000e+00
   outer loop
     vertex -1.769915e-02 -4.711188e-02  0.000000e+00
     vertex -1.769915e-02 -4.711188e-02  1.000000e-03
     vertex -1.777204e-02 -4.696298e-02  1.000000e-03
   endloop
 endfacet
 facet normal -8.957140e-01 -4.446307e-01  0.000000e+00
   outer loop
     vertex -1.762542e-02 -4.726042e-02  0.000000e+00
     vertex -1.769915e-02 -4.711188e-02  1.000000e-03
     vertex -1.769915e-02 -4.711188e-02  0.000000e+00
   endloop
 endfacet
 facet normal -8.957140e-01 -4.446307e-01  0.000000e+00
   outer loop
     vertex -1.762542e-02 -4.726042e-02  0.000000e+00
     vertex -1.762542e-02 -4.726042e-02  1.000000e-03
     vertex -1.769915e-02 -4.711188e-02  1.000000e-03
   endloop
 endfacet
 facet normal -8.931974e-01 -4.496647e-01  0.000000e+00
   outer loop
     vertex -1.755084e-02 -4.740855e-02  0.000000e+00
     vertex -1.762542e-02 -4.726042e-02  1.000000e-03
     vertex -1.762542e-02 -4.726042e-02  0.000000e+00
   endloop
 endfacet
 facet normal -8.931974e-01 -4.496647e-01  0.000000e+00
   outer loop
     vertex -1.755084e-02 -4.740855e-02  0.000000e+00
     vertex -1.755084e-02 -4.740855e-02  1.000000e-03
     vertex -1.762542e-02 -4.726042e-02  1.000000e-03
   endloop
 endfacet
 facet normal -8.906081e-01 -4.547717e-01  0.000000e+00
   outer loop
     vertex -1.747540e-02 -4.755629e-02  0.000000e+00
     vertex -1.755084e-02 -4.740855e-02  1.000000e-03
     vertex -1.755084e-02 -4.740855e-02  0.000000e+00
   endloop
 endfacet
 facet normal -8.906081e-01 -4.547717e-01  0.000000e+00
   outer loop
     vertex -1.747540e-02 -4.755629e-02  0.000000e+00
     vertex -1.747540e-02 -4.755629e-02  1.000000e-03
     vertex -1.755084e-02 -4.740855e-02  1.000000e-03
   endloop
 endfacet
 facet normal -8.879467e-01 -4.599464e-01  0.000000e+00
   outer loop
     vertex -1.739910e-02 -4.770360e-02  0.000000e+00
     vertex -1.747540e-02 -4.755629e-02  1.000000e-03
     vertex -1.747540e-02 -4.755629e-02  0.000000e+00
   endloop
 endfacet
 facet normal -8.879467e-01 -4.599464e-01  0.000000e+00
   outer loop
     vertex -1.739910e-02 -4.770360e-02  0.000000e+00
     vertex -1.739910e-02 -4.770360e-02  1.000000e-03
     vertex -1.747540e-02 -4.755629e-02  1.000000e-03
   endloop
 endfacet
 facet normal -8.852054e-01 -4.652004e-01  0.000000e+00
   outer loop
     vertex -1.732191e-02 -4.785048e-02  0.000000e+00
     vertex -1.739910e-02 -4.770360e-02  1.000000e-03
     vertex -1.739910e-02 -4.770360e-02  0.000000e+00
   endloop
 endfacet
 facet normal -8.852054e-01 -4.652004e-01  0.000000e+00
   outer loop
     vertex -1.732191e-02 -4.785048e-02  0.000000e+00
     vertex -1.732191e-02 -4.785048e-02  1.000000e-03
     vertex -1.739910e-02 -4.770360e-02  1.000000e-03
   endloop
 endfacet
 facet normal -8.823863e-01 -4.705257e-01  0.000000e+00
   outer loop
     vertex -1.724383e-02 -4.799690e-02  0.000000e+00
     vertex -1.732191e-02 -4.785048e-02  1.000000e-03
     vertex -1.732191e-02 -4.785048e-02  0.000000e+00
   endloop
 endfacet
 facet normal -8.823863e-01 -4.705257e-01  0.000000e+00
   outer loop
     vertex -1.724383e-02 -4.799690e-02  0.000000e+00
     vertex -1.724383e-02 -4.799690e-02  1.000000e-03
     vertex -1.732191e-02 -4.785048e-02  1.000000e-03
   endloop
 endfacet
 facet normal -8.794875e-01 -4.759221e-01  0.000000e+00
   outer loop
     vertex -1.716485e-02 -4.814286e-02  0.000000e+00
     vertex -1.724383e-02 -4.799690e-02  1.000000e-03
     vertex -1.724383e-02 -4.799690e-02  0.000000e+00
   endloop
 endfacet
 facet normal -8.794875e-01 -4.759221e-01  0.000000e+00
   outer loop
     vertex -1.716485e-02 -4.814286e-02  0.000000e+00
     vertex -1.716485e-02 -4.814286e-02  1.000000e-03
     vertex -1.724383e-02 -4.799690e-02  1.000000e-03
   endloop
 endfacet
 facet normal -8.765008e-01 -4.814003e-01  0.000000e+00
   outer loop
     vertex -1.708495e-02 -4.828833e-02  0.000000e+00
     vertex -1.716485e-02 -4.814286e-02  1.000000e-03
     vertex -1.716485e-02 -4.814286e-02  0.000000e+00
   endloop
 endfacet
 facet normal -8.765008e-01 -4.814003e-01  0.000000e+00
   outer loop
     vertex -1.708495e-02 -4.828833e-02  0.000000e+00
     vertex -1.708495e-02 -4.828833e-02  1.000000e-03
     vertex -1.716485e-02 -4.814286e-02  1.000000e-03
   endloop
 endfacet
 facet normal -8.734347e-01 -4.869412e-01  0.000000e+00
   outer loop
     vertex -1.700413e-02 -4.843330e-02  0.000000e+00
     vertex -1.708495e-02 -4.828833e-02  1.000000e-03
     vertex -1.708495e-02 -4.828833e-02  0.000000e+00
   endloop
 endfacet
 facet normal -8.734347e-01 -4.869412e-01  0.000000e+00
   outer loop
     vertex -1.700413e-02 -4.843330e-02  0.000000e+00
     vertex -1.700413e-02 -4.843330e-02  1.000000e-03
     vertex -1.708495e-02 -4.828833e-02  1.000000e-03
   endloop
 endfacet
 facet normal -8.702794e-01 -4.925584e-01  0.000000e+00
   outer loop
     vertex -1.692237e-02 -4.857775e-02  0.000000e+00
     vertex -1.700413e-02 -4.843330e-02  1.000000e-03
     vertex -1.700413e-02 -4.843330e-02  0.000000e+00
   endloop
 endfacet
 facet normal -8.702794e-01 -4.925584e-01  0.000000e+00
   outer loop
     vertex -1.692237e-02 -4.857775e-02  0.000000e+00
     vertex -1.692237e-02 -4.857775e-02  1.000000e-03
     vertex -1.700413e-02 -4.843330e-02  1.000000e-03
   endloop
 endfacet
 facet normal -8.670342e-01 -4.982487e-01  0.000000e+00
   outer loop
     vertex -1.683967e-02 -4.872167e-02  0.000000e+00
     vertex -1.692237e-02 -4.857775e-02  1.000000e-03
     vertex -1.692237e-02 -4.857775e-02  0.000000e+00
   endloop
 endfacet
 facet normal -8.670342e-01 -4.982487e-01  0.000000e+00
   outer loop
     vertex -1.683967e-02 -4.872167e-02  0.000000e+00
     vertex -1.683967e-02 -4.872167e-02  1.000000e-03
     vertex -1.692237e-02 -4.857775e-02  1.000000e-03
   endloop
 endfacet
 facet normal -8.636972e-01 -5.040111e-01  0.000000e+00
   outer loop
     vertex -1.675601e-02 -4.886503e-02  0.000000e+00
     vertex -1.683967e-02 -4.872167e-02  1.000000e-03
     vertex -1.683967e-02 -4.872167e-02  0.000000e+00
   endloop
 endfacet
 facet normal -8.636972e-01 -5.040111e-01  0.000000e+00
   outer loop
     vertex -1.675601e-02 -4.886503e-02  0.000000e+00
     vertex -1.675601e-02 -4.886503e-02  1.000000e-03
     vertex -1.683967e-02 -4.872167e-02  1.000000e-03
   endloop
 endfacet
 facet normal -8.602690e-01 -5.098404e-01  0.000000e+00
   outer loop
     vertex -1.667139e-02 -4.900782e-02  0.000000e+00
     vertex -1.675601e-02 -4.886503e-02  1.000000e-03
     vertex -1.675601e-02 -4.886503e-02  0.000000e+00
   endloop
 endfacet
 facet normal -8.602690e-01 -5.098404e-01  0.000000e+00
   outer loop
     vertex -1.667139e-02 -4.900782e-02  0.000000e+00
     vertex -1.667139e-02 -4.900782e-02  1.000000e-03
     vertex -1.675601e-02 -4.886503e-02  1.000000e-03
   endloop
 endfacet
 facet normal -8.567451e-01 -5.157400e-01  0.000000e+00
   outer loop
     vertex -1.658578e-02 -4.915003e-02  0.000000e+00
     vertex -1.667139e-02 -4.900782e-02  1.000000e-03
     vertex -1.667139e-02 -4.900782e-02  0.000000e+00
   endloop
 endfacet
 facet normal -8.567451e-01 -5.157400e-01  0.000000e+00
   outer loop
     vertex -1.658578e-02 -4.915003e-02  0.000000e+00
     vertex -1.658578e-02 -4.915003e-02  1.000000e-03
     vertex -1.667139e-02 -4.900782e-02  1.000000e-03
   endloop
 endfacet
 facet normal -8.531212e-01 -5.217127e-01  0.000000e+00
   outer loop
     vertex -1.649919e-02 -4.929163e-02  0.000000e+00
     vertex -1.658578e-02 -4.915003e-02  1.000000e-03
     vertex -1.658578e-02 -4.915003e-02  0.000000e+00
   endloop
 endfacet
 facet normal -8.531212e-01 -5.217127e-01  0.000000e+00
   outer loop
     vertex -1.649919e-02 -4.929163e-02  0.000000e+00
     vertex -1.649919e-02 -4.929163e-02  1.000000e-03
     vertex -1.658578e-02 -4.915003e-02  1.000000e-03
   endloop
 endfacet
 facet normal -8.494001e-01 -5.277495e-01  0.000000e+00
   outer loop
     vertex -1.641160e-02 -4.943260e-02  0.000000e+00
     vertex -1.649919e-02 -4.929163e-02  1.000000e-03
     vertex -1.649919e-02 -4.929163e-02  0.000000e+00
   endloop
 endfacet
 facet normal -8.494001e-01 -5.277495e-01  0.000000e+00
   outer loop
     vertex -1.641160e-02 -4.943260e-02  0.000000e+00
     vertex -1.641160e-02 -4.943260e-02  1.000000e-03
     vertex -1.649919e-02 -4.929163e-02  1.000000e-03
   endloop
 endfacet
 facet normal -8.455769e-01 -5.338536e-01  0.000000e+00
   outer loop
     vertex -1.632300e-02 -4.957293e-02  0.000000e+00
     vertex -1.641160e-02 -4.943260e-02  1.000000e-03
     vertex -1.641160e-02 -4.943260e-02  0.000000e+00
   endloop
 endfacet
 facet normal -8.455769e-01 -5.338536e-01  0.000000e+00
   outer loop
     vertex -1.632300e-02 -4.957293e-02  0.000000e+00
     vertex -1.632300e-02 -4.957293e-02  1.000000e-03
     vertex -1.641160e-02 -4.943260e-02  1.000000e-03
   endloop
 endfacet
 facet normal -8.416473e-01 -5.400277e-01  0.000000e+00
   outer loop
     vertex -1.623338e-02 -4.971260e-02  0.000000e+00
     vertex -1.632300e-02 -4.957293e-02  1.000000e-03
     vertex -1.632300e-02 -4.957293e-02  0.000000e+00
   endloop
 endfacet
 facet normal -8.416473e-01 -5.400277e-01  0.000000e+00
   outer loop
     vertex -1.623338e-02 -4.971260e-02  0.000000e+00
     vertex -1.623338e-02 -4.971260e-02  1.000000e-03
     vertex -1.632300e-02 -4.957293e-02  1.000000e-03
   endloop
 endfacet
 facet normal -8.376196e-01 -5.462540e-01  0.000000e+00
   outer loop
     vertex -1.614274e-02 -4.985160e-02  0.000000e+00
     vertex -1.623338e-02 -4.971260e-02  1.000000e-03
     vertex -1.623338e-02 -4.971260e-02  0.000000e+00
   endloop
 endfacet
 facet normal -8.376196e-01 -5.462540e-01  0.000000e+00
   outer loop
     vertex -1.614274e-02 -4.985160e-02  0.000000e+00
     vertex -1.614274e-02 -4.985160e-02  1.000000e-03
     vertex -1.623338e-02 -4.971260e-02  1.000000e-03
   endloop
 endfacet
 facet normal -8.334773e-01 -5.525538e-01  0.000000e+00
   outer loop
     vertex -1.605105e-02 -4.998989e-02  0.000000e+00
     vertex -1.614274e-02 -4.985160e-02  1.000000e-03
     vertex -1.614274e-02 -4.985160e-02  0.000000e+00
   endloop
 endfacet
 facet normal -8.334773e-01 -5.525538e-01  0.000000e+00
   outer loop
     vertex -1.605105e-02 -4.998989e-02  0.000000e+00
     vertex -1.605105e-02 -4.998989e-02  1.000000e-03
     vertex -1.614274e-02 -4.985160e-02  1.000000e-03
   endloop
 endfacet
 facet normal -8.292272e-01 -5.589117e-01  0.000000e+00
   outer loop
     vertex -1.595832e-02 -5.012747e-02  0.000000e+00
     vertex -1.605105e-02 -4.998989e-02  1.000000e-03
     vertex -1.605105e-02 -4.998989e-02  0.000000e+00
   endloop
 endfacet
 facet normal -8.292272e-01 -5.589117e-01  0.000000e+00
   outer loop
     vertex -1.595832e-02 -5.012747e-02  0.000000e+00
     vertex -1.595832e-02 -5.012747e-02  1.000000e-03
     vertex -1.605105e-02 -4.998989e-02  1.000000e-03
   endloop
 endfacet
 facet normal -8.248645e-01 -5.653305e-01  0.000000e+00
   outer loop
     vertex -1.586453e-02 -5.026432e-02  0.000000e+00
     vertex -1.595832e-02 -5.012747e-02  1.000000e-03
     vertex -1.595832e-02 -5.012747e-02  0.000000e+00
   endloop
 endfacet
 facet normal -8.248645e-01 -5.653305e-01  0.000000e+00
   outer loop
     vertex -1.586453e-02 -5.026432e-02  0.000000e+00
     vertex -1.586453e-02 -5.026432e-02  1.000000e-03
     vertex -1.595832e-02 -5.012747e-02  1.000000e-03
   endloop
 endfacet
 facet normal -8.203897e-01 -5.718048e-01  0.000000e+00
   outer loop
     vertex -1.576968e-02 -5.040041e-02  0.000000e+00
     vertex -1.586453e-02 -5.026432e-02  1.000000e-03
     vertex -1.586453e-02 -5.026432e-02  0.000000e+00
   endloop
 endfacet
 facet normal -8.203897e-01 -5.718048e-01  0.000000e+00
   outer loop
     vertex -1.576968e-02 -5.040041e-02  0.000000e+00
     vertex -1.576968e-02 -5.040041e-02  1.000000e-03
     vertex -1.586453e-02 -5.026432e-02  1.000000e-03
   endloop
 endfacet
 facet normal -8.158017e-01 -5.783318e-01  0.000000e+00
   outer loop
     vertex -1.567375e-02 -5.053573e-02  0.000000e+00
     vertex -1.576968e-02 -5.040041e-02  1.000000e-03
     vertex -1.576968e-02 -5.040041e-02  0.000000e+00
   endloop
 endfacet
 facet normal -8.158017e-01 -5.783318e-01  0.000000e+00
   outer loop
     vertex -1.567375e-02 -5.053573e-02  0.000000e+00
     vertex -1.567375e-02 -5.053573e-02  1.000000e-03
     vertex -1.576968e-02 -5.040041e-02  1.000000e-03
   endloop
 endfacet
 facet normal -8.110914e-01 -5.849194e-01  0.000000e+00
   outer loop
     vertex -1.557673e-02 -5.067026e-02  0.000000e+00
     vertex -1.567375e-02 -5.053573e-02  1.000000e-03
     vertex -1.567375e-02 -5.053573e-02  0.000000e+00
   endloop
 endfacet
 facet normal -8.110914e-01 -5.849194e-01  0.000000e+00
   outer loop
     vertex -1.557673e-02 -5.067026e-02  0.000000e+00
     vertex -1.557673e-02 -5.067026e-02  1.000000e-03
     vertex -1.567375e-02 -5.053573e-02  1.000000e-03
   endloop
 endfacet
 facet normal -8.062673e-01 -5.915513e-01  0.000000e+00
   outer loop
     vertex -1.547863e-02 -5.080398e-02  0.000000e+00
     vertex -1.557673e-02 -5.067026e-02  1.000000e-03
     vertex -1.557673e-02 -5.067026e-02  0.000000e+00
   endloop
 endfacet
 facet normal -8.062673e-01 -5.915513e-01  0.000000e+00
   outer loop
     vertex -1.547863e-02 -5.080398e-02  0.000000e+00
     vertex -1.547863e-02 -5.080398e-02  1.000000e-03
     vertex -1.557673e-02 -5.067026e-02  1.000000e-03
   endloop
 endfacet
 facet normal -8.013165e-01 -5.982407e-01  0.000000e+00
   outer loop
     vertex -1.537942e-02 -5.093686e-02  0.000000e+00
     vertex -1.547863e-02 -5.080398e-02  1.000000e-03
     vertex -1.547863e-02 -5.080398e-02  0.000000e+00
   endloop
 endfacet
 facet normal -8.013165e-01 -5.982407e-01  0.000000e+00
   outer loop
     vertex -1.537942e-02 -5.093686e-02  0.000000e+00
     vertex -1.537942e-02 -5.093686e-02  1.000000e-03
     vertex -1.547863e-02 -5.080398e-02  1.000000e-03
   endloop
 endfacet
 facet normal -7.962468e-01 -6.049719e-01  0.000000e+00
   outer loop
     vertex -1.527910e-02 -5.106890e-02  0.000000e+00
     vertex -1.537942e-02 -5.093686e-02  1.000000e-03
     vertex -1.537942e-02 -5.093686e-02  0.000000e+00
   endloop
 endfacet
 facet normal -7.962468e-01 -6.049719e-01  0.000000e+00
   outer loop
     vertex -1.527910e-02 -5.106890e-02  0.000000e+00
     vertex -1.527910e-02 -5.106890e-02  1.000000e-03
     vertex -1.537942e-02 -5.093686e-02  1.000000e-03
   endloop
 endfacet
 facet normal -7.910524e-01 -6.117483e-01  0.000000e+00
   outer loop
     vertex -1.517766e-02 -5.120007e-02  0.000000e+00
     vertex -1.527910e-02 -5.106890e-02  1.000000e-03
     vertex -1.527910e-02 -5.106890e-02  0.000000e+00
   endloop
 endfacet
 facet normal -7.910524e-01 -6.117483e-01  0.000000e+00
   outer loop
     vertex -1.517766e-02 -5.120007e-02  0.000000e+00
     vertex -1.517766e-02 -5.120007e-02  1.000000e-03
     vertex -1.527910e-02 -5.106890e-02  1.000000e-03
   endloop
 endfacet
 facet normal -7.857322e-01 -6.185668e-01  0.000000e+00
   outer loop
     vertex -1.507510e-02 -5.133035e-02  0.000000e+00
     vertex -1.517766e-02 -5.120007e-02  1.000000e-03
     vertex -1.517766e-02 -5.120007e-02  0.000000e+00
   endloop
 endfacet
 facet normal -7.857322e-01 -6.185668e-01  0.000000e+00
   outer loop
     vertex -1.507510e-02 -5.133035e-02  0.000000e+00
     vertex -1.507510e-02 -5.133035e-02  1.000000e-03
     vertex -1.517766e-02 -5.120007e-02  1.000000e-03
   endloop
 endfacet
 facet normal -7.802830e-01 -6.254266e-01  0.000000e+00
   outer loop
     vertex -1.497141e-02 -5.145972e-02  0.000000e+00
     vertex -1.507510e-02 -5.133035e-02  1.000000e-03
     vertex -1.507510e-02 -5.133035e-02  0.000000e+00
   endloop
 endfacet
 facet normal -7.802830e-01 -6.254266e-01  0.000000e+00
   outer loop
     vertex -1.497141e-02 -5.145972e-02  0.000000e+00
     vertex -1.497141e-02 -5.145972e-02  1.000000e-03
     vertex -1.507510e-02 -5.133035e-02  1.000000e-03
   endloop
 endfacet
 facet normal -7.747073e-01 -6.323200e-01  0.000000e+00
   outer loop
     vertex -1.486657e-02 -5.158816e-02  0.000000e+00
     vertex -1.497141e-02 -5.145972e-02  1.000000e-03
     vertex -1.497141e-02 -5.145972e-02  0.000000e+00
   endloop
 endfacet
 facet normal -7.747073e-01 -6.323200e-01  0.000000e+00
   outer loop
     vertex -1.486657e-02 -5.158816e-02  0.000000e+00
     vertex -1.486657e-02 -5.158816e-02  1.000000e-03
     vertex -1.497141e-02 -5.145972e-02  1.000000e-03
   endloop
 endfacet
 facet normal -7.690004e-01 -6.392483e-01  0.000000e+00
   outer loop
     vertex -1.476059e-02 -5.171565e-02  0.000000e+00
     vertex -1.486657e-02 -5.158816e-02  1.000000e-03
     vertex -1.486657e-02 -5.158816e-02  0.000000e+00
   endloop
 endfacet
 facet normal -7.690004e-01 -6.392483e-01  0.000000e+00
   outer loop
     vertex -1.476059e-02 -5.171565e-02  0.000000e+00
     vertex -1.476059e-02 -5.171565e-02  1.000000e-03
     vertex -1.486657e-02 -5.158816e-02  1.000000e-03
   endloop
 endfacet
 facet normal -7.631636e-01 -6.462053e-01  0.000000e+00
   outer loop
     vertex -1.465345e-02 -5.184218e-02  0.000000e+00
     vertex -1.476059e-02 -5.171565e-02  1.000000e-03
     vertex -1.476059e-02 -5.171565e-02  0.000000e+00
   endloop
 endfacet
 facet normal -7.631636e-01 -6.462053e-01  0.000000e+00
   outer loop
     vertex -1.465345e-02 -5.184218e-02  0.000000e+00
     vertex -1.465345e-02 -5.184218e-02  1.000000e-03
     vertex -1.476059e-02 -5.171565e-02  1.000000e-03
   endloop
 endfacet
 facet normal -7.571926e-01 -6.531917e-01  0.000000e+00
   outer loop
     vertex -1.454515e-02 -5.196772e-02  0.000000e+00
     vertex -1.465345e-02 -5.184218e-02  1.000000e-03
     vertex -1.465345e-02 -5.184218e-02  0.000000e+00
   endloop
 endfacet
 facet normal -7.571926e-01 -6.531917e-01  0.000000e+00
   outer loop
     vertex -1.454515e-02 -5.196772e-02  0.000000e+00
     vertex -1.454515e-02 -5.196772e-02  1.000000e-03
     vertex -1.465345e-02 -5.184218e-02  1.000000e-03
   endloop
 endfacet
 facet normal -7.510870e-01 -6.602032e-01  0.000000e+00
   outer loop
     vertex -1.443569e-02 -5.209226e-02  0.000000e+00
     vertex -1.454515e-02 -5.196772e-02  1.000000e-03
     vertex -1.454515e-02 -5.196772e-02  0.000000e+00
   endloop
 endfacet
 facet normal -7.510870e-01 -6.602032e-01  0.000000e+00
   outer loop
     vertex -1.443569e-02 -5.209226e-02  0.000000e+00
     vertex -1.443569e-02 -5.209226e-02  1.000000e-03
     vertex -1.454515e-02 -5.196772e-02  1.000000e-03
   endloop
 endfacet
 facet normal -7.448494e-01 -6.672326e-01  0.000000e+00
   outer loop
     vertex -1.432505e-02 -5.221576e-02  0.000000e+00
     vertex -1.443569e-02 -5.209226e-02  1.000000e-03
     vertex -1.443569e-02 -5.209226e-02  0.000000e+00
   endloop
 endfacet
 facet normal -7.448494e-01 -6.672326e-01  0.000000e+00
   outer loop
     vertex -1.432505e-02 -5.221576e-02  0.000000e+00
     vertex -1.432505e-02 -5.221576e-02  1.000000e-03
     vertex -1.443569e-02 -5.209226e-02  1.000000e-03
   endloop
 endfacet
 facet normal -7.384741e-01 -6.742818e-01  0.000000e+00
   outer loop
     vertex -1.421323e-02 -5.233822e-02  0.000000e+00
     vertex -1.432505e-02 -5.221576e-02  1.000000e-03
     vertex -1.432505e-02 -5.221576e-02  0.000000e+00
   endloop
 endfacet
 facet normal -7.384741e-01 -6.742818e-01  0.000000e+00
   outer loop
     vertex -1.421323e-02 -5.233822e-02  0.000000e+00
     vertex -1.421323e-02 -5.233822e-02  1.000000e-03
     vertex -1.432505e-02 -5.221576e-02  1.000000e-03
   endloop
 endfacet
 facet normal -7.319657e-01 -6.813415e-01  0.000000e+00
   outer loop
     vertex -1.410023e-02 -5.245962e-02  0.000000e+00
     vertex -1.421323e-02 -5.233822e-02  1.000000e-03
     vertex -1.421323e-02 -5.233822e-02  0.000000e+00
   endloop
 endfacet
 facet normal -7.319657e-01 -6.813415e-01  0.000000e+00
   outer loop
     vertex -1.410023e-02 -5.245962e-02  0.000000e+00
     vertex -1.410023e-02 -5.245962e-02  1.000000e-03
     vertex -1.421323e-02 -5.233822e-02  1.000000e-03
   endloop
 endfacet
 facet normal -7.253141e-01 -6.884181e-01  0.000000e+00
   outer loop
     vertex -1.398605e-02 -5.257993e-02  0.000000e+00
     vertex -1.410023e-02 -5.245962e-02  1.000000e-03
     vertex -1.410023e-02 -5.245962e-02  0.000000e+00
   endloop
 endfacet
 facet normal -7.253141e-01 -6.884181e-01  0.000000e+00
   outer loop
     vertex -1.398605e-02 -5.257993e-02  0.000000e+00
     vertex -1.398605e-02 -5.257993e-02  1.000000e-03
     vertex -1.410023e-02 -5.245962e-02  1.000000e-03
   endloop
 endfacet
 facet normal -7.185320e-01 -6.954939e-01  0.000000e+00
   outer loop
     vertex -1.387066e-02 -5.269913e-02  0.000000e+00
     vertex -1.398605e-02 -5.257993e-02  1.000000e-03
     vertex -1.398605e-02 -5.257993e-02  0.000000e+00
   endloop
 endfacet
 facet normal -7.185320e-01 -6.954939e-01  0.000000e+00
   outer loop
     vertex -1.387066e-02 -5.269913e-02  0.000000e+00
     vertex -1.387066e-02 -5.269913e-02  1.000000e-03
     vertex -1.398605e-02 -5.257993e-02  1.000000e-03
   endloop
 endfacet
 facet normal -7.116122e-01 -7.025724e-01  0.000000e+00
   outer loop
     vertex -1.375408e-02 -5.281721e-02  0.000000e+00
     vertex -1.387066e-02 -5.269913e-02  1.000000e-03
     vertex -1.387066e-02 -5.269913e-02  0.000000e+00
   endloop
 endfacet
 facet normal -7.116122e-01 -7.025724e-01  0.000000e+00
   outer loop
     vertex -1.375408e-02 -5.281721e-02  0.000000e+00
     vertex -1.375408e-02 -5.281721e-02  1.000000e-03
     vertex -1.387066e-02 -5.269913e-02  1.000000e-03
   endloop
 endfacet
 facet normal -7.045475e-01 -7.096568e-01  0.000000e+00
   outer loop
     vertex -1.363630e-02 -5.293415e-02  0.000000e+00
     vertex -1.375408e-02 -5.281721e-02  1.000000e-03
     vertex -1.375408e-02 -5.281721e-02  0.000000e+00
   endloop
 endfacet
 facet normal -7.045475e-01 -7.096568e-01  0.000000e+00
   outer loop
     vertex -1.363630e-02 -5.293415e-02  0.000000e+00
     vertex -1.363630e-02 -5.293415e-02  1.000000e-03
     vertex -1.375408e-02 -5.281721e-02  1.000000e-03
   endloop
 endfacet
 facet normal -6.973514e-01 -7.167293e-01  0.000000e+00
   outer loop
     vertex -1.351732e-02 -5.304992e-02  0.000000e+00
     vertex -1.363630e-02 -5.293415e-02  1.000000e-03
     vertex -1.363630e-02 -5.293415e-02  0.000000e+00
   endloop
 endfacet
 facet normal -6.973514e-01 -7.167293e-01  0.000000e+00
   outer loop
     vertex -1.351732e-02 -5.304992e-02  0.000000e+00
     vertex -1.351732e-02 -5.304992e-02  1.000000e-03
     vertex -1.363630e-02 -5.293415e-02  1.000000e-03
   endloop
 endfacet
 facet normal -6.900170e-01 -7.237931e-01  0.000000e+00
   outer loop
     vertex -1.339712e-02 -5.316450e-02  0.000000e+00
     vertex -1.351732e-02 -5.304992e-02  1.000000e-03
     vertex -1.351732e-02 -5.304992e-02  0.000000e+00
   endloop
 endfacet
 facet normal -6.900170e-01 -7.237931e-01  0.000000e+00
   outer loop
     vertex -1.339712e-02 -5.316450e-02  0.000000e+00
     vertex -1.339712e-02 -5.316450e-02  1.000000e-03
     vertex -1.351732e-02 -5.304992e-02  1.000000e-03
   endloop
 endfacet
 facet normal -6.825398e-01 -7.308484e-01  0.000000e+00
   outer loop
     vertex -1.327571e-02 -5.327789e-02  0.000000e+00
     vertex -1.339712e-02 -5.316450e-02  1.000000e-03
     vertex -1.339712e-02 -5.316450e-02  0.000000e+00
   endloop
 endfacet
 facet normal -6.825398e-01 -7.308484e-01  0.000000e+00
   outer loop
     vertex -1.327571e-02 -5.327789e-02  0.000000e+00
     vertex -1.327571e-02 -5.327789e-02  1.000000e-03
     vertex -1.339712e-02 -5.316450e-02  1.000000e-03
   endloop
 endfacet
 facet normal -6.749310e-01 -7.378808e-01  0.000000e+00
   outer loop
     vertex -1.315309e-02 -5.339005e-02  0.000000e+00
     vertex -1.327571e-02 -5.327789e-02  1.000000e-03
     vertex -1.327571e-02 -5.327789e-02  0.000000e+00
   endloop
 endfacet
 facet normal -6.749310e-01 -7.378808e-01  0.000000e+00
   outer loop
     vertex -1.315309e-02 -5.339005e-02  0.000000e+00
     vertex -1.315309e-02 -5.339005e-02  1.000000e-03
     vertex -1.327571e-02 -5.327789e-02  1.000000e-03
   endloop
 endfacet
 facet normal -6.671842e-01 -7.448928e-01  0.000000e+00
   outer loop
     vertex -1.302925e-02 -5.350097e-02  0.000000e+00
     vertex -1.315309e-02 -5.339005e-02  1.000000e-03
     vertex -1.315309e-02 -5.339005e-02  0.000000e+00
   endloop
 endfacet
 facet normal -6.671842e-01 -7.448928e-01  0.000000e+00
   outer loop
     vertex -1.302925e-02 -5.350097e-02  0.000000e+00
     vertex -1.302925e-02 -5.350097e-02  1.000000e-03
     vertex -1.315309e-02 -5.339005e-02  1.000000e-03
   endloop
 endfacet
 facet normal -6.592977e-01 -7.518820e-01  0.000000e+00
   outer loop
     vertex -1.290420e-02 -5.361062e-02  0.000000e+00
     vertex -1.302925e-02 -5.350097e-02  1.000000e-03
     vertex -1.302925e-02 -5.350097e-02  0.000000e+00
   endloop
 endfacet
 facet normal -6.592977e-01 -7.518820e-01  0.000000e+00
   outer loop
     vertex -1.290420e-02 -5.361062e-02  0.000000e+00
     vertex -1.290420e-02 -5.361062e-02  1.000000e-03
     vertex -1.302925e-02 -5.350097e-02  1.000000e-03
   endloop
 endfacet
 facet normal -6.512807e-01 -7.588369e-01  0.000000e+00
   outer loop
     vertex -1.277792e-02 -5.371900e-02  0.000000e+00
     vertex -1.290420e-02 -5.361062e-02  1.000000e-03
     vertex -1.290420e-02 -5.361062e-02  0.000000e+00
   endloop
 endfacet
 facet normal -6.512807e-01 -7.588369e-01  0.000000e+00
   outer loop
     vertex -1.277792e-02 -5.371900e-02  0.000000e+00
     vertex -1.277792e-02 -5.371900e-02  1.000000e-03
     vertex -1.290420e-02 -5.361062e-02  1.000000e-03
   endloop
 endfacet
 facet normal -6.431229e-01 -7.657630e-01  0.000000e+00
   outer loop
     vertex -1.265042e-02 -5.382608e-02  0.000000e+00
     vertex -1.277792e-02 -5.371900e-02  1.000000e-03
     vertex -1.277792e-02 -5.371900e-02  0.000000e+00
   endloop
 endfacet
 facet normal -6.431229e-01 -7.657630e-01  0.000000e+00
   outer loop
     vertex -1.265042e-02 -5.382608e-02  0.000000e+00
     vertex -1.265042e-02 -5.382608e-02  1.000000e-03
     vertex -1.277792e-02 -5.371900e-02  1.000000e-03
   endloop
 endfacet
 facet normal -6.348398e-01 -7.726438e-01  0.000000e+00
   outer loop
     vertex -1.252171e-02 -5.393184e-02  0.000000e+00
     vertex -1.265042e-02 -5.382608e-02  1.000000e-03
     vertex -1.265042e-02 -5.382608e-02  0.000000e+00
   endloop
 endfacet
 facet normal -6.348398e-01 -7.726438e-01  0.000000e+00
   outer loop
     vertex -1.252171e-02 -5.393184e-02  0.000000e+00
     vertex -1.252171e-02 -5.393184e-02  1.000000e-03
     vertex -1.265042e-02 -5.382608e-02  1.000000e-03
   endloop
 endfacet
 facet normal -6.264179e-01 -7.794874e-01  0.000000e+00
   outer loop
     vertex -1.239177e-02 -5.403626e-02  0.000000e+00
     vertex -1.252171e-02 -5.393184e-02  1.000000e-03
     vertex -1.252171e-02 -5.393184e-02  0.000000e+00
   endloop
 endfacet
 facet normal -6.264179e-01 -7.794874e-01  0.000000e+00
   outer loop
     vertex -1.239177e-02 -5.403626e-02  0.000000e+00
     vertex -1.239177e-02 -5.403626e-02  1.000000e-03
     vertex -1.252171e-02 -5.393184e-02  1.000000e-03
   endloop
 endfacet
 facet normal -6.178700e-01 -7.862803e-01  0.000000e+00
   outer loop
     vertex -1.226061e-02 -5.413932e-02  0.000000e+00
     vertex -1.239177e-02 -5.403626e-02  1.000000e-03
     vertex -1.239177e-02 -5.403626e-02  0.000000e+00
   endloop
 endfacet
 facet normal -6.178700e-01 -7.862803e-01  0.000000e+00
   outer loop
     vertex -1.226061e-02 -5.413932e-02  0.000000e+00
     vertex -1.226061e-02 -5.413932e-02  1.000000e-03
     vertex -1.239177e-02 -5.403626e-02  1.000000e-03
   endloop
 endfacet
 facet normal -6.091933e-01 -7.930218e-01  0.000000e+00
   outer loop
     vertex -1.212824e-02 -5.424101e-02  0.000000e+00
     vertex -1.226061e-02 -5.413932e-02  1.000000e-03
     vertex -1.226061e-02 -5.413932e-02  0.000000e+00
   endloop
 endfacet
 facet normal -6.091933e-01 -7.930218e-01  0.000000e+00
   outer loop
     vertex -1.212824e-02 -5.424101e-02  0.000000e+00
     vertex -1.212824e-02 -5.424101e-02  1.000000e-03
     vertex -1.226061e-02 -5.413932e-02  1.000000e-03
   endloop
 endfacet
 facet normal -6.003859e-01 -7.997104e-01  0.000000e+00
   outer loop
     vertex -1.199464e-02 -5.434131e-02  0.000000e+00
     vertex -1.212824e-02 -5.424101e-02  1.000000e-03
     vertex -1.212824e-02 -5.424101e-02  0.000000e+00
   endloop
 endfacet
 facet normal -6.003859e-01 -7.997104e-01  0.000000e+00
   outer loop
     vertex -1.199464e-02 -5.434131e-02  0.000000e+00
     vertex -1.199464e-02 -5.434131e-02  1.000000e-03
     vertex -1.212824e-02 -5.424101e-02  1.000000e-03
   endloop
 endfacet
 facet normal -5.914593e-01 -8.063348e-01  0.000000e+00
   outer loop
     vertex -1.185983e-02 -5.444020e-02  0.000000e+00
     vertex -1.199464e-02 -5.434131e-02  1.000000e-03
     vertex -1.199464e-02 -5.434131e-02  0.000000e+00
   endloop
 endfacet
 facet normal -5.914593e-01 -8.063348e-01  0.000000e+00
   outer loop
     vertex -1.185983e-02 -5.444020e-02  0.000000e+00
     vertex -1.185983e-02 -5.444020e-02  1.000000e-03
     vertex -1.199464e-02 -5.434131e-02  1.000000e-03
   endloop
 endfacet
 facet normal -5.824033e-01 -8.129000e-01  0.000000e+00
   outer loop
     vertex -1.172381e-02 -5.453765e-02  0.000000e+00
     vertex -1.185983e-02 -5.444020e-02  1.000000e-03
     vertex -1.185983e-02 -5.444020e-02  0.000000e+00
   endloop
 endfacet
 facet normal -5.824033e-01 -8.129000e-01  0.000000e+00
   outer loop
     vertex -1.172381e-02 -5.453765e-02  0.000000e+00
     vertex -1.172381e-02 -5.453765e-02  1.000000e-03
     vertex -1.185983e-02 -5.444020e-02  1.000000e-03
   endloop
 endfacet
 facet normal -5.732343e-01 -8.193915e-01  0.000000e+00
   outer loop
     vertex -1.158657e-02 -5.463366e-02  0.000000e+00
     vertex -1.172381e-02 -5.453765e-02  1.000000e-03
     vertex -1.172381e-02 -5.453765e-02  0.000000e+00
   endloop
 endfacet
 facet normal -5.732343e-01 -8.193915e-01  0.000000e+00
   outer loop
     vertex -1.158657e-02 -5.463366e-02  0.000000e+00
     vertex -1.158657e-02 -5.463366e-02  1.000000e-03
     vertex -1.172381e-02 -5.453765e-02  1.000000e-03
   endloop
 endfacet
 facet normal -5.639380e-01 -8.258171e-01  0.000000e+00
   outer loop
     vertex -1.144812e-02 -5.472820e-02  0.000000e+00
     vertex -1.158657e-02 -5.463366e-02  1.000000e-03
     vertex -1.158657e-02 -5.463366e-02  0.000000e+00
   endloop
 endfacet
 facet normal -5.639380e-01 -8.258171e-01  0.000000e+00
   outer loop
     vertex -1.144812e-02 -5.472820e-02  0.000000e+00
     vertex -1.144812e-02 -5.472820e-02  1.000000e-03
     vertex -1.158657e-02 -5.463366e-02  1.000000e-03
   endloop
 endfacet
 facet normal -5.545352e-01 -8.321603e-01  0.000000e+00
   outer loop
     vertex -1.130847e-02 -5.482126e-02  0.000000e+00
     vertex -1.144812e-02 -5.472820e-02  1.000000e-03
     vertex -1.144812e-02 -5.472820e-02  0.000000e+00
   endloop
 endfacet
 facet normal -5.545352e-01 -8.321603e-01  0.000000e+00
   outer loop
     vertex -1.130847e-02 -5.482126e-02  0.000000e+00
     vertex -1.130847e-02 -5.482126e-02  1.000000e-03
     vertex -1.144812e-02 -5.472820e-02  1.000000e-03
   endloop
 endfacet
 facet normal -5.450156e-01 -8.384259e-01  0.000000e+00
   outer loop
     vertex -1.116762e-02 -5.491282e-02  0.000000e+00
     vertex -1.130847e-02 -5.482126e-02  1.000000e-03
     vertex -1.130847e-02 -5.482126e-02  0.000000e+00
   endloop
 endfacet
 facet normal -5.450156e-01 -8.384259e-01  0.000000e+00
   outer loop
     vertex -1.116762e-02 -5.491282e-02  0.000000e+00
     vertex -1.116762e-02 -5.491282e-02  1.000000e-03
     vertex -1.130847e-02 -5.482126e-02  1.000000e-03
   endloop
 endfacet
 facet normal -5.353811e-01 -8.446106e-01  0.000000e+00
   outer loop
     vertex -1.102558e-02 -5.500286e-02  0.000000e+00
     vertex -1.116762e-02 -5.491282e-02  1.000000e-03
     vertex -1.116762e-02 -5.491282e-02  0.000000e+00
   endloop
 endfacet
 facet normal -5.353811e-01 -8.446106e-01  0.000000e+00
   outer loop
     vertex -1.102558e-02 -5.500286e-02  0.000000e+00
     vertex -1.102558e-02 -5.500286e-02  1.000000e-03
     vertex -1.116762e-02 -5.491282e-02  1.000000e-03
   endloop
 endfacet
 facet normal -5.256533e-01 -8.506989e-01  0.000000e+00
   outer loop
     vertex -1.088234e-02 -5.509137e-02  0.000000e+00
     vertex -1.102558e-02 -5.500286e-02  1.000000e-03
     vertex -1.102558e-02 -5.500286e-02  0.000000e+00
   endloop
 endfacet
 facet normal -5.256533e-01 -8.506989e-01  0.000000e+00
   outer loop
     vertex -1.088234e-02 -5.509137e-02  0.000000e+00
     vertex -1.088234e-02 -5.509137e-02  1.000000e-03
     vertex -1.102558e-02 -5.500286e-02  1.000000e-03
   endloop
 endfacet
 facet normal -5.158054e-01 -8.567058e-01  0.000000e+00
   outer loop
     vertex -1.073792e-02 -5.517832e-02  0.000000e+00
     vertex -1.088234e-02 -5.509137e-02  1.000000e-03
     vertex -1.088234e-02 -5.509137e-02  0.000000e+00
   endloop
 endfacet
 facet normal -5.158054e-01 -8.567058e-01  0.000000e+00
   outer loop
     vertex -1.073792e-02 -5.517832e-02  0.000000e+00
     vertex -1.073792e-02 -5.517832e-02  1.000000e-03
     vertex -1.088234e-02 -5.509137e-02  1.000000e-03
   endloop
 endfacet
 facet normal -5.058670e-01 -8.626115e-01  0.000000e+00
   outer loop
     vertex -1.059232e-02 -5.526371e-02  0.000000e+00
     vertex -1.073792e-02 -5.517832e-02  1.000000e-03
     vertex -1.073792e-02 -5.517832e-02  0.000000e+00
   endloop
 endfacet
 facet normal -5.058670e-01 -8.626115e-01  0.000000e+00
   outer loop
     vertex -1.059232e-02 -5.526371e-02  0.000000e+00
     vertex -1.059232e-02 -5.526371e-02  1.000000e-03
     vertex -1.073792e-02 -5.517832e-02  1.000000e-03
   endloop
 endfacet
 facet normal -4.958311e-01 -8.684190e-01  0.000000e+00
   outer loop
     vertex -1.044556e-02 -5.534750e-02  0.000000e+00
     vertex -1.059232e-02 -5.526371e-02  1.000000e-03
     vertex -1.059232e-02 -5.526371e-02  0.000000e+00
   endloop
 endfacet
 facet normal -4.958311e-01 -8.684190e-01  0.000000e+00
   outer loop
     vertex -1.044556e-02 -5.534750e-02  0.000000e+00
     vertex -1.044556e-02 -5.534750e-02  1.000000e-03
     vertex -1.059232e-02 -5.526371e-02  1.000000e-03
   endloop
 endfacet
 facet normal -4.856971e-01 -8.741272e-01  0.000000e+00
   outer loop
     vertex -1.029762e-02 -5.542970e-02  0.000000e+00
     vertex -1.044556e-02 -5.534750e-02  1.000000e-03
     vertex -1.044556e-02 -5.534750e-02  0.000000e+00
   endloop
 endfacet
 facet normal -4.856971e-01 -8.741272e-01  0.000000e+00
   outer loop
     vertex -1.029762e-02 -5.542970e-02  0.000000e+00
     vertex -1.029762e-02 -5.542970e-02  1.000000e-03
     vertex -1.044556e-02 -5.534750e-02  1.000000e-03
   endloop
 endfacet
 facet normal -4.754754e-01 -8.797290e-01  0.000000e+00
   outer loop
     vertex -1.014853e-02 -5.551028e-02  0.000000e+00
     vertex -1.029762e-02 -5.542970e-02  1.000000e-03
     vertex -1.029762e-02 -5.542970e-02  0.000000e+00
   endloop
 endfacet
 facet normal -4.754754e-01 -8.797290e-01  0.000000e+00
   outer loop
     vertex -1.014853e-02 -5.551028e-02  0.000000e+00
     vertex -1.014853e-02 -5.551028e-02  1.000000e-03
     vertex -1.029762e-02 -5.542970e-02  1.000000e-03
   endloop
 endfacet
 facet normal -4.651693e-01 -8.852217e-01  0.000000e+00
   outer loop
     vertex -9.998299e-03 -5.558923e-02  0.000000e+00
     vertex -1.014853e-02 -5.551028e-02  1.000000e-03
     vertex -1.014853e-02 -5.551028e-02  0.000000e+00
   endloop
 endfacet
 facet normal -4.651693e-01 -8.852217e-01  0.000000e+00
   outer loop
     vertex -9.998299e-03 -5.558923e-02  0.000000e+00
     vertex -9.998299e-03 -5.558923e-02  1.000000e-03
     vertex -1.014853e-02 -5.551028e-02  1.000000e-03
   endloop
 endfacet
 facet normal -4.547732e-01 -8.906073e-01  0.000000e+00
   outer loop
     vertex -9.846926e-03 -5.566652e-02  0.000000e+00
     vertex -9.998299e-03 -5.558923e-02  1.000000e-03
     vertex -9.998299e-03 -5.558923e-02  0.000000e+00
   endloop
 endfacet
 facet normal -4.547732e-01 -8.906073e-01  0.000000e+00
   outer loop
     vertex -9.846926e-03 -5.566652e-02  0.000000e+00
     vertex -9.846926e-03 -5.566652e-02  1.000000e-03
     vertex -9.998299e-03 -5.558923e-02  1.000000e-03
   endloop
 endfacet
 facet normal -4.443045e-01 -8.958758e-01  0.000000e+00
   outer loop
     vertex -9.694425e-03 -5.574215e-02  0.000000e+00
     vertex -9.846926e-03 -5.566652e-02  1.000000e-03
     vertex -9.846926e-03 -5.566652e-02  0.000000e+00
   endloop
 endfacet
 facet normal -4.443045e-01 -8.958758e-01  0.000000e+00
   outer loop
     vertex -9.694425e-03 -5.574215e-02  0.000000e+00
     vertex -9.694425e-03 -5.574215e-02  1.000000e-03
     vertex -9.846926e-03 -5.566652e-02  1.000000e-03
   endloop
 endfacet
 facet normal -4.337645e-01 -9.010263e-01  0.000000e+00
   outer loop
     vertex -9.540808e-03 -5.581611e-02  0.000000e+00
     vertex -9.694425e-03 -5.574215e-02  1.000000e-03
     vertex -9.694425e-03 -5.574215e-02  0.000000e+00
   endloop
 endfacet
 facet normal -4.337645e-01 -9.010263e-01  0.000000e+00
   outer loop
     vertex -9.540808e-03 -5.581611e-02  0.000000e+00
     vertex -9.540808e-03 -5.581611e-02  1.000000e-03
     vertex -9.694425e-03 -5.574215e-02  1.000000e-03
   endloop
 endfacet
 facet normal -4.231403e-01 -9.060642e-01  0.000000e+00
   outer loop
     vertex -9.386083e-03 -5.588837e-02  0.000000e+00
     vertex -9.540808e-03 -5.581611e-02  1.000000e-03
     vertex -9.540808e-03 -5.581611e-02  0.000000e+00
   endloop
 endfacet
 facet normal -4.231403e-01 -9.060642e-01  0.000000e+00
   outer loop
     vertex -9.386083e-03 -5.588837e-02  0.000000e+00
     vertex -9.386083e-03 -5.588837e-02  1.000000e-03
     vertex -9.540808e-03 -5.581611e-02  1.000000e-03
   endloop
 endfacet
 facet normal -4.124634e-01 -9.109742e-01  0.000000e+00
   outer loop
     vertex -9.230265e-03 -5.595891e-02  0.000000e+00
     vertex -9.386083e-03 -5.588837e-02  1.000000e-03
     vertex -9.386083e-03 -5.588837e-02  0.000000e+00
   endloop
 endfacet
 facet normal -4.124634e-01 -9.109742e-01  0.000000e+00
   outer loop
     vertex -9.230265e-03 -5.595891e-02  0.000000e+00
     vertex -9.230265e-03 -5.595891e-02  1.000000e-03
     vertex -9.386083e-03 -5.588837e-02  1.000000e-03
   endloop
 endfacet
 facet normal -4.017072e-01 -9.157682e-01  0.000000e+00
   outer loop
     vertex -9.073363e-03 -5.602774e-02  0.000000e+00
     vertex -9.230265e-03 -5.595891e-02  1.000000e-03
     vertex -9.230265e-03 -5.595891e-02  0.000000e+00
   endloop
 endfacet
 facet normal -4.017072e-01 -9.157682e-01  0.000000e+00
   outer loop
     vertex -9.073363e-03 -5.602774e-02  0.000000e+00
     vertex -9.073363e-03 -5.602774e-02  1.000000e-03
     vertex -9.230265e-03 -5.595891e-02  1.000000e-03
   endloop
 endfacet
 facet normal -3.909074e-01 -9.204300e-01  0.000000e+00
   outer loop
     vertex -8.915393e-03 -5.609483e-02  0.000000e+00
     vertex -9.073363e-03 -5.602774e-02  1.000000e-03
     vertex -9.073363e-03 -5.602774e-02  0.000000e+00
   endloop
 endfacet
 facet normal -3.909074e-01 -9.204300e-01  0.000000e+00
   outer loop
     vertex -8.915393e-03 -5.609483e-02  0.000000e+00
     vertex -8.915393e-03 -5.609483e-02  1.000000e-03
     vertex -9.073363e-03 -5.602774e-02  1.000000e-03
   endloop
 endfacet
 facet normal -3.800420e-01 -9.249692e-01  0.000000e+00
   outer loop
     vertex -8.756367e-03 -5.616017e-02  0.000000e+00
     vertex -8.915393e-03 -5.609483e-02  1.000000e-03
     vertex -8.915393e-03 -5.609483e-02  0.000000e+00
   endloop
 endfacet
 facet normal -3.800420e-01 -9.249692e-01  0.000000e+00
   outer loop
     vertex -8.756367e-03 -5.616017e-02  0.000000e+00
     vertex -8.756367e-03 -5.616017e-02  1.000000e-03
     vertex -8.915393e-03 -5.609483e-02  1.000000e-03
   endloop
 endfacet
 facet normal -3.691282e-01 -9.293785e-01  0.000000e+00
   outer loop
     vertex -8.596300e-03 -5.622375e-02  0.000000e+00
     vertex -8.756367e-03 -5.616017e-02  1.000000e-03
     vertex -8.756367e-03 -5.616017e-02  0.000000e+00
   endloop
 endfacet
 facet normal -3.691282e-01 -9.293785e-01  0.000000e+00
   outer loop
     vertex -8.596300e-03 -5.622375e-02  0.000000e+00
     vertex -8.596300e-03 -5.622375e-02  1.000000e-03
     vertex -8.756367e-03 -5.616017e-02  1.000000e-03
   endloop
 endfacet
 facet normal -3.581649e-01 -9.336583e-01  0.000000e+00
   outer loop
     vertex -8.435206e-03 -5.628554e-02  0.000000e+00
     vertex -8.596300e-03 -5.622375e-02  1.000000e-03
     vertex -8.596300e-03 -5.622375e-02  0.000000e+00
   endloop
 endfacet
 facet normal -3.581649e-01 -9.336583e-01  0.000000e+00
   outer loop
     vertex -8.435206e-03 -5.628554e-02  0.000000e+00
     vertex -8.435206e-03 -5.628554e-02  1.000000e-03
     vertex -8.596300e-03 -5.622375e-02  1.000000e-03
   endloop
 endfacet
 facet normal -3.471623e-01 -9.378051e-01  0.000000e+00
   outer loop
     vertex -8.273101e-03 -5.634555e-02  0.000000e+00
     vertex -8.435206e-03 -5.628554e-02  1.000000e-03
     vertex -8.435206e-03 -5.628554e-02  0.000000e+00
   endloop
 endfacet
 facet normal -3.471623e-01 -9.378051e-01  0.000000e+00
   outer loop
     vertex -8.273101e-03 -5.634555e-02  0.000000e+00
     vertex -8.273101e-03 -5.634555e-02  1.000000e-03
     vertex -8.435206e-03 -5.628554e-02  1.000000e-03
   endloop
 endfacet
 facet normal -3.361111e-01 -9.418224e-01  0.000000e+00
   outer loop
     vertex -8.110001e-03 -5.640376e-02  0.000000e+00
     vertex -8.273101e-03 -5.634555e-02  1.000000e-03
     vertex -8.273101e-03 -5.634555e-02  0.000000e+00
   endloop
 endfacet
 facet normal -3.361111e-01 -9.418224e-01  0.000000e+00
   outer loop
     vertex -8.110001e-03 -5.640376e-02  0.000000e+00
     vertex -8.110001e-03 -5.640376e-02  1.000000e-03
     vertex -8.273101e-03 -5.634555e-02  1.000000e-03
   endloop
 endfacet
 facet normal -3.250361e-01 -9.457016e-01  0.000000e+00
   outer loop
     vertex -7.945924e-03 -5.646015e-02  0.000000e+00
     vertex -8.110001e-03 -5.640376e-02  1.000000e-03
     vertex -8.110001e-03 -5.640376e-02  0.000000e+00
   endloop
 endfacet
 facet normal -3.250361e-01 -9.457016e-01  0.000000e+00
   outer loop
     vertex -7.945924e-03 -5.646015e-02  0.000000e+00
     vertex -7.945924e-03 -5.646015e-02  1.000000e-03
     vertex -8.110001e-03 -5.640376e-02  1.000000e-03
   endloop
 endfacet
 facet normal -3.139228e-01 -9.494485e-01  0.000000e+00
   outer loop
     vertex -7.780888e-03 -5.651472e-02  0.000000e+00
     vertex -7.945924e-03 -5.646015e-02  1.000000e-03
     vertex -7.945924e-03 -5.646015e-02  0.000000e+00
   endloop
 endfacet
 facet normal -3.139228e-01 -9.494485e-01  0.000000e+00
   outer loop
     vertex -7.780888e-03 -5.651472e-02  0.000000e+00
     vertex -7.780888e-03 -5.651472e-02  1.000000e-03
     vertex -7.945924e-03 -5.646015e-02  1.000000e-03
   endloop
 endfacet
 facet normal -3.027787e-01 -9.530609e-01  0.000000e+00
   outer loop
     vertex -7.614909e-03 -5.656745e-02  0.000000e+00
     vertex -7.780888e-03 -5.651472e-02  1.000000e-03
     vertex -7.780888e-03 -5.651472e-02  0.000000e+00
   endloop
 endfacet
 facet normal -3.027787e-01 -9.530609e-01  0.000000e+00
   outer loop
     vertex -7.614909e-03 -5.656745e-02  0.000000e+00
     vertex -7.614909e-03 -5.656745e-02  1.000000e-03
     vertex -7.780888e-03 -5.651472e-02  1.000000e-03
   endloop
 endfacet
 facet normal -2.916197e-01 -9.565343e-01  0.000000e+00
   outer loop
     vertex -7.448009e-03 -5.661833e-02  0.000000e+00
     vertex -7.614909e-03 -5.656745e-02  1.000000e-03
     vertex -7.614909e-03 -5.656745e-02  0.000000e+00
   endloop
 endfacet
 facet normal -2.916197e-01 -9.565343e-01  0.000000e+00
   outer loop
     vertex -7.448009e-03 -5.661833e-02  0.000000e+00
     vertex -7.448009e-03 -5.661833e-02  1.000000e-03
     vertex -7.614909e-03 -5.656745e-02  1.000000e-03
   endloop
 endfacet
 facet normal -2.804294e-01 -9.598747e-01  0.000000e+00
   outer loop
     vertex -7.280206e-03 -5.666736e-02  0.000000e+00
     vertex -7.448009e-03 -5.661833e-02  1.000000e-03
     vertex -7.448009e-03 -5.661833e-02  0.000000e+00
   endloop
 endfacet
 facet normal -2.804294e-01 -9.598747e-01  0.000000e+00
   outer loop
     vertex -7.280206e-03 -5.666736e-02  0.000000e+00
     vertex -7.280206e-03 -5.666736e-02  1.000000e-03
     vertex -7.448009e-03 -5.661833e-02  1.000000e-03
   endloop
 endfacet
 facet normal -2.692233e-01 -9.630778e-01  0.000000e+00
   outer loop
     vertex -7.111521e-03 -5.671451e-02  0.000000e+00
     vertex -7.280206e-03 -5.666736e-02  1.000000e-03
     vertex -7.280206e-03 -5.666736e-02  0.000000e+00
   endloop
 endfacet
 facet normal -2.692233e-01 -9.630778e-01  0.000000e+00
   outer loop
     vertex -7.111521e-03 -5.671451e-02  0.000000e+00
     vertex -7.111521e-03 -5.671451e-02  1.000000e-03
     vertex -7.280206e-03 -5.666736e-02  1.000000e-03
   endloop
 endfacet
 facet normal -2.580031e-01 -9.661441e-01  0.000000e+00
   outer loop
     vertex -6.941976e-03 -5.675979e-02  0.000000e+00
     vertex -7.111521e-03 -5.671451e-02  1.000000e-03
     vertex -7.111521e-03 -5.671451e-02  0.000000e+00
   endloop
 endfacet
 facet normal -2.580031e-01 -9.661441e-01  0.000000e+00
   outer loop
     vertex -6.941976e-03 -5.675979e-02  0.000000e+00
     vertex -6.941976e-03 -5.675979e-02  1.000000e-03
     vertex -7.111521e-03 -5.671451e-02  1.000000e-03
   endloop
 endfacet
 facet normal -2.467796e-01 -9.690716e-01  0.000000e+00
   outer loop
     vertex -6.771593e-03 -5.680318e-02  0.000000e+00
     vertex -6.941976e-03 -5.675979e-02  1.000000e-03
     vertex -6.941976e-03 -5.675979e-02  0.000000e+00
   endloop
 endfacet
 facet normal -2.467796e-01 -9.690716e-01  0.000000e+00
   outer loop
     vertex -6.771593e-03 -5.680318e-02  0.000000e+00
     vertex -6.771593e-03 -5.680318e-02  1.000000e-03
     vertex -6.941976e-03 -5.675979e-02  1.000000e-03
   endloop
 endfacet
 facet normal -2.355368e-01 -9.718654e-01  0.000000e+00
   outer loop
     vertex -6.600394e-03 -5.684467e-02  0.000000e+00
     vertex -6.771593e-03 -5.680318e-02  1.000000e-03
     vertex -6.771593e-03 -5.680318e-02  0.000000e+00
   endloop
 endfacet
 facet normal -2.355368e-01 -9.718654e-01  0.000000e+00
   outer loop
     vertex -6.600394e-03 -5.684467e-02  0.000000e+00
     vertex -6.600394e-03 -5.684467e-02  1.000000e-03
     vertex -6.771593e-03 -5.680318e-02  1.000000e-03
   endloop
 endfacet
 facet normal -2.242987e-01 -9.745204e-01  0.000000e+00
   outer loop
     vertex -6.428403e-03 -5.688425e-02  0.000000e+00
     vertex -6.600394e-03 -5.684467e-02  1.000000e-03
     vertex -6.600394e-03 -5.684467e-02  0.000000e+00
   endloop
 endfacet
 facet normal -2.242987e-01 -9.745204e-01  0.000000e+00
   outer loop
     vertex -6.428403e-03 -5.688425e-02  0.000000e+00
     vertex -6.428403e-03 -5.688425e-02  1.000000e-03
     vertex -6.600394e-03 -5.684467e-02  1.000000e-03
   endloop
 endfacet
 facet normal -2.130556e-01 -9.770401e-01  0.000000e+00
   outer loop
     vertex -6.255645e-03 -5.692192e-02  0.000000e+00
     vertex -6.428403e-03 -5.688425e-02  1.000000e-03
     vertex -6.428403e-03 -5.688425e-02  0.000000e+00
   endloop
 endfacet
 facet normal -2.130556e-01 -9.770401e-01  0.000000e+00
   outer loop
     vertex -6.255645e-03 -5.692192e-02  0.000000e+00
     vertex -6.255645e-03 -5.692192e-02  1.000000e-03
     vertex -6.428403e-03 -5.688425e-02  1.000000e-03
   endloop
 endfacet
 facet normal -2.018122e-01 -9.794242e-01  0.000000e+00
   outer loop
     vertex -6.082145e-03 -5.695767e-02  0.000000e+00
     vertex -6.255645e-03 -5.692192e-02  1.000000e-03
     vertex -6.255645e-03 -5.692192e-02  0.000000e+00
   endloop
 endfacet
 facet normal -2.018122e-01 -9.794242e-01  0.000000e+00
   outer loop
     vertex -6.082145e-03 -5.695767e-02  0.000000e+00
     vertex -6.082145e-03 -5.695767e-02  1.000000e-03
     vertex -6.255645e-03 -5.692192e-02  1.000000e-03
   endloop
 endfacet
 facet normal -1.905736e-01 -9.816729e-01  0.000000e+00
   outer loop
     vertex -5.907928e-03 -5.699150e-02  0.000000e+00
     vertex -6.082145e-03 -5.695767e-02  1.000000e-03
     vertex -6.082145e-03 -5.695767e-02  0.000000e+00
   endloop
 endfacet
 facet normal -1.905736e-01 -9.816729e-01  0.000000e+00
   outer loop
     vertex -5.907928e-03 -5.699150e-02  0.000000e+00
     vertex -5.907928e-03 -5.699150e-02  1.000000e-03
     vertex -6.082145e-03 -5.695767e-02  1.000000e-03
   endloop
 endfacet
 facet normal -1.793433e-01 -9.837866e-01  0.000000e+00
   outer loop
     vertex -5.733023e-03 -5.702338e-02  0.000000e+00
     vertex -5.907928e-03 -5.699150e-02  1.000000e-03
     vertex -5.907928e-03 -5.699150e-02  0.000000e+00
   endloop
 endfacet
 facet normal -1.793433e-01 -9.837866e-01  0.000000e+00
   outer loop
     vertex -5.733023e-03 -5.702338e-02  0.000000e+00
     vertex -5.733023e-03 -5.702338e-02  1.000000e-03
     vertex -5.907928e-03 -5.699150e-02  1.000000e-03
   endloop
 endfacet
 facet normal -1.681163e-01 -9.857672e-01  0.000000e+00
   outer loop
     vertex -5.557455e-03 -5.705332e-02  0.000000e+00
     vertex -5.733023e-03 -5.702338e-02  1.000000e-03
     vertex -5.733023e-03 -5.702338e-02  0.000000e+00
   endloop
 endfacet
 facet normal -1.681163e-01 -9.857672e-01  0.000000e+00
   outer loop
     vertex -5.557455e-03 -5.705332e-02  0.000000e+00
     vertex -5.557455e-03 -5.705332e-02  1.000000e-03
     vertex -5.733023e-03 -5.702338e-02  1.000000e-03
   endloop
 endfacet
 facet normal -1.569083e-01 -9.876132e-01  0.000000e+00
   outer loop
     vertex -5.381255e-03 -5.708132e-02  0.000000e+00
     vertex -5.557455e-03 -5.705332e-02  1.000000e-03
     vertex -5.557455e-03 -5.705332e-02  0.000000e+00
   endloop
 endfacet
 facet normal -1.569083e-01 -9.876132e-01  0.000000e+00
   outer loop
     vertex -5.381255e-03 -5.708132e-02  0.000000e+00
     vertex -5.381255e-03 -5.708132e-02  1.000000e-03
     vertex -5.557455e-03 -5.705332e-02  1.000000e-03
   endloop
 endfacet
 facet normal -1.457036e-01 -9.893283e-01  0.000000e+00
   outer loop
     vertex -5.204450e-03 -5.710735e-02  0.000000e+00
     vertex -5.381255e-03 -5.708132e-02  1.000000e-03
     vertex -5.381255e-03 -5.708132e-02  0.000000e+00
   endloop
 endfacet
 facet normal -1.457036e-01 -9.893283e-01  0.000000e+00
   outer loop
     vertex -5.204450e-03 -5.710735e-02  0.000000e+00
     vertex -5.204450e-03 -5.710735e-02  1.000000e-03
     vertex -5.381255e-03 -5.708132e-02  1.000000e-03
   endloop
 endfacet
 facet normal -1.345214e-01 -9.909107e-01  0.000000e+00
   outer loop
     vertex -5.027072e-03 -5.713144e-02  0.000000e+00
     vertex -5.204450e-03 -5.710735e-02  1.000000e-03
     vertex -5.204450e-03 -5.710735e-02  0.000000e+00
   endloop
 endfacet
 facet normal -1.345214e-01 -9.909107e-01  0.000000e+00
   outer loop
     vertex -5.027072e-03 -5.713144e-02  0.000000e+00
     vertex -5.027072e-03 -5.713144e-02  1.000000e-03
     vertex -5.204450e-03 -5.710735e-02  1.000000e-03
   endloop
 endfacet
 facet normal -1.233530e-01 -9.923629e-01  0.000000e+00
   outer loop
     vertex -4.849151e-03 -5.715355e-02  0.000000e+00
     vertex -5.027072e-03 -5.713144e-02  1.000000e-03
     vertex -5.027072e-03 -5.713144e-02  0.000000e+00
   endloop
 endfacet
 facet normal -1.233530e-01 -9.923629e-01  0.000000e+00
   outer loop
     vertex -4.849151e-03 -5.715355e-02  0.000000e+00
     vertex -4.849151e-03 -5.715355e-02  1.000000e-03
     vertex -5.027072e-03 -5.713144e-02  1.000000e-03
   endloop
 endfacet
 facet normal -1.122039e-01 -9.936852e-01  0.000000e+00
   outer loop
     vertex -4.670719e-03 -5.717370e-02  0.000000e+00
     vertex -4.849151e-03 -5.715355e-02  1.000000e-03
     vertex -4.849151e-03 -5.715355e-02  0.000000e+00
   endloop
 endfacet
 facet normal -1.122039e-01 -9.936852e-01  0.000000e+00
   outer loop
     vertex -4.670719e-03 -5.717370e-02  0.000000e+00
     vertex -4.670719e-03 -5.717370e-02  1.000000e-03
     vertex -4.849151e-03 -5.715355e-02  1.000000e-03
   endloop
 endfacet
 facet normal -1.010733e-01 -9.948790e-01  0.000000e+00
   outer loop
     vertex -4.491810e-03 -5.719188e-02  0.000000e+00
     vertex -4.670719e-03 -5.717370e-02  1.000000e-03
     vertex -4.670719e-03 -5.717370e-02  0.000000e+00
   endloop
 endfacet
 facet normal -1.010733e-01 -9.948790e-01  0.000000e+00
   outer loop
     vertex -4.491810e-03 -5.719188e-02  0.000000e+00
     vertex -4.491810e-03 -5.719188e-02  1.000000e-03
     vertex -4.670719e-03 -5.717370e-02  1.000000e-03
   endloop
 endfacet
 facet normal -8.995745e-02 -9.959456e-01  0.000000e+00
   outer loop
     vertex -4.312455e-03 -5.720808e-02  0.000000e+00
     vertex -4.491810e-03 -5.719188e-02  1.000000e-03
     vertex -4.491810e-03 -5.719188e-02  0.000000e+00
   endloop
 endfacet
 facet normal -8.995745e-02 -9.959456e-01  0.000000e+00
   outer loop
     vertex -4.312455e-03 -5.720808e-02  0.000000e+00
     vertex -4.312455e-03 -5.720808e-02  1.000000e-03
     vertex -4.491810e-03 -5.719188e-02  1.000000e-03
   endloop
 endfacet
 facet normal -7.887391e-02 -9.968846e-01  0.000000e+00
   outer loop
     vertex -4.132691e-03 -5.722230e-02  0.000000e+00
     vertex -4.312455e-03 -5.720808e-02  1.000000e-03
     vertex -4.312455e-03 -5.720808e-02  0.000000e+00
   endloop
 endfacet
 facet normal -7.887391e-02 -9.968846e-01  0.000000e+00
   outer loop
     vertex -4.132691e-03 -5.722230e-02  0.000000e+00
     vertex -4.132691e-03 -5.722230e-02  1.000000e-03
     vertex -4.312455e-03 -5.720808e-02  1.000000e-03
   endloop
 endfacet
 facet normal -6.780776e-02 -9.976984e-01  0.000000e+00
   outer loop
     vertex -3.952552e-03 -5.723454e-02  0.000000e+00
     vertex -4.132691e-03 -5.722230e-02  1.000000e-03
     vertex -4.132691e-03 -5.722230e-02  0.000000e+00
   endloop
 endfacet
 facet normal -6.780776e-02 -9.976984e-01  0.000000e+00
   outer loop
     vertex -3.952552e-03 -5.723454e-02  0.000000e+00
     vertex -3.952552e-03 -5.723454e-02  1.000000e-03
     vertex -4.132691e-03 -5.722230e-02  1.000000e-03
   endloop
 endfacet
 facet normal -5.676322e-02 -9.983877e-01  0.000000e+00
   outer loop
     vertex -3.772075e-03 -5.724480e-02  0.000000e+00
     vertex -3.952552e-03 -5.723454e-02  1.000000e-03
     vertex -3.952552e-03 -5.723454e-02  0.000000e+00
   endloop
 endfacet
 facet normal -5.676322e-02 -9.983877e-01  0.000000e+00
   outer loop
     vertex -3.772075e-03 -5.724480e-02  0.000000e+00
     vertex -3.772075e-03 -5.724480e-02  1.000000e-03
     vertex -3.952552e-03 -5.723454e-02  1.000000e-03
   endloop
 endfacet
 facet normal -4.574279e-02 -9.989533e-01  0.000000e+00
   outer loop
     vertex -3.591296e-03 -5.725308e-02  0.000000e+00
     vertex -3.772075e-03 -5.724480e-02  1.000000e-03
     vertex -3.772075e-03 -5.724480e-02  0.000000e+00
   endloop
 endfacet
 facet normal -4.574279e-02 -9.989533e-01  0.000000e+00
   outer loop
     vertex -3.591296e-03 -5.725308e-02  0.000000e+00
     vertex -3.591296e-03 -5.725308e-02  1.000000e-03
     vertex -3.772075e-03 -5.724480e-02  1.000000e-03
   endloop
 endfacet
 facet normal -3.474442e-02 -9.993962e-01  0.000000e+00
   outer loop
     vertex -3.410254e-03 -5.725937e-02  0.000000e+00
     vertex -3.591296e-03 -5.725308e-02  1.000000e-03
     vertex -3.591296e-03 -5.725308e-02  0.000000e+00
   endloop
 endfacet
 facet normal -3.474442e-02 -9.993962e-01  0.000000e+00
   outer loop
     vertex -3.410254e-03 -5.725937e-02  0.000000e+00
     vertex -3.410254e-03 -5.725937e-02  1.000000e-03
     vertex -3.591296e-03 -5.725308e-02  1.000000e-03
   endloop
 endfacet
 facet normal -2.377023e-02 -9.997174e-01  0.000000e+00
   outer loop
     vertex -3.228986e-03 -5.726368e-02  0.000000e+00
     vertex -3.410254e-03 -5.725937e-02  1.000000e-03
     vertex -3.410254e-03 -5.725937e-02  0.000000e+00
   endloop
 endfacet
 facet normal -2.377023e-02 -9.997174e-01  0.000000e+00
   outer loop
     vertex -3.228986e-03 -5.726368e-02  0.000000e+00
     vertex -3.228986e-03 -5.726368e-02  1.000000e-03
     vertex -3.410254e-03 -5.725937e-02  1.000000e-03
   endloop
 endfacet
 facet normal -1.282320e-02 -9.999178e-01  0.000000e+00
   outer loop
     vertex -3.047533e-03 -5.726601e-02  0.000000e+00
     vertex -3.228986e-03 -5.726368e-02  1.000000e-03
     vertex -3.228986e-03 -5.726368e-02  0.000000e+00
   endloop
 endfacet
 facet normal -1.282320e-02 -9.999178e-01  0.000000e+00
   outer loop
     vertex -3.047533e-03 -5.726601e-02  0.000000e+00
     vertex -3.047533e-03 -5.726601e-02  1.000000e-03
     vertex -3.228986e-03 -5.726368e-02  1.000000e-03
   endloop
 endfacet
 facet normal -1.894280e-03 -9.999982e-01  0.000000e+00
   outer loop
     vertex -2.865934e-03 -5.726635e-02  0.000000e+00
     vertex -3.047533e-03 -5.726601e-02  1.000000e-03
     vertex -3.047533e-03 -5.726601e-02  0.000000e+00
   endloop
 endfacet
 facet normal -1.894280e-03 -9.999982e-01  0.000000e+00
   outer loop
     vertex -2.865934e-03 -5.726635e-02  0.000000e+00
     vertex -2.865934e-03 -5.726635e-02  1.000000e-03
     vertex -3.047533e-03 -5.726601e-02  1.000000e-03
   endloop
 endfacet
 facet normal  9.014245e-03 -9.999594e-01  0.000000e+00
   outer loop
     vertex -2.684229e-03 -5.726472e-02  0.000000e+00
     vertex -2.865934e-03 -5.726635e-02  1.000000e-03
     vertex -2.865934e-03 -5.726635e-02  0.000000e+00
   endloop
 endfacet
 facet normal  9.014245e-03 -9.999594e-01  0.000000e+00
   outer loop
     vertex -2.684229e-03 -5.726472e-02  0.000000e+00
     vertex -2.684229e-03 -5.726472e-02  1.000000e-03
     vertex -2.865934e-03 -5.726635e-02  1.000000e-03
   endloop
 endfacet
 facet normal  1.990594e-02 -9.998019e-01  0.000000e+00
   outer loop
     vertex -2.502460e-03 -5.726110e-02  0.000000e+00
     vertex -2.684229e-03 -5.726472e-02  1.000000e-03
     vertex -2.684229e-03 -5.726472e-02  0.000000e+00
   endloop
 endfacet
 facet normal  1.990594e-02 -9.998019e-01  0.000000e+00
   outer loop
     vertex -2.502460e-03 -5.726110e-02  0.000000e+00
     vertex -2.502460e-03 -5.726110e-02  1.000000e-03
     vertex -2.684229e-03 -5.726472e-02  1.000000e-03
   endloop
 endfacet
 facet normal  3.077301e-02 -9.995264e-01  0.000000e+00
   outer loop
     vertex -2.320666e-03 -5.725550e-02  0.000000e+00
     vertex -2.502460e-03 -5.726110e-02  1.000000e-03
     vertex -2.502460e-03 -5.726110e-02  0.000000e+00
   endloop
 endfacet
 facet normal  3.077301e-02 -9.995264e-01  0.000000e+00
   outer loop
     vertex -2.320666e-03 -5.725550e-02  0.000000e+00
     vertex -2.320666e-03 -5.725550e-02  1.000000e-03
     vertex -2.502460e-03 -5.726110e-02  1.000000e-03
   endloop
 endfacet
 facet normal  4.162551e-02 -9.991333e-01  0.000000e+00
   outer loop
     vertex -2.138892e-03 -5.724793e-02  0.000000e+00
     vertex -2.320666e-03 -5.725550e-02  1.000000e-03
     vertex -2.320666e-03 -5.725550e-02  0.000000e+00
   endloop
 endfacet
 facet normal  4.162551e-02 -9.991333e-01  0.000000e+00
   outer loop
     vertex -2.138892e-03 -5.724793e-02  0.000000e+00
     vertex -2.138892e-03 -5.724793e-02  1.000000e-03
     vertex -2.320666e-03 -5.725550e-02  1.000000e-03
   endloop
 endfacet
 facet normal  5.246076e-02 -9.986230e-01  0.000000e+00
   outer loop
     vertex -1.957178e-03 -5.723838e-02  0.000000e+00
     vertex -2.138892e-03 -5.724793e-02  1.000000e-03
     vertex -2.138892e-03 -5.724793e-02  0.000000e+00
   endloop
 endfacet
 facet normal  5.246076e-02 -9.986230e-01  0.000000e+00
   outer loop
     vertex -1.957178e-03 -5.723838e-02  0.000000e+00
     vertex -1.957178e-03 -5.723838e-02  1.000000e-03
     vertex -2.138892e-03 -5.724793e-02  1.000000e-03
   endloop
 endfacet
 facet normal  6.328316e-02 -9.979956e-01  0.000000e+00
   outer loop
     vertex -1.775567e-03 -5.722687e-02  0.000000e+00
     vertex -1.957178e-03 -5.723838e-02  1.000000e-03
     vertex -1.957178e-03 -5.723838e-02  0.000000e+00
   endloop
 endfacet
 facet normal  6.328316e-02 -9.979956e-01  0.000000e+00
   outer loop
     vertex -1.775567e-03 -5.722687e-02  0.000000e+00
     vertex -1.775567e-03 -5.722687e-02  1.000000e-03
     vertex -1.957178e-03 -5.723838e-02  1.000000e-03
   endloop
 endfacet
 facet normal  7.409112e-02 -9.972515e-01  0.000000e+00
   outer loop
     vertex -1.594102e-03 -5.721338e-02  0.000000e+00
     vertex -1.775567e-03 -5.722687e-02  1.000000e-03
     vertex -1.775567e-03 -5.722687e-02  0.000000e+00
   endloop
 endfacet
 facet normal  7.409112e-02 -9.972515e-01  0.000000e+00
   outer loop
     vertex -1.594102e-03 -5.721338e-02  0.000000e+00
     vertex -1.594102e-03 -5.721338e-02  1.000000e-03
     vertex -1.775567e-03 -5.722687e-02  1.000000e-03
   endloop
 endfacet
 facet normal  8.489353e-02 -9.963900e-01  0.000000e+00
   outer loop
     vertex -1.412825e-03 -5.719794e-02  0.000000e+00
     vertex -1.594102e-03 -5.721338e-02  1.000000e-03
     vertex -1.594102e-03 -5.721338e-02  0.000000e+00
   endloop
 endfacet
 facet normal  8.489353e-02 -9.963900e-01  0.000000e+00
   outer loop
     vertex -1.412825e-03 -5.719794e-02  0.000000e+00
     vertex -1.412825e-03 -5.719794e-02  1.000000e-03
     vertex -1.594102e-03 -5.721338e-02  1.000000e-03
   endloop
 endfacet
 facet normal  9.568527e-02 -9.954116e-01  0.000000e+00
   outer loop
     vertex -1.231782e-03 -5.718054e-02  0.000000e+00
     vertex -1.412825e-03 -5.719794e-02  1.000000e-03
     vertex -1.412825e-03 -5.719794e-02  0.000000e+00
   endloop
 endfacet
 facet normal  9.568527e-02 -9.954116e-01  0.000000e+00
   outer loop
     vertex -1.231782e-03 -5.718054e-02  0.000000e+00
     vertex -1.231782e-03 -5.718054e-02  1.000000e-03
     vertex -1.412825e-03 -5.719794e-02  1.000000e-03
   endloop
 endfacet
 facet normal  1.064679e-01 -9.943161e-01  0.000000e+00
   outer loop
     vertex -1.051014e-03 -5.716118e-02  0.000000e+00
     vertex -1.231782e-03 -5.718054e-02  1.000000e-03
     vertex -1.231782e-03 -5.718054e-02  0.000000e+00
   endloop
 endfacet
 facet normal  1.064679e-01 -9.943161e-01  0.000000e+00
   outer loop
     vertex -1.051014e-03 -5.716118e-02  0.000000e+00
     vertex -1.051014e-03 -5.716118e-02  1.000000e-03
     vertex -1.231782e-03 -5.718054e-02  1.000000e-03
   endloop
 endfacet
 facet normal  1.172468e-01 -9.931028e-01  0.000000e+00
   outer loop
     vertex -8.705650e-04 -5.713988e-02  0.000000e+00
     vertex -1.051014e-03 -5.716118e-02  1.000000e-03
     vertex -1.051014e-03 -5.716118e-02  0.000000e+00
   endloop
 endfacet
 facet normal  1.172468e-01 -9.931028e-01  0.000000e+00
   outer loop
     vertex -8.705650e-04 -5.713988e-02  0.000000e+00
     vertex -8.705650e-04 -5.713988e-02  1.000000e-03
     vertex -1.051014e-03 -5.716118e-02  1.000000e-03
   endloop
 endfacet
 facet normal  1.280260e-01 -9.917708e-01  0.000000e+00
   outer loop
     vertex -6.904790e-04 -5.711663e-02  0.000000e+00
     vertex -8.705650e-04 -5.713988e-02  1.000000e-03
     vertex -8.705650e-04 -5.713988e-02  0.000000e+00
   endloop
 endfacet
 facet normal  1.280260e-01 -9.917708e-01  0.000000e+00
   outer loop
     vertex -6.904790e-04 -5.711663e-02  0.000000e+00
     vertex -6.904790e-04 -5.711663e-02  1.000000e-03
     vertex -8.705650e-04 -5.713988e-02  1.000000e-03
   endloop
 endfacet
 facet normal  1.388035e-01 -9.903199e-01  0.000000e+00
   outer loop
     vertex -5.107990e-04 -5.709145e-02  0.000000e+00
     vertex -6.904790e-04 -5.711663e-02  1.000000e-03
     vertex -6.904790e-04 -5.711663e-02  0.000000e+00
   endloop
 endfacet
 facet normal  1.388035e-01 -9.903199e-01  0.000000e+00
   outer loop
     vertex -5.107990e-04 -5.709145e-02  0.000000e+00
     vertex -5.107990e-04 -5.709145e-02  1.000000e-03
     vertex -6.904790e-04 -5.711663e-02  1.000000e-03
   endloop
 endfacet
 facet normal  1.495785e-01 -9.887498e-01  0.000000e+00
   outer loop
     vertex -3.315690e-04 -5.706433e-02  0.000000e+00
     vertex -5.107990e-04 -5.709145e-02  1.000000e-03
     vertex -5.107990e-04 -5.709145e-02  0.000000e+00
   endloop
 endfacet
 facet normal  1.495785e-01 -9.887498e-01  0.000000e+00
   outer loop
     vertex -3.315690e-04 -5.706433e-02  0.000000e+00
     vertex -3.315690e-04 -5.706433e-02  1.000000e-03
     vertex -5.107990e-04 -5.709145e-02  1.000000e-03
   endloop
 endfacet
 facet normal  1.603713e-01 -9.870568e-01  0.000000e+00
   outer loop
     vertex -1.528330e-04 -5.703529e-02  0.000000e+00
     vertex -3.315690e-04 -5.706433e-02  1.000000e-03
     vertex -3.315690e-04 -5.706433e-02  0.000000e+00
   endloop
 endfacet
 facet normal  1.603713e-01 -9.870568e-01  0.000000e+00
   outer loop
     vertex -1.528330e-04 -5.703529e-02  0.000000e+00
     vertex -1.528330e-04 -5.703529e-02  1.000000e-03
     vertex -3.315690e-04 -5.706433e-02  1.000000e-03
   endloop
 endfacet
 facet normal  1.711580e-01 -9.852436e-01  0.000000e+00
   outer loop
     vertex  2.536600e-05 -5.700433e-02  0.000000e+00
     vertex -1.528330e-04 -5.703529e-02  1.000000e-03
     vertex -1.528330e-04 -5.703529e-02  0.000000e+00
   endloop
 endfacet
 facet normal  1.711580e-01 -9.852436e-01  0.000000e+00
   outer loop
     vertex  2.536600e-05 -5.700433e-02  0.000000e+00
     vertex  2.536600e-05 -5.700433e-02  1.000000e-03
     vertex -1.528330e-04 -5.703529e-02  1.000000e-03
   endloop
 endfacet
 facet normal  1.819576e-01 -9.833064e-01  0.000000e+00
   outer loop
     vertex  2.029860e-04 -5.697147e-02  0.000000e+00
     vertex  2.536600e-05 -5.700433e-02  1.000000e-03
     vertex  2.536600e-05 -5.700433e-02  0.000000e+00
   endloop
 endfacet
 facet normal  1.819576e-01 -9.833064e-01  0.000000e+00
   outer loop
     vertex  2.029860e-04 -5.697147e-02  0.000000e+00
     vertex  2.029860e-04 -5.697147e-02  1.000000e-03
     vertex  2.536600e-05 -5.700433e-02  1.000000e-03
   endloop
 endfacet
 facet normal  1.927716e-01 -9.812437e-01  0.000000e+00
   outer loop
     vertex  3.799820e-04 -5.693669e-02  0.000000e+00
     vertex  2.029860e-04 -5.697147e-02  1.000000e-03
     vertex  2.029860e-04 -5.697147e-02  0.000000e+00
   endloop
 endfacet
 facet normal  1.927716e-01 -9.812437e-01  0.000000e+00
   outer loop
     vertex  3.799820e-04 -5.693669e-02  0.000000e+00
     vertex  3.799820e-04 -5.693669e-02  1.000000e-03
     vertex  2.029860e-04 -5.697147e-02  1.000000e-03
   endloop
 endfacet
 facet normal  2.035944e-01 -9.790553e-01  0.000000e+00
   outer loop
     vertex  5.563130e-04 -5.690003e-02  0.000000e+00
     vertex  3.799820e-04 -5.693669e-02  1.000000e-03
     vertex  3.799820e-04 -5.693669e-02  0.000000e+00
   endloop
 endfacet
 facet normal  2.035944e-01 -9.790553e-01  0.000000e+00
   outer loop
     vertex  5.563130e-04 -5.690003e-02  0.000000e+00
     vertex  5.563130e-04 -5.690003e-02  1.000000e-03
     vertex  3.799820e-04 -5.693669e-02  1.000000e-03
   endloop
 endfacet
 facet normal  2.144276e-01 -9.767399e-01  0.000000e+00
   outer loop
     vertex  7.319350e-04 -5.686147e-02  0.000000e+00
     vertex  5.563130e-04 -5.690003e-02  1.000000e-03
     vertex  5.563130e-04 -5.690003e-02  0.000000e+00
   endloop
 endfacet
 facet normal  2.144276e-01 -9.767399e-01  0.000000e+00
   outer loop
     vertex  7.319350e-04 -5.686147e-02  0.000000e+00
     vertex  7.319350e-04 -5.686147e-02  1.000000e-03
     vertex  5.563130e-04 -5.690003e-02  1.000000e-03
   endloop
 endfacet
 facet normal  2.252875e-01 -9.742923e-01  0.000000e+00
   outer loop
     vertex  9.068070e-04 -5.682104e-02  0.000000e+00
     vertex  7.319350e-04 -5.686147e-02  1.000000e-03
     vertex  7.319350e-04 -5.686147e-02  0.000000e+00
   endloop
 endfacet
 facet normal  2.252875e-01 -9.742923e-01  0.000000e+00
   outer loop
     vertex  9.068070e-04 -5.682104e-02  0.000000e+00
     vertex  9.068070e-04 -5.682104e-02  1.000000e-03
     vertex  7.319350e-04 -5.686147e-02  1.000000e-03
   endloop
 endfacet
 facet normal  2.361617e-01 -9.717138e-01  0.000000e+00
   outer loop
     vertex  1.080888e-03 -5.677873e-02  0.000000e+00
     vertex  9.068070e-04 -5.682104e-02  1.000000e-03
     vertex  9.068070e-04 -5.682104e-02  0.000000e+00
   endloop
 endfacet
 facet normal  2.361617e-01 -9.717138e-01  0.000000e+00
   outer loop
     vertex  1.080888e-03 -5.677873e-02  0.000000e+00
     vertex  1.080888e-03 -5.677873e-02  1.000000e-03
     vertex  9.068070e-04 -5.682104e-02  1.000000e-03
   endloop
 endfacet
 facet normal  2.470496e-01 -9.690028e-01  0.000000e+00
   outer loop
     vertex  1.254136e-03 -5.673456e-02  0.000000e+00
     vertex  1.080888e-03 -5.677873e-02  1.000000e-03
     vertex  1.080888e-03 -5.677873e-02  0.000000e+00
   endloop
 endfacet
 facet normal  2.470496e-01 -9.690028e-01  0.000000e+00
   outer loop
     vertex  1.254136e-03 -5.673456e-02  0.000000e+00
     vertex  1.254136e-03 -5.673456e-02  1.000000e-03
     vertex  1.080888e-03 -5.677873e-02  1.000000e-03
   endloop
 endfacet
 facet normal  2.579693e-01 -9.661531e-01  0.000000e+00
   outer loop
     vertex  1.426510e-03 -5.668853e-02  0.000000e+00
     vertex  1.254136e-03 -5.673456e-02  1.000000e-03
     vertex  1.254136e-03 -5.673456e-02  0.000000e+00
   endloop
 endfacet
 facet normal  2.579693e-01 -9.661531e-01  0.000000e+00
   outer loop
     vertex  1.426510e-03 -5.668853e-02  0.000000e+00
     vertex  1.426510e-03 -5.668853e-02  1.000000e-03
     vertex  1.254136e-03 -5.673456e-02  1.000000e-03
   endloop
 endfacet
 facet normal  2.689054e-01 -9.631666e-01  0.000000e+00
   outer loop
     vertex  1.597971e-03 -5.664066e-02  0.000000e+00
     vertex  1.426510e-03 -5.668853e-02  1.000000e-03
     vertex  1.426510e-03 -5.668853e-02  0.000000e+00
   endloop
 endfacet
 facet normal  2.689054e-01 -9.631666e-01  0.000000e+00
   outer loop
     vertex  1.597971e-03 -5.664066e-02  0.000000e+00
     vertex  1.597971e-03 -5.664066e-02  1.000000e-03
     vertex  1.426510e-03 -5.668853e-02  1.000000e-03
   endloop
 endfacet
 facet normal  2.798692e-01 -9.600381e-01  0.000000e+00
   outer loop
     vertex  1.768478e-03 -5.659096e-02  0.000000e+00
     vertex  1.597971e-03 -5.664066e-02  1.000000e-03
     vertex  1.597971e-03 -5.664066e-02  0.000000e+00
   endloop
 endfacet
 facet normal  2.798692e-01 -9.600381e-01  0.000000e+00
   outer loop
     vertex  1.768478e-03 -5.659096e-02  0.000000e+00
     vertex  1.768478e-03 -5.659096e-02  1.000000e-03
     vertex  1.597971e-03 -5.664066e-02  1.000000e-03
   endloop
 endfacet
 facet normal  2.908593e-01 -9.567658e-01  0.000000e+00
   outer loop
     vertex  1.937993e-03 -5.653942e-02  0.000000e+00
     vertex  1.768478e-03 -5.659096e-02  1.000000e-03
     vertex  1.768478e-03 -5.659096e-02  0.000000e+00
   endloop
 endfacet
 facet normal  2.908593e-01 -9.567658e-01  0.000000e+00
   outer loop
     vertex  1.937993e-03 -5.653942e-02  0.000000e+00
     vertex  1.937993e-03 -5.653942e-02  1.000000e-03
     vertex  1.768478e-03 -5.659096e-02  1.000000e-03
   endloop
 endfacet
 facet normal  3.018681e-01 -9.533497e-01  0.000000e+00
   outer loop
     vertex  2.106478e-03 -5.648607e-02  0.000000e+00
     vertex  1.937993e-03 -5.653942e-02  1.000000e-03
     vertex  1.937993e-03 -5.653942e-02  0.000000e+00
   endloop
 endfacet
 facet normal  3.018681e-01 -9.533497e-01  0.000000e+00
   outer loop
     vertex  2.106478e-03 -5.648607e-02  0.000000e+00
     vertex  2.106478e-03 -5.648607e-02  1.000000e-03
     vertex  1.937993e-03 -5.653942e-02  1.000000e-03
   endloop
 endfacet
 facet normal  3.129104e-01 -9.497826e-01  0.000000e+00
   outer loop
     vertex  2.273894e-03 -5.643092e-02  0.000000e+00
     vertex  2.106478e-03 -5.648607e-02  1.000000e-03
     vertex  2.106478e-03 -5.648607e-02  0.000000e+00
   endloop
 endfacet
 facet normal  3.129104e-01 -9.497826e-01  0.000000e+00
   outer loop
     vertex  2.273894e-03 -5.643092e-02  0.000000e+00
     vertex  2.273894e-03 -5.643092e-02  1.000000e-03
     vertex  2.106478e-03 -5.648607e-02  1.000000e-03
   endloop
 endfacet
 facet normal  3.239751e-01 -9.460656e-01  0.000000e+00
   outer loop
     vertex  2.440207e-03 -5.637396e-02  0.000000e+00
     vertex  2.273894e-03 -5.643092e-02  1.000000e-03
     vertex  2.273894e-03 -5.643092e-02  0.000000e+00
   endloop
 endfacet
 facet normal  3.239751e-01 -9.460656e-01  0.000000e+00
   outer loop
     vertex  2.440207e-03 -5.637396e-02  0.000000e+00
     vertex  2.440207e-03 -5.637396e-02  1.000000e-03
     vertex  2.273894e-03 -5.643092e-02  1.000000e-03
   endloop
 endfacet
 facet normal  3.350663e-01 -9.421946e-01  0.000000e+00
   outer loop
     vertex  2.605379e-03 -5.631523e-02  0.000000e+00
     vertex  2.440207e-03 -5.637396e-02  1.000000e-03
     vertex  2.440207e-03 -5.637396e-02  0.000000e+00
   endloop
 endfacet
 facet normal  3.350663e-01 -9.421946e-01  0.000000e+00
   outer loop
     vertex  2.605379e-03 -5.631523e-02  0.000000e+00
     vertex  2.605379e-03 -5.631523e-02  1.000000e-03
     vertex  2.440207e-03 -5.637396e-02  1.000000e-03
   endloop
 endfacet
 facet normal  3.461910e-01 -9.381641e-01  0.000000e+00
   outer loop
     vertex  2.769375e-03 -5.625471e-02  0.000000e+00
     vertex  2.605379e-03 -5.631523e-02  1.000000e-03
     vertex  2.605379e-03 -5.631523e-02  0.000000e+00
   endloop
 endfacet
 facet normal  3.461910e-01 -9.381641e-01  0.000000e+00
   outer loop
     vertex  2.769375e-03 -5.625471e-02  0.000000e+00
     vertex  2.769375e-03 -5.625471e-02  1.000000e-03
     vertex  2.605379e-03 -5.631523e-02  1.000000e-03
   endloop
 endfacet
 facet normal  3.573372e-01 -9.339754e-01  0.000000e+00
   outer loop
     vertex  2.932162e-03 -5.619243e-02  0.000000e+00
     vertex  2.769375e-03 -5.625471e-02  1.000000e-03
     vertex  2.769375e-03 -5.625471e-02  0.000000e+00
   endloop
 endfacet
 facet normal  3.573372e-01 -9.339754e-01  0.000000e+00
   outer loop
     vertex  2.932162e-03 -5.619243e-02  0.000000e+00
     vertex  2.932162e-03 -5.619243e-02  1.000000e-03
     vertex  2.769375e-03 -5.625471e-02  1.000000e-03
   endloop
 endfacet
 facet normal  3.685066e-01 -9.296251e-01  0.000000e+00
   outer loop
     vertex  3.093707e-03 -5.612839e-02  0.000000e+00
     vertex  2.932162e-03 -5.619243e-02  1.000000e-03
     vertex  2.932162e-03 -5.619243e-02  0.000000e+00
   endloop
 endfacet
 facet normal  3.685066e-01 -9.296251e-01  0.000000e+00
   outer loop
     vertex  3.093707e-03 -5.612839e-02  0.000000e+00
     vertex  3.093707e-03 -5.612839e-02  1.000000e-03
     vertex  2.932162e-03 -5.619243e-02  1.000000e-03
   endloop
 endfacet
 facet normal  3.797006e-01 -9.251094e-01  0.000000e+00
   outer loop
     vertex  3.253977e-03 -5.606261e-02  0.000000e+00
     vertex  3.093707e-03 -5.612839e-02  1.000000e-03
     vertex  3.093707e-03 -5.612839e-02  0.000000e+00
   endloop
 endfacet
 facet normal  3.797006e-01 -9.251094e-01  0.000000e+00
   outer loop
     vertex  3.253977e-03 -5.606261e-02  0.000000e+00
     vertex  3.253977e-03 -5.606261e-02  1.000000e-03
     vertex  3.093707e-03 -5.612839e-02  1.000000e-03
   endloop
 endfacet
 facet normal  3.909165e-01 -9.204261e-01  0.000000e+00
   outer loop
     vertex  3.412941e-03 -5.599510e-02  0.000000e+00
     vertex  3.253977e-03 -5.606261e-02  1.000000e-03
     vertex  3.253977e-03 -5.606261e-02  0.000000e+00
   endloop
 endfacet
 facet normal  3.909165e-01 -9.204261e-01  0.000000e+00
   outer loop
     vertex  3.412941e-03 -5.599510e-02  0.000000e+00
     vertex  3.412941e-03 -5.599510e-02  1.000000e-03
     vertex  3.253977e-03 -5.606261e-02  1.000000e-03
   endloop
 endfacet
 facet normal  4.021579e-01 -9.155703e-01  0.000000e+00
   outer loop
     vertex  3.570569e-03 -5.592586e-02  0.000000e+00
     vertex  3.412941e-03 -5.599510e-02  1.000000e-03
     vertex  3.412941e-03 -5.599510e-02  0.000000e+00
   endloop
 endfacet
 facet normal  4.021579e-01 -9.155703e-01  0.000000e+00
   outer loop
     vertex  3.570569e-03 -5.592586e-02  0.000000e+00
     vertex  3.570569e-03 -5.592586e-02  1.000000e-03
     vertex  3.412941e-03 -5.599510e-02  1.000000e-03
   endloop
 endfacet
 facet normal  4.134113e-01 -9.105444e-01  0.000000e+00
   outer loop
     vertex  3.726833e-03 -5.585491e-02  0.000000e+00
     vertex  3.570569e-03 -5.592586e-02  1.000000e-03
     vertex  3.570569e-03 -5.592586e-02  0.000000e+00
   endloop
 endfacet
 facet normal  4.134113e-01 -9.105444e-01  0.000000e+00
   outer loop
     vertex  3.726833e-03 -5.585491e-02  0.000000e+00
     vertex  3.726833e-03 -5.585491e-02  1.000000e-03
     vertex  3.570569e-03 -5.592586e-02  1.000000e-03
   endloop
 endfacet
 facet normal  4.246819e-01 -9.053426e-01  0.000000e+00
   outer loop
     vertex  3.881705e-03 -5.578226e-02  0.000000e+00
     vertex  3.726833e-03 -5.585491e-02  1.000000e-03
     vertex  3.726833e-03 -5.585491e-02  0.000000e+00
   endloop
 endfacet
 facet normal  4.246819e-01 -9.053426e-01  0.000000e+00
   outer loop
     vertex  3.881705e-03 -5.578226e-02  0.000000e+00
     vertex  3.881705e-03 -5.578226e-02  1.000000e-03
     vertex  3.726833e-03 -5.585491e-02  1.000000e-03
   endloop
 endfacet
 facet normal  4.359604e-01 -8.999659e-01  0.000000e+00
   outer loop
     vertex  4.035159e-03 -5.570793e-02  0.000000e+00
     vertex  3.881705e-03 -5.578226e-02  1.000000e-03
     vertex  3.881705e-03 -5.578226e-02  0.000000e+00
   endloop
 endfacet
 facet normal  4.359604e-01 -8.999659e-01  0.000000e+00
   outer loop
     vertex  4.035159e-03 -5.570793e-02  0.000000e+00
     vertex  4.035159e-03 -5.570793e-02  1.000000e-03
     vertex  3.881705e-03 -5.578226e-02  1.000000e-03
   endloop
 endfacet
 facet normal  4.472560e-01 -8.944060e-01  0.000000e+00
   outer loop
     vertex  4.187169e-03 -5.563191e-02  0.000000e+00
     vertex  4.035159e-03 -5.570793e-02  1.000000e-03
     vertex  4.035159e-03 -5.570793e-02  0.000000e+00
   endloop
 endfacet
 facet normal  4.472560e-01 -8.944060e-01  0.000000e+00
   outer loop
     vertex  4.187169e-03 -5.563191e-02  0.000000e+00
     vertex  4.187169e-03 -5.563191e-02  1.000000e-03
     vertex  4.035159e-03 -5.570793e-02  1.000000e-03
   endloop
 endfacet
 facet normal  4.585515e-01 -8.886678e-01  0.000000e+00
   outer loop
     vertex  4.337712e-03 -5.555423e-02  0.000000e+00
     vertex  4.187169e-03 -5.563191e-02  1.000000e-03
     vertex  4.187169e-03 -5.563191e-02  0.000000e+00
   endloop
 endfacet
 facet normal  4.585515e-01 -8.886678e-01  0.000000e+00
   outer loop
     vertex  4.337712e-03 -5.555423e-02  0.000000e+00
     vertex  4.337712e-03 -5.555423e-02  1.000000e-03
     vertex  4.187169e-03 -5.563191e-02  1.000000e-03
   endloop
 endfacet
 facet normal  4.698436e-01 -8.827497e-01  0.000000e+00
   outer loop
     vertex  4.486766e-03 -5.547490e-02  0.000000e+00
     vertex  4.337712e-03 -5.555423e-02  1.000000e-03
     vertex  4.337712e-03 -5.555423e-02  0.000000e+00
   endloop
 endfacet
 facet normal  4.698436e-01 -8.827497e-01  0.000000e+00
   outer loop
     vertex  4.486766e-03 -5.547490e-02  0.000000e+00
     vertex  4.486766e-03 -5.547490e-02  1.000000e-03
     vertex  4.337712e-03 -5.555423e-02  1.000000e-03
   endloop
 endfacet
 facet normal  4.811310e-01 -8.766487e-01  0.000000e+00
   outer loop
     vertex  4.634309e-03 -5.539392e-02  0.000000e+00
     vertex  4.486766e-03 -5.547490e-02  1.000000e-03
     vertex  4.486766e-03 -5.547490e-02  0.000000e+00
   endloop
 endfacet
 facet normal  4.811310e-01 -8.766487e-01  0.000000e+00
   outer loop
     vertex  4.634309e-03 -5.539392e-02  0.000000e+00
     vertex  4.634309e-03 -5.539392e-02  1.000000e-03
     vertex  4.486766e-03 -5.547490e-02  1.000000e-03
   endloop
 endfacet
 facet normal  4.924137e-01 -8.703613e-01  0.000000e+00
   outer loop
     vertex  4.780322e-03 -5.531131e-02  0.000000e+00
     vertex  4.634309e-03 -5.539392e-02  1.000000e-03
     vertex  4.634309e-03 -5.539392e-02  0.000000e+00
   endloop
 endfacet
 facet normal  4.924137e-01 -8.703613e-01  0.000000e+00
   outer loop
     vertex  4.780322e-03 -5.531131e-02  0.000000e+00
     vertex  4.780322e-03 -5.531131e-02  1.000000e-03
     vertex  4.634309e-03 -5.539392e-02  1.000000e-03
   endloop
 endfacet
 facet normal  5.036710e-01 -8.638956e-01  0.000000e+00
   outer loop
     vertex  4.924788e-03 -5.522709e-02  0.000000e+00
     vertex  4.780322e-03 -5.531131e-02  1.000000e-03
     vertex  4.780322e-03 -5.531131e-02  0.000000e+00
   endloop
 endfacet
 facet normal  5.036710e-01 -8.638956e-01  0.000000e+00
   outer loop
     vertex  4.924788e-03 -5.522709e-02  0.000000e+00
     vertex  4.924788e-03 -5.522709e-02  1.000000e-03
     vertex  4.780322e-03 -5.531131e-02  1.000000e-03
   endloop
 endfacet
 facet normal  5.149121e-01 -8.572430e-01  0.000000e+00
   outer loop
     vertex  5.067689e-03 -5.514125e-02  0.000000e+00
     vertex  4.924788e-03 -5.522709e-02  1.000000e-03
     vertex  4.924788e-03 -5.522709e-02  0.000000e+00
   endloop
 endfacet
 facet normal  5.149121e-01 -8.572430e-01  0.000000e+00
   outer loop
     vertex  5.067689e-03 -5.514125e-02  0.000000e+00
     vertex  5.067689e-03 -5.514125e-02  1.000000e-03
     vertex  4.924788e-03 -5.522709e-02  1.000000e-03
   endloop
 endfacet
 facet normal  5.261168e-01 -8.504123e-01  0.000000e+00
   outer loop
     vertex  5.209012e-03 -5.505382e-02  0.000000e+00
     vertex  5.067689e-03 -5.514125e-02  1.000000e-03
     vertex  5.067689e-03 -5.514125e-02  0.000000e+00
   endloop
 endfacet
 facet normal  5.261168e-01 -8.504123e-01  0.000000e+00
   outer loop
     vertex  5.209012e-03 -5.505382e-02  0.000000e+00
     vertex  5.209012e-03 -5.505382e-02  1.000000e-03
     vertex  5.067689e-03 -5.514125e-02  1.000000e-03
   endloop
 endfacet
 facet normal  5.372890e-01 -8.433982e-01  0.000000e+00
   outer loop
     vertex  5.348743e-03 -5.496481e-02  0.000000e+00
     vertex  5.209012e-03 -5.505382e-02  1.000000e-03
     vertex  5.209012e-03 -5.505382e-02  0.000000e+00
   endloop
 endfacet
 facet normal  5.372890e-01 -8.433982e-01  0.000000e+00
   outer loop
     vertex  5.348743e-03 -5.496481e-02  0.000000e+00
     vertex  5.348743e-03 -5.496481e-02  1.000000e-03
     vertex  5.209012e-03 -5.505382e-02  1.000000e-03
   endloop
 endfacet
 facet normal  5.484089e-01 -8.362103e-01  0.000000e+00
   outer loop
     vertex  5.486871e-03 -5.487422e-02  0.000000e+00
     vertex  5.348743e-03 -5.496481e-02  1.000000e-03
     vertex  5.348743e-03 -5.496481e-02  0.000000e+00
   endloop
 endfacet
 facet normal  5.484089e-01 -8.362103e-01  0.000000e+00
   outer loop
     vertex  5.486871e-03 -5.487422e-02  0.000000e+00
     vertex  5.486871e-03 -5.487422e-02  1.000000e-03
     vertex  5.348743e-03 -5.496481e-02  1.000000e-03
   endloop
 endfacet
 facet normal  5.594799e-01 -8.288439e-01  0.000000e+00
   outer loop
     vertex  5.623387e-03 -5.478207e-02  0.000000e+00
     vertex  5.486871e-03 -5.487422e-02  1.000000e-03
     vertex  5.486871e-03 -5.487422e-02  0.000000e+00
   endloop
 endfacet
 facet normal  5.594799e-01 -8.288439e-01  0.000000e+00
   outer loop
     vertex  5.623387e-03 -5.478207e-02  0.000000e+00
     vertex  5.623387e-03 -5.478207e-02  1.000000e-03
     vertex  5.486871e-03 -5.487422e-02  1.000000e-03
   endloop
 endfacet
 facet normal  5.704858e-01 -8.213074e-01  0.000000e+00
   outer loop
     vertex  5.758282e-03 -5.468837e-02  0.000000e+00
     vertex  5.623387e-03 -5.478207e-02  1.000000e-03
     vertex  5.623387e-03 -5.478207e-02  0.000000e+00
   endloop
 endfacet
 facet normal  5.704858e-01 -8.213074e-01  0.000000e+00
   outer loop
     vertex  5.758282e-03 -5.468837e-02  0.000000e+00
     vertex  5.758282e-03 -5.468837e-02  1.000000e-03
     vertex  5.623387e-03 -5.478207e-02  1.000000e-03
   endloop
 endfacet
 facet normal  5.814224e-01 -8.136019e-01  0.000000e+00
   outer loop
     vertex  5.891550e-03 -5.459313e-02  0.000000e+00
     vertex  5.758282e-03 -5.468837e-02  1.000000e-03
     vertex  5.758282e-03 -5.468837e-02  0.000000e+00
   endloop
 endfacet
 facet normal  5.814224e-01 -8.136019e-01  0.000000e+00
   outer loop
     vertex  5.891550e-03 -5.459313e-02  0.000000e+00
     vertex  5.891550e-03 -5.459313e-02  1.000000e-03
     vertex  5.758282e-03 -5.468837e-02  1.000000e-03
   endloop
 endfacet
 facet normal  5.922697e-01 -8.057398e-01  0.000000e+00
   outer loop
     vertex  6.023189e-03 -5.449637e-02  0.000000e+00
     vertex  5.891550e-03 -5.459313e-02  1.000000e-03
     vertex  5.891550e-03 -5.459313e-02  0.000000e+00
   endloop
 endfacet
 facet normal  5.922697e-01 -8.057398e-01  0.000000e+00
   outer loop
     vertex  6.023189e-03 -5.449637e-02  0.000000e+00
     vertex  6.023189e-03 -5.449637e-02  1.000000e-03
     vertex  5.891550e-03 -5.459313e-02  1.000000e-03
   endloop
 endfacet
 facet normal  6.030362e-01 -7.977138e-01  0.000000e+00
   outer loop
     vertex  6.153194e-03 -5.439809e-02  0.000000e+00
     vertex  6.023189e-03 -5.449637e-02  1.000000e-03
     vertex  6.023189e-03 -5.449637e-02  0.000000e+00
   endloop
 endfacet
 facet normal  6.030362e-01 -7.977138e-01  0.000000e+00
   outer loop
     vertex  6.153194e-03 -5.439809e-02  0.000000e+00
     vertex  6.153194e-03 -5.439809e-02  1.000000e-03
     vertex  6.023189e-03 -5.449637e-02  1.000000e-03
   endloop
 endfacet
 facet normal  6.136928e-01 -7.895449e-01  0.000000e+00
   outer loop
     vertex  6.281567e-03 -5.429831e-02  0.000000e+00
     vertex  6.153194e-03 -5.439809e-02  1.000000e-03
     vertex  6.153194e-03 -5.439809e-02  0.000000e+00
   endloop
 endfacet
 facet normal  6.136928e-01 -7.895449e-01  0.000000e+00
   outer loop
     vertex  6.281567e-03 -5.429831e-02  0.000000e+00
     vertex  6.281567e-03 -5.429831e-02  1.000000e-03
     vertex  6.153194e-03 -5.439809e-02  1.000000e-03
   endloop
 endfacet
 facet normal  6.242477e-01 -7.812265e-01  0.000000e+00
   outer loop
     vertex  6.408307e-03 -5.419704e-02  0.000000e+00
     vertex  6.281567e-03 -5.429831e-02  1.000000e-03
     vertex  6.281567e-03 -5.429831e-02  0.000000e+00
   endloop
 endfacet
 facet normal  6.242477e-01 -7.812265e-01  0.000000e+00
   outer loop
     vertex  6.408307e-03 -5.419704e-02  0.000000e+00
     vertex  6.408307e-03 -5.419704e-02  1.000000e-03
     vertex  6.281567e-03 -5.429831e-02  1.000000e-03
   endloop
 endfacet
 facet normal  6.346783e-01 -7.727765e-01  0.000000e+00
   outer loop
     vertex  6.533419e-03 -5.409428e-02  0.000000e+00
     vertex  6.408307e-03 -5.419704e-02  1.000000e-03
     vertex  6.408307e-03 -5.419704e-02  0.000000e+00
   endloop
 endfacet
 facet normal  6.346783e-01 -7.727765e-01  0.000000e+00
   outer loop
     vertex  6.533419e-03 -5.409428e-02  0.000000e+00
     vertex  6.533419e-03 -5.409428e-02  1.000000e-03
     vertex  6.408307e-03 -5.419704e-02  1.000000e-03
   endloop
 endfacet
 facet normal  6.449794e-01 -7.642000e-01  0.000000e+00
   outer loop
     vertex  6.656907e-03 -5.399006e-02  0.000000e+00
     vertex  6.533419e-03 -5.409428e-02  1.000000e-03
     vertex  6.533419e-03 -5.409428e-02  0.000000e+00
   endloop
 endfacet
 facet normal  6.449794e-01 -7.642000e-01  0.000000e+00
   outer loop
     vertex  6.656907e-03 -5.399006e-02  0.000000e+00
     vertex  6.656907e-03 -5.399006e-02  1.000000e-03
     vertex  6.533419e-03 -5.409428e-02  1.000000e-03
   endloop
 endfacet
 facet normal  6.551406e-01 -7.555070e-01  0.000000e+00
   outer loop
     vertex  6.778777e-03 -5.388438e-02  0.000000e+00
     vertex  6.656907e-03 -5.399006e-02  1.000000e-03
     vertex  6.656907e-03 -5.399006e-02  0.000000e+00
   endloop
 endfacet
 facet normal  6.551406e-01 -7.555070e-01  0.000000e+00
   outer loop
     vertex  6.778777e-03 -5.388438e-02  0.000000e+00
     vertex  6.778777e-03 -5.388438e-02  1.000000e-03
     vertex  6.656907e-03 -5.399006e-02  1.000000e-03
   endloop
 endfacet
 facet normal  6.651616e-01 -7.466994e-01  0.000000e+00
   outer loop
     vertex  6.899036e-03 -5.377725e-02  0.000000e+00
     vertex  6.778777e-03 -5.388438e-02  1.000000e-03
     vertex  6.778777e-03 -5.388438e-02  0.000000e+00
   endloop
 endfacet
 facet normal  6.651616e-01 -7.466994e-01  0.000000e+00
   outer loop
     vertex  6.899036e-03 -5.377725e-02  0.000000e+00
     vertex  6.899036e-03 -5.377725e-02  1.000000e-03
     vertex  6.778777e-03 -5.388438e-02  1.000000e-03
   endloop
 endfacet
 facet normal  6.750187e-01 -7.378006e-01  0.000000e+00
   outer loop
     vertex  7.017694e-03 -5.366869e-02  0.000000e+00
     vertex  6.899036e-03 -5.377725e-02  1.000000e-03
     vertex  6.899036e-03 -5.377725e-02  0.000000e+00
   endloop
 endfacet
 facet normal  6.750187e-01 -7.378006e-01  0.000000e+00
   outer loop
     vertex  7.017694e-03 -5.366869e-02  0.000000e+00
     vertex  7.017694e-03 -5.366869e-02  1.000000e-03
     vertex  6.899036e-03 -5.377725e-02  1.000000e-03
   endloop
 endfacet
 facet normal  6.847186e-01 -7.288076e-01  0.000000e+00
   outer loop
     vertex  7.134762e-03 -5.355871e-02  0.000000e+00
     vertex  7.017694e-03 -5.366869e-02  1.000000e-03
     vertex  7.017694e-03 -5.366869e-02  0.000000e+00
   endloop
 endfacet
 facet normal  6.847186e-01 -7.288076e-01  0.000000e+00
   outer loop
     vertex  7.134762e-03 -5.355871e-02  0.000000e+00
     vertex  7.134762e-03 -5.355871e-02  1.000000e-03
     vertex  7.017694e-03 -5.366869e-02  1.000000e-03
   endloop
 endfacet
 facet normal  6.942440e-01 -7.197397e-01  0.000000e+00
   outer loop
     vertex  7.250250e-03 -5.344731e-02  0.000000e+00
     vertex  7.134762e-03 -5.355871e-02  1.000000e-03
     vertex  7.134762e-03 -5.355871e-02  0.000000e+00
   endloop
 endfacet
 facet normal  6.942440e-01 -7.197397e-01  0.000000e+00
   outer loop
     vertex  7.250250e-03 -5.344731e-02  0.000000e+00
     vertex  7.250250e-03 -5.344731e-02  1.000000e-03
     vertex  7.134762e-03 -5.355871e-02  1.000000e-03
   endloop
 endfacet
 facet normal  7.035926e-01 -7.106036e-01  0.000000e+00
   outer loop
     vertex  7.364173e-03 -5.333451e-02  0.000000e+00
     vertex  7.250250e-03 -5.344731e-02  1.000000e-03
     vertex  7.250250e-03 -5.344731e-02  0.000000e+00
   endloop
 endfacet
 facet normal  7.035926e-01 -7.106036e-01  0.000000e+00
   outer loop
     vertex  7.364173e-03 -5.333451e-02  0.000000e+00
     vertex  7.364173e-03 -5.333451e-02  1.000000e-03
     vertex  7.250250e-03 -5.344731e-02  1.000000e-03
   endloop
 endfacet
 facet normal  7.127517e-01 -7.014164e-01  0.000000e+00
   outer loop
     vertex  7.476545e-03 -5.322032e-02  0.000000e+00
     vertex  7.364173e-03 -5.333451e-02  1.000000e-03
     vertex  7.364173e-03 -5.333451e-02  0.000000e+00
   endloop
 endfacet
 facet normal  7.127517e-01 -7.014164e-01  0.000000e+00
   outer loop
     vertex  7.476545e-03 -5.322032e-02  0.000000e+00
     vertex  7.476545e-03 -5.322032e-02  1.000000e-03
     vertex  7.364173e-03 -5.333451e-02  1.000000e-03
   endloop
 endfacet
 facet normal  7.217252e-01 -6.921797e-01  0.000000e+00
   outer loop
     vertex  7.587381e-03 -5.310475e-02  0.000000e+00
     vertex  7.476545e-03 -5.322032e-02  1.000000e-03
     vertex  7.476545e-03 -5.322032e-02  0.000000e+00
   endloop
 endfacet
 facet normal  7.217252e-01 -6.921797e-01  0.000000e+00
   outer loop
     vertex  7.587381e-03 -5.310475e-02  0.000000e+00
     vertex  7.587381e-03 -5.310475e-02  1.000000e-03
     vertex  7.476545e-03 -5.322032e-02  1.000000e-03
   endloop
 endfacet
 facet normal  7.304985e-01 -6.829143e-01  0.000000e+00
   outer loop
     vertex  7.696698e-03 -5.298782e-02  0.000000e+00
     vertex  7.587381e-03 -5.310475e-02  1.000000e-03
     vertex  7.587381e-03 -5.310475e-02  0.000000e+00
   endloop
 endfacet
 facet normal  7.304985e-01 -6.829143e-01  0.000000e+00
   outer loop
     vertex  7.696698e-03 -5.298782e-02  0.000000e+00
     vertex  7.696698e-03 -5.298782e-02  1.000000e-03
     vertex  7.587381e-03 -5.310475e-02  1.000000e-03
   endloop
 endfacet
 facet normal  7.390667e-01 -6.736322e-01  0.000000e+00
   outer loop
     vertex  7.804515e-03 -5.286953e-02  0.000000e+00
     vertex  7.696698e-03 -5.298782e-02  1.000000e-03
     vertex  7.696698e-03 -5.298782e-02  0.000000e+00
   endloop
 endfacet
 facet normal  7.390667e-01 -6.736322e-01  0.000000e+00
   outer loop
     vertex  7.804515e-03 -5.286953e-02  0.000000e+00
     vertex  7.804515e-03 -5.286953e-02  1.000000e-03
     vertex  7.696698e-03 -5.298782e-02  1.000000e-03
   endloop
 endfacet
 facet normal  7.474290e-01 -6.643417e-01  0.000000e+00
   outer loop
     vertex  7.910850e-03 -5.274990e-02  0.000000e+00
     vertex  7.804515e-03 -5.286953e-02  1.000000e-03
     vertex  7.804515e-03 -5.286953e-02  0.000000e+00
   endloop
 endfacet
 facet normal  7.474290e-01 -6.643417e-01  0.000000e+00
   outer loop
     vertex  7.910850e-03 -5.274990e-02  0.000000e+00
     vertex  7.910850e-03 -5.274990e-02  1.000000e-03
     vertex  7.804515e-03 -5.286953e-02  1.000000e-03
   endloop
 endfacet
 facet normal  7.555842e-01 -6.550516e-01  0.000000e+00
   outer loop
     vertex  8.015722e-03 -5.262893e-02  0.000000e+00
     vertex  7.910850e-03 -5.274990e-02  1.000000e-03
     vertex  7.910850e-03 -5.274990e-02  0.000000e+00
   endloop
 endfacet
 facet normal  7.555842e-01 -6.550516e-01  0.000000e+00
   outer loop
     vertex  8.015722e-03 -5.262893e-02  0.000000e+00
     vertex  8.015722e-03 -5.262893e-02  1.000000e-03
     vertex  7.910850e-03 -5.274990e-02  1.000000e-03
   endloop
 endfacet
 facet normal  7.635196e-01 -6.457847e-01  0.000000e+00
   outer loop
     vertex  8.119154e-03 -5.250664e-02  0.000000e+00
     vertex  8.015722e-03 -5.262893e-02  1.000000e-03
     vertex  8.015722e-03 -5.262893e-02  0.000000e+00
   endloop
 endfacet
 facet normal  7.635196e-01 -6.457847e-01  0.000000e+00
   outer loop
     vertex  8.119154e-03 -5.250664e-02  0.000000e+00
     vertex  8.119154e-03 -5.250664e-02  1.000000e-03
     vertex  8.015722e-03 -5.262893e-02  1.000000e-03
   endloop
 endfacet
 facet normal  7.712421e-01 -6.365419e-01  0.000000e+00
   outer loop
     vertex  8.221166e-03 -5.238304e-02  0.000000e+00
     vertex  8.119154e-03 -5.250664e-02  1.000000e-03
     vertex  8.119154e-03 -5.250664e-02  0.000000e+00
   endloop
 endfacet
 facet normal  7.712421e-01 -6.365419e-01  0.000000e+00
   outer loop
     vertex  8.221166e-03 -5.238304e-02  0.000000e+00
     vertex  8.221166e-03 -5.238304e-02  1.000000e-03
     vertex  8.119154e-03 -5.250664e-02  1.000000e-03
   endloop
 endfacet
 facet normal  7.787456e-01 -6.273398e-01  0.000000e+00
   outer loop
     vertex  8.321781e-03 -5.225814e-02  0.000000e+00
     vertex  8.221166e-03 -5.238304e-02  1.000000e-03
     vertex  8.221166e-03 -5.238304e-02  0.000000e+00
   endloop
 endfacet
 facet normal  7.787456e-01 -6.273398e-01  0.000000e+00
   outer loop
     vertex  8.321781e-03 -5.225814e-02  0.000000e+00
     vertex  8.321781e-03 -5.225814e-02  1.000000e-03
     vertex  8.221166e-03 -5.238304e-02  1.000000e-03
   endloop
 endfacet
 facet normal  7.860312e-01 -6.181868e-01  0.000000e+00
   outer loop
     vertex  8.421022e-03 -5.213196e-02  0.000000e+00
     vertex  8.321781e-03 -5.225814e-02  1.000000e-03
     vertex  8.321781e-03 -5.225814e-02  0.000000e+00
   endloop
 endfacet
 facet normal  7.860312e-01 -6.181868e-01  0.000000e+00
   outer loop
     vertex  8.421022e-03 -5.213196e-02  0.000000e+00
     vertex  8.421022e-03 -5.213196e-02  1.000000e-03
     vertex  8.321781e-03 -5.225814e-02  1.000000e-03
   endloop
 endfacet
 facet normal  7.930919e-01 -6.091020e-01  0.000000e+00
   outer loop
     vertex  8.518914e-03 -5.200450e-02  0.000000e+00
     vertex  8.421022e-03 -5.213196e-02  1.000000e-03
     vertex  8.421022e-03 -5.213196e-02  0.000000e+00
   endloop
 endfacet
 facet normal  7.930919e-01 -6.091020e-01  0.000000e+00
   outer loop
     vertex  8.518914e-03 -5.200450e-02  0.000000e+00
     vertex  8.518914e-03 -5.200450e-02  1.000000e-03
     vertex  8.421022e-03 -5.213196e-02  1.000000e-03
   endloop
 endfacet
 facet normal  7.999359e-01 -6.000855e-01  0.000000e+00
   outer loop
     vertex  8.615480e-03 -5.187577e-02  0.000000e+00
     vertex  8.518914e-03 -5.200450e-02  1.000000e-03
     vertex  8.518914e-03 -5.200450e-02  0.000000e+00
   endloop
 endfacet
 facet normal  7.999359e-01 -6.000855e-01  0.000000e+00
   outer loop
     vertex  8.615480e-03 -5.187577e-02  0.000000e+00
     vertex  8.615480e-03 -5.187577e-02  1.000000e-03
     vertex  8.518914e-03 -5.200450e-02  1.000000e-03
   endloop
 endfacet
 facet normal  8.065557e-01 -5.911581e-01  0.000000e+00
   outer loop
     vertex  8.710747e-03 -5.174579e-02  0.000000e+00
     vertex  8.615480e-03 -5.187577e-02  1.000000e-03
     vertex  8.615480e-03 -5.187577e-02  0.000000e+00
   endloop
 endfacet
 facet normal  8.065557e-01 -5.911581e-01  0.000000e+00
   outer loop
     vertex  8.710747e-03 -5.174579e-02  0.000000e+00
     vertex  8.710747e-03 -5.174579e-02  1.000000e-03
     vertex  8.615480e-03 -5.187577e-02  1.000000e-03
   endloop
 endfacet
 facet normal  8.129571e-01 -5.823236e-01  0.000000e+00
   outer loop
     vertex  8.804741e-03 -5.161457e-02  0.000000e+00
     vertex  8.710747e-03 -5.174579e-02  1.000000e-03
     vertex  8.710747e-03 -5.174579e-02  0.000000e+00
   endloop
 endfacet
 facet normal  8.129571e-01 -5.823236e-01  0.000000e+00
   outer loop
     vertex  8.804741e-03 -5.161457e-02  0.000000e+00
     vertex  8.804741e-03 -5.161457e-02  1.000000e-03
     vertex  8.710747e-03 -5.174579e-02  1.000000e-03
   endloop
 endfacet
 facet normal  8.191439e-01 -5.735881e-01  0.000000e+00
   outer loop
     vertex  8.897487e-03 -5.148212e-02  0.000000e+00
     vertex  8.804741e-03 -5.161457e-02  1.000000e-03
     vertex  8.804741e-03 -5.161457e-02  0.000000e+00
   endloop
 endfacet
 facet normal  8.191439e-01 -5.735881e-01  0.000000e+00
   outer loop
     vertex  8.897487e-03 -5.148212e-02  0.000000e+00
     vertex  8.897487e-03 -5.148212e-02  1.000000e-03
     vertex  8.804741e-03 -5.161457e-02  1.000000e-03
   endloop
 endfacet
 facet normal  8.251117e-01 -5.649696e-01  0.000000e+00
   outer loop
     vertex  8.989012e-03 -5.134845e-02  0.000000e+00
     vertex  8.897487e-03 -5.148212e-02  1.000000e-03
     vertex  8.897487e-03 -5.148212e-02  0.000000e+00
   endloop
 endfacet
 facet normal  8.251117e-01 -5.649696e-01  0.000000e+00
   outer loop
     vertex  8.989012e-03 -5.134845e-02  0.000000e+00
     vertex  8.989012e-03 -5.134845e-02  1.000000e-03
     vertex  8.897487e-03 -5.148212e-02  1.000000e-03
   endloop
 endfacet
 facet normal  8.308694e-01 -5.564674e-01  0.000000e+00
   outer loop
     vertex  9.079344e-03 -5.121357e-02  0.000000e+00
     vertex  8.989012e-03 -5.134845e-02  1.000000e-03
     vertex  8.989012e-03 -5.134845e-02  0.000000e+00
   endloop
 endfacet
 facet normal  8.308694e-01 -5.564674e-01  0.000000e+00
   outer loop
     vertex  9.079344e-03 -5.121357e-02  0.000000e+00
     vertex  9.079344e-03 -5.121357e-02  1.000000e-03
     vertex  8.989012e-03 -5.134845e-02  1.000000e-03
   endloop
 endfacet
 facet normal  8.364113e-01 -5.481023e-01  0.000000e+00
   outer loop
     vertex  9.168511e-03 -5.107751e-02  0.000000e+00
     vertex  9.079344e-03 -5.121357e-02  1.000000e-03
     vertex  9.079344e-03 -5.121357e-02  0.000000e+00
   endloop
 endfacet
 facet normal  8.364113e-01 -5.481023e-01  0.000000e+00
   outer loop
     vertex  9.168511e-03 -5.107751e-02  0.000000e+00
     vertex  9.168511e-03 -5.107751e-02  1.000000e-03
     vertex  9.079344e-03 -5.121357e-02  1.000000e-03
   endloop
 endfacet
 facet normal  8.417529e-01 -5.398630e-01  0.000000e+00
   outer loop
     vertex  9.256539e-03 -5.094025e-02  0.000000e+00
     vertex  9.168511e-03 -5.107751e-02  1.000000e-03
     vertex  9.168511e-03 -5.107751e-02  0.000000e+00
   endloop
 endfacet
 facet normal  8.417529e-01 -5.398630e-01  0.000000e+00
   outer loop
     vertex  9.256539e-03 -5.094025e-02  0.000000e+00
     vertex  9.256539e-03 -5.094025e-02  1.000000e-03
     vertex  9.168511e-03 -5.107751e-02  1.000000e-03
   endloop
 endfacet
 facet normal  8.468856e-01 -5.317752e-01  0.000000e+00
   outer loop
     vertex  9.343458e-03 -5.080183e-02  0.000000e+00
     vertex  9.256539e-03 -5.094025e-02  1.000000e-03
     vertex  9.256539e-03 -5.094025e-02  0.000000e+00
   endloop
 endfacet
 facet normal  8.468856e-01 -5.317752e-01  0.000000e+00
   outer loop
     vertex  9.343458e-03 -5.080183e-02  0.000000e+00
     vertex  9.343458e-03 -5.080183e-02  1.000000e-03
     vertex  9.256539e-03 -5.094025e-02  1.000000e-03
   endloop
 endfacet
 facet normal  8.518223e-01 -5.238308e-01  0.000000e+00
   outer loop
     vertex  9.429295e-03 -5.066225e-02  0.000000e+00
     vertex  9.343458e-03 -5.080183e-02  1.000000e-03
     vertex  9.343458e-03 -5.080183e-02  0.000000e+00
   endloop
 endfacet
 facet normal  8.518223e-01 -5.238308e-01  0.000000e+00
   outer loop
     vertex  9.429295e-03 -5.066225e-02  0.000000e+00
     vertex  9.429295e-03 -5.066225e-02  1.000000e-03
     vertex  9.343458e-03 -5.080183e-02  1.000000e-03
   endloop
 endfacet
 facet normal  8.565597e-01 -5.160479e-01  0.000000e+00
   outer loop
     vertex  9.514080e-03 -5.052152e-02  0.000000e+00
     vertex  9.429295e-03 -5.066225e-02  1.000000e-03
     vertex  9.429295e-03 -5.066225e-02  0.000000e+00
   endloop
 endfacet
 facet normal  8.565597e-01 -5.160479e-01  0.000000e+00
   outer loop
     vertex  9.514080e-03 -5.052152e-02  0.000000e+00
     vertex  9.514080e-03 -5.052152e-02  1.000000e-03
     vertex  9.429295e-03 -5.066225e-02  1.000000e-03
   endloop
 endfacet
 facet normal  8.611134e-01 -5.084129e-01  0.000000e+00
   outer loop
     vertex  9.597839e-03 -5.037965e-02  0.000000e+00
     vertex  9.514080e-03 -5.052152e-02  1.000000e-03
     vertex  9.514080e-03 -5.052152e-02  0.000000e+00
   endloop
 endfacet
 facet normal  8.611134e-01 -5.084129e-01  0.000000e+00
   outer loop
     vertex  9.597839e-03 -5.037965e-02  0.000000e+00
     vertex  9.597839e-03 -5.037965e-02  1.000000e-03
     vertex  9.514080e-03 -5.052152e-02  1.000000e-03
   endloop
 endfacet
 facet normal  8.654749e-01 -5.009523e-01  0.000000e+00
   outer loop
     vertex  9.680603e-03 -5.023666e-02  0.000000e+00
     vertex  9.597839e-03 -5.037965e-02  1.000000e-03
     vertex  9.597839e-03 -5.037965e-02  0.000000e+00
   endloop
 endfacet
 facet normal  8.654749e-01 -5.009523e-01  0.000000e+00
   outer loop
     vertex  9.680603e-03 -5.023666e-02  0.000000e+00
     vertex  9.680603e-03 -5.023666e-02  1.000000e-03
     vertex  9.597839e-03 -5.037965e-02  1.000000e-03
   endloop
 endfacet
 facet normal  8.696598e-01 -4.936515e-01  0.000000e+00
   outer loop
     vertex  9.762399e-03 -5.009256e-02  0.000000e+00
     vertex  9.680603e-03 -5.023666e-02  1.000000e-03
     vertex  9.680603e-03 -5.023666e-02  0.000000e+00
   endloop
 endfacet
 facet normal  8.696598e-01 -4.936515e-01  0.000000e+00
   outer loop
     vertex  9.762399e-03 -5.009256e-02  0.000000e+00
     vertex  9.762399e-03 -5.009256e-02  1.000000e-03
     vertex  9.680603e-03 -5.023666e-02  1.000000e-03
   endloop
 endfacet
 facet normal  8.736638e-01 -4.865301e-01  0.000000e+00
   outer loop
     vertex  9.843257e-03 -4.994737e-02  0.000000e+00
     vertex  9.762399e-03 -5.009256e-02  1.000000e-03
     vertex  9.762399e-03 -5.009256e-02  0.000000e+00
   endloop
 endfacet
 facet normal  8.736638e-01 -4.865301e-01  0.000000e+00
   outer loop
     vertex  9.843257e-03 -4.994737e-02  0.000000e+00
     vertex  9.843257e-03 -4.994737e-02  1.000000e-03
     vertex  9.762399e-03 -5.009256e-02  1.000000e-03
   endloop
 endfacet
 facet normal  8.775051e-01 -4.795673e-01  0.000000e+00
   outer loop
     vertex  9.923203e-03 -4.980108e-02  0.000000e+00
     vertex  9.843257e-03 -4.994737e-02  1.000000e-03
     vertex  9.843257e-03 -4.994737e-02  0.000000e+00
   endloop
 endfacet
 facet normal  8.775051e-01 -4.795673e-01  0.000000e+00
   outer loop
     vertex  9.923203e-03 -4.980108e-02  0.000000e+00
     vertex  9.923203e-03 -4.980108e-02  1.000000e-03
     vertex  9.843257e-03 -4.994737e-02  1.000000e-03
   endloop
 endfacet
 facet normal  8.811704e-01 -4.727988e-01  0.000000e+00
   outer loop
     vertex  1.000227e-02 -4.965373e-02  0.000000e+00
     vertex  9.923203e-03 -4.980108e-02  1.000000e-03
     vertex  9.923203e-03 -4.980108e-02  0.000000e+00
   endloop
 endfacet
 facet normal  8.811704e-01 -4.727988e-01  0.000000e+00
   outer loop
     vertex  1.000227e-02 -4.965373e-02  0.000000e+00
     vertex  1.000227e-02 -4.965373e-02  1.000000e-03
     vertex  9.923203e-03 -4.980108e-02  1.000000e-03
   endloop
 endfacet
 facet normal  8.846865e-01 -4.661864e-01  0.000000e+00
   outer loop
     vertex  1.008048e-02 -4.950531e-02  0.000000e+00
     vertex  1.000227e-02 -4.965373e-02  1.000000e-03
     vertex  1.000227e-02 -4.965373e-02  0.000000e+00
   endloop
 endfacet
 facet normal  8.846865e-01 -4.661864e-01  0.000000e+00
   outer loop
     vertex  1.008048e-02 -4.950531e-02  0.000000e+00
     vertex  1.008048e-02 -4.950531e-02  1.000000e-03
     vertex  1.000227e-02 -4.965373e-02  1.000000e-03
   endloop
 endfacet
 facet normal  8.880406e-01 -4.597651e-01  0.000000e+00
   outer loop
     vertex  1.015786e-02 -4.935584e-02  0.000000e+00
     vertex  1.008048e-02 -4.950531e-02  1.000000e-03
     vertex  1.008048e-02 -4.950531e-02  0.000000e+00
   endloop
 endfacet
 facet normal  8.880406e-01 -4.597651e-01  0.000000e+00
   outer loop
     vertex  1.015786e-02 -4.935584e-02  0.000000e+00
     vertex  1.015786e-02 -4.935584e-02  1.000000e-03
     vertex  1.008048e-02 -4.950531e-02  1.000000e-03
   endloop
 endfacet
 facet normal  8.912522e-01 -4.535081e-01  0.000000e+00
   outer loop
     vertex  1.023444e-02 -4.920534e-02  0.000000e+00
     vertex  1.015786e-02 -4.935584e-02  1.000000e-03
     vertex  1.015786e-02 -4.935584e-02  0.000000e+00
   endloop
 endfacet
 facet normal  8.912522e-01 -4.535081e-01  0.000000e+00
   outer loop
     vertex  1.023444e-02 -4.920534e-02  0.000000e+00
     vertex  1.023444e-02 -4.920534e-02  1.000000e-03
     vertex  1.015786e-02 -4.935584e-02  1.000000e-03
   endloop
 endfacet
 facet normal  8.943150e-01 -4.474379e-01  0.000000e+00
   outer loop
     vertex  1.031025e-02 -4.905382e-02  0.000000e+00
     vertex  1.023444e-02 -4.920534e-02  1.000000e-03
     vertex  1.023444e-02 -4.920534e-02  0.000000e+00
   endloop
 endfacet
 facet normal  8.943150e-01 -4.474379e-01  0.000000e+00
   outer loop
     vertex  1.031025e-02 -4.905382e-02  0.000000e+00
     vertex  1.031025e-02 -4.905382e-02  1.000000e-03
     vertex  1.023444e-02 -4.920534e-02  1.000000e-03
   endloop
 endfacet
 facet normal  8.972421e-01 -4.415388e-01  0.000000e+00
   outer loop
     vertex  1.038532e-02 -4.890128e-02  0.000000e+00
     vertex  1.031025e-02 -4.905382e-02  1.000000e-03
     vertex  1.031025e-02 -4.905382e-02  0.000000e+00
   endloop
 endfacet
 facet normal  8.972421e-01 -4.415388e-01  0.000000e+00
   outer loop
     vertex  1.038532e-02 -4.890128e-02  0.000000e+00
     vertex  1.038532e-02 -4.890128e-02  1.000000e-03
     vertex  1.031025e-02 -4.905382e-02  1.000000e-03
   endloop
 endfacet
 facet normal  9.000367e-01 -4.358142e-01  0.000000e+00
   outer loop
     vertex  1.045966e-02 -4.874775e-02  0.000000e+00
     vertex  1.038532e-02 -4.890128e-02  1.000000e-03
     vertex  1.038532e-02 -4.890128e-02  0.000000e+00
   endloop
 endfacet
 facet normal  9.000367e-01 -4.358142e-01  0.000000e+00
   outer loop
     vertex  1.045966e-02 -4.874775e-02  0.000000e+00
     vertex  1.045966e-02 -4.874775e-02  1.000000e-03
     vertex  1.038532e-02 -4.890128e-02  1.000000e-03
   endloop
 endfacet
 facet normal  9.027030e-01 -4.302642e-01  0.000000e+00
   outer loop
     vertex  1.053331e-02 -4.859323e-02  0.000000e+00
     vertex  1.045966e-02 -4.874775e-02  1.000000e-03
     vertex  1.045966e-02 -4.874775e-02  0.000000e+00
   endloop
 endfacet
 facet normal  9.027030e-01 -4.302642e-01  0.000000e+00
   outer loop
     vertex  1.053331e-02 -4.859323e-02  0.000000e+00
     vertex  1.053331e-02 -4.859323e-02  1.000000e-03
     vertex  1.045966e-02 -4.874775e-02  1.000000e-03
   endloop
 endfacet
 facet normal  9.052498e-01 -4.248797e-01  0.000000e+00
   outer loop
     vertex  1.060628e-02 -4.843775e-02  0.000000e+00
     vertex  1.053331e-02 -4.859323e-02  1.000000e-03
     vertex  1.053331e-02 -4.859323e-02  0.000000e+00
   endloop
 endfacet
 facet normal  9.052498e-01 -4.248797e-01  0.000000e+00
   outer loop
     vertex  1.060628e-02 -4.843775e-02  0.000000e+00
     vertex  1.060628e-02 -4.843775e-02  1.000000e-03
     vertex  1.053331e-02 -4.859323e-02  1.000000e-03
   endloop
 endfacet
 facet normal  9.076798e-01 -4.196633e-01  0.000000e+00
   outer loop
     vertex  1.067861e-02 -4.828131e-02  0.000000e+00
     vertex  1.060628e-02 -4.843775e-02  1.000000e-03
     vertex  1.060628e-02 -4.843775e-02  0.000000e+00
   endloop
 endfacet
 facet normal  9.076798e-01 -4.196633e-01  0.000000e+00
   outer loop
     vertex  1.067861e-02 -4.828131e-02  0.000000e+00
     vertex  1.067861e-02 -4.828131e-02  1.000000e-03
     vertex  1.060628e-02 -4.843775e-02  1.000000e-03
   endloop
 endfacet
 facet normal  9.099982e-01 -4.146122e-01  0.000000e+00
   outer loop
     vertex  1.075032e-02 -4.812392e-02  0.000000e+00
     vertex  1.067861e-02 -4.828131e-02  1.000000e-03
     vertex  1.067861e-02 -4.828131e-02  0.000000e+00
   endloop
 endfacet
 facet normal  9.099982e-01 -4.146122e-01  0.000000e+00
   outer loop
     vertex  1.075032e-02 -4.812392e-02  0.000000e+00
     vertex  1.075032e-02 -4.812392e-02  1.000000e-03
     vertex  1.067861e-02 -4.828131e-02  1.000000e-03
   endloop
 endfacet
 facet normal  9.122106e-01 -4.097215e-01  0.000000e+00
   outer loop
     vertex  1.082143e-02 -4.796560e-02  0.000000e+00
     vertex  1.075032e-02 -4.812392e-02  1.000000e-03
     vertex  1.075032e-02 -4.812392e-02  0.000000e+00
   endloop
 endfacet
 facet normal  9.122106e-01 -4.097215e-01  0.000000e+00
   outer loop
     vertex  1.082143e-02 -4.796560e-02  0.000000e+00
     vertex  1.082143e-02 -4.796560e-02  1.000000e-03
     vertex  1.075032e-02 -4.812392e-02  1.000000e-03
   endloop
 endfacet
 facet normal  9.143239e-01 -4.049836e-01  0.000000e+00
   outer loop
     vertex  1.089196e-02 -4.780637e-02  0.000000e+00
     vertex  1.082143e-02 -4.796560e-02  1.000000e-03
     vertex  1.082143e-02 -4.796560e-02  0.000000e+00
   endloop
 endfacet
 facet normal  9.143239e-01 -4.049836e-01  0.000000e+00
   outer loop
     vertex  1.089196e-02 -4.780637e-02  0.000000e+00
     vertex  1.089196e-02 -4.780637e-02  1.000000e-03
     vertex  1.082143e-02 -4.796560e-02  1.000000e-03
   endloop
 endfacet
 facet normal  9.163402e-01 -4.004006e-01  0.000000e+00
   outer loop
     vertex  1.096193e-02 -4.764624e-02  0.000000e+00
     vertex  1.089196e-02 -4.780637e-02  1.000000e-03
     vertex  1.089196e-02 -4.780637e-02  0.000000e+00
   endloop
 endfacet
 facet normal  9.163402e-01 -4.004006e-01  0.000000e+00
   outer loop
     vertex  1.096193e-02 -4.764624e-02  0.000000e+00
     vertex  1.096193e-02 -4.764624e-02  1.000000e-03
     vertex  1.089196e-02 -4.780637e-02  1.000000e-03
   endloop
 endfacet
 facet normal  9.182670e-01 -3.959618e-01  0.000000e+00
   outer loop
     vertex  1.103136e-02 -4.748521e-02  0.000000e+00
     vertex  1.096193e-02 -4.764624e-02  1.000000e-03
     vertex  1.096193e-02 -4.764624e-02  0.000000e+00
   endloop
 endfacet
 facet normal  9.182670e-01 -3.959618e-01  0.000000e+00
   outer loop
     vertex  1.103136e-02 -4.748521e-02  0.000000e+00
     vertex  1.103136e-02 -4.748521e-02  1.000000e-03
     vertex  1.096193e-02 -4.764624e-02  1.000000e-03
   endloop
 endfacet
 facet normal  9.201091e-01 -3.916622e-01  0.000000e+00
   outer loop
     vertex  1.110028e-02 -4.732332e-02  0.000000e+00
     vertex  1.103136e-02 -4.748521e-02  1.000000e-03
     vertex  1.103136e-02 -4.748521e-02  0.000000e+00
   endloop
 endfacet
 facet normal  9.201091e-01 -3.916622e-01  0.000000e+00
   outer loop
     vertex  1.110028e-02 -4.732332e-02  0.000000e+00
     vertex  1.110028e-02 -4.732332e-02  1.000000e-03
     vertex  1.103136e-02 -4.748521e-02  1.000000e-03
   endloop
 endfacet
 facet normal  9.218667e-01 -3.875072e-01  0.000000e+00
   outer loop
     vertex  1.116869e-02 -4.716056e-02  0.000000e+00
     vertex  1.110028e-02 -4.732332e-02  1.000000e-03
     vertex  1.110028e-02 -4.732332e-02  0.000000e+00
   endloop
 endfacet
 facet normal  9.218667e-01 -3.875072e-01  0.000000e+00
   outer loop
     vertex  1.116869e-02 -4.716056e-02  0.000000e+00
     vertex  1.116869e-02 -4.716056e-02  1.000000e-03
     vertex  1.110028e-02 -4.732332e-02  1.000000e-03
   endloop
 endfacet
 facet normal  9.235510e-01 -3.834755e-01  0.000000e+00
   outer loop
     vertex  1.123663e-02 -4.699696e-02  0.000000e+00
     vertex  1.116869e-02 -4.716056e-02  1.000000e-03
     vertex  1.116869e-02 -4.716056e-02  0.000000e+00
   endloop
 endfacet
 facet normal  9.235510e-01 -3.834755e-01  0.000000e+00
   outer loop
     vertex  1.123663e-02 -4.699696e-02  0.000000e+00
     vertex  1.123663e-02 -4.699696e-02  1.000000e-03
     vertex  1.116869e-02 -4.716056e-02  1.000000e-03
   endloop
 endfacet
 facet normal  9.251617e-01 -3.795731e-01  0.000000e+00
   outer loop
     vertex  1.130409e-02 -4.683252e-02  0.000000e+00
     vertex  1.123663e-02 -4.699696e-02  1.000000e-03
     vertex  1.123663e-02 -4.699696e-02  0.000000e+00
   endloop
 endfacet
 facet normal  9.251617e-01 -3.795731e-01  0.000000e+00
   outer loop
     vertex  1.130409e-02 -4.683252e-02  0.000000e+00
     vertex  1.130409e-02 -4.683252e-02  1.000000e-03
     vertex  1.123663e-02 -4.699696e-02  1.000000e-03
   endloop
 endfacet
 facet normal  9.267065e-01 -3.757858e-01  0.000000e+00
   outer loop
     vertex  1.137110e-02 -4.666727e-02  0.000000e+00
     vertex  1.130409e-02 -4.683252e-02  1.000000e-03
     vertex  1.130409e-02 -4.683252e-02  0.000000e+00
   endloop
 endfacet
 facet normal  9.267065e-01 -3.757858e-01  0.000000e+00
   outer loop
     vertex  1.137110e-02 -4.666727e-02  0.000000e+00
     vertex  1.137110e-02 -4.666727e-02  1.000000e-03
     vertex  1.130409e-02 -4.683252e-02  1.000000e-03
   endloop
 endfacet
 facet normal  9.281896e-01 -3.721076e-01  0.000000e+00
   outer loop
     vertex  1.143767e-02 -4.650122e-02  0.000000e+00
     vertex  1.137110e-02 -4.666727e-02  1.000000e-03
     vertex  1.137110e-02 -4.666727e-02  0.000000e+00
   endloop
 endfacet
 facet normal  9.281896e-01 -3.721076e-01  0.000000e+00
   outer loop
     vertex  1.143767e-02 -4.650122e-02  0.000000e+00
     vertex  1.143767e-02 -4.650122e-02  1.000000e-03
     vertex  1.137110e-02 -4.666727e-02  1.000000e-03
   endloop
 endfacet
 facet normal  9.296128e-01 -3.685376e-01  0.000000e+00
   outer loop
     vertex  1.150381e-02 -4.633438e-02  0.000000e+00
     vertex  1.143767e-02 -4.650122e-02  1.000000e-03
     vertex  1.143767e-02 -4.650122e-02  0.000000e+00
   endloop
 endfacet
 facet normal  9.296128e-01 -3.685376e-01  0.000000e+00
   outer loop
     vertex  1.150381e-02 -4.633438e-02  0.000000e+00
     vertex  1.150381e-02 -4.633438e-02  1.000000e-03
     vertex  1.143767e-02 -4.650122e-02  1.000000e-03
   endloop
 endfacet
 facet normal  9.309815e-01 -3.650663e-01  0.000000e+00
   outer loop
     vertex  1.156954e-02 -4.616677e-02  0.000000e+00
     vertex  1.150381e-02 -4.633438e-02  1.000000e-03
     vertex  1.150381e-02 -4.633438e-02  0.000000e+00
   endloop
 endfacet
 facet normal  9.309815e-01 -3.650663e-01  0.000000e+00
   outer loop
     vertex  1.156954e-02 -4.616677e-02  0.000000e+00
     vertex  1.156954e-02 -4.616677e-02  1.000000e-03
     vertex  1.150381e-02 -4.633438e-02  1.000000e-03
   endloop
 endfacet
 facet normal  9.323000e-01 -3.616859e-01  0.000000e+00
   outer loop
     vertex  1.163485e-02 -4.599840e-02  0.000000e+00
     vertex  1.156954e-02 -4.616677e-02  1.000000e-03
     vertex  1.156954e-02 -4.616677e-02  0.000000e+00
   endloop
 endfacet
 facet normal  9.323000e-01 -3.616859e-01  0.000000e+00
   outer loop
     vertex  1.163485e-02 -4.599840e-02  0.000000e+00
     vertex  1.163485e-02 -4.599840e-02  1.000000e-03
     vertex  1.156954e-02 -4.616677e-02  1.000000e-03
   endloop
 endfacet
 facet normal  9.335732e-01 -3.583867e-01  0.000000e+00
   outer loop
     vertex  1.169977e-02 -4.582930e-02  0.000000e+00
     vertex  1.163485e-02 -4.599840e-02  1.000000e-03
     vertex  1.163485e-02 -4.599840e-02  0.000000e+00
   endloop
 endfacet
 facet normal  9.335732e-01 -3.583867e-01  0.000000e+00
   outer loop
     vertex  1.169977e-02 -4.582930e-02  0.000000e+00
     vertex  1.169977e-02 -4.582930e-02  1.000000e-03
     vertex  1.163485e-02 -4.599840e-02  1.000000e-03
   endloop
 endfacet
 facet normal  9.348040e-01 -3.551641e-01  0.000000e+00
   outer loop
     vertex  1.176430e-02 -4.565946e-02  0.000000e+00
     vertex  1.169977e-02 -4.582930e-02  1.000000e-03
     vertex  1.169977e-02 -4.582930e-02  0.000000e+00
   endloop
 endfacet
 facet normal  9.348040e-01 -3.551641e-01  0.000000e+00
   outer loop
     vertex  1.176430e-02 -4.565946e-02  0.000000e+00
     vertex  1.176430e-02 -4.565946e-02  1.000000e-03
     vertex  1.169977e-02 -4.582930e-02  1.000000e-03
   endloop
 endfacet
 facet normal  9.359918e-01 -3.520219e-01  0.000000e+00
   outer loop
     vertex  1.182844e-02 -4.548892e-02  0.000000e+00
     vertex  1.176430e-02 -4.565946e-02  1.000000e-03
     vertex  1.176430e-02 -4.565946e-02  0.000000e+00
   endloop
 endfacet
 facet normal  9.359918e-01 -3.520219e-01  0.000000e+00
   outer loop
     vertex  1.182844e-02 -4.548892e-02  0.000000e+00
     vertex  1.182844e-02 -4.548892e-02  1.000000e-03
     vertex  1.176430e-02 -4.565946e-02  1.000000e-03
   endloop
 endfacet
 facet normal  9.371480e-01 -3.489321e-01  0.000000e+00
   outer loop
     vertex  1.189219e-02 -4.531768e-02  0.000000e+00
     vertex  1.182844e-02 -4.548892e-02  1.000000e-03
     vertex  1.182844e-02 -4.548892e-02  0.000000e+00
   endloop
 endfacet
 facet normal  9.371480e-01 -3.489321e-01  0.000000e+00
   outer loop
     vertex  1.189219e-02 -4.531768e-02  0.000000e+00
     vertex  1.189219e-02 -4.531768e-02  1.000000e-03
     vertex  1.182844e-02 -4.548892e-02  1.000000e-03
   endloop
 endfacet
 facet normal  9.382665e-01 -3.459133e-01  0.000000e+00
   outer loop
     vertex  1.195557e-02 -4.514577e-02  0.000000e+00
     vertex  1.189219e-02 -4.531768e-02  1.000000e-03
     vertex  1.189219e-02 -4.531768e-02  0.000000e+00
   endloop
 endfacet
 facet normal  9.382665e-01 -3.459133e-01  0.000000e+00
   outer loop
     vertex  1.195557e-02 -4.514577e-02  0.000000e+00
     vertex  1.195557e-02 -4.514577e-02  1.000000e-03
     vertex  1.189219e-02 -4.531768e-02  1.000000e-03
   endloop
 endfacet
 facet normal  9.393590e-01 -3.429355e-01  0.000000e+00
   outer loop
     vertex  1.201858e-02 -4.497320e-02  0.000000e+00
     vertex  1.195557e-02 -4.514577e-02  1.000000e-03
     vertex  1.195557e-02 -4.514577e-02  0.000000e+00
   endloop
 endfacet
 facet normal  9.393590e-01 -3.429355e-01  0.000000e+00
   outer loop
     vertex  1.201858e-02 -4.497320e-02  0.000000e+00
     vertex  1.201858e-02 -4.497320e-02  1.000000e-03
     vertex  1.195557e-02 -4.514577e-02  1.000000e-03
   endloop
 endfacet
 facet normal  9.404186e-01 -3.400189e-01  0.000000e+00
   outer loop
     vertex  1.208121e-02 -4.479997e-02  0.000000e+00
     vertex  1.201858e-02 -4.497320e-02  1.000000e-03
     vertex  1.201858e-02 -4.497320e-02  0.000000e+00
   endloop
 endfacet
 facet normal  9.404186e-01 -3.400189e-01  0.000000e+00
   outer loop
     vertex  1.208121e-02 -4.479997e-02  0.000000e+00
     vertex  1.208121e-02 -4.479997e-02  1.000000e-03
     vertex  1.201858e-02 -4.497320e-02  1.000000e-03
   endloop
 endfacet
 facet normal  9.414562e-01 -3.371352e-01  0.000000e+00
   outer loop
     vertex  1.214346e-02 -4.462612e-02  0.000000e+00
     vertex  1.208121e-02 -4.479997e-02  1.000000e-03
     vertex  1.208121e-02 -4.479997e-02  0.000000e+00
   endloop
 endfacet
 facet normal  9.414562e-01 -3.371352e-01  0.000000e+00
   outer loop
     vertex  1.214346e-02 -4.462612e-02  0.000000e+00
     vertex  1.214346e-02 -4.462612e-02  1.000000e-03
     vertex  1.208121e-02 -4.479997e-02  1.000000e-03
   endloop
 endfacet
 facet normal  9.424702e-01 -3.342902e-01  0.000000e+00
   outer loop
     vertex  1.220535e-02 -4.445166e-02  0.000000e+00
     vertex  1.214346e-02 -4.462612e-02  1.000000e-03
     vertex  1.214346e-02 -4.462612e-02  0.000000e+00
   endloop
 endfacet
 facet normal  9.424702e-01 -3.342902e-01  0.000000e+00
   outer loop
     vertex  1.220535e-02 -4.445166e-02  0.000000e+00
     vertex  1.220535e-02 -4.445166e-02  1.000000e-03
     vertex  1.214346e-02 -4.462612e-02  1.000000e-03
   endloop
 endfacet
 facet normal  9.434651e-01 -3.314720e-01  0.000000e+00
   outer loop
     vertex  1.226685e-02 -4.427660e-02  0.000000e+00
     vertex  1.220535e-02 -4.445166e-02  1.000000e-03
     vertex  1.220535e-02 -4.445166e-02  0.000000e+00
   endloop
 endfacet
 facet normal  9.434651e-01 -3.314720e-01  0.000000e+00
   outer loop
     vertex  1.226685e-02 -4.427660e-02  0.000000e+00
     vertex  1.226685e-02 -4.427660e-02  1.000000e-03
     vertex  1.220535e-02 -4.445166e-02  1.000000e-03
   endloop
 endfacet
 facet normal  9.444415e-01 -3.286795e-01  0.000000e+00
   outer loop
     vertex  1.232798e-02 -4.410095e-02  0.000000e+00
     vertex  1.226685e-02 -4.427660e-02  1.000000e-03
     vertex  1.226685e-02 -4.427660e-02  0.000000e+00
   endloop
 endfacet
 facet normal  9.444415e-01 -3.286795e-01  0.000000e+00
   outer loop
     vertex  1.232798e-02 -4.410095e-02  0.000000e+00
     vertex  1.232798e-02 -4.410095e-02  1.000000e-03
     vertex  1.226685e-02 -4.427660e-02  1.000000e-03
   endloop
 endfacet
 facet normal  9.453984e-01 -3.259171e-01  0.000000e+00
   outer loop
     vertex  1.238872e-02 -4.392475e-02  0.000000e+00
     vertex  1.232798e-02 -4.410095e-02  1.000000e-03
     vertex  1.232798e-02 -4.410095e-02  0.000000e+00
   endloop
 endfacet
 facet normal  9.453984e-01 -3.259171e-01  0.000000e+00
   outer loop
     vertex  1.238872e-02 -4.392475e-02  0.000000e+00
     vertex  1.238872e-02 -4.392475e-02  1.000000e-03
     vertex  1.232798e-02 -4.410095e-02  1.000000e-03
   endloop
 endfacet
 facet normal  9.463466e-01 -3.231533e-01  0.000000e+00
   outer loop
     vertex  1.244908e-02 -4.374800e-02  0.000000e+00
     vertex  1.238872e-02 -4.392475e-02  1.000000e-03
     vertex  1.238872e-02 -4.392475e-02  0.000000e+00
   endloop
 endfacet
 facet normal  9.463466e-01 -3.231533e-01  0.000000e+00
   outer loop
     vertex  1.244908e-02 -4.374800e-02  0.000000e+00
     vertex  1.244908e-02 -4.374800e-02  1.000000e-03
     vertex  1.238872e-02 -4.392475e-02  1.000000e-03
   endloop
 endfacet
 facet normal  9.472789e-01 -3.204101e-01  0.000000e+00
   outer loop
     vertex  1.250904e-02 -4.357071e-02  0.000000e+00
     vertex  1.244908e-02 -4.374800e-02  1.000000e-03
     vertex  1.244908e-02 -4.374800e-02  0.000000e+00
   endloop
 endfacet
 facet normal  9.472789e-01 -3.204101e-01  0.000000e+00
   outer loop
     vertex  1.250904e-02 -4.357071e-02  0.000000e+00
     vertex  1.250904e-02 -4.357071e-02  1.000000e-03
     vertex  1.244908e-02 -4.374800e-02  1.000000e-03
   endloop
 endfacet
 facet normal  9.482006e-01 -3.176721e-01  0.000000e+00
   outer loop
     vertex  1.256861e-02 -4.339291e-02  0.000000e+00
     vertex  1.250904e-02 -4.357071e-02  1.000000e-03
     vertex  1.250904e-02 -4.357071e-02  0.000000e+00
   endloop
 endfacet
 facet normal  9.482006e-01 -3.176721e-01  0.000000e+00
   outer loop
     vertex  1.256861e-02 -4.339291e-02  0.000000e+00
     vertex  1.256861e-02 -4.339291e-02  1.000000e-03
     vertex  1.250904e-02 -4.357071e-02  1.000000e-03
   endloop
 endfacet
 facet normal  9.491147e-01 -3.149307e-01  0.000000e+00
   outer loop
     vertex  1.262777e-02 -4.321462e-02  0.000000e+00
     vertex  1.256861e-02 -4.339291e-02  1.000000e-03
     vertex  1.256861e-02 -4.339291e-02  0.000000e+00
   endloop
 endfacet
 facet normal  9.491147e-01 -3.149307e-01  0.000000e+00
   outer loop
     vertex  1.262777e-02 -4.321462e-02  0.000000e+00
     vertex  1.262777e-02 -4.321462e-02  1.000000e-03
     vertex  1.256861e-02 -4.339291e-02  1.000000e-03
   endloop
 endfacet
 facet normal  9.500202e-01 -3.121884e-01  0.000000e+00
   outer loop
     vertex  1.268652e-02 -4.303584e-02  0.000000e+00
     vertex  1.262777e-02 -4.321462e-02  1.000000e-03
     vertex  1.262777e-02 -4.321462e-02  0.000000e+00
   endloop
 endfacet
 facet normal  9.500202e-01 -3.121884e-01  0.000000e+00
   outer loop
     vertex  1.268652e-02 -4.303584e-02  0.000000e+00
     vertex  1.268652e-02 -4.303584e-02  1.000000e-03
     vertex  1.262777e-02 -4.321462e-02  1.000000e-03
   endloop
 endfacet
 facet normal  9.509202e-01 -3.094363e-01  0.000000e+00
   outer loop
     vertex  1.274485e-02 -4.285660e-02  0.000000e+00
     vertex  1.268652e-02 -4.303584e-02  1.000000e-03
     vertex  1.268652e-02 -4.303584e-02  0.000000e+00
   endloop
 endfacet
 facet normal  9.509202e-01 -3.094363e-01  0.000000e+00
   outer loop
     vertex  1.274485e-02 -4.285660e-02  0.000000e+00
     vertex  1.274485e-02 -4.285660e-02  1.000000e-03
     vertex  1.268652e-02 -4.303584e-02  1.000000e-03
   endloop
 endfacet
 facet normal  9.518162e-01 -3.066691e-01  0.000000e+00
   outer loop
     vertex  1.280274e-02 -4.267692e-02  0.000000e+00
     vertex  1.274485e-02 -4.285660e-02  1.000000e-03
     vertex  1.274485e-02 -4.285660e-02  0.000000e+00
   endloop
 endfacet
 facet normal  9.518162e-01 -3.066691e-01  0.000000e+00
   outer loop
     vertex  1.280274e-02 -4.267692e-02  0.000000e+00
     vertex  1.280274e-02 -4.267692e-02  1.000000e-03
     vertex  1.274485e-02 -4.285660e-02  1.000000e-03
   endloop
 endfacet
 facet normal  9.527085e-01 -3.038858e-01  0.000000e+00
   outer loop
     vertex  1.286019e-02 -4.249680e-02  0.000000e+00
     vertex  1.280274e-02 -4.267692e-02  1.000000e-03
     vertex  1.280274e-02 -4.267692e-02  0.000000e+00
   endloop
 endfacet
 facet normal  9.527085e-01 -3.038858e-01  0.000000e+00
   outer loop
     vertex  1.286019e-02 -4.249680e-02  0.000000e+00
     vertex  1.286019e-02 -4.249680e-02  1.000000e-03
     vertex  1.280274e-02 -4.267692e-02  1.000000e-03
   endloop
 endfacet
 facet normal  9.535986e-01 -3.010811e-01  0.000000e+00
   outer loop
     vertex  1.291719e-02 -4.231627e-02  0.000000e+00
     vertex  1.286019e-02 -4.249680e-02  1.000000e-03
     vertex  1.286019e-02 -4.249680e-02  0.000000e+00
   endloop
 endfacet
 facet normal  9.535986e-01 -3.010811e-01  0.000000e+00
   outer loop
     vertex  1.291719e-02 -4.231627e-02  0.000000e+00
     vertex  1.291719e-02 -4.231627e-02  1.000000e-03
     vertex  1.286019e-02 -4.249680e-02  1.000000e-03
   endloop
 endfacet
 facet normal  9.544885e-01 -2.982477e-01  0.000000e+00
   outer loop
     vertex  1.297373e-02 -4.213534e-02  0.000000e+00
     vertex  1.291719e-02 -4.231627e-02  1.000000e-03
     vertex  1.291719e-02 -4.231627e-02  0.000000e+00
   endloop
 endfacet
 facet normal  9.544885e-01 -2.982477e-01  0.000000e+00
   outer loop
     vertex  1.297373e-02 -4.213534e-02  0.000000e+00
     vertex  1.297373e-02 -4.213534e-02  1.000000e-03
     vertex  1.291719e-02 -4.231627e-02  1.000000e-03
   endloop
 endfacet
 facet normal  9.553744e-01 -2.953975e-01  0.000000e+00
   outer loop
     vertex  1.302978e-02 -4.195404e-02  0.000000e+00
     vertex  1.297373e-02 -4.213534e-02  1.000000e-03
     vertex  1.297373e-02 -4.213534e-02  0.000000e+00
   endloop
 endfacet
 facet normal  9.553744e-01 -2.953975e-01  0.000000e+00
   outer loop
     vertex  1.302978e-02 -4.195404e-02  0.000000e+00
     vertex  1.302978e-02 -4.195404e-02  1.000000e-03
     vertex  1.297373e-02 -4.213534e-02  1.000000e-03
   endloop
 endfacet
 facet normal  9.562662e-01 -2.924979e-01  0.000000e+00
   outer loop
     vertex  1.308535e-02 -4.177237e-02  0.000000e+00
     vertex  1.302978e-02 -4.195404e-02  1.000000e-03
     vertex  1.302978e-02 -4.195404e-02  0.000000e+00
   endloop
 endfacet
 facet normal  9.562662e-01 -2.924979e-01  0.000000e+00
   outer loop
     vertex  1.308535e-02 -4.177237e-02  0.000000e+00
     vertex  1.308535e-02 -4.177237e-02  1.000000e-03
     vertex  1.302978e-02 -4.195404e-02  1.000000e-03
   endloop
 endfacet
 facet normal  9.571568e-01 -2.895702e-01  0.000000e+00
   outer loop
     vertex  1.314042e-02 -4.159035e-02  0.000000e+00
     vertex  1.308535e-02 -4.177237e-02  1.000000e-03
     vertex  1.308535e-02 -4.177237e-02  0.000000e+00
   endloop
 endfacet
 facet normal  9.571568e-01 -2.895702e-01  0.000000e+00
   outer loop
     vertex  1.314042e-02 -4.159035e-02  0.000000e+00
     vertex  1.314042e-02 -4.159035e-02  1.000000e-03
     vertex  1.308535e-02 -4.177237e-02  1.000000e-03
   endloop
 endfacet
 facet normal  9.580504e-01 -2.865997e-01  0.000000e+00
   outer loop
     vertex  1.319496e-02 -4.140801e-02  0.000000e+00
     vertex  1.314042e-02 -4.159035e-02  1.000000e-03
     vertex  1.314042e-02 -4.159035e-02  0.000000e+00
   endloop
 endfacet
 facet normal  9.580504e-01 -2.865997e-01  0.000000e+00
   outer loop
     vertex  1.319496e-02 -4.140801e-02  0.000000e+00
     vertex  1.319496e-02 -4.140801e-02  1.000000e-03
     vertex  1.314042e-02 -4.159035e-02  1.000000e-03
   endloop
 endfacet
 facet normal  9.589453e-01 -2.835912e-01  0.000000e+00
   outer loop
     vertex  1.324898e-02 -4.122535e-02  0.000000e+00
     vertex  1.319496e-02 -4.140801e-02  1.000000e-03
     vertex  1.319496e-02 -4.140801e-02  0.000000e+00
   endloop
 endfacet
 facet normal  9.589453e-01 -2.835912e-01  0.000000e+00
   outer loop
     vertex  1.324898e-02 -4.122535e-02  0.000000e+00
     vertex  1.324898e-02 -4.122535e-02  1.000000e-03
     vertex  1.319496e-02 -4.140801e-02  1.000000e-03
   endloop
 endfacet
 facet normal  9.598476e-01 -2.805222e-01  0.000000e+00
   outer loop
     vertex  1.330245e-02 -4.104240e-02  0.000000e+00
     vertex  1.324898e-02 -4.122535e-02  1.000000e-03
     vertex  1.324898e-02 -4.122535e-02  0.000000e+00
   endloop
 endfacet
 facet normal  9.598476e-01 -2.805222e-01  0.000000e+00
   outer loop
     vertex  1.330245e-02 -4.104240e-02  0.000000e+00
     vertex  1.330245e-02 -4.104240e-02  1.000000e-03
     vertex  1.324898e-02 -4.122535e-02  1.000000e-03
   endloop
 endfacet
 facet normal  9.607517e-01 -2.774098e-01  0.000000e+00
   outer loop
     vertex  1.335536e-02 -4.085917e-02  0.000000e+00
     vertex  1.330245e-02 -4.104240e-02  1.000000e-03
     vertex  1.330245e-02 -4.104240e-02  0.000000e+00
   endloop
 endfacet
 facet normal  9.607517e-01 -2.774098e-01  0.000000e+00
   outer loop
     vertex  1.335536e-02 -4.085917e-02  0.000000e+00
     vertex  1.335536e-02 -4.085917e-02  1.000000e-03
     vertex  1.330245e-02 -4.104240e-02  1.000000e-03
   endloop
 endfacet
 facet normal  9.616599e-01 -2.742449e-01  0.000000e+00
   outer loop
     vertex  1.340769e-02 -4.067568e-02  0.000000e+00
     vertex  1.335536e-02 -4.085917e-02  1.000000e-03
     vertex  1.335536e-02 -4.085917e-02  0.000000e+00
   endloop
 endfacet
 facet normal  9.616599e-01 -2.742449e-01  0.000000e+00
   outer loop
     vertex  1.340769e-02 -4.067568e-02  0.000000e+00
     vertex  1.340769e-02 -4.067568e-02  1.000000e-03
     vertex  1.335536e-02 -4.085917e-02  1.000000e-03
   endloop
 endfacet
 facet normal  9.625755e-01 -2.710138e-01  0.000000e+00
   outer loop
     vertex  1.345942e-02 -4.049195e-02  0.000000e+00
     vertex  1.340769e-02 -4.067568e-02  1.000000e-03
     vertex  1.340769e-02 -4.067568e-02  0.000000e+00
   endloop
 endfacet
 facet normal  9.625755e-01 -2.710138e-01  0.000000e+00
   outer loop
     vertex  1.345942e-02 -4.049195e-02  0.000000e+00
     vertex  1.345942e-02 -4.049195e-02  1.000000e-03
     vertex  1.340769e-02 -4.067568e-02  1.000000e-03
   endloop
 endfacet
 facet normal  9.634931e-01 -2.677330e-01  0.000000e+00
   outer loop
     vertex  1.351054e-02 -4.030798e-02  0.000000e+00
     vertex  1.345942e-02 -4.049195e-02  1.000000e-03
     vertex  1.345942e-02 -4.049195e-02  0.000000e+00
   endloop
 endfacet
 facet normal  9.634931e-01 -2.677330e-01  0.000000e+00
   outer loop
     vertex  1.351054e-02 -4.030798e-02  0.000000e+00
     vertex  1.351054e-02 -4.030798e-02  1.000000e-03
     vertex  1.345942e-02 -4.049195e-02  1.000000e-03
   endloop
 endfacet
 facet normal  9.644188e-01 -2.643791e-01  0.000000e+00
   outer loop
     vertex  1.356103e-02 -4.012380e-02  0.000000e+00
     vertex  1.351054e-02 -4.030798e-02  1.000000e-03
     vertex  1.351054e-02 -4.030798e-02  0.000000e+00
   endloop
 endfacet
 facet normal  9.644188e-01 -2.643791e-01  0.000000e+00
   outer loop
     vertex  1.356103e-02 -4.012380e-02  0.000000e+00
     vertex  1.356103e-02 -4.012380e-02  1.000000e-03
     vertex  1.351054e-02 -4.030798e-02  1.000000e-03
   endloop
 endfacet
 facet normal  9.653496e-01 -2.609601e-01  0.000000e+00
   outer loop
     vertex  1.361087e-02 -3.993943e-02  0.000000e+00
     vertex  1.356103e-02 -4.012380e-02  1.000000e-03
     vertex  1.356103e-02 -4.012380e-02  0.000000e+00
   endloop
 endfacet
 facet normal  9.653496e-01 -2.609601e-01  0.000000e+00
   outer loop
     vertex  1.361087e-02 -3.993943e-02  0.000000e+00
     vertex  1.361087e-02 -3.993943e-02  1.000000e-03
     vertex  1.356103e-02 -4.012380e-02  1.000000e-03
   endloop
 endfacet
 facet normal  9.662856e-01 -2.574727e-01  0.000000e+00
   outer loop
     vertex  1.366004e-02 -3.975488e-02  0.000000e+00
     vertex  1.361087e-02 -3.993943e-02  1.000000e-03
     vertex  1.361087e-02 -3.993943e-02  0.000000e+00
   endloop
 endfacet
 facet normal  9.662856e-01 -2.574727e-01  0.000000e+00
   outer loop
     vertex  1.366004e-02 -3.975488e-02  0.000000e+00
     vertex  1.366004e-02 -3.975488e-02  1.000000e-03
     vertex  1.361087e-02 -3.993943e-02  1.000000e-03
   endloop
 endfacet
 facet normal  9.672277e-01 -2.539107e-01  0.000000e+00
   outer loop
     vertex  1.370853e-02 -3.957016e-02  0.000000e+00
     vertex  1.366004e-02 -3.975488e-02  1.000000e-03
     vertex  1.366004e-02 -3.975488e-02  0.000000e+00
   endloop
 endfacet
 facet normal  9.672277e-01 -2.539107e-01  0.000000e+00
   outer loop
     vertex  1.370853e-02 -3.957016e-02  0.000000e+00
     vertex  1.370853e-02 -3.957016e-02  1.000000e-03
     vertex  1.366004e-02 -3.975488e-02  1.000000e-03
   endloop
 endfacet
 facet normal  9.681747e-01 -2.502754e-01  0.000000e+00
   outer loop
     vertex  1.375632e-02 -3.938530e-02  0.000000e+00
     vertex  1.370853e-02 -3.957016e-02  1.000000e-03
     vertex  1.370853e-02 -3.957016e-02  0.000000e+00
   endloop
 endfacet
 facet normal  9.681747e-01 -2.502754e-01  0.000000e+00
   outer loop
     vertex  1.375632e-02 -3.938530e-02  0.000000e+00
     vertex  1.375632e-02 -3.938530e-02  1.000000e-03
     vertex  1.370853e-02 -3.957016e-02  1.000000e-03
   endloop
 endfacet
 facet normal  9.691271e-01 -2.465618e-01  0.000000e+00
   outer loop
     vertex  1.380338e-02 -3.920031e-02  0.000000e+00
     vertex  1.375632e-02 -3.938530e-02  1.000000e-03
     vertex  1.375632e-02 -3.938530e-02  0.000000e+00
   endloop
 endfacet
 facet normal  9.691271e-01 -2.465618e-01  0.000000e+00
   outer loop
     vertex  1.380338e-02 -3.920031e-02  0.000000e+00
     vertex  1.380338e-02 -3.920031e-02  1.000000e-03
     vertex  1.375632e-02 -3.938530e-02  1.000000e-03
   endloop
 endfacet
 facet normal  9.700848e-01 -2.427662e-01  0.000000e+00
   outer loop
     vertex  1.384971e-02 -3.901521e-02  0.000000e+00
     vertex  1.380338e-02 -3.920031e-02  1.000000e-03
     vertex  1.380338e-02 -3.920031e-02  0.000000e+00
   endloop
 endfacet
 facet normal  9.700848e-01 -2.427662e-01  0.000000e+00
   outer loop
     vertex  1.384971e-02 -3.901521e-02  0.000000e+00
     vertex  1.384971e-02 -3.901521e-02  1.000000e-03
     vertex  1.380338e-02 -3.920031e-02  1.000000e-03
   endloop
 endfacet
 facet normal  9.710485e-01 -2.388822e-01  0.000000e+00
   outer loop
     vertex  1.389527e-02 -3.883000e-02  0.000000e+00
     vertex  1.384971e-02 -3.901521e-02  1.000000e-03
     vertex  1.384971e-02 -3.901521e-02  0.000000e+00
   endloop
 endfacet
 facet normal  9.710485e-01 -2.388822e-01  0.000000e+00
   outer loop
     vertex  1.389527e-02 -3.883000e-02  0.000000e+00
     vertex  1.389527e-02 -3.883000e-02  1.000000e-03
     vertex  1.384971e-02 -3.901521e-02  1.000000e-03
   endloop
 endfacet
 facet normal  9.720142e-01 -2.349221e-01  0.000000e+00
   outer loop
     vertex  1.394005e-02 -3.864471e-02  0.000000e+00
     vertex  1.389527e-02 -3.883000e-02  1.000000e-03
     vertex  1.389527e-02 -3.883000e-02  0.000000e+00
   endloop
 endfacet
 facet normal  9.720142e-01 -2.349221e-01  0.000000e+00
   outer loop
     vertex  1.394005e-02 -3.864471e-02  0.000000e+00
     vertex  1.394005e-02 -3.864471e-02  1.000000e-03
     vertex  1.389527e-02 -3.883000e-02  1.000000e-03
   endloop
 endfacet
 facet normal  9.729865e-01 -2.308620e-01  0.000000e+00
   outer loop
     vertex  1.398403e-02 -3.845936e-02  0.000000e+00
     vertex  1.394005e-02 -3.864471e-02  1.000000e-03
     vertex  1.394005e-02 -3.864471e-02  0.000000e+00
   endloop
 endfacet
 facet normal  9.729865e-01 -2.308620e-01  0.000000e+00
   outer loop
     vertex  1.398403e-02 -3.845936e-02  0.000000e+00
     vertex  1.398403e-02 -3.845936e-02  1.000000e-03
     vertex  1.394005e-02 -3.864471e-02  1.000000e-03
   endloop
 endfacet
 facet normal  9.739605e-01 -2.267179e-01  0.000000e+00
   outer loop
     vertex  1.402718e-02 -3.827396e-02  0.000000e+00
     vertex  1.398403e-02 -3.845936e-02  1.000000e-03
     vertex  1.398403e-02 -3.845936e-02  0.000000e+00
   endloop
 endfacet
 facet normal  9.739605e-01 -2.267179e-01  0.000000e+00
   outer loop
     vertex  1.402718e-02 -3.827396e-02  0.000000e+00
     vertex  1.402718e-02 -3.827396e-02  1.000000e-03
     vertex  1.398403e-02 -3.845936e-02  1.000000e-03
   endloop
 endfacet
 facet normal  9.749362e-01 -2.224847e-01  0.000000e+00
   outer loop
     vertex  1.406950e-02 -3.808852e-02  0.000000e+00
     vertex  1.402718e-02 -3.827396e-02  1.000000e-03
     vertex  1.402718e-02 -3.827396e-02  0.000000e+00
   endloop
 endfacet
 facet normal  9.749362e-01 -2.224847e-01  0.000000e+00
   outer loop
     vertex  1.406950e-02 -3.808852e-02  0.000000e+00
     vertex  1.406950e-02 -3.808852e-02  1.000000e-03
     vertex  1.402718e-02 -3.827396e-02  1.000000e-03
   endloop
 endfacet
 facet normal  9.759156e-01 -2.181483e-01  0.000000e+00
   outer loop
     vertex  1.411096e-02 -3.790306e-02  0.000000e+00
     vertex  1.406950e-02 -3.808852e-02  1.000000e-03
     vertex  1.406950e-02 -3.808852e-02  0.000000e+00
   endloop
 endfacet
 facet normal  9.759156e-01 -2.181483e-01  0.000000e+00
   outer loop
     vertex  1.411096e-02 -3.790306e-02  0.000000e+00
     vertex  1.411096e-02 -3.790306e-02  1.000000e-03
     vertex  1.406950e-02 -3.808852e-02  1.000000e-03
   endloop
 endfacet
 facet normal  9.768957e-01 -2.137168e-01  0.000000e+00
   outer loop
     vertex  1.415153e-02 -3.771760e-02  0.000000e+00
     vertex  1.411096e-02 -3.790306e-02  1.000000e-03
     vertex  1.411096e-02 -3.790306e-02  0.000000e+00
   endloop
 endfacet
 facet normal  9.768957e-01 -2.137168e-01  0.000000e+00
   outer loop
     vertex  1.415153e-02 -3.771760e-02  0.000000e+00
     vertex  1.415153e-02 -3.771760e-02  1.000000e-03
     vertex  1.411096e-02 -3.790306e-02  1.000000e-03
   endloop
 endfacet
 facet normal  9.778760e-01 -2.091855e-01  0.000000e+00
   outer loop
     vertex  1.419121e-02 -3.753214e-02  0.000000e+00
     vertex  1.415153e-02 -3.771760e-02  1.000000e-03
     vertex  1.415153e-02 -3.771760e-02  0.000000e+00
   endloop
 endfacet
 facet normal  9.778760e-01 -2.091855e-01  0.000000e+00
   outer loop
     vertex  1.419121e-02 -3.753214e-02  0.000000e+00
     vertex  1.419121e-02 -3.753214e-02  1.000000e-03
     vertex  1.415153e-02 -3.771760e-02  1.000000e-03
   endloop
 endfacet
 facet normal  9.788546e-01 -2.045571e-01  0.000000e+00
   outer loop
     vertex  1.422996e-02 -3.734672e-02  0.000000e+00
     vertex  1.419121e-02 -3.753214e-02  1.000000e-03
     vertex  1.419121e-02 -3.753214e-02  0.000000e+00
   endloop
 endfacet
 facet normal  9.788546e-01 -2.045571e-01  0.000000e+00
   outer loop
     vertex  1.422996e-02 -3.734672e-02  0.000000e+00
     vertex  1.422996e-02 -3.734672e-02  1.000000e-03
     vertex  1.419121e-02 -3.753214e-02  1.000000e-03
   endloop
 endfacet
 facet normal  9.798321e-01 -1.998226e-01  0.000000e+00
   outer loop
     vertex  1.426776e-02 -3.716133e-02  0.000000e+00
     vertex  1.422996e-02 -3.734672e-02  1.000000e-03
     vertex  1.422996e-02 -3.734672e-02  0.000000e+00
   endloop
 endfacet
 facet normal  9.798321e-01 -1.998226e-01  0.000000e+00
   outer loop
     vertex  1.426776e-02 -3.716133e-02  0.000000e+00
     vertex  1.426776e-02 -3.716133e-02  1.000000e-03
     vertex  1.422996e-02 -3.734672e-02  1.000000e-03
   endloop
 endfacet
 facet normal  9.808066e-01 -1.949833e-01  0.000000e+00
   outer loop
     vertex  1.430461e-02 -3.697600e-02  0.000000e+00
     vertex  1.426776e-02 -3.716133e-02  1.000000e-03
     vertex  1.426776e-02 -3.716133e-02  0.000000e+00
   endloop
 endfacet
 facet normal  9.808066e-01 -1.949833e-01  0.000000e+00
   outer loop
     vertex  1.430461e-02 -3.697600e-02  0.000000e+00
     vertex  1.430461e-02 -3.697600e-02  1.000000e-03
     vertex  1.426776e-02 -3.716133e-02  1.000000e-03
   endloop
 endfacet
 facet normal  9.817774e-01 -1.900344e-01  0.000000e+00
   outer loop
     vertex  1.434047e-02 -3.679073e-02  0.000000e+00
     vertex  1.430461e-02 -3.697600e-02  1.000000e-03
     vertex  1.430461e-02 -3.697600e-02  0.000000e+00
   endloop
 endfacet
 facet normal  9.817774e-01 -1.900344e-01  0.000000e+00
   outer loop
     vertex  1.434047e-02 -3.679073e-02  0.000000e+00
     vertex  1.434047e-02 -3.679073e-02  1.000000e-03
     vertex  1.430461e-02 -3.697600e-02  1.000000e-03
   endloop
 endfacet
 facet normal  9.827405e-01 -1.849896e-01  0.000000e+00
   outer loop
     vertex  1.437532e-02 -3.660555e-02  0.000000e+00
     vertex  1.434047e-02 -3.679073e-02  1.000000e-03
     vertex  1.434047e-02 -3.679073e-02  0.000000e+00
   endloop
 endfacet
 facet normal  9.827405e-01 -1.849896e-01  0.000000e+00
   outer loop
     vertex  1.437532e-02 -3.660555e-02  0.000000e+00
     vertex  1.437532e-02 -3.660555e-02  1.000000e-03
     vertex  1.434047e-02 -3.679073e-02  1.000000e-03
   endloop
 endfacet
 facet normal  9.836985e-01 -1.798255e-01  0.000000e+00
   outer loop
     vertex  1.440916e-02 -3.642047e-02  0.000000e+00
     vertex  1.437532e-02 -3.660555e-02  1.000000e-03
     vertex  1.437532e-02 -3.660555e-02  0.000000e+00
   endloop
 endfacet
 facet normal  9.836985e-01 -1.798255e-01  0.000000e+00
   outer loop
     vertex  1.440916e-02 -3.642047e-02  0.000000e+00
     vertex  1.440916e-02 -3.642047e-02  1.000000e-03
     vertex  1.437532e-02 -3.660555e-02  1.000000e-03
   endloop
 endfacet
 facet normal  9.846484e-01 -1.745496e-01  0.000000e+00
   outer loop
     vertex  1.444195e-02 -3.623550e-02  0.000000e+00
     vertex  1.440916e-02 -3.642047e-02  1.000000e-03
     vertex  1.440916e-02 -3.642047e-02  0.000000e+00
   endloop
 endfacet
 facet normal  9.846484e-01 -1.745496e-01  0.000000e+00
   outer loop
     vertex  1.444195e-02 -3.623550e-02  0.000000e+00
     vertex  1.444195e-02 -3.623550e-02  1.000000e-03
     vertex  1.440916e-02 -3.642047e-02  1.000000e-03
   endloop
 endfacet
 facet normal  9.855866e-01 -1.691716e-01  0.000000e+00
   outer loop
     vertex  1.447368e-02 -3.605065e-02  0.000000e+00
     vertex  1.444195e-02 -3.623550e-02  1.000000e-03
     vertex  1.444195e-02 -3.623550e-02  0.000000e+00
   endloop
 endfacet
 facet normal  9.855866e-01 -1.691716e-01  0.000000e+00
   outer loop
     vertex  1.447368e-02 -3.605065e-02  0.000000e+00
     vertex  1.447368e-02 -3.605065e-02  1.000000e-03
     vertex  1.444195e-02 -3.623550e-02  1.000000e-03
   endloop
 endfacet
 facet normal  9.865143e-01 -1.636749e-01  0.000000e+00
   outer loop
     vertex  1.450432e-02 -3.586595e-02  0.000000e+00
     vertex  1.447368e-02 -3.605065e-02  1.000000e-03
     vertex  1.447368e-02 -3.605065e-02  0.000000e+00
   endloop
 endfacet
 facet normal  9.865143e-01 -1.636749e-01  0.000000e+00
   outer loop
     vertex  1.450432e-02 -3.586595e-02  0.000000e+00
     vertex  1.450432e-02 -3.586595e-02  1.000000e-03
     vertex  1.447368e-02 -3.605065e-02  1.000000e-03
   endloop
 endfacet
 facet normal  9.874286e-01 -1.580654e-01  0.000000e+00
   outer loop
     vertex  1.453386e-02 -3.568139e-02  0.000000e+00
     vertex  1.450432e-02 -3.586595e-02  1.000000e-03
     vertex  1.450432e-02 -3.586595e-02  0.000000e+00
   endloop
 endfacet
 facet normal  9.874286e-01 -1.580654e-01  0.000000e+00
   outer loop
     vertex  1.453386e-02 -3.568139e-02  0.000000e+00
     vertex  1.453386e-02 -3.568139e-02  1.000000e-03
     vertex  1.450432e-02 -3.586595e-02  1.000000e-03
   endloop
 endfacet
 facet normal  9.883270e-01 -1.523476e-01  0.000000e+00
   outer loop
     vertex  1.456229e-02 -3.549700e-02  0.000000e+00
     vertex  1.453386e-02 -3.568139e-02  1.000000e-03
     vertex  1.453386e-02 -3.568139e-02  0.000000e+00
   endloop
 endfacet
 facet normal  9.883270e-01 -1.523476e-01  0.000000e+00
   outer loop
     vertex  1.456229e-02 -3.549700e-02  0.000000e+00
     vertex  1.456229e-02 -3.549700e-02  1.000000e-03
     vertex  1.453386e-02 -3.568139e-02  1.000000e-03
   endloop
 endfacet
 facet normal  9.892092e-01 -1.465099e-01  0.000000e+00
   outer loop
     vertex  1.458957e-02 -3.531279e-02  0.000000e+00
     vertex  1.456229e-02 -3.549700e-02  1.000000e-03
     vertex  1.456229e-02 -3.549700e-02  0.000000e+00
   endloop
 endfacet
 facet normal  9.892092e-01 -1.465099e-01  0.000000e+00
   outer loop
     vertex  1.458957e-02 -3.531279e-02  0.000000e+00
     vertex  1.458957e-02 -3.531279e-02  1.000000e-03
     vertex  1.456229e-02 -3.549700e-02  1.000000e-03
   endloop
 endfacet
 facet normal  9.900723e-01 -1.405588e-01  0.000000e+00
   outer loop
     vertex  1.461570e-02 -3.512877e-02  0.000000e+00
     vertex  1.458957e-02 -3.531279e-02  1.000000e-03
     vertex  1.458957e-02 -3.531279e-02  0.000000e+00
   endloop
 endfacet
 facet normal  9.900723e-01 -1.405588e-01  0.000000e+00
   outer loop
     vertex  1.461570e-02 -3.512877e-02  0.000000e+00
     vertex  1.461570e-02 -3.512877e-02  1.000000e-03
     vertex  1.458957e-02 -3.531279e-02  1.000000e-03
   endloop
 endfacet
 facet normal  9.909143e-01 -1.344949e-01  0.000000e+00
   outer loop
     vertex  1.464064e-02 -3.494496e-02  0.000000e+00
     vertex  1.461570e-02 -3.512877e-02  1.000000e-03
     vertex  1.461570e-02 -3.512877e-02  0.000000e+00
   endloop
 endfacet
 facet normal  9.909143e-01 -1.344949e-01  0.000000e+00
   outer loop
     vertex  1.464064e-02 -3.494496e-02  0.000000e+00
     vertex  1.464064e-02 -3.494496e-02  1.000000e-03
     vertex  1.461570e-02 -3.512877e-02  1.000000e-03
   endloop
 endfacet
 facet normal  9.917342e-01 -1.283097e-01  0.000000e+00
   outer loop
     vertex  1.466440e-02 -3.476136e-02  0.000000e+00
     vertex  1.464064e-02 -3.494496e-02  1.000000e-03
     vertex  1.464064e-02 -3.494496e-02  0.000000e+00
   endloop
 endfacet
 facet normal  9.917342e-01 -1.283097e-01  0.000000e+00
   outer loop
     vertex  1.466440e-02 -3.476136e-02  0.000000e+00
     vertex  1.466440e-02 -3.476136e-02  1.000000e-03
     vertex  1.464064e-02 -3.494496e-02  1.000000e-03
   endloop
 endfacet
 facet normal  9.925274e-01 -1.220220e-01  0.000000e+00
   outer loop
     vertex  1.468694e-02 -3.457798e-02  0.000000e+00
     vertex  1.466440e-02 -3.476136e-02  1.000000e-03
     vertex  1.466440e-02 -3.476136e-02  0.000000e+00
   endloop
 endfacet
 facet normal  9.925274e-01 -1.220220e-01  0.000000e+00
   outer loop
     vertex  1.468694e-02 -3.457798e-02  0.000000e+00
     vertex  1.468694e-02 -3.457798e-02  1.000000e-03
     vertex  1.466440e-02 -3.476136e-02  1.000000e-03
   endloop
 endfacet
 facet normal  9.932946e-01 -1.156104e-01  0.000000e+00
   outer loop
     vertex  1.470826e-02 -3.439485e-02  0.000000e+00
     vertex  1.468694e-02 -3.457798e-02  1.000000e-03
     vertex  1.468694e-02 -3.457798e-02  0.000000e+00
   endloop
 endfacet
 facet normal  9.932946e-01 -1.156104e-01  0.000000e+00
   outer loop
     vertex  1.470826e-02 -3.439485e-02  0.000000e+00
     vertex  1.470826e-02 -3.439485e-02  1.000000e-03
     vertex  1.468694e-02 -3.457798e-02  1.000000e-03
   endloop
 endfacet
 facet normal  9.940321e-01 -1.090880e-01  0.000000e+00
   outer loop
     vertex  1.472833e-02 -3.421197e-02  0.000000e+00
     vertex  1.470826e-02 -3.439485e-02  1.000000e-03
     vertex  1.470826e-02 -3.439485e-02  0.000000e+00
   endloop
 endfacet
 facet normal  9.940321e-01 -1.090880e-01  0.000000e+00
   outer loop
     vertex  1.472833e-02 -3.421197e-02  0.000000e+00
     vertex  1.472833e-02 -3.421197e-02  1.000000e-03
     vertex  1.470826e-02 -3.439485e-02  1.000000e-03
   endloop
 endfacet
 facet normal  9.947378e-01 -1.024539e-01  0.000000e+00
   outer loop
     vertex  1.474714e-02 -3.402935e-02  0.000000e+00
     vertex  1.472833e-02 -3.421197e-02  1.000000e-03
     vertex  1.472833e-02 -3.421197e-02  0.000000e+00
   endloop
 endfacet
 facet normal  9.947378e-01 -1.024539e-01  0.000000e+00
   outer loop
     vertex  1.474714e-02 -3.402935e-02  0.000000e+00
     vertex  1.474714e-02 -3.402935e-02  1.000000e-03
     vertex  1.472833e-02 -3.421197e-02  1.000000e-03
   endloop
 endfacet
 facet normal  9.954097e-01 -9.570502e-02  0.000000e+00
   outer loop
     vertex  1.476467e-02 -3.384700e-02  0.000000e+00
     vertex  1.474714e-02 -3.402935e-02  1.000000e-03
     vertex  1.474714e-02 -3.402935e-02  0.000000e+00
   endloop
 endfacet
 facet normal  9.954097e-01 -9.570502e-02  0.000000e+00
   outer loop
     vertex  1.476467e-02 -3.384700e-02  0.000000e+00
     vertex  1.476467e-02 -3.384700e-02  1.000000e-03
     vertex  1.474714e-02 -3.402935e-02  1.000000e-03
   endloop
 endfacet
 facet normal  9.960448e-01 -8.885256e-02  0.000000e+00
   outer loop
     vertex  1.478091e-02 -3.366494e-02  0.000000e+00
     vertex  1.476467e-02 -3.384700e-02  1.000000e-03
     vertex  1.476467e-02 -3.384700e-02  0.000000e+00
   endloop
 endfacet
 facet normal  9.960448e-01 -8.885256e-02  0.000000e+00
   outer loop
     vertex  1.478091e-02 -3.366494e-02  0.000000e+00
     vertex  1.478091e-02 -3.366494e-02  1.000000e-03
     vertex  1.476467e-02 -3.384700e-02  1.000000e-03
   endloop
 endfacet
 facet normal  9.966419e-01 -8.188333e-02  0.000000e+00
   outer loop
     vertex  1.479584e-02 -3.348317e-02  0.000000e+00
     vertex  1.478091e-02 -3.366494e-02  1.000000e-03
     vertex  1.478091e-02 -3.366494e-02  0.000000e+00
   endloop
 endfacet
 facet normal  9.966419e-01 -8.188333e-02  0.000000e+00
   outer loop
     vertex  1.479584e-02 -3.348317e-02  0.000000e+00
     vertex  1.479584e-02 -3.348317e-02  1.000000e-03
     vertex  1.478091e-02 -3.366494e-02  1.000000e-03
   endloop
 endfacet
 facet normal  9.971976e-01 -7.481290e-02  0.000000e+00
   outer loop
     vertex  1.480946e-02 -3.330171e-02  0.000000e+00
     vertex  1.479584e-02 -3.348317e-02  1.000000e-03
     vertex  1.479584e-02 -3.348317e-02  0.000000e+00
   endloop
 endfacet
 facet normal  9.971976e-01 -7.481290e-02  0.000000e+00
   outer loop
     vertex  1.480946e-02 -3.330171e-02  0.000000e+00
     vertex  1.480946e-02 -3.330171e-02  1.000000e-03
     vertex  1.479584e-02 -3.348317e-02  1.000000e-03
   endloop
 endfacet
 facet normal  9.977102e-01 -6.763427e-02  0.000000e+00
   outer loop
     vertex  1.482174e-02 -3.312056e-02  0.000000e+00
     vertex  1.480946e-02 -3.330171e-02  1.000000e-03
     vertex  1.480946e-02 -3.330171e-02  0.000000e+00
   endloop
 endfacet
 facet normal  9.977102e-01 -6.763427e-02  0.000000e+00
   outer loop
     vertex  1.482174e-02 -3.312056e-02  0.000000e+00
     vertex  1.482174e-02 -3.312056e-02  1.000000e-03
     vertex  1.480946e-02 -3.330171e-02  1.000000e-03
   endloop
 endfacet
 facet normal  9.981769e-01 -6.035673e-02  0.000000e+00
   outer loop
     vertex  1.483267e-02 -3.293973e-02  0.000000e+00
     vertex  1.482174e-02 -3.312056e-02  1.000000e-03
     vertex  1.482174e-02 -3.312056e-02  0.000000e+00
   endloop
 endfacet
 facet normal  9.981769e-01 -6.035673e-02  0.000000e+00
   outer loop
     vertex  1.483267e-02 -3.293973e-02  0.000000e+00
     vertex  1.483267e-02 -3.293973e-02  1.000000e-03
     vertex  1.482174e-02 -3.312056e-02  1.000000e-03
   endloop
 endfacet
 facet normal  9.985961e-01 -5.296914e-02  0.000000e+00
   outer loop
     vertex  1.484225e-02 -3.275924e-02  0.000000e+00
     vertex  1.483267e-02 -3.293973e-02  1.000000e-03
     vertex  1.483267e-02 -3.293973e-02  0.000000e+00
   endloop
 endfacet
 facet normal  9.985961e-01 -5.296914e-02  0.000000e+00
   outer loop
     vertex  1.484225e-02 -3.275924e-02  0.000000e+00
     vertex  1.484225e-02 -3.275924e-02  1.000000e-03
     vertex  1.483267e-02 -3.293973e-02  1.000000e-03
   endloop
 endfacet
 facet normal  9.989644e-01 -4.549796e-02  0.000000e+00
   outer loop
     vertex  1.485045e-02 -3.257909e-02  0.000000e+00
     vertex  1.484225e-02 -3.275924e-02  1.000000e-03
     vertex  1.484225e-02 -3.275924e-02  0.000000e+00
   endloop
 endfacet
 facet normal  9.989644e-01 -4.549796e-02  0.000000e+00
   outer loop
     vertex  1.485045e-02 -3.257909e-02  0.000000e+00
     vertex  1.485045e-02 -3.257909e-02  1.000000e-03
     vertex  1.484225e-02 -3.275924e-02  1.000000e-03
   endloop
 endfacet
 facet normal  9.992808e-01 -3.792043e-02  0.000000e+00
   outer loop
     vertex  1.485727e-02 -3.239929e-02  0.000000e+00
     vertex  1.485045e-02 -3.257909e-02  1.000000e-03
     vertex  1.485045e-02 -3.257909e-02  0.000000e+00
   endloop
 endfacet
 facet normal  9.992808e-01 -3.792043e-02  0.000000e+00
   outer loop
     vertex  1.485727e-02 -3.239929e-02  0.000000e+00
     vertex  1.485727e-02 -3.239929e-02  1.000000e-03
     vertex  1.485045e-02 -3.257909e-02  1.000000e-03
   endloop
 endfacet
 facet normal  9.995421e-01 -3.025793e-02  0.000000e+00
   outer loop
     vertex  1.486271e-02 -3.221985e-02  0.000000e+00
     vertex  1.485727e-02 -3.239929e-02  1.000000e-03
     vertex  1.485727e-02 -3.239929e-02  0.000000e+00
   endloop
 endfacet
 facet normal  9.995421e-01 -3.025793e-02  0.000000e+00
   outer loop
     vertex  1.486271e-02 -3.221985e-02  0.000000e+00
     vertex  1.486271e-02 -3.221985e-02  1.000000e-03
     vertex  1.485727e-02 -3.239929e-02  1.000000e-03
   endloop
 endfacet
 facet normal  9.997467e-01 -2.250442e-02  0.000000e+00
   outer loop
     vertex  1.486674e-02 -3.204077e-02  0.000000e+00
     vertex  1.486271e-02 -3.221985e-02  1.000000e-03
     vertex  1.486271e-02 -3.221985e-02  0.000000e+00
   endloop
 endfacet
 facet normal  9.997467e-01 -2.250442e-02  0.000000e+00
   outer loop
     vertex  1.486674e-02 -3.204077e-02  0.000000e+00
     vertex  1.486674e-02 -3.204077e-02  1.000000e-03
     vertex  1.486271e-02 -3.221985e-02  1.000000e-03
   endloop
 endfacet
 facet normal  9.998924e-01 -1.467114e-02  0.000000e+00
   outer loop
     vertex  1.486936e-02 -3.186207e-02  0.000000e+00
     vertex  1.486674e-02 -3.204077e-02  1.000000e-03
     vertex  1.486674e-02 -3.204077e-02  0.000000e+00
   endloop
 endfacet
 facet normal  9.998924e-01 -1.467114e-02  0.000000e+00
   outer loop
     vertex  1.486936e-02 -3.186207e-02  0.000000e+00
     vertex  1.486936e-02 -3.186207e-02  1.000000e-03
     vertex  1.486674e-02 -3.204077e-02  1.000000e-03
   endloop
 endfacet
 facet normal  9.999772e-01 -6.757436e-03  0.000000e+00
   outer loop
     vertex  1.487056e-02 -3.168376e-02  0.000000e+00
     vertex  1.486936e-02 -3.186207e-02  1.000000e-03
     vertex  1.486936e-02 -3.186207e-02  0.000000e+00
   endloop
 endfacet
 facet normal  9.999772e-01 -6.757436e-03  0.000000e+00
   outer loop
     vertex  1.487056e-02 -3.168376e-02  0.000000e+00
     vertex  1.487056e-02 -3.168376e-02  1.000000e-03
     vertex  1.486936e-02 -3.186207e-02  1.000000e-03
   endloop
 endfacet
 facet normal  9.999992e-01  1.236454e-03  0.000000e+00
   outer loop
     vertex  1.487034e-02 -3.150583e-02  0.000000e+00
     vertex  1.487056e-02 -3.168376e-02  1.000000e-03
     vertex  1.487056e-02 -3.168376e-02  0.000000e+00
   endloop
 endfacet
 facet normal  9.999992e-01  1.236454e-03 -0.000000e+00
   outer loop
     vertex  1.487034e-02 -3.150583e-02  0.000000e+00
     vertex  1.487034e-02 -3.150583e-02  1.000000e-03
     vertex  1.487056e-02 -3.168376e-02  1.000000e-03
   endloop
 endfacet
 facet normal  9.999569e-01  9.287961e-03  0.000000e+00
   outer loop
     vertex  1.486869e-02 -3.132829e-02  0.000000e+00
     vertex  1.487034e-02 -3.150583e-02  1.000000e-03
     vertex  1.487034e-02 -3.150583e-02  0.000000e+00
   endloop
 endfacet
 facet normal  9.999569e-01  9.287961e-03 -0.000000e+00
   outer loop
     vertex  1.486869e-02 -3.132829e-02  0.000000e+00
     vertex  1.486869e-02 -3.132829e-02  1.000000e-03
     vertex  1.487034e-02 -3.150583e-02  1.000000e-03
   endloop
 endfacet
 facet normal  9.998484e-01  1.741385e-02  0.000000e+00
   outer loop
     vertex  1.486561e-02 -3.115116e-02  0.000000e+00
     vertex  1.486869e-02 -3.132829e-02  1.000000e-03
     vertex  1.486869e-02 -3.132829e-02  0.000000e+00
   endloop
 endfacet
 facet normal  9.998484e-01  1.741385e-02 -0.000000e+00
   outer loop
     vertex  1.486561e-02 -3.115116e-02  0.000000e+00
     vertex  1.486561e-02 -3.115116e-02  1.000000e-03
     vertex  1.486869e-02 -3.132829e-02  1.000000e-03
   endloop
 endfacet
 facet normal  9.996725e-01  2.559100e-02  0.000000e+00
   outer loop
     vertex  1.486108e-02 -3.097444e-02  0.000000e+00
     vertex  1.486561e-02 -3.115116e-02  1.000000e-03
     vertex  1.486561e-02 -3.115116e-02  0.000000e+00
   endloop
 endfacet
 facet normal  9.996725e-01  2.559100e-02 -0.000000e+00
   outer loop
     vertex  1.486108e-02 -3.097444e-02  0.000000e+00
     vertex  1.486108e-02 -3.097444e-02  1.000000e-03
     vertex  1.486561e-02 -3.115116e-02  1.000000e-03
   endloop
 endfacet
 facet normal  9.994276e-01  3.382990e-02  0.000000e+00
   outer loop
     vertex  1.485512e-02 -3.079813e-02  0.000000e+00
     vertex  1.486108e-02 -3.097444e-02  1.000000e-03
     vertex  1.486108e-02 -3.097444e-02  0.000000e+00
   endloop
 endfacet
 facet normal  9.994276e-01  3.382990e-02 -0.000000e+00
   outer loop
     vertex  1.485512e-02 -3.079813e-02  0.000000e+00
     vertex  1.485512e-02 -3.079813e-02  1.000000e-03
     vertex  1.486108e-02 -3.097444e-02  1.000000e-03
   endloop
 endfacet
 facet normal  9.991128e-01  4.211371e-02  0.000000e+00
   outer loop
     vertex  1.484770e-02 -3.062224e-02  0.000000e+00
     vertex  1.485512e-02 -3.079813e-02  1.000000e-03
     vertex  1.485512e-02 -3.079813e-02  0.000000e+00
   endloop
 endfacet
 facet normal  9.991128e-01  4.211371e-02 -0.000000e+00
   outer loop
     vertex  1.484770e-02 -3.062224e-02  0.000000e+00
     vertex  1.484770e-02 -3.062224e-02  1.000000e-03
     vertex  1.485512e-02 -3.079813e-02  1.000000e-03
   endloop
 endfacet
 facet normal  9.987274e-01  5.043468e-02  0.000000e+00
   outer loop
     vertex  1.483884e-02 -3.044677e-02  0.000000e+00
     vertex  1.484770e-02 -3.062224e-02  1.000000e-03
     vertex  1.484770e-02 -3.062224e-02  0.000000e+00
   endloop
 endfacet
 facet normal  9.987274e-01  5.043468e-02 -0.000000e+00
   outer loop
     vertex  1.483884e-02 -3.044677e-02  0.000000e+00
     vertex  1.483884e-02 -3.044677e-02  1.000000e-03
     vertex  1.484770e-02 -3.062224e-02  1.000000e-03
   endloop
 endfacet
 facet normal  9.982702e-01  5.879290e-02  0.000000e+00
   outer loop
     vertex  1.482853e-02 -3.027173e-02  0.000000e+00
     vertex  1.483884e-02 -3.044677e-02  1.000000e-03
     vertex  1.483884e-02 -3.044677e-02  0.000000e+00
   endloop
 endfacet
 facet normal  9.982702e-01  5.879290e-02 -0.000000e+00
   outer loop
     vertex  1.482853e-02 -3.027173e-02  0.000000e+00
     vertex  1.482853e-02 -3.027173e-02  1.000000e-03
     vertex  1.483884e-02 -3.044677e-02  1.000000e-03
   endloop
 endfacet
 facet normal  9.977412e-01  6.717549e-02  0.000000e+00
   outer loop
     vertex  1.481678e-02 -3.009712e-02  0.000000e+00
     vertex  1.482853e-02 -3.027173e-02  1.000000e-03
     vertex  1.482853e-02 -3.027173e-02  0.000000e+00
   endloop
 endfacet
 facet normal  9.977412e-01  6.717549e-02 -0.000000e+00
   outer loop
     vertex  1.481678e-02 -3.009712e-02  0.000000e+00
     vertex  1.481678e-02 -3.009712e-02  1.000000e-03
     vertex  1.482853e-02 -3.027173e-02  1.000000e-03
   endloop
 endfacet
 facet normal  9.971401e-01  7.557527e-02  0.000000e+00
   outer loop
     vertex  1.480358e-02 -2.992294e-02  0.000000e+00
     vertex  1.481678e-02 -3.009712e-02  1.000000e-03
     vertex  1.481678e-02 -3.009712e-02  0.000000e+00
   endloop
 endfacet
 facet normal  9.971401e-01  7.557527e-02 -0.000000e+00
   outer loop
     vertex  1.480358e-02 -2.992294e-02  0.000000e+00
     vertex  1.480358e-02 -2.992294e-02  1.000000e-03
     vertex  1.481678e-02 -3.009712e-02  1.000000e-03
   endloop
 endfacet
 facet normal  9.964660e-01  8.399667e-02  0.000000e+00
   outer loop
     vertex  1.478893e-02 -2.974921e-02  0.000000e+00
     vertex  1.480358e-02 -2.992294e-02  1.000000e-03
     vertex  1.480358e-02 -2.992294e-02  0.000000e+00
   endloop
 endfacet
 facet normal  9.964660e-01  8.399667e-02 -0.000000e+00
   outer loop
     vertex  1.478893e-02 -2.974921e-02  0.000000e+00
     vertex  1.478893e-02 -2.974921e-02  1.000000e-03
     vertex  1.480358e-02 -2.992294e-02  1.000000e-03
   endloop
 endfacet
 facet normal  9.957205e-01  9.241617e-02  0.000000e+00
   outer loop
     vertex  1.477285e-02 -2.957591e-02  0.000000e+00
     vertex  1.478893e-02 -2.974921e-02  1.000000e-03
     vertex  1.478893e-02 -2.974921e-02  0.000000e+00
   endloop
 endfacet
 facet normal  9.957205e-01  9.241617e-02 -0.000000e+00
   outer loop
     vertex  1.477285e-02 -2.957591e-02  0.000000e+00
     vertex  1.477285e-02 -2.957591e-02  1.000000e-03
     vertex  1.478893e-02 -2.974921e-02  1.000000e-03
   endloop
 endfacet
 facet normal  9.949036e-01  1.008309e-01  0.000000e+00
   outer loop
     vertex  1.475533e-02 -2.940306e-02  0.000000e+00
     vertex  1.477285e-02 -2.957591e-02  1.000000e-03
     vertex  1.477285e-02 -2.957591e-02  0.000000e+00
   endloop
 endfacet
 facet normal  9.949036e-01  1.008309e-01 -0.000000e+00
   outer loop
     vertex  1.475533e-02 -2.940306e-02  0.000000e+00
     vertex  1.475533e-02 -2.940306e-02  1.000000e-03
     vertex  1.477285e-02 -2.957591e-02  1.000000e-03
   endloop
 endfacet
 facet normal  9.940153e-01  1.092405e-01  0.000000e+00
   outer loop
     vertex  1.473638e-02 -2.923066e-02  0.000000e+00
     vertex  1.475533e-02 -2.940306e-02  1.000000e-03
     vertex  1.475533e-02 -2.940306e-02  0.000000e+00
   endloop
 endfacet
 facet normal  9.940153e-01  1.092405e-01 -0.000000e+00
   outer loop
     vertex  1.473638e-02 -2.923066e-02  0.000000e+00
     vertex  1.473638e-02 -2.923066e-02  1.000000e-03
     vertex  1.475533e-02 -2.940306e-02  1.000000e-03
   endloop
 endfacet
 facet normal  9.930581e-01  1.176253e-01  0.000000e+00
   outer loop
     vertex  1.471601e-02 -2.905870e-02  0.000000e+00
     vertex  1.473638e-02 -2.923066e-02  1.000000e-03
     vertex  1.473638e-02 -2.923066e-02  0.000000e+00
   endloop
 endfacet
 facet normal  9.930581e-01  1.176253e-01 -0.000000e+00
   outer loop
     vertex  1.471601e-02 -2.905870e-02  0.000000e+00
     vertex  1.471601e-02 -2.905870e-02  1.000000e-03
     vertex  1.473638e-02 -2.923066e-02  1.000000e-03
   endloop
 endfacet
 facet normal  9.920322e-01  1.259844e-01  0.000000e+00
   outer loop
     vertex  1.469423e-02 -2.888719e-02  0.000000e+00
     vertex  1.471601e-02 -2.905870e-02  1.000000e-03
     vertex  1.471601e-02 -2.905870e-02  0.000000e+00
   endloop
 endfacet
 facet normal  9.920322e-01  1.259844e-01 -0.000000e+00
   outer loop
     vertex  1.469423e-02 -2.888719e-02  0.000000e+00
     vertex  1.469423e-02 -2.888719e-02  1.000000e-03
     vertex  1.471601e-02 -2.905870e-02  1.000000e-03
   endloop
 endfacet
 facet normal  9.909411e-01  1.342971e-01  0.000000e+00
   outer loop
     vertex  1.467105e-02 -2.871613e-02  0.000000e+00
     vertex  1.469423e-02 -2.888719e-02  1.000000e-03
     vertex  1.469423e-02 -2.888719e-02  0.000000e+00
   endloop
 endfacet
 facet normal  9.909411e-01  1.342971e-01 -0.000000e+00
   outer loop
     vertex  1.467105e-02 -2.871613e-02  0.000000e+00
     vertex  1.467105e-02 -2.871613e-02  1.000000e-03
     vertex  1.469423e-02 -2.888719e-02  1.000000e-03
   endloop
 endfacet
 facet normal  9.897841e-01  1.425746e-01  0.000000e+00
   outer loop
     vertex  1.464647e-02 -2.854552e-02  0.000000e+00
     vertex  1.467105e-02 -2.871613e-02  1.000000e-03
     vertex  1.467105e-02 -2.871613e-02  0.000000e+00
   endloop
 endfacet
 facet normal  9.897841e-01  1.425746e-01 -0.000000e+00
   outer loop
     vertex  1.464647e-02 -2.854552e-02  0.000000e+00
     vertex  1.464647e-02 -2.854552e-02  1.000000e-03
     vertex  1.467105e-02 -2.871613e-02  1.000000e-03
   endloop
 endfacet
 facet normal  9.885664e-01  1.507862e-01  0.000000e+00
   outer loop
     vertex  1.462052e-02 -2.837536e-02  0.000000e+00
     vertex  1.464647e-02 -2.854552e-02  1.000000e-03
     vertex  1.464647e-02 -2.854552e-02  0.000000e+00
   endloop
 endfacet
 facet normal  9.885664e-01  1.507862e-01 -0.000000e+00
   outer loop
     vertex  1.462052e-02 -2.837536e-02  0.000000e+00
     vertex  1.462052e-02 -2.837536e-02  1.000000e-03
     vertex  1.464647e-02 -2.854552e-02  1.000000e-03
   endloop
 endfacet
 facet normal  9.872881e-01  1.589411e-01  0.000000e+00
   outer loop
     vertex  1.459320e-02 -2.820564e-02  0.000000e+00
     vertex  1.462052e-02 -2.837536e-02  1.000000e-03
     vertex  1.462052e-02 -2.837536e-02  0.000000e+00
   endloop
 endfacet
 facet normal  9.872881e-01  1.589411e-01 -0.000000e+00
   outer loop
     vertex  1.459320e-02 -2.820564e-02  0.000000e+00
     vertex  1.459320e-02 -2.820564e-02  1.000000e-03
     vertex  1.462052e-02 -2.837536e-02  1.000000e-03
   endloop
 endfacet
 facet normal  9.859544e-01  1.670149e-01  0.000000e+00
   outer loop
     vertex  1.456452e-02 -2.803637e-02  0.000000e+00
     vertex  1.459320e-02 -2.820564e-02  1.000000e-03
     vertex  1.459320e-02 -2.820564e-02  0.000000e+00
   endloop
 endfacet
 facet normal  9.859544e-01  1.670149e-01 -0.000000e+00
   outer loop
     vertex  1.456452e-02 -2.803637e-02  0.000000e+00
     vertex  1.456452e-02 -2.803637e-02  1.000000e-03
     vertex  1.459320e-02 -2.820564e-02  1.000000e-03
   endloop
 endfacet
 facet normal  9.845673e-01  1.750062e-01  0.000000e+00
   outer loop
     vertex  1.453452e-02 -2.786755e-02  0.000000e+00
     vertex  1.456452e-02 -2.803637e-02  1.000000e-03
     vertex  1.456452e-02 -2.803637e-02  0.000000e+00
   endloop
 endfacet
 facet normal  9.845673e-01  1.750062e-01 -0.000000e+00
   outer loop
     vertex  1.453452e-02 -2.786755e-02  0.000000e+00
     vertex  1.453452e-02 -2.786755e-02  1.000000e-03
     vertex  1.456452e-02 -2.803637e-02  1.000000e-03
   endloop
 endfacet
 facet normal  9.831306e-01  1.829050e-01  0.000000e+00
   outer loop
     vertex  1.450319e-02 -2.769917e-02  0.000000e+00
     vertex  1.453452e-02 -2.786755e-02  1.000000e-03
     vertex  1.453452e-02 -2.786755e-02  0.000000e+00
   endloop
 endfacet
 facet normal  9.831306e-01  1.829050e-01 -0.000000e+00
   outer loop
     vertex  1.450319e-02 -2.769917e-02  0.000000e+00
     vertex  1.450319e-02 -2.769917e-02  1.000000e-03
     vertex  1.453452e-02 -2.786755e-02  1.000000e-03
   endloop
 endfacet
 facet normal  9.816491e-01  1.906961e-01  0.000000e+00
   outer loop
     vertex  1.447057e-02 -2.753123e-02  0.000000e+00
     vertex  1.450319e-02 -2.769917e-02  1.000000e-03
     vertex  1.450319e-02 -2.769917e-02  0.000000e+00
   endloop
 endfacet
 facet normal  9.816491e-01  1.906961e-01 -0.000000e+00
   outer loop
     vertex  1.447057e-02 -2.753123e-02  0.000000e+00
     vertex  1.447057e-02 -2.753123e-02  1.000000e-03
     vertex  1.450319e-02 -2.769917e-02  1.000000e-03
   endloop
 endfacet
 facet normal  9.801259e-01  1.983763e-01  0.000000e+00
   outer loop
     vertex  1.443666e-02 -2.736373e-02  0.000000e+00
     vertex  1.447057e-02 -2.753123e-02  1.000000e-03
     vertex  1.447057e-02 -2.753123e-02  0.000000e+00
   endloop
 endfacet
 facet normal  9.801259e-01  1.983763e-01 -0.000000e+00
   outer loop
     vertex  1.443666e-02 -2.736373e-02  0.000000e+00
     vertex  1.443666e-02 -2.736373e-02  1.000000e-03
     vertex  1.447057e-02 -2.753123e-02  1.000000e-03
   endloop
 endfacet
 facet normal  9.785666e-01  2.059308e-01  0.000000e+00
   outer loop
     vertex  1.440151e-02 -2.719666e-02  0.000000e+00
     vertex  1.443666e-02 -2.736373e-02  1.000000e-03
     vertex  1.443666e-02 -2.736373e-02  0.000000e+00
   endloop
 endfacet
 facet normal  9.785666e-01  2.059308e-01 -0.000000e+00
   outer loop
     vertex  1.440151e-02 -2.719666e-02  0.000000e+00
     vertex  1.440151e-02 -2.719666e-02  1.000000e-03
     vertex  1.443666e-02 -2.736373e-02  1.000000e-03
   endloop
 endfacet
 facet normal  9.769756e-01  2.133508e-01  0.000000e+00
   outer loop
     vertex  1.436512e-02 -2.703003e-02  0.000000e+00
     vertex  1.440151e-02 -2.719666e-02  1.000000e-03
     vertex  1.440151e-02 -2.719666e-02  0.000000e+00
   endloop
 endfacet
 facet normal  9.769756e-01  2.133508e-01 -0.000000e+00
   outer loop
     vertex  1.436512e-02 -2.703003e-02  0.000000e+00
     vertex  1.436512e-02 -2.703003e-02  1.000000e-03
     vertex  1.440151e-02 -2.719666e-02  1.000000e-03
   endloop
 endfacet
 facet normal  9.753577e-01  2.206295e-01  0.000000e+00
   outer loop
     vertex  1.432752e-02 -2.686381e-02  0.000000e+00
     vertex  1.436512e-02 -2.703003e-02  1.000000e-03
     vertex  1.436512e-02 -2.703003e-02  0.000000e+00
   endloop
 endfacet
 facet normal  9.753577e-01  2.206295e-01 -0.000000e+00
   outer loop
     vertex  1.432752e-02 -2.686381e-02  0.000000e+00
     vertex  1.432752e-02 -2.686381e-02  1.000000e-03
     vertex  1.436512e-02 -2.703003e-02  1.000000e-03
   endloop
 endfacet
 facet normal  9.737189e-01  2.277530e-01  0.000000e+00
   outer loop
     vertex  1.428874e-02 -2.669802e-02  0.000000e+00
     vertex  1.432752e-02 -2.686381e-02  1.000000e-03
     vertex  1.432752e-02 -2.686381e-02  0.000000e+00
   endloop
 endfacet
 facet normal  9.737189e-01  2.277530e-01 -0.000000e+00
   outer loop
     vertex  1.428874e-02 -2.669802e-02  0.000000e+00
     vertex  1.428874e-02 -2.669802e-02  1.000000e-03
     vertex  1.432752e-02 -2.686381e-02  1.000000e-03
   endloop
 endfacet
 facet normal  9.720659e-01  2.347081e-01  0.000000e+00
   outer loop
     vertex  1.424881e-02 -2.653264e-02  0.000000e+00
     vertex  1.428874e-02 -2.669802e-02  1.000000e-03
     vertex  1.428874e-02 -2.669802e-02  0.000000e+00
   endloop
 endfacet
 facet normal  9.720659e-01  2.347081e-01 -0.000000e+00
   outer loop
     vertex  1.424881e-02 -2.653264e-02  0.000000e+00
     vertex  1.424881e-02 -2.653264e-02  1.000000e-03
     vertex  1.428874e-02 -2.669802e-02  1.000000e-03
   endloop
 endfacet
 facet normal  9.704011e-01  2.414988e-01  0.000000e+00
   outer loop
     vertex  1.420775e-02 -2.636767e-02  0.000000e+00
     vertex  1.424881e-02 -2.653264e-02  1.000000e-03
     vertex  1.424881e-02 -2.653264e-02  0.000000e+00
   endloop
 endfacet
 facet normal  9.704011e-01  2.414988e-01 -0.000000e+00
   outer loop
     vertex  1.420775e-02 -2.636767e-02  0.000000e+00
     vertex  1.420775e-02 -2.636767e-02  1.000000e-03
     vertex  1.424881e-02 -2.653264e-02  1.000000e-03
   endloop
 endfacet
 facet normal  9.687363e-01  2.480927e-01  0.000000e+00
   outer loop
     vertex  1.416561e-02 -2.620310e-02  0.000000e+00
     vertex  1.420775e-02 -2.636767e-02  1.000000e-03
     vertex  1.420775e-02 -2.636767e-02  0.000000e+00
   endloop
 endfacet
 facet normal  9.687363e-01  2.480927e-01 -0.000000e+00
   outer loop
     vertex  1.416561e-02 -2.620310e-02  0.000000e+00
     vertex  1.416561e-02 -2.620310e-02  1.000000e-03
     vertex  1.420775e-02 -2.636767e-02  1.000000e-03
   endloop
 endfacet
 facet normal  9.670722e-01  2.545020e-01  0.000000e+00
   outer loop
     vertex  1.412240e-02 -2.603893e-02  0.000000e+00
     vertex  1.416561e-02 -2.620310e-02  1.000000e-03
     vertex  1.416561e-02 -2.620310e-02  0.000000e+00
   endloop
 endfacet
 facet normal  9.670722e-01  2.545020e-01 -0.000000e+00
   outer loop
     vertex  1.412240e-02 -2.603893e-02  0.000000e+00
     vertex  1.412240e-02 -2.603893e-02  1.000000e-03
     vertex  1.416561e-02 -2.620310e-02  1.000000e-03
   endloop
 endfacet
 facet normal  9.654198e-01  2.607001e-01  0.000000e+00
   outer loop
     vertex  1.407817e-02 -2.587514e-02  0.000000e+00
     vertex  1.412240e-02 -2.603893e-02  1.000000e-03
     vertex  1.412240e-02 -2.603893e-02  0.000000e+00
   endloop
 endfacet
 facet normal  9.654198e-01  2.607001e-01 -0.000000e+00
   outer loop
     vertex  1.407817e-02 -2.587514e-02  0.000000e+00
     vertex  1.407817e-02 -2.587514e-02  1.000000e-03
     vertex  1.412240e-02 -2.603893e-02  1.000000e-03
   endloop
 endfacet
 facet normal  9.637842e-01  2.666834e-01  0.000000e+00
   outer loop
     vertex  1.403296e-02 -2.571173e-02  0.000000e+00
     vertex  1.407817e-02 -2.587514e-02  1.000000e-03
     vertex  1.407817e-02 -2.587514e-02  0.000000e+00
   endloop
 endfacet
 facet normal  9.637842e-01  2.666834e-01 -0.000000e+00
   outer loop
     vertex  1.403296e-02 -2.571173e-02  0.000000e+00
     vertex  1.403296e-02 -2.571173e-02  1.000000e-03
     vertex  1.407817e-02 -2.587514e-02  1.000000e-03
   endloop
 endfacet
 facet normal  9.621691e-01  2.724530e-01  0.000000e+00
   outer loop
     vertex  1.398679e-02 -2.554869e-02  0.000000e+00
     vertex  1.403296e-02 -2.571173e-02  1.000000e-03
     vertex  1.403296e-02 -2.571173e-02  0.000000e+00
   endloop
 endfacet
 facet normal  9.621691e-01  2.724530e-01 -0.000000e+00
   outer loop
     vertex  1.398679e-02 -2.554869e-02  0.000000e+00
     vertex  1.398679e-02 -2.554869e-02  1.000000e-03
     vertex  1.403296e-02 -2.571173e-02  1.000000e-03
   endloop
 endfacet
 facet normal  9.605904e-01  2.779677e-01  0.000000e+00
   outer loop
     vertex  1.393972e-02 -2.538602e-02  0.000000e+00
     vertex  1.398679e-02 -2.554869e-02  1.000000e-03
     vertex  1.398679e-02 -2.554869e-02  0.000000e+00
   endloop
 endfacet
 facet normal  9.605904e-01  2.779677e-01 -0.000000e+00
   outer loop
     vertex  1.393972e-02 -2.538602e-02  0.000000e+00
     vertex  1.393972e-02 -2.538602e-02  1.000000e-03
     vertex  1.398679e-02 -2.554869e-02  1.000000e-03
   endloop
 endfacet
 facet normal  9.590452e-01  2.832530e-01  0.000000e+00
   outer loop
     vertex  1.389177e-02 -2.522368e-02  0.000000e+00
     vertex  1.393972e-02 -2.538602e-02  1.000000e-03
     vertex  1.393972e-02 -2.538602e-02  0.000000e+00
   endloop
 endfacet
 facet normal  9.590452e-01  2.832530e-01 -0.000000e+00
   outer loop
     vertex  1.389177e-02 -2.522368e-02  0.000000e+00
     vertex  1.389177e-02 -2.522368e-02  1.000000e-03
     vertex  1.393972e-02 -2.538602e-02  1.000000e-03
   endloop
 endfacet
 facet normal  9.575460e-01  2.882805e-01  0.000000e+00
   outer loop
     vertex  1.384300e-02 -2.506170e-02  0.000000e+00
     vertex  1.389177e-02 -2.522368e-02  1.000000e-03
     vertex  1.389177e-02 -2.522368e-02  0.000000e+00
   endloop
 endfacet
 facet normal  9.575460e-01  2.882805e-01 -0.000000e+00
   outer loop
     vertex  1.384300e-02 -2.506170e-02  0.000000e+00
     vertex  1.384300e-02 -2.506170e-02  1.000000e-03
     vertex  1.389177e-02 -2.522368e-02  1.000000e-03
   endloop
 endfacet
 facet normal  9.561028e-01  2.930313e-01  0.000000e+00
   outer loop
     vertex  1.379345e-02 -2.490003e-02  0.000000e+00
     vertex  1.384300e-02 -2.506170e-02  1.000000e-03
     vertex  1.384300e-02 -2.506170e-02  0.000000e+00
   endloop
 endfacet
 facet normal  9.561028e-01  2.930313e-01 -0.000000e+00
   outer loop
     vertex  1.379345e-02 -2.490003e-02  0.000000e+00
     vertex  1.379345e-02 -2.490003e-02  1.000000e-03
     vertex  1.384300e-02 -2.506170e-02  1.000000e-03
   endloop
 endfacet
 facet normal  9.547166e-01  2.975168e-01  0.000000e+00
   outer loop
     vertex  1.374318e-02 -2.473869e-02  0.000000e+00
     vertex  1.379345e-02 -2.490003e-02  1.000000e-03
     vertex  1.379345e-02 -2.490003e-02  0.000000e+00
   endloop
 endfacet
 facet normal  9.547166e-01  2.975168e-01 -0.000000e+00
   outer loop
     vertex  1.374318e-02 -2.473869e-02  0.000000e+00
     vertex  1.374318e-02 -2.473869e-02  1.000000e-03
     vertex  1.379345e-02 -2.490003e-02  1.000000e-03
   endloop
 endfacet
 facet normal  9.534012e-01  3.017053e-01  0.000000e+00
   outer loop
     vertex  1.369221e-02 -2.457765e-02  0.000000e+00
     vertex  1.374318e-02 -2.473869e-02  1.000000e-03
     vertex  1.374318e-02 -2.473869e-02  0.000000e+00
   endloop
 endfacet
 facet normal  9.534012e-01  3.017053e-01 -0.000000e+00
   outer loop
     vertex  1.369221e-02 -2.457765e-02  0.000000e+00
     vertex  1.369221e-02 -2.457765e-02  1.000000e-03
     vertex  1.374318e-02 -2.473869e-02  1.000000e-03
   endloop
 endfacet
 facet normal  9.521573e-01  3.056084e-01  0.000000e+00
   outer loop
     vertex  1.364062e-02 -2.441690e-02  0.000000e+00
     vertex  1.369221e-02 -2.457765e-02  1.000000e-03
     vertex  1.369221e-02 -2.457765e-02  0.000000e+00
   endloop
 endfacet
 facet normal  9.521573e-01  3.056084e-01 -0.000000e+00
   outer loop
     vertex  1.364062e-02 -2.441690e-02  0.000000e+00
     vertex  1.364062e-02 -2.441690e-02  1.000000e-03
     vertex  1.369221e-02 -2.457765e-02  1.000000e-03
   endloop
 endfacet
 facet normal  9.509987e-01  3.091947e-01  0.000000e+00
   outer loop
     vertex  1.358844e-02 -2.425642e-02  0.000000e+00
     vertex  1.364062e-02 -2.441690e-02  1.000000e-03
     vertex  1.364062e-02 -2.441690e-02  0.000000e+00
   endloop
 endfacet
 facet normal  9.509987e-01  3.091947e-01 -0.000000e+00
   outer loop
     vertex  1.358844e-02 -2.425642e-02  0.000000e+00
     vertex  1.358844e-02 -2.425642e-02  1.000000e-03
     vertex  1.364062e-02 -2.441690e-02  1.000000e-03
   endloop
 endfacet
 facet normal  9.499305e-01  3.124614e-01  0.000000e+00
   outer loop
     vertex  1.353575e-02 -2.409621e-02  0.000000e+00
     vertex  1.358844e-02 -2.425642e-02  1.000000e-03
     vertex  1.358844e-02 -2.425642e-02  0.000000e+00
   endloop
 endfacet
 facet normal  9.499305e-01  3.124614e-01 -0.000000e+00
   outer loop
     vertex  1.353575e-02 -2.409621e-02  0.000000e+00
     vertex  1.353575e-02 -2.409621e-02  1.000000e-03
     vertex  1.358844e-02 -2.425642e-02  1.000000e-03
   endloop
 endfacet
 facet normal  9.489576e-01  3.154036e-01  0.000000e+00
   outer loop
     vertex  1.348258e-02 -2.393625e-02  0.000000e+00
     vertex  1.353575e-02 -2.409621e-02  1.000000e-03
     vertex  1.353575e-02 -2.409621e-02  0.000000e+00
   endloop
 endfacet
 facet normal  9.489576e-01  3.154036e-01 -0.000000e+00
   outer loop
     vertex  1.348258e-02 -2.393625e-02  0.000000e+00
     vertex  1.348258e-02 -2.393625e-02  1.000000e-03
     vertex  1.353575e-02 -2.409621e-02  1.000000e-03
   endloop
 endfacet
 facet normal  9.480893e-01  3.180044e-01  0.000000e+00
   outer loop
     vertex  1.342901e-02 -2.377652e-02  0.000000e+00
     vertex  1.348258e-02 -2.393625e-02  1.000000e-03
     vertex  1.348258e-02 -2.393625e-02  0.000000e+00
   endloop
 endfacet
 facet normal  9.480893e-01  3.180044e-01 -0.000000e+00
   outer loop
     vertex  1.342901e-02 -2.377652e-02  0.000000e+00
     vertex  1.342901e-02 -2.377652e-02  1.000000e-03
     vertex  1.348258e-02 -2.393625e-02  1.000000e-03
   endloop
 endfacet
 facet normal  9.473349e-01  3.202445e-01  0.000000e+00
   outer loop
     vertex  1.337508e-02 -2.361701e-02  0.000000e+00
     vertex  1.342901e-02 -2.377652e-02  1.000000e-03
     vertex  1.342901e-02 -2.377652e-02  0.000000e+00
   endloop
 endfacet
 facet normal  9.473349e-01  3.202445e-01 -0.000000e+00
   outer loop
     vertex  1.337508e-02 -2.361701e-02  0.000000e+00
     vertex  1.337508e-02 -2.361701e-02  1.000000e-03
     vertex  1.342901e-02 -2.377652e-02  1.000000e-03
   endloop
 endfacet
 facet normal  9.466956e-01  3.221296e-01  0.000000e+00
   outer loop
     vertex  1.332087e-02 -2.345770e-02  0.000000e+00
     vertex  1.337508e-02 -2.361701e-02  1.000000e-03
     vertex  1.337508e-02 -2.361701e-02  0.000000e+00
   endloop
 endfacet
 facet normal  9.466956e-01  3.221296e-01 -0.000000e+00
   outer loop
     vertex  1.332087e-02 -2.345770e-02  0.000000e+00
     vertex  1.332087e-02 -2.345770e-02  1.000000e-03
     vertex  1.337508e-02 -2.361701e-02  1.000000e-03
   endloop
 endfacet
 facet normal  9.461783e-01  3.236459e-01  0.000000e+00
   outer loop
     vertex  1.326644e-02 -2.329858e-02  0.000000e+00
     vertex  1.332087e-02 -2.345770e-02  1.000000e-03
     vertex  1.332087e-02 -2.345770e-02  0.000000e+00
   endloop
 endfacet
 facet normal  9.461783e-01  3.236459e-01 -0.000000e+00
   outer loop
     vertex  1.326644e-02 -2.329858e-02  0.000000e+00
     vertex  1.326644e-02 -2.329858e-02  1.000000e-03
     vertex  1.332087e-02 -2.345770e-02  1.000000e-03
   endloop
 endfacet
 facet normal  9.457874e-01  3.247863e-01  0.000000e+00
   outer loop
     vertex  1.321186e-02 -2.313962e-02  0.000000e+00
     vertex  1.326644e-02 -2.329858e-02  1.000000e-03
     vertex  1.326644e-02 -2.329858e-02  0.000000e+00
   endloop
 endfacet
 facet normal  9.457874e-01  3.247863e-01 -0.000000e+00
   outer loop
     vertex  1.321186e-02 -2.313962e-02  0.000000e+00
     vertex  1.321186e-02 -2.313962e-02  1.000000e-03
     vertex  1.326644e-02 -2.329858e-02  1.000000e-03
   endloop
 endfacet
 facet normal  9.455339e-01  3.255237e-01  0.000000e+00
   outer loop
     vertex  1.315718e-02 -2.298081e-02  0.000000e+00
     vertex  1.321186e-02 -2.313962e-02  1.000000e-03
     vertex  1.321186e-02 -2.313962e-02  0.000000e+00
   endloop
 endfacet
 facet normal  9.455339e-01  3.255237e-01 -0.000000e+00
   outer loop
     vertex  1.315718e-02 -2.298081e-02  0.000000e+00
     vertex  1.315718e-02 -2.298081e-02  1.000000e-03
     vertex  1.321186e-02 -2.313962e-02  1.000000e-03
   endloop
 endfacet
 facet normal  9.454108e-01  3.258811e-01  0.000000e+00
   outer loop
     vertex  1.310249e-02 -2.282213e-02  0.000000e+00
     vertex  1.315718e-02 -2.298081e-02  1.000000e-03
     vertex  1.315718e-02 -2.298081e-02  0.000000e+00
   endloop
 endfacet
 facet normal  9.454108e-01  3.258811e-01 -0.000000e+00
   outer loop
     vertex  1.310249e-02 -2.282213e-02  0.000000e+00
     vertex  1.310249e-02 -2.282213e-02  1.000000e-03
     vertex  1.315718e-02 -2.298081e-02  1.000000e-03
   endloop
 endfacet
 facet normal  9.454275e-01  3.258327e-01  0.000000e+00
   outer loop
     vertex  1.304784e-02 -2.266355e-02  0.000000e+00
     vertex  1.310249e-02 -2.282213e-02  1.000000e-03
     vertex  1.310249e-02 -2.282213e-02  0.000000e+00
   endloop
 endfacet
 facet normal  9.454275e-01  3.258327e-01 -0.000000e+00
   outer loop
     vertex  1.304784e-02 -2.266355e-02  0.000000e+00
     vertex  1.304784e-02 -2.266355e-02  1.000000e-03
     vertex  1.310249e-02 -2.282213e-02  1.000000e-03
   endloop
 endfacet
 facet normal  9.455884e-01  3.253652e-01  0.000000e+00
   outer loop
     vertex  1.299331e-02 -2.250508e-02  0.000000e+00
     vertex  1.304784e-02 -2.266355e-02  1.000000e-03
     vertex  1.304784e-02 -2.266355e-02  0.000000e+00
   endloop
 endfacet
 facet normal  9.455884e-01  3.253652e-01 -0.000000e+00
   outer loop
     vertex  1.299331e-02 -2.250508e-02  0.000000e+00
     vertex  1.299331e-02 -2.250508e-02  1.000000e-03
     vertex  1.304784e-02 -2.266355e-02  1.000000e-03
   endloop
 endfacet
 facet normal  9.458891e-01  3.244901e-01  0.000000e+00
   outer loop
     vertex  1.293896e-02 -2.234667e-02  0.000000e+00
     vertex  1.299331e-02 -2.250508e-02  1.000000e-03
     vertex  1.299331e-02 -2.250508e-02  0.000000e+00
   endloop
 endfacet
 facet normal  9.458891e-01  3.244901e-01 -0.000000e+00
   outer loop
     vertex  1.293896e-02 -2.234667e-02  0.000000e+00
     vertex  1.293896e-02 -2.234667e-02  1.000000e-03
     vertex  1.299331e-02 -2.250508e-02  1.000000e-03
   endloop
 endfacet
 facet normal  9.463342e-01  3.231897e-01  0.000000e+00
   outer loop
     vertex  1.288488e-02 -2.218831e-02  0.000000e+00
     vertex  1.293896e-02 -2.234667e-02  1.000000e-03
     vertex  1.293896e-02 -2.234667e-02  0.000000e+00
   endloop
 endfacet
 facet normal  9.463342e-01  3.231897e-01 -0.000000e+00
   outer loop
     vertex  1.288488e-02 -2.218831e-02  0.000000e+00
     vertex  1.288488e-02 -2.218831e-02  1.000000e-03
     vertex  1.293896e-02 -2.234667e-02  1.000000e-03
   endloop
 endfacet
 facet normal  9.469224e-01  3.214622e-01  0.000000e+00
   outer loop
     vertex  1.283113e-02 -2.202999e-02  0.000000e+00
     vertex  1.288488e-02 -2.218831e-02  1.000000e-03
     vertex  1.288488e-02 -2.218831e-02  0.000000e+00
   endloop
 endfacet
 facet normal  9.469224e-01  3.214622e-01 -0.000000e+00
   outer loop
     vertex  1.283113e-02 -2.202999e-02  0.000000e+00
     vertex  1.283113e-02 -2.202999e-02  1.000000e-03
     vertex  1.288488e-02 -2.218831e-02  1.000000e-03
   endloop
 endfacet
 facet normal  9.476565e-01  3.192915e-01  0.000000e+00
   outer loop
     vertex  1.277779e-02 -2.187168e-02  0.000000e+00
     vertex  1.283113e-02 -2.202999e-02  1.000000e-03
     vertex  1.283113e-02 -2.202999e-02  0.000000e+00
   endloop
 endfacet
 facet normal  9.476565e-01  3.192915e-01 -0.000000e+00
   outer loop
     vertex  1.277779e-02 -2.187168e-02  0.000000e+00
     vertex  1.277779e-02 -2.187168e-02  1.000000e-03
     vertex  1.283113e-02 -2.202999e-02  1.000000e-03
   endloop
 endfacet
 facet normal  9.485268e-01  3.166968e-01  0.000000e+00
   outer loop
     vertex  1.272493e-02 -2.171335e-02  0.000000e+00
     vertex  1.277779e-02 -2.187168e-02  1.000000e-03
     vertex  1.277779e-02 -2.187168e-02  0.000000e+00
   endloop
 endfacet
 facet normal  9.485268e-01  3.166968e-01 -0.000000e+00
   outer loop
     vertex  1.272493e-02 -2.171335e-02  0.000000e+00
     vertex  1.272493e-02 -2.171335e-02  1.000000e-03
     vertex  1.277779e-02 -2.187168e-02  1.000000e-03
   endloop
 endfacet
 facet normal  9.495420e-01  3.136398e-01  0.000000e+00
   outer loop
     vertex  1.267263e-02 -2.155500e-02  0.000000e+00
     vertex  1.272493e-02 -2.171335e-02  1.000000e-03
     vertex  1.272493e-02 -2.171335e-02  0.000000e+00
   endloop
 endfacet
 facet normal  9.495420e-01  3.136398e-01 -0.000000e+00
   outer loop
     vertex  1.267263e-02 -2.155500e-02  0.000000e+00
     vertex  1.267263e-02 -2.155500e-02  1.000000e-03
     vertex  1.272493e-02 -2.171335e-02  1.000000e-03
   endloop
 endfacet
 facet normal  9.506870e-01  3.101519e-01  0.000000e+00
   outer loop
     vertex  1.262095e-02 -2.139660e-02  0.000000e+00
     vertex  1.267263e-02 -2.155500e-02  1.000000e-03
     vertex  1.267263e-02 -2.155500e-02  0.000000e+00
   endloop
 endfacet
 facet normal  9.506870e-01  3.101519e-01 -0.000000e+00
   outer loop
     vertex  1.262095e-02 -2.139660e-02  0.000000e+00
     vertex  1.262095e-02 -2.139660e-02  1.000000e-03
     vertex  1.267263e-02 -2.155500e-02  1.000000e-03
   endloop
 endfacet
 facet normal  9.519662e-01  3.062032e-01  0.000000e+00
   outer loop
     vertex  1.256997e-02 -2.123812e-02  0.000000e+00
     vertex  1.262095e-02 -2.139660e-02  1.000000e-03
     vertex  1.262095e-02 -2.139660e-02  0.000000e+00
   endloop
 endfacet
 facet normal  9.519662e-01  3.062032e-01 -0.000000e+00
   outer loop
     vertex  1.256997e-02 -2.123812e-02  0.000000e+00
     vertex  1.256997e-02 -2.123812e-02  1.000000e-03
     vertex  1.262095e-02 -2.139660e-02  1.000000e-03
   endloop
 endfacet
 facet normal  9.533713e-01  3.018000e-01  0.000000e+00
   outer loop
     vertex  1.251978e-02 -2.107955e-02  0.000000e+00
     vertex  1.256997e-02 -2.123812e-02  1.000000e-03
     vertex  1.256997e-02 -2.123812e-02  0.000000e+00
   endloop
 endfacet
 facet normal  9.533713e-01  3.018000e-01 -0.000000e+00
   outer loop
     vertex  1.251978e-02 -2.107955e-02  0.000000e+00
     vertex  1.251978e-02 -2.107955e-02  1.000000e-03
     vertex  1.256997e-02 -2.123812e-02  1.000000e-03
   endloop
 endfacet
 facet normal  9.548964e-01  2.969391e-01  0.000000e+00
   outer loop
     vertex  1.247043e-02 -2.092085e-02  0.000000e+00
     vertex  1.251978e-02 -2.107955e-02  1.000000e-03
     vertex  1.251978e-02 -2.107955e-02  0.000000e+00
   endloop
 endfacet
 facet normal  9.548964e-01  2.969391e-01 -0.000000e+00
   outer loop
     vertex  1.247043e-02 -2.092085e-02  0.000000e+00
     vertex  1.247043e-02 -2.092085e-02  1.000000e-03
     vertex  1.251978e-02 -2.107955e-02  1.000000e-03
   endloop
 endfacet
 facet normal  9.565333e-01  2.916231e-01  0.000000e+00
   outer loop
     vertex  1.242201e-02 -2.076203e-02  0.000000e+00
     vertex  1.247043e-02 -2.092085e-02  1.000000e-03
     vertex  1.247043e-02 -2.092085e-02  0.000000e+00
   endloop
 endfacet
 facet normal  9.565333e-01  2.916231e-01 -0.000000e+00
   outer loop
     vertex  1.242201e-02 -2.076203e-02  0.000000e+00
     vertex  1.242201e-02 -2.076203e-02  1.000000e-03
     vertex  1.247043e-02 -2.092085e-02  1.000000e-03
   endloop
 endfacet
 facet normal  9.582753e-01  2.858468e-01  0.000000e+00
   outer loop
     vertex  1.237458e-02 -2.060304e-02  0.000000e+00
     vertex  1.242201e-02 -2.076203e-02  1.000000e-03
     vertex  1.242201e-02 -2.076203e-02  0.000000e+00
   endloop
 endfacet
 facet normal  9.582753e-01  2.858468e-01 -0.000000e+00
   outer loop
     vertex  1.237458e-02 -2.060304e-02  0.000000e+00
     vertex  1.237458e-02 -2.060304e-02  1.000000e-03
     vertex  1.242201e-02 -2.076203e-02  1.000000e-03
   endloop
 endfacet
 facet normal  9.601144e-01  2.796076e-01  0.000000e+00
   outer loop
     vertex  1.232823e-02 -2.044387e-02  0.000000e+00
     vertex  1.237458e-02 -2.060304e-02  1.000000e-03
     vertex  1.237458e-02 -2.060304e-02  0.000000e+00
   endloop
 endfacet
 facet normal  9.601144e-01  2.796076e-01 -0.000000e+00
   outer loop
     vertex  1.232823e-02 -2.044387e-02  0.000000e+00
     vertex  1.232823e-02 -2.044387e-02  1.000000e-03
     vertex  1.237458e-02 -2.060304e-02  1.000000e-03
   endloop
 endfacet
 facet normal  9.620384e-01  2.729141e-01  0.000000e+00
   outer loop
     vertex  1.228302e-02 -2.028449e-02  0.000000e+00
     vertex  1.232823e-02 -2.044387e-02  1.000000e-03
     vertex  1.232823e-02 -2.044387e-02  0.000000e+00
   endloop
 endfacet
 facet normal  9.620384e-01  2.729141e-01 -0.000000e+00
   outer loop
     vertex  1.228302e-02 -2.028449e-02  0.000000e+00
     vertex  1.228302e-02 -2.028449e-02  1.000000e-03
     vertex  1.232823e-02 -2.044387e-02  1.000000e-03
   endloop
 endfacet
 facet normal  9.640415e-01  2.657517e-01  0.000000e+00
   outer loop
     vertex  1.223902e-02 -2.012489e-02  0.000000e+00
     vertex  1.228302e-02 -2.028449e-02  1.000000e-03
     vertex  1.228302e-02 -2.028449e-02  0.000000e+00
   endloop
 endfacet
 facet normal  9.640415e-01  2.657517e-01 -0.000000e+00
   outer loop
     vertex  1.223902e-02 -2.012489e-02  0.000000e+00
     vertex  1.223902e-02 -2.012489e-02  1.000000e-03
     vertex  1.228302e-02 -2.028449e-02  1.000000e-03
   endloop
 endfacet
 facet normal  9.661052e-01  2.581486e-01  0.000000e+00
   outer loop
     vertex  1.219631e-02 -1.996505e-02  0.000000e+00
     vertex  1.223902e-02 -2.012489e-02  1.000000e-03
     vertex  1.223902e-02 -2.012489e-02  0.000000e+00
   endloop
 endfacet
 facet normal  9.661052e-01  2.581486e-01 -0.000000e+00
   outer loop
     vertex  1.219631e-02 -1.996505e-02  0.000000e+00
     vertex  1.219631e-02 -1.996505e-02  1.000000e-03
     vertex  1.223902e-02 -2.012489e-02  1.000000e-03
   endloop
 endfacet
 facet normal  9.682239e-01  2.500849e-01  0.000000e+00
   outer loop
     vertex  1.215495e-02 -1.980493e-02  0.000000e+00
     vertex  1.219631e-02 -1.996505e-02  1.000000e-03
     vertex  1.219631e-02 -1.996505e-02  0.000000e+00
   endloop
 endfacet
 facet normal  9.682239e-01  2.500849e-01 -0.000000e+00
   outer loop
     vertex  1.215495e-02 -1.980493e-02  0.000000e+00
     vertex  1.215495e-02 -1.980493e-02  1.000000e-03
     vertex  1.219631e-02 -1.996505e-02  1.000000e-03
   endloop
 endfacet
 facet normal  9.703826e-01  2.415733e-01  0.000000e+00
   outer loop
     vertex  1.211502e-02 -1.964452e-02  0.000000e+00
     vertex  1.215495e-02 -1.980493e-02  1.000000e-03
     vertex  1.215495e-02 -1.980493e-02  0.000000e+00
   endloop
 endfacet
 facet normal  9.703826e-01  2.415733e-01 -0.000000e+00
   outer loop
     vertex  1.211502e-02 -1.964452e-02  0.000000e+00
     vertex  1.211502e-02 -1.964452e-02  1.000000e-03
     vertex  1.215495e-02 -1.980493e-02  1.000000e-03
   endloop
 endfacet
 facet normal  9.725653e-01  2.326302e-01  0.000000e+00
   outer loop
     vertex  1.207658e-02 -1.948380e-02  0.000000e+00
     vertex  1.211502e-02 -1.964452e-02  1.000000e-03
     vertex  1.211502e-02 -1.964452e-02  0.000000e+00
   endloop
 endfacet
 facet normal  9.725653e-01  2.326302e-01 -0.000000e+00
   outer loop
     vertex  1.207658e-02 -1.948380e-02  0.000000e+00
     vertex  1.207658e-02 -1.948380e-02  1.000000e-03
     vertex  1.211502e-02 -1.964452e-02  1.000000e-03
   endloop
 endfacet
 facet normal  9.747616e-01  2.232484e-01  0.000000e+00
   outer loop
     vertex  1.203969e-02 -1.932275e-02  0.000000e+00
     vertex  1.207658e-02 -1.948380e-02  1.000000e-03
     vertex  1.207658e-02 -1.948380e-02  0.000000e+00
   endloop
 endfacet
 facet normal  9.747616e-01  2.232484e-01 -0.000000e+00
   outer loop
     vertex  1.203969e-02 -1.932275e-02  0.000000e+00
     vertex  1.203969e-02 -1.932275e-02  1.000000e-03
     vertex  1.207658e-02 -1.948380e-02  1.000000e-03
   endloop
 endfacet
 facet normal  9.769556e-01  2.134427e-01  0.000000e+00
   outer loop
     vertex  1.200442e-02 -1.916134e-02  0.000000e+00
     vertex  1.203969e-02 -1.932275e-02  1.000000e-03
     vertex  1.203969e-02 -1.932275e-02  0.000000e+00
   endloop
 endfacet
 facet normal  9.769556e-01  2.134427e-01 -0.000000e+00
   outer loop
     vertex  1.200442e-02 -1.916134e-02  0.000000e+00
     vertex  1.200442e-02 -1.916134e-02  1.000000e-03
     vertex  1.203969e-02 -1.932275e-02  1.000000e-03
   endloop
 endfacet
 facet normal  9.791327e-01  2.032221e-01  0.000000e+00
   outer loop
     vertex  1.197085e-02 -1.899955e-02  0.000000e+00
     vertex  1.200442e-02 -1.916134e-02  1.000000e-03
     vertex  1.200442e-02 -1.916134e-02  0.000000e+00
   endloop
 endfacet
 facet normal  9.791327e-01  2.032221e-01 -0.000000e+00
   outer loop
     vertex  1.197085e-02 -1.899955e-02  0.000000e+00
     vertex  1.197085e-02 -1.899955e-02  1.000000e-03
     vertex  1.200442e-02 -1.916134e-02  1.000000e-03
   endloop
 endfacet
 facet normal  9.812763e-01  1.926056e-01  0.000000e+00
   outer loop
     vertex  1.193901e-02 -1.883737e-02  0.000000e+00
     vertex  1.197085e-02 -1.899955e-02  1.000000e-03
     vertex  1.197085e-02 -1.899955e-02  0.000000e+00
   endloop
 endfacet
 facet normal  9.812763e-01  1.926056e-01 -0.000000e+00
   outer loop
     vertex  1.193901e-02 -1.883737e-02  0.000000e+00
     vertex  1.193901e-02 -1.883737e-02  1.000000e-03
     vertex  1.197085e-02 -1.899955e-02  1.000000e-03
   endloop
 endfacet
 facet normal  9.833713e-01  1.816065e-01  0.000000e+00
   outer loop
     vertex  1.190899e-02 -1.867478e-02  0.000000e+00
     vertex  1.193901e-02 -1.883737e-02  1.000000e-03
     vertex  1.193901e-02 -1.883737e-02  0.000000e+00
   endloop
 endfacet
 facet normal  9.833713e-01  1.816065e-01 -0.000000e+00
   outer loop
     vertex  1.190899e-02 -1.867478e-02  0.000000e+00
     vertex  1.190899e-02 -1.867478e-02  1.000000e-03
     vertex  1.193901e-02 -1.883737e-02  1.000000e-03
   endloop
 endfacet
 facet normal  9.854049e-01  1.702269e-01  0.000000e+00
   outer loop
     vertex  1.188082e-02 -1.851174e-02  0.000000e+00
     vertex  1.190899e-02 -1.867478e-02  1.000000e-03
     vertex  1.190899e-02 -1.867478e-02  0.000000e+00
   endloop
 endfacet
 facet normal  9.854049e-01  1.702269e-01 -0.000000e+00
   outer loop
     vertex  1.188082e-02 -1.851174e-02  0.000000e+00
     vertex  1.188082e-02 -1.851174e-02  1.000000e-03
     vertex  1.190899e-02 -1.867478e-02  1.000000e-03
   endloop
 endfacet
 facet normal  9.873592e-01  1.584985e-01  0.000000e+00
   outer loop
     vertex  1.185458e-02 -1.834825e-02  0.000000e+00
     vertex  1.188082e-02 -1.851174e-02  1.000000e-03
     vertex  1.188082e-02 -1.851174e-02  0.000000e+00
   endloop
 endfacet
 facet normal  9.873592e-01  1.584985e-01 -0.000000e+00
   outer loop
     vertex  1.185458e-02 -1.834825e-02  0.000000e+00
     vertex  1.185458e-02 -1.834825e-02  1.000000e-03
     vertex  1.188082e-02 -1.851174e-02  1.000000e-03
   endloop
 endfacet
 facet normal  9.892206e-01  1.464332e-01  0.000000e+00
   outer loop
     vertex  1.183030e-02 -1.818428e-02  0.000000e+00
     vertex  1.185458e-02 -1.834825e-02  1.000000e-03
     vertex  1.185458e-02 -1.834825e-02  0.000000e+00
   endloop
 endfacet
 facet normal  9.892206e-01  1.464332e-01 -0.000000e+00
   outer loop
     vertex  1.183030e-02 -1.818428e-02  0.000000e+00
     vertex  1.183030e-02 -1.818428e-02  1.000000e-03
     vertex  1.185458e-02 -1.834825e-02  1.000000e-03
   endloop
 endfacet
 facet normal  9.909739e-01  1.340548e-01  0.000000e+00
   outer loop
     vertex  1.180806e-02 -1.801982e-02  0.000000e+00
     vertex  1.183030e-02 -1.818428e-02  1.000000e-03
     vertex  1.183030e-02 -1.818428e-02  0.000000e+00
   endloop
 endfacet
 facet normal  9.909739e-01  1.340548e-01 -0.000000e+00
   outer loop
     vertex  1.180806e-02 -1.801982e-02  0.000000e+00
     vertex  1.180806e-02 -1.801982e-02  1.000000e-03
     vertex  1.183030e-02 -1.818428e-02  1.000000e-03
   endloop
 endfacet
 facet normal  9.926054e-01  1.213855e-01  0.000000e+00
   outer loop
     vertex  1.178788e-02 -1.785484e-02  0.000000e+00
     vertex  1.180806e-02 -1.801982e-02  1.000000e-03
     vertex  1.180806e-02 -1.801982e-02  0.000000e+00
   endloop
 endfacet
 facet normal  9.926054e-01  1.213855e-01 -0.000000e+00
   outer loop
     vertex  1.178788e-02 -1.785484e-02  0.000000e+00
     vertex  1.178788e-02 -1.785484e-02  1.000000e-03
     vertex  1.180806e-02 -1.801982e-02  1.000000e-03
   endloop
 endfacet
 facet normal  9.941026e-01  1.084437e-01  0.000000e+00
   outer loop
     vertex  1.176983e-02 -1.768933e-02  0.000000e+00
     vertex  1.178788e-02 -1.785484e-02  1.000000e-03
     vertex  1.178788e-02 -1.785484e-02  0.000000e+00
   endloop
 endfacet
 facet normal  9.941026e-01  1.084437e-01 -0.000000e+00
   outer loop
     vertex  1.176983e-02 -1.768933e-02  0.000000e+00
     vertex  1.176983e-02 -1.768933e-02  1.000000e-03
     vertex  1.178788e-02 -1.785484e-02  1.000000e-03
   endloop
 endfacet
 facet normal  9.954519e-01  9.526510e-02  0.000000e+00
   outer loop
     vertex  1.175393e-02 -1.752327e-02  0.000000e+00
     vertex  1.176983e-02 -1.768933e-02  1.000000e-03
     vertex  1.176983e-02 -1.768933e-02  0.000000e+00
   endloop
 endfacet
 facet normal  9.954519e-01  9.526510e-02 -0.000000e+00
   outer loop
     vertex  1.175393e-02 -1.752327e-02  0.000000e+00
     vertex  1.175393e-02 -1.752327e-02  1.000000e-03
     vertex  1.176983e-02 -1.768933e-02  1.000000e-03
   endloop
 endfacet
 facet normal  9.966429e-01  8.187128e-02  0.000000e+00
   outer loop
     vertex  1.174025e-02 -1.735664e-02  0.000000e+00
     vertex  1.175393e-02 -1.752327e-02  1.000000e-03
     vertex  1.175393e-02 -1.752327e-02  0.000000e+00
   endloop
 endfacet
 facet normal  9.966429e-01  8.187128e-02 -0.000000e+00
   outer loop
     vertex  1.174025e-02 -1.735664e-02  0.000000e+00
     vertex  1.174025e-02 -1.735664e-02  1.000000e-03
     vertex  1.175393e-02 -1.752327e-02  1.000000e-03
   endloop
 endfacet
 facet normal  9.976662e-01  6.828034e-02  0.000000e+00
   outer loop
     vertex  1.172880e-02 -1.718943e-02  0.000000e+00
     vertex  1.174025e-02 -1.735664e-02  1.000000e-03
     vertex  1.174025e-02 -1.735664e-02  0.000000e+00
   endloop
 endfacet
 facet normal  9.976662e-01  6.828034e-02 -0.000000e+00
   outer loop
     vertex  1.172880e-02 -1.718943e-02  0.000000e+00
     vertex  1.172880e-02 -1.718943e-02  1.000000e-03
     vertex  1.174025e-02 -1.735664e-02  1.000000e-03
   endloop
 endfacet
 facet normal  9.985116e-01  5.453903e-02  0.000000e+00
   outer loop
     vertex  1.171964e-02 -1.702162e-02  0.000000e+00
     vertex  1.172880e-02 -1.718943e-02  1.000000e-03
     vertex  1.172880e-02 -1.718943e-02  0.000000e+00
   endloop
 endfacet
 facet normal  9.985116e-01  5.453903e-02 -0.000000e+00
   outer loop
     vertex  1.171964e-02 -1.702162e-02  0.000000e+00
     vertex  1.171964e-02 -1.702162e-02  1.000000e-03
     vertex  1.172880e-02 -1.718943e-02  1.000000e-03
   endloop
 endfacet
 facet normal  9.991726e-01  4.067190e-02  0.000000e+00
   outer loop
     vertex  1.171278e-02 -1.685319e-02  0.000000e+00
     vertex  1.171964e-02 -1.702162e-02  1.000000e-03
     vertex  1.171964e-02 -1.702162e-02  0.000000e+00
   endloop
 endfacet
 facet normal  9.991726e-01  4.067190e-02 -0.000000e+00
   outer loop
     vertex  1.171278e-02 -1.685319e-02  0.000000e+00
     vertex  1.171278e-02 -1.685319e-02  1.000000e-03
     vertex  1.171964e-02 -1.702162e-02  1.000000e-03
   endloop
 endfacet
 facet normal  9.996433e-01  2.670879e-02  0.000000e+00
   outer loop
     vertex  1.170826e-02 -1.668413e-02  0.000000e+00
     vertex  1.171278e-02 -1.685319e-02  1.000000e-03
     vertex  1.171278e-02 -1.685319e-02  0.000000e+00
   endloop
 endfacet
 facet normal  9.996433e-01  2.670879e-02 -0.000000e+00
   outer loop
     vertex  1.170826e-02 -1.668413e-02  0.000000e+00
     vertex  1.170826e-02 -1.668413e-02  1.000000e-03
     vertex  1.171278e-02 -1.685319e-02  1.000000e-03
   endloop
 endfacet
 facet normal  9.999198e-01  1.266795e-02  0.000000e+00
   outer loop
     vertex  1.170611e-02 -1.651442e-02  0.000000e+00
     vertex  1.170826e-02 -1.668413e-02  1.000000e-03
     vertex  1.170826e-02 -1.668413e-02  0.000000e+00
   endloop
 endfacet
 facet normal  9.999198e-01  1.266795e-02 -0.000000e+00
   outer loop
     vertex  1.170611e-02 -1.651442e-02  0.000000e+00
     vertex  1.170611e-02 -1.651442e-02  1.000000e-03
     vertex  1.170826e-02 -1.668413e-02  1.000000e-03
   endloop
 endfacet
 facet normal  9.999990e-01 -1.385252e-03  0.000000e+00
   outer loop
     vertex  1.170635e-02 -1.634406e-02  0.000000e+00
     vertex  1.170611e-02 -1.651442e-02  1.000000e-03
     vertex  1.170611e-02 -1.651442e-02  0.000000e+00
   endloop
 endfacet
 facet normal  9.999990e-01 -1.385252e-03  0.000000e+00
   outer loop
     vertex  1.170635e-02 -1.634406e-02  0.000000e+00
     vertex  1.170635e-02 -1.634406e-02  1.000000e-03
     vertex  1.170611e-02 -1.651442e-02  1.000000e-03
   endloop
 endfacet
 facet normal  9.998806e-01 -1.545077e-02  0.000000e+00
   outer loop
     vertex  1.170899e-02 -1.617302e-02  0.000000e+00
     vertex  1.170635e-02 -1.634406e-02  1.000000e-03
     vertex  1.170635e-02 -1.634406e-02  0.000000e+00
   endloop
 endfacet
 facet normal  9.998806e-01 -1.545077e-02  0.000000e+00
   outer loop
     vertex  1.170899e-02 -1.617302e-02  0.000000e+00
     vertex  1.170899e-02 -1.617302e-02  1.000000e-03
     vertex  1.170635e-02 -1.634406e-02  1.000000e-03
   endloop
 endfacet
 facet normal  9.995653e-01 -2.948218e-02  0.000000e+00
   outer loop
     vertex  1.171406e-02 -1.600129e-02  0.000000e+00
     vertex  1.170899e-02 -1.617302e-02  1.000000e-03
     vertex  1.170899e-02 -1.617302e-02  0.000000e+00
   endloop
 endfacet
 facet normal  9.995653e-01 -2.948218e-02  0.000000e+00
   outer loop
     vertex  1.171406e-02 -1.600129e-02  0.000000e+00
     vertex  1.171406e-02 -1.600129e-02  1.000000e-03
     vertex  1.170899e-02 -1.617302e-02  1.000000e-03
   endloop
 endfacet
 facet normal  9.990558e-01 -4.344552e-02  0.000000e+00
   outer loop
     vertex  1.172155e-02 -1.582887e-02  0.000000e+00
     vertex  1.171406e-02 -1.600129e-02  1.000000e-03
     vertex  1.171406e-02 -1.600129e-02  0.000000e+00
   endloop
 endfacet
 facet normal  9.990558e-01 -4.344552e-02  0.000000e+00
   outer loop
     vertex  1.172155e-02 -1.582887e-02  0.000000e+00
     vertex  1.172155e-02 -1.582887e-02  1.000000e-03
     vertex  1.171406e-02 -1.600129e-02  1.000000e-03
   endloop
 endfacet
 facet normal  9.983562e-01 -5.731369e-02  0.000000e+00
   outer loop
     vertex  1.173149e-02 -1.565574e-02  0.000000e+00
     vertex  1.172155e-02 -1.582887e-02  1.000000e-03
     vertex  1.172155e-02 -1.582887e-02  0.000000e+00
   endloop
 endfacet
 facet normal  9.983562e-01 -5.731369e-02  0.000000e+00
   outer loop
     vertex  1.173149e-02 -1.565574e-02  0.000000e+00
     vertex  1.173149e-02 -1.565574e-02  1.000000e-03
     vertex  1.172155e-02 -1.582887e-02  1.000000e-03
   endloop
 endfacet
 facet normal  9.974732e-01 -7.104358e-02  0.000000e+00
   outer loop
     vertex  1.174388e-02 -1.548190e-02  0.000000e+00
     vertex  1.173149e-02 -1.565574e-02  1.000000e-03
     vertex  1.173149e-02 -1.565574e-02  0.000000e+00
   endloop
 endfacet
 facet normal  9.974732e-01 -7.104358e-02  0.000000e+00
   outer loop
     vertex  1.174388e-02 -1.548190e-02  0.000000e+00
     vertex  1.174388e-02 -1.548190e-02  1.000000e-03
     vertex  1.173149e-02 -1.565574e-02  1.000000e-03
   endloop
 endfacet
 facet normal  9.964132e-01 -8.462163e-02  0.000000e+00
   outer loop
     vertex  1.175870e-02 -1.530732e-02  0.000000e+00
     vertex  1.174388e-02 -1.548190e-02  1.000000e-03
     vertex  1.174388e-02 -1.548190e-02  0.000000e+00
   endloop
 endfacet
 facet normal  9.964132e-01 -8.462163e-02  0.000000e+00
   outer loop
     vertex  1.175870e-02 -1.530732e-02  0.000000e+00
     vertex  1.175870e-02 -1.530732e-02  1.000000e-03
     vertex  1.174388e-02 -1.548190e-02  1.000000e-03
   endloop
 endfacet
 facet normal  9.951862e-01 -9.800237e-02  0.000000e+00
   outer loop
     vertex  1.177597e-02 -1.513201e-02  0.000000e+00
     vertex  1.175870e-02 -1.530732e-02  1.000000e-03
     vertex  1.175870e-02 -1.530732e-02  0.000000e+00
   endloop
 endfacet
 facet normal  9.951862e-01 -9.800237e-02  0.000000e+00
   outer loop
     vertex  1.177597e-02 -1.513201e-02  0.000000e+00
     vertex  1.177597e-02 -1.513201e-02  1.000000e-03
     vertex  1.175870e-02 -1.530732e-02  1.000000e-03
   endloop
 endfacet
 facet normal  9.938014e-01 -1.111700e-01  0.000000e+00
   outer loop
     vertex  1.179566e-02 -1.495596e-02  0.000000e+00
     vertex  1.177597e-02 -1.513201e-02  1.000000e-03
     vertex  1.177597e-02 -1.513201e-02  0.000000e+00
   endloop
 endfacet
 facet normal  9.938014e-01 -1.111700e-01  0.000000e+00
   outer loop
     vertex  1.179566e-02 -1.495596e-02  0.000000e+00
     vertex  1.179566e-02 -1.495596e-02  1.000000e-03
     vertex  1.177597e-02 -1.513201e-02  1.000000e-03
   endloop
 endfacet
 facet normal  9.922721e-01 -1.240810e-01  0.000000e+00
   outer loop
     vertex  1.181777e-02 -1.477915e-02  0.000000e+00
     vertex  1.179566e-02 -1.495596e-02  1.000000e-03
     vertex  1.179566e-02 -1.495596e-02  0.000000e+00
   endloop
 endfacet
 facet normal  9.922721e-01 -1.240810e-01  0.000000e+00
   outer loop
     vertex  1.181777e-02 -1.477915e-02  0.000000e+00
     vertex  1.181777e-02 -1.477915e-02  1.000000e-03
     vertex  1.179566e-02 -1.495596e-02  1.000000e-03
   endloop
 endfacet
 facet normal  9.906100e-01 -1.367178e-01  0.000000e+00
   outer loop
     vertex  1.184228e-02 -1.460159e-02  0.000000e+00
     vertex  1.181777e-02 -1.477915e-02  1.000000e-03
     vertex  1.181777e-02 -1.477915e-02  0.000000e+00
   endloop
 endfacet
 facet normal  9.906100e-01 -1.367178e-01  0.000000e+00
   outer loop
     vertex  1.184228e-02 -1.460159e-02  0.000000e+00
     vertex  1.184228e-02 -1.460159e-02  1.000000e-03
     vertex  1.181777e-02 -1.477915e-02  1.000000e-03
   endloop
 endfacet
 facet normal  9.888290e-01 -1.490546e-01  0.000000e+00
   outer loop
     vertex  1.186915e-02 -1.442327e-02  0.000000e+00
     vertex  1.184228e-02 -1.460159e-02  1.000000e-03
     vertex  1.184228e-02 -1.460159e-02  0.000000e+00
   endloop
 endfacet
 facet normal  9.888290e-01 -1.490546e-01  0.000000e+00
   outer loop
     vertex  1.186915e-02 -1.442327e-02  0.000000e+00
     vertex  1.186915e-02 -1.442327e-02  1.000000e-03
     vertex  1.184228e-02 -1.460159e-02  1.000000e-03
   endloop
 endfacet
 facet normal  9.869433e-01 -1.610683e-01  0.000000e+00
   outer loop
     vertex  1.189838e-02 -1.424418e-02  0.000000e+00
     vertex  1.186915e-02 -1.442327e-02  1.000000e-03
     vertex  1.186915e-02 -1.442327e-02  0.000000e+00
   endloop
 endfacet
 facet normal  9.869433e-01 -1.610683e-01  0.000000e+00
   outer loop
     vertex  1.189838e-02 -1.424418e-02  0.000000e+00
     vertex  1.189838e-02 -1.424418e-02  1.000000e-03
     vertex  1.186915e-02 -1.442327e-02  1.000000e-03
   endloop
 endfacet
 facet normal  9.849698e-01 -1.727268e-01  0.000000e+00
   outer loop
     vertex  1.192992e-02 -1.406432e-02  0.000000e+00
     vertex  1.189838e-02 -1.424418e-02  1.000000e-03
     vertex  1.189838e-02 -1.424418e-02  0.000000e+00
   endloop
 endfacet
 facet normal  9.849698e-01 -1.727268e-01  0.000000e+00
   outer loop
     vertex  1.192992e-02 -1.406432e-02  0.000000e+00
     vertex  1.192992e-02 -1.406432e-02  1.000000e-03
     vertex  1.189838e-02 -1.424418e-02  1.000000e-03
   endloop
 endfacet
 facet normal  9.829228e-01 -1.840185e-01  0.000000e+00
   outer loop
     vertex  1.196374e-02 -1.388370e-02  0.000000e+00
     vertex  1.192992e-02 -1.406432e-02  1.000000e-03
     vertex  1.192992e-02 -1.406432e-02  0.000000e+00
   endloop
 endfacet
 facet normal  9.829228e-01 -1.840185e-01  0.000000e+00
   outer loop
     vertex  1.196374e-02 -1.388370e-02  0.000000e+00
     vertex  1.196374e-02 -1.388370e-02  1.000000e-03
     vertex  1.192992e-02 -1.406432e-02  1.000000e-03
   endloop
 endfacet
 facet normal  9.808203e-01 -1.949140e-01  0.000000e+00
   outer loop
     vertex  1.199979e-02 -1.370230e-02  0.000000e+00
     vertex  1.196374e-02 -1.388370e-02  1.000000e-03
     vertex  1.196374e-02 -1.388370e-02  0.000000e+00
   endloop
 endfacet
 facet normal  9.808203e-01 -1.949140e-01  0.000000e+00
   outer loop
     vertex  1.199979e-02 -1.370230e-02  0.000000e+00
     vertex  1.199979e-02 -1.370230e-02  1.000000e-03
     vertex  1.196374e-02 -1.388370e-02  1.000000e-03
   endloop
 endfacet
 facet normal  9.786773e-01 -2.054037e-01  0.000000e+00
   outer loop
     vertex  1.203802e-02 -1.352013e-02  0.000000e+00
     vertex  1.199979e-02 -1.370230e-02  1.000000e-03
     vertex  1.199979e-02 -1.370230e-02  0.000000e+00
   endloop
 endfacet
 facet normal  9.786773e-01 -2.054037e-01  0.000000e+00
   outer loop
     vertex  1.203802e-02 -1.352013e-02  0.000000e+00
     vertex  1.203802e-02 -1.352013e-02  1.000000e-03
     vertex  1.199979e-02 -1.370230e-02  1.000000e-03
   endloop
 endfacet
 facet normal  9.765109e-01 -2.154680e-01  0.000000e+00
   outer loop
     vertex  1.207838e-02 -1.333720e-02  0.000000e+00
     vertex  1.203802e-02 -1.352013e-02  1.000000e-03
     vertex  1.203802e-02 -1.352013e-02  0.000000e+00
   endloop
 endfacet
 facet normal  9.765109e-01 -2.154680e-01  0.000000e+00
   outer loop
     vertex  1.207838e-02 -1.333720e-02  0.000000e+00
     vertex  1.207838e-02 -1.333720e-02  1.000000e-03
     vertex  1.203802e-02 -1.352013e-02  1.000000e-03
   endloop
 endfacet
 facet normal  9.743377e-01 -2.250911e-01  0.000000e+00
   outer loop
     vertex  1.212082e-02 -1.315349e-02  0.000000e+00
     vertex  1.207838e-02 -1.333720e-02  1.000000e-03
     vertex  1.207838e-02 -1.333720e-02  0.000000e+00
   endloop
 endfacet
 facet normal  9.743377e-01 -2.250911e-01  0.000000e+00
   outer loop
     vertex  1.212082e-02 -1.315349e-02  0.000000e+00
     vertex  1.212082e-02 -1.315349e-02  1.000000e-03
     vertex  1.207838e-02 -1.333720e-02  1.000000e-03
   endloop
 endfacet
 facet normal  9.721738e-01 -2.342607e-01  0.000000e+00
   outer loop
     vertex  1.216527e-02 -1.296903e-02  0.000000e+00
     vertex  1.212082e-02 -1.315349e-02  1.000000e-03
     vertex  1.212082e-02 -1.315349e-02  0.000000e+00
   endloop
 endfacet
 facet normal  9.721738e-01 -2.342607e-01  0.000000e+00
   outer loop
     vertex  1.216527e-02 -1.296903e-02  0.000000e+00
     vertex  1.216527e-02 -1.296903e-02  1.000000e-03
     vertex  1.212082e-02 -1.315349e-02  1.000000e-03
   endloop
 endfacet
 facet normal  9.700318e-01 -2.429780e-01  0.000000e+00
   outer loop
     vertex  1.221167e-02 -1.278380e-02  0.000000e+00
     vertex  1.216527e-02 -1.296903e-02  1.000000e-03
     vertex  1.216527e-02 -1.296903e-02  0.000000e+00
   endloop
 endfacet
 facet normal  9.700318e-01 -2.429780e-01  0.000000e+00
   outer loop
     vertex  1.221167e-02 -1.278380e-02  0.000000e+00
     vertex  1.221167e-02 -1.278380e-02  1.000000e-03
     vertex  1.216527e-02 -1.296903e-02  1.000000e-03
   endloop
 endfacet
 facet normal  9.679283e-01 -2.512266e-01  0.000000e+00
   outer loop
     vertex  1.225994e-02 -1.259782e-02  0.000000e+00
     vertex  1.221167e-02 -1.278380e-02  1.000000e-03
     vertex  1.221167e-02 -1.278380e-02  0.000000e+00
   endloop
 endfacet
 facet normal  9.679283e-01 -2.512266e-01  0.000000e+00
   outer loop
     vertex  1.225994e-02 -1.259782e-02  0.000000e+00
     vertex  1.225994e-02 -1.259782e-02  1.000000e-03
     vertex  1.221167e-02 -1.278380e-02  1.000000e-03
   endloop
 endfacet
 facet normal  9.658751e-01 -2.590082e-01  0.000000e+00
   outer loop
     vertex  1.231001e-02 -1.241110e-02  0.000000e+00
     vertex  1.225994e-02 -1.259782e-02  1.000000e-03
     vertex  1.225994e-02 -1.259782e-02  0.000000e+00
   endloop
 endfacet
 facet normal  9.658751e-01 -2.590082e-01  0.000000e+00
   outer loop
     vertex  1.231001e-02 -1.241110e-02  0.000000e+00
     vertex  1.231001e-02 -1.241110e-02  1.000000e-03
     vertex  1.225994e-02 -1.259782e-02  1.000000e-03
   endloop
 endfacet
 facet normal  9.638887e-01 -2.663055e-01  0.000000e+00
   outer loop
     vertex  1.236181e-02 -1.222364e-02  0.000000e+00
     vertex  1.231001e-02 -1.241110e-02  1.000000e-03
     vertex  1.231001e-02 -1.241110e-02  0.000000e+00
   endloop
 endfacet
 facet normal  9.638887e-01 -2.663055e-01  0.000000e+00
   outer loop
     vertex  1.236181e-02 -1.222364e-02  0.000000e+00
     vertex  1.236181e-02 -1.222364e-02  1.000000e-03
     vertex  1.231001e-02 -1.241110e-02  1.000000e-03
   endloop
 endfacet
 facet normal  9.619777e-01 -2.731281e-01  0.000000e+00
   outer loop
     vertex  1.241524e-02 -1.203544e-02  0.000000e+00
     vertex  1.236181e-02 -1.222364e-02  1.000000e-03
     vertex  1.236181e-02 -1.222364e-02  0.000000e+00
   endloop
 endfacet
 facet normal  9.619777e-01 -2.731281e-01  0.000000e+00
   outer loop
     vertex  1.241524e-02 -1.203544e-02  0.000000e+00
     vertex  1.241524e-02 -1.203544e-02  1.000000e-03
     vertex  1.236181e-02 -1.222364e-02  1.000000e-03
   endloop
 endfacet
 facet normal  9.601532e-01 -2.794744e-01  0.000000e+00
   outer loop
     vertex  1.247023e-02 -1.184653e-02  0.000000e+00
     vertex  1.241524e-02 -1.203544e-02  1.000000e-03
     vertex  1.241524e-02 -1.203544e-02  0.000000e+00
   endloop
 endfacet
 facet normal  9.601532e-01 -2.794744e-01  0.000000e+00
   outer loop
     vertex  1.247023e-02 -1.184653e-02  0.000000e+00
     vertex  1.247023e-02 -1.184653e-02  1.000000e-03
     vertex  1.241524e-02 -1.203544e-02  1.000000e-03
   endloop
 endfacet
 facet normal  9.584276e-01 -2.853357e-01  0.000000e+00
   outer loop
     vertex  1.252668e-02 -1.165690e-02  0.000000e+00
     vertex  1.247023e-02 -1.184653e-02  1.000000e-03
     vertex  1.247023e-02 -1.184653e-02  0.000000e+00
   endloop
 endfacet
 facet normal  9.584276e-01 -2.853357e-01  0.000000e+00
   outer loop
     vertex  1.252668e-02 -1.165690e-02  0.000000e+00
     vertex  1.252668e-02 -1.165690e-02  1.000000e-03
     vertex  1.247023e-02 -1.184653e-02  1.000000e-03
   endloop
 endfacet
 facet normal  9.568074e-01 -2.907227e-01  0.000000e+00
   outer loop
     vertex  1.258451e-02 -1.146658e-02  0.000000e+00
     vertex  1.252668e-02 -1.165690e-02  1.000000e-03
     vertex  1.252668e-02 -1.165690e-02  0.000000e+00
   endloop
 endfacet
 facet normal  9.568074e-01 -2.907227e-01  0.000000e+00
   outer loop
     vertex  1.258451e-02 -1.146658e-02  0.000000e+00
     vertex  1.258451e-02 -1.146658e-02  1.000000e-03
     vertex  1.252668e-02 -1.165690e-02  1.000000e-03
   endloop
 endfacet
 facet normal  9.553054e-01 -2.956206e-01  0.000000e+00
   outer loop
     vertex  1.264362e-02 -1.127557e-02  0.000000e+00
     vertex  1.258451e-02 -1.146658e-02  1.000000e-03
     vertex  1.258451e-02 -1.146658e-02  0.000000e+00
   endloop
 endfacet
 facet normal  9.553054e-01 -2.956206e-01  0.000000e+00
   outer loop
     vertex  1.264362e-02 -1.127557e-02  0.000000e+00
     vertex  1.264362e-02 -1.127557e-02  1.000000e-03
     vertex  1.258451e-02 -1.146658e-02  1.000000e-03
   endloop
 endfacet
 facet normal  9.539239e-01 -3.000487e-01  0.000000e+00
   outer loop
     vertex  1.270391e-02 -1.108389e-02  0.000000e+00
     vertex  1.264362e-02 -1.127557e-02  1.000000e-03
     vertex  1.264362e-02 -1.127557e-02  0.000000e+00
   endloop
 endfacet
 facet normal  9.539239e-01 -3.000487e-01  0.000000e+00
   outer loop
     vertex  1.270391e-02 -1.108389e-02  0.000000e+00
     vertex  1.270391e-02 -1.108389e-02  1.000000e-03
     vertex  1.264362e-02 -1.127557e-02  1.000000e-03
   endloop
 endfacet
 facet normal  9.526747e-01 -3.039915e-01  0.000000e+00
   outer loop
     vertex  1.276528e-02 -1.089155e-02  0.000000e+00
     vertex  1.270391e-02 -1.108389e-02  1.000000e-03
     vertex  1.270391e-02 -1.108389e-02  0.000000e+00
   endloop
 endfacet
 facet normal  9.526747e-01 -3.039915e-01  0.000000e+00
   outer loop
     vertex  1.276528e-02 -1.089155e-02  0.000000e+00
     vertex  1.276528e-02 -1.089155e-02  1.000000e-03
     vertex  1.270391e-02 -1.108389e-02  1.000000e-03
   endloop
 endfacet
 facet normal  9.515582e-01 -3.074688e-01  0.000000e+00
   outer loop
     vertex  1.282764e-02 -1.069858e-02  0.000000e+00
     vertex  1.276528e-02 -1.089155e-02  1.000000e-03
     vertex  1.276528e-02 -1.089155e-02  0.000000e+00
   endloop
 endfacet
 facet normal  9.515582e-01 -3.074688e-01  0.000000e+00
   outer loop
     vertex  1.282764e-02 -1.069858e-02  0.000000e+00
     vertex  1.282764e-02 -1.069858e-02  1.000000e-03
     vertex  1.276528e-02 -1.089155e-02  1.000000e-03
   endloop
 endfacet
 facet normal  9.505837e-01 -3.104683e-01  0.000000e+00
   outer loop
     vertex  1.289087e-02 -1.050498e-02  0.000000e+00
     vertex  1.282764e-02 -1.069858e-02  1.000000e-03
     vertex  1.282764e-02 -1.069858e-02  0.000000e+00
   endloop
 endfacet
 facet normal  9.505837e-01 -3.104683e-01  0.000000e+00
   outer loop
     vertex  1.289087e-02 -1.050498e-02  0.000000e+00
     vertex  1.289087e-02 -1.050498e-02  1.000000e-03
     vertex  1.282764e-02 -1.069858e-02  1.000000e-03
   endloop
 endfacet
 facet normal  9.497547e-01 -3.129953e-01  0.000000e+00
   outer loop
     vertex  1.295487e-02 -1.031077e-02  0.000000e+00
     vertex  1.289087e-02 -1.050498e-02  1.000000e-03
     vertex  1.289087e-02 -1.050498e-02  0.000000e+00
   endloop
 endfacet
 facet normal  9.497547e-01 -3.129953e-01  0.000000e+00
   outer loop
     vertex  1.295487e-02 -1.031077e-02  0.000000e+00
     vertex  1.295487e-02 -1.031077e-02  1.000000e-03
     vertex  1.289087e-02 -1.050498e-02  1.000000e-03
   endloop
 endfacet
 facet normal  9.490728e-01 -3.150567e-01  0.000000e+00
   outer loop
     vertex  1.301953e-02 -1.011598e-02  0.000000e+00
     vertex  1.295487e-02 -1.031077e-02  1.000000e-03
     vertex  1.295487e-02 -1.031077e-02  0.000000e+00
   endloop
 endfacet
 facet normal  9.490728e-01 -3.150567e-01  0.000000e+00
   outer loop
     vertex  1.301953e-02 -1.011598e-02  0.000000e+00
     vertex  1.301953e-02 -1.011598e-02  1.000000e-03
     vertex  1.295487e-02 -1.031077e-02  1.000000e-03
   endloop
 endfacet
 facet normal  9.485405e-01 -3.166560e-01  0.000000e+00
   outer loop
     vertex  1.308475e-02 -9.920625e-03  0.000000e+00
     vertex  1.301953e-02 -1.011598e-02  1.000000e-03
     vertex  1.301953e-02 -1.011598e-02  0.000000e+00
   endloop
 endfacet
 facet normal  9.485405e-01 -3.166560e-01  0.000000e+00
   outer loop
     vertex  1.308475e-02 -9.920625e-03  0.000000e+00
     vertex  1.308475e-02 -9.920625e-03  1.000000e-03
     vertex  1.301953e-02 -1.011598e-02  1.000000e-03
   endloop
 endfacet
 facet normal  9.481622e-01 -3.177868e-01  0.000000e+00
   outer loop
     vertex  1.315041e-02 -9.724725e-03  0.000000e+00
     vertex  1.308475e-02 -9.920625e-03  1.000000e-03
     vertex  1.308475e-02 -9.920625e-03  0.000000e+00
   endloop
 endfacet
 facet normal  9.481622e-01 -3.177868e-01  0.000000e+00
   outer loop
     vertex  1.315041e-02 -9.724725e-03  0.000000e+00
     vertex  1.315041e-02 -9.724725e-03  1.000000e-03
     vertex  1.308475e-02 -9.920625e-03  1.000000e-03
   endloop
 endfacet
 facet normal  9.479389e-01 -3.184522e-01  0.000000e+00
   outer loop
     vertex  1.321639e-02 -9.528301e-03  0.000000e+00
     vertex  1.315041e-02 -9.724725e-03  1.000000e-03
     vertex  1.315041e-02 -9.724725e-03  0.000000e+00
   endloop
 endfacet
 facet normal  9.479389e-01 -3.184522e-01  0.000000e+00
   outer loop
     vertex  1.321639e-02 -9.528301e-03  0.000000e+00
     vertex  1.321639e-02 -9.528301e-03  1.000000e-03
     vertex  1.315041e-02 -9.724725e-03  1.000000e-03
   endloop
 endfacet
 facet normal  9.478667e-01 -3.186671e-01  0.000000e+00
   outer loop
     vertex  1.328260e-02 -9.331379e-03  0.000000e+00
     vertex  1.321639e-02 -9.528301e-03  1.000000e-03
     vertex  1.321639e-02 -9.528301e-03  0.000000e+00
   endloop
 endfacet
 facet normal  9.478667e-01 -3.186671e-01  0.000000e+00
   outer loop
     vertex  1.328260e-02 -9.331379e-03  0.000000e+00
     vertex  1.328260e-02 -9.331379e-03  1.000000e-03
     vertex  1.321639e-02 -9.528301e-03  1.000000e-03
   endloop
 endfacet
 facet normal  9.479508e-01 -3.184167e-01  0.000000e+00
   outer loop
     vertex  1.334890e-02 -9.133981e-03  0.000000e+00
     vertex  1.328260e-02 -9.331379e-03  1.000000e-03
     vertex  1.328260e-02 -9.331379e-03  0.000000e+00
   endloop
 endfacet
 facet normal  9.479508e-01 -3.184167e-01  0.000000e+00
   outer loop
     vertex  1.334890e-02 -9.133981e-03  0.000000e+00
     vertex  1.334890e-02 -9.133981e-03  1.000000e-03
     vertex  1.328260e-02 -9.331379e-03  1.000000e-03
   endloop
 endfacet
 facet normal  9.481875e-01 -3.177111e-01  0.000000e+00
   outer loop
     vertex  1.341520e-02 -8.936134e-03  0.000000e+00
     vertex  1.334890e-02 -9.133981e-03  1.000000e-03
     vertex  1.334890e-02 -9.133981e-03  0.000000e+00
   endloop
 endfacet
 facet normal  9.481875e-01 -3.177111e-01  0.000000e+00
   outer loop
     vertex  1.341520e-02 -8.936134e-03  0.000000e+00
     vertex  1.341520e-02 -8.936134e-03  1.000000e-03
     vertex  1.334890e-02 -9.133981e-03  1.000000e-03
   endloop
 endfacet
 facet normal  9.485770e-01 -3.165464e-01  0.000000e+00
   outer loop
     vertex  1.348136e-02 -8.737864e-03  0.000000e+00
     vertex  1.341520e-02 -8.936134e-03  1.000000e-03
     vertex  1.341520e-02 -8.936134e-03  0.000000e+00
   endloop
 endfacet
 facet normal  9.485770e-01 -3.165464e-01  0.000000e+00
   outer loop
     vertex  1.348136e-02 -8.737864e-03  0.000000e+00
     vertex  1.348136e-02 -8.737864e-03  1.000000e-03
     vertex  1.341520e-02 -8.936134e-03  1.000000e-03
   endloop
 endfacet
 facet normal  9.491138e-01 -3.149333e-01  0.000000e+00
   outer loop
     vertex  1.354728e-02 -8.539198e-03  0.000000e+00
     vertex  1.348136e-02 -8.737864e-03  1.000000e-03
     vertex  1.348136e-02 -8.737864e-03  0.000000e+00
   endloop
 endfacet
 facet normal  9.491138e-01 -3.149333e-01  0.000000e+00
   outer loop
     vertex  1.354728e-02 -8.539198e-03  0.000000e+00
     vertex  1.354728e-02 -8.539198e-03  1.000000e-03
     vertex  1.348136e-02 -8.737864e-03  1.000000e-03
   endloop
 endfacet
 facet normal  9.498002e-01 -3.128572e-01  0.000000e+00
   outer loop
     vertex  1.361284e-02 -8.340165e-03  0.000000e+00
     vertex  1.354728e-02 -8.539198e-03  1.000000e-03
     vertex  1.354728e-02 -8.539198e-03  0.000000e+00
   endloop
 endfacet
 facet normal  9.498002e-01 -3.128572e-01  0.000000e+00
   outer loop
     vertex  1.361284e-02 -8.340165e-03  0.000000e+00
     vertex  1.361284e-02 -8.340165e-03  1.000000e-03
     vertex  1.354728e-02 -8.539198e-03  1.000000e-03
   endloop
 endfacet
 facet normal  9.506281e-01 -3.103326e-01  0.000000e+00
   outer loop
     vertex  1.367793e-02 -8.140793e-03  0.000000e+00
     vertex  1.361284e-02 -8.340165e-03  1.000000e-03
     vertex  1.361284e-02 -8.340165e-03  0.000000e+00
   endloop
 endfacet
 facet normal  9.506281e-01 -3.103326e-01  0.000000e+00
   outer loop
     vertex  1.367793e-02 -8.140793e-03  0.000000e+00
     vertex  1.367793e-02 -8.140793e-03  1.000000e-03
     vertex  1.361284e-02 -8.340165e-03  1.000000e-03
   endloop
 endfacet
 facet normal  9.515966e-01 -3.073499e-01  0.000000e+00
   outer loop
     vertex  1.374242e-02 -7.941114e-03  0.000000e+00
     vertex  1.367793e-02 -8.140793e-03  1.000000e-03
     vertex  1.367793e-02 -8.140793e-03  0.000000e+00
   endloop
 endfacet
 facet normal  9.515966e-01 -3.073499e-01  0.000000e+00
   outer loop
     vertex  1.374242e-02 -7.941114e-03  0.000000e+00
     vertex  1.374242e-02 -7.941114e-03  1.000000e-03
     vertex  1.367793e-02 -8.140793e-03  1.000000e-03
   endloop
 endfacet
 facet normal  9.526989e-01 -3.039159e-01  0.000000e+00
   outer loop
     vertex  1.380621e-02 -7.741158e-03  0.000000e+00
     vertex  1.374242e-02 -7.941114e-03  1.000000e-03
     vertex  1.374242e-02 -7.941114e-03  0.000000e+00
   endloop
 endfacet
 facet normal  9.526989e-01 -3.039159e-01  0.000000e+00
   outer loop
     vertex  1.380621e-02 -7.741158e-03  0.000000e+00
     vertex  1.380621e-02 -7.741158e-03  1.000000e-03
     vertex  1.374242e-02 -7.941114e-03  1.000000e-03
   endloop
 endfacet
 facet normal  9.539319e-01 -3.000231e-01  0.000000e+00
   outer loop
     vertex  1.386917e-02 -7.540959e-03  0.000000e+00
     vertex  1.380621e-02 -7.741158e-03  1.000000e-03
     vertex  1.380621e-02 -7.741158e-03  0.000000e+00
   endloop
 endfacet
 facet normal  9.539319e-01 -3.000231e-01  0.000000e+00
   outer loop
     vertex  1.386917e-02 -7.540959e-03  0.000000e+00
     vertex  1.386917e-02 -7.540959e-03  1.000000e-03
     vertex  1.380621e-02 -7.741158e-03  1.000000e-03
   endloop
 endfacet
 facet normal  9.552877e-01 -2.956778e-01  0.000000e+00
   outer loop
     vertex  1.393120e-02 -7.340550e-03  0.000000e+00
     vertex  1.386917e-02 -7.540959e-03  1.000000e-03
     vertex  1.386917e-02 -7.540959e-03  0.000000e+00
   endloop
 endfacet
 facet normal  9.552877e-01 -2.956778e-01  0.000000e+00
   outer loop
     vertex  1.393120e-02 -7.340550e-03  0.000000e+00
     vertex  1.393120e-02 -7.340550e-03  1.000000e-03
     vertex  1.386917e-02 -7.540959e-03  1.000000e-03
   endloop
 endfacet
 facet normal  9.567627e-01 -2.908695e-01  0.000000e+00
   outer loop
     vertex  1.399218e-02 -7.139964e-03  0.000000e+00
     vertex  1.393120e-02 -7.340550e-03  1.000000e-03
     vertex  1.393120e-02 -7.340550e-03  0.000000e+00
   endloop
 endfacet
 facet normal  9.567627e-01 -2.908695e-01  0.000000e+00
   outer loop
     vertex  1.399218e-02 -7.139964e-03  0.000000e+00
     vertex  1.399218e-02 -7.139964e-03  1.000000e-03
     vertex  1.393120e-02 -7.340550e-03  1.000000e-03
   endloop
 endfacet
 facet normal  9.583448e-01 -2.856137e-01  0.000000e+00
   outer loop
     vertex  1.405200e-02 -6.939238e-03  0.000000e+00
     vertex  1.399218e-02 -7.139964e-03  1.000000e-03
     vertex  1.399218e-02 -7.139964e-03  0.000000e+00
   endloop
 endfacet
 facet normal  9.583448e-01 -2.856137e-01  0.000000e+00
   outer loop
     vertex  1.405200e-02 -6.939238e-03  0.000000e+00
     vertex  1.405200e-02 -6.939238e-03  1.000000e-03
     vertex  1.399218e-02 -7.139964e-03  1.000000e-03
   endloop
 endfacet
 facet normal  9.600310e-01 -2.798937e-01  0.000000e+00
   outer loop
     vertex  1.411056e-02 -6.738409e-03  0.000000e+00
     vertex  1.405200e-02 -6.939238e-03  1.000000e-03
     vertex  1.405200e-02 -6.939238e-03  0.000000e+00
   endloop
 endfacet
 facet normal  9.600310e-01 -2.798937e-01  0.000000e+00
   outer loop
     vertex  1.411056e-02 -6.738409e-03  0.000000e+00
     vertex  1.411056e-02 -6.738409e-03  1.000000e-03
     vertex  1.405200e-02 -6.939238e-03  1.000000e-03
   endloop
 endfacet
 facet normal  9.618116e-01 -2.737124e-01  0.000000e+00
   outer loop
     vertex  1.416773e-02 -6.537513e-03  0.000000e+00
     vertex  1.411056e-02 -6.738409e-03  1.000000e-03
     vertex  1.411056e-02 -6.738409e-03  0.000000e+00
   endloop
 endfacet
 facet normal  9.618116e-01 -2.737124e-01  0.000000e+00
   outer loop
     vertex  1.416773e-02 -6.537513e-03  0.000000e+00
     vertex  1.416773e-02 -6.537513e-03  1.000000e-03
     vertex  1.411056e-02 -6.738409e-03  1.000000e-03
   endloop
 endfacet
 facet normal  9.636776e-01 -2.670684e-01  0.000000e+00
   outer loop
     vertex  1.422341e-02 -6.336589e-03  0.000000e+00
     vertex  1.416773e-02 -6.537513e-03  1.000000e-03
     vertex  1.416773e-02 -6.537513e-03  0.000000e+00
   endloop
 endfacet
 facet normal  9.636776e-01 -2.670684e-01  0.000000e+00
   outer loop
     vertex  1.422341e-02 -6.336589e-03  0.000000e+00
     vertex  1.422341e-02 -6.336589e-03  1.000000e-03
     vertex  1.416773e-02 -6.537513e-03  1.000000e-03
   endloop
 endfacet
 facet normal  9.656166e-01 -2.599704e-01  0.000000e+00
   outer loop
     vertex  1.427750e-02 -6.135677e-03  0.000000e+00
     vertex  1.422341e-02 -6.336589e-03  1.000000e-03
     vertex  1.422341e-02 -6.336589e-03  0.000000e+00
   endloop
 endfacet
 facet normal  9.656166e-01 -2.599704e-01  0.000000e+00
   outer loop
     vertex  1.427750e-02 -6.135677e-03  0.000000e+00
     vertex  1.427750e-02 -6.135677e-03  1.000000e-03
     vertex  1.422341e-02 -6.336589e-03  1.000000e-03
   endloop
 endfacet
 facet normal  9.676211e-01 -2.524072e-01  0.000000e+00
   outer loop
     vertex  1.432990e-02 -5.934817e-03  0.000000e+00
     vertex  1.427750e-02 -6.135677e-03  1.000000e-03
     vertex  1.427750e-02 -6.135677e-03  0.000000e+00
   endloop
 endfacet
 facet normal  9.676211e-01 -2.524072e-01  0.000000e+00
   outer loop
     vertex  1.432990e-02 -5.934817e-03  0.000000e+00
     vertex  1.432990e-02 -5.934817e-03  1.000000e-03
     vertex  1.427750e-02 -6.135677e-03  1.000000e-03
   endloop
 endfacet
 facet normal  9.696802e-01 -2.443774e-01  0.000000e+00
   outer loop
     vertex  1.438049e-02 -5.734050e-03  0.000000e+00
     vertex  1.432990e-02 -5.934817e-03  1.000000e-03
     vertex  1.432990e-02 -5.934817e-03  0.000000e+00
   endloop
 endfacet
 facet normal  9.696802e-01 -2.443774e-01  0.000000e+00
   outer loop
     vertex  1.438049e-02 -5.734050e-03  0.000000e+00
     vertex  1.438049e-02 -5.734050e-03  1.000000e-03
     vertex  1.432990e-02 -5.934817e-03  1.000000e-03
   endloop
 endfacet
 facet normal  9.717797e-01 -2.358902e-01  0.000000e+00
   outer loop
     vertex  1.442919e-02 -5.533420e-03  0.000000e+00
     vertex  1.438049e-02 -5.734050e-03  1.000000e-03
     vertex  1.438049e-02 -5.734050e-03  0.000000e+00
   endloop
 endfacet
 facet normal  9.717797e-01 -2.358902e-01  0.000000e+00
   outer loop
     vertex  1.442919e-02 -5.533420e-03  0.000000e+00
     vertex  1.442919e-02 -5.533420e-03  1.000000e-03
     vertex  1.438049e-02 -5.734050e-03  1.000000e-03
   endloop
 endfacet
 facet normal  9.739107e-01 -2.269316e-01  0.000000e+00
   outer loop
     vertex  1.447590e-02 -5.332970e-03  0.000000e+00
     vertex  1.442919e-02 -5.533420e-03  1.000000e-03
     vertex  1.442919e-02 -5.533420e-03  0.000000e+00
   endloop
 endfacet
 facet normal  9.739107e-01 -2.269316e-01  0.000000e+00
   outer loop
     vertex  1.447590e-02 -5.332970e-03  0.000000e+00
     vertex  1.447590e-02 -5.332970e-03  1.000000e-03
     vertex  1.442919e-02 -5.533420e-03  1.000000e-03
   endloop
 endfacet
 facet normal  9.760565e-01 -2.175173e-01  0.000000e+00
   outer loop
     vertex  1.452052e-02 -5.132744e-03  0.000000e+00
     vertex  1.447590e-02 -5.332970e-03  1.000000e-03
     vertex  1.447590e-02 -5.332970e-03  0.000000e+00
   endloop
 endfacet
 facet normal  9.760565e-01 -2.175173e-01  0.000000e+00
   outer loop
     vertex  1.452052e-02 -5.132744e-03  0.000000e+00
     vertex  1.452052e-02 -5.132744e-03  1.000000e-03
     vertex  1.447590e-02 -5.332970e-03  1.000000e-03
   endloop
 endfacet
 facet normal  9.782052e-01 -2.076404e-01  0.000000e+00
   outer loop
     vertex  1.456297e-02 -4.932788e-03  0.000000e+00
     vertex  1.452052e-02 -5.132744e-03  1.000000e-03
     vertex  1.452052e-02 -5.132744e-03  0.000000e+00
   endloop
 endfacet
 facet normal  9.782052e-01 -2.076404e-01  0.000000e+00
   outer loop
     vertex  1.456297e-02 -4.932788e-03  0.000000e+00
     vertex  1.456297e-02 -4.932788e-03  1.000000e-03
     vertex  1.452052e-02 -5.132744e-03  1.000000e-03
   endloop
 endfacet
 facet normal  9.803439e-01 -1.972964e-01  0.000000e+00
   outer loop
     vertex  1.460314e-02 -4.733148e-03  0.000000e+00
     vertex  1.456297e-02 -4.932788e-03  1.000000e-03
     vertex  1.456297e-02 -4.932788e-03  0.000000e+00
   endloop
 endfacet
 facet normal  9.803439e-01 -1.972964e-01  0.000000e+00
   outer loop
     vertex  1.460314e-02 -4.733148e-03  0.000000e+00
     vertex  1.460314e-02 -4.733148e-03  1.000000e-03
     vertex  1.456297e-02 -4.932788e-03  1.000000e-03
   endloop
 endfacet
 facet normal  9.824538e-01 -1.865063e-01  0.000000e+00
   outer loop
     vertex  1.464097e-02 -4.533872e-03  0.000000e+00
     vertex  1.460314e-02 -4.733148e-03  1.000000e-03
     vertex  1.460314e-02 -4.733148e-03  0.000000e+00
   endloop
 endfacet
 facet normal  9.824538e-01 -1.865063e-01  0.000000e+00
   outer loop
     vertex  1.464097e-02 -4.533872e-03  0.000000e+00
     vertex  1.464097e-02 -4.533872e-03  1.000000e-03
     vertex  1.460314e-02 -4.733148e-03  1.000000e-03
   endloop
 endfacet
 facet normal  9.845227e-01 -1.752569e-01  0.000000e+00
   outer loop
     vertex  1.467637e-02 -4.335009e-03  0.000000e+00
     vertex  1.464097e-02 -4.533872e-03  1.000000e-03
     vertex  1.464097e-02 -4.533872e-03  0.000000e+00
   endloop
 endfacet
 facet normal  9.845227e-01 -1.752569e-01  0.000000e+00
   outer loop
     vertex  1.467637e-02 -4.335009e-03  0.000000e+00
     vertex  1.467637e-02 -4.335009e-03  1.000000e-03
     vertex  1.464097e-02 -4.533872e-03  1.000000e-03
   endloop
 endfacet
 facet normal  9.865339e-01 -1.635571e-01  0.000000e+00
   outer loop
     vertex  1.470927e-02 -4.136607e-03  0.000000e+00
     vertex  1.467637e-02 -4.335009e-03  1.000000e-03
     vertex  1.467637e-02 -4.335009e-03  0.000000e+00
   endloop
 endfacet
 facet normal  9.865339e-01 -1.635571e-01  0.000000e+00
   outer loop
     vertex  1.470927e-02 -4.136607e-03  0.000000e+00
     vertex  1.470927e-02 -4.136607e-03  1.000000e-03
     vertex  1.467637e-02 -4.335009e-03  1.000000e-03
   endloop
 endfacet
 facet normal  9.884703e-01 -1.514149e-01  0.000000e+00
   outer loop
     vertex  1.473958e-02 -3.938717e-03  0.000000e+00
     vertex  1.470927e-02 -4.136607e-03  1.000000e-03
     vertex  1.470927e-02 -4.136607e-03  0.000000e+00
   endloop
 endfacet
 facet normal  9.884703e-01 -1.514149e-01  0.000000e+00
   outer loop
     vertex  1.473958e-02 -3.938717e-03  0.000000e+00
     vertex  1.473958e-02 -3.938717e-03  1.000000e-03
     vertex  1.470927e-02 -4.136607e-03  1.000000e-03
   endloop
 endfacet
 facet normal  9.903160e-01 -1.388317e-01  0.000000e+00
   outer loop
     vertex  1.476724e-02 -3.741391e-03  0.000000e+00
     vertex  1.473958e-02 -3.938717e-03  1.000000e-03
     vertex  1.473958e-02 -3.938717e-03  0.000000e+00
   endloop
 endfacet
 facet normal  9.903160e-01 -1.388317e-01  0.000000e+00
   outer loop
     vertex  1.476724e-02 -3.741391e-03  0.000000e+00
     vertex  1.476724e-02 -3.741391e-03  1.000000e-03
     vertex  1.473958e-02 -3.938717e-03  1.000000e-03
   endloop
 endfacet
 facet normal  9.920526e-01 -1.258240e-01  0.000000e+00
   outer loop
     vertex  1.479219e-02 -3.544682e-03  0.000000e+00
     vertex  1.476724e-02 -3.741391e-03  1.000000e-03
     vertex  1.476724e-02 -3.741391e-03  0.000000e+00
   endloop
 endfacet
 facet normal  9.920526e-01 -1.258240e-01  0.000000e+00
   outer loop
     vertex  1.479219e-02 -3.544682e-03  0.000000e+00
     vertex  1.479219e-02 -3.544682e-03  1.000000e-03
     vertex  1.476724e-02 -3.741391e-03  1.000000e-03
   endloop
 endfacet
 facet normal  9.936638e-01 -1.123929e-01  0.000000e+00
   outer loop
     vertex  1.481437e-02 -3.348642e-03  0.000000e+00
     vertex  1.479219e-02 -3.544682e-03  1.000000e-03
     vertex  1.479219e-02 -3.544682e-03  0.000000e+00
   endloop
 endfacet
 facet normal  9.936638e-01 -1.123929e-01  0.000000e+00
   outer loop
     vertex  1.481437e-02 -3.348642e-03  0.000000e+00
     vertex  1.481437e-02 -3.348642e-03  1.000000e-03
     vertex  1.479219e-02 -3.544682e-03  1.000000e-03
   endloop
 endfacet
 facet normal  9.951324e-01 -9.854723e-02  0.000000e+00
   outer loop
     vertex  1.483371e-02 -3.153326e-03  0.000000e+00
     vertex  1.481437e-02 -3.348642e-03  1.000000e-03
     vertex  1.481437e-02 -3.348642e-03  0.000000e+00
   endloop
 endfacet
 facet normal  9.951324e-01 -9.854723e-02  0.000000e+00
   outer loop
     vertex  1.483371e-02 -3.153326e-03  0.000000e+00
     vertex  1.483371e-02 -3.153326e-03  1.000000e-03
     vertex  1.481437e-02 -3.348642e-03  1.000000e-03
   endloop
 endfacet
 facet normal  9.964396e-01 -8.430990e-02  0.000000e+00
   outer loop
     vertex  1.485017e-02 -2.958789e-03  0.000000e+00
     vertex  1.483371e-02 -3.153326e-03  1.000000e-03
     vertex  1.483371e-02 -3.153326e-03  0.000000e+00
   endloop
 endfacet
 facet normal  9.964396e-01 -8.430990e-02  0.000000e+00
   outer loop
     vertex  1.485017e-02 -2.958789e-03  0.000000e+00
     vertex  1.485017e-02 -2.958789e-03  1.000000e-03
     vertex  1.483371e-02 -3.153326e-03  1.000000e-03
   endloop
 endfacet
 facet normal  9.975690e-01 -6.968527e-02  0.000000e+00
   outer loop
     vertex  1.486370e-02 -2.765088e-03  0.000000e+00
     vertex  1.485017e-02 -2.958789e-03  1.000000e-03
     vertex  1.485017e-02 -2.958789e-03  0.000000e+00
   endloop
 endfacet
 facet normal  9.975690e-01 -6.968527e-02  0.000000e+00
   outer loop
     vertex  1.486370e-02 -2.765088e-03  0.000000e+00
     vertex  1.486370e-02 -2.765088e-03  1.000000e-03
     vertex  1.485017e-02 -2.958789e-03  1.000000e-03
   endloop
 endfacet
 facet normal  9.985035e-01 -5.468755e-02  0.000000e+00
   outer loop
     vertex  1.487426e-02 -2.572280e-03  0.000000e+00
     vertex  1.486370e-02 -2.765088e-03  1.000000e-03
     vertex  1.486370e-02 -2.765088e-03  0.000000e+00
   endloop
 endfacet
 facet normal  9.985035e-01 -5.468755e-02  0.000000e+00
   outer loop
     vertex  1.487426e-02 -2.572280e-03  0.000000e+00
     vertex  1.487426e-02 -2.572280e-03  1.000000e-03
     vertex  1.486370e-02 -2.765088e-03  1.000000e-03
   endloop
 endfacet
 facet normal  9.992256e-01 -3.934800e-02  0.000000e+00
   outer loop
     vertex  1.488181e-02 -2.380424e-03  0.000000e+00
     vertex  1.487426e-02 -2.572280e-03  1.000000e-03
     vertex  1.487426e-02 -2.572280e-03  0.000000e+00
   endloop
 endfacet
 facet normal  9.992256e-01 -3.934800e-02  0.000000e+00
   outer loop
     vertex  1.488181e-02 -2.380424e-03  0.000000e+00
     vertex  1.488181e-02 -2.380424e-03  1.000000e-03
     vertex  1.487426e-02 -2.572280e-03  1.000000e-03
   endloop
 endfacet
 facet normal  9.997200e-01 -2.366167e-02  0.000000e+00
   outer loop
     vertex  1.488633e-02 -2.189578e-03  0.000000e+00
     vertex  1.488181e-02 -2.380424e-03  1.000000e-03
     vertex  1.488181e-02 -2.380424e-03  0.000000e+00
   endloop
 endfacet
 facet normal  9.997200e-01 -2.366167e-02  0.000000e+00
   outer loop
     vertex  1.488633e-02 -2.189578e-03  0.000000e+00
     vertex  1.488633e-02 -2.189578e-03  1.000000e-03
     vertex  1.488181e-02 -2.380424e-03  1.000000e-03
   endloop
 endfacet
 facet normal  9.999705e-01 -7.677327e-03  0.000000e+00
   outer loop
     vertex  1.488779e-02 -1.999804e-03  0.000000e+00
     vertex  1.488633e-02 -2.189578e-03  1.000000e-03
     vertex  1.488633e-02 -2.189578e-03  0.000000e+00
   endloop
 endfacet
 facet normal  9.999705e-01 -7.677327e-03  0.000000e+00
   outer loop
     vertex  1.488779e-02 -1.999804e-03  0.000000e+00
     vertex  1.488779e-02 -1.999804e-03  1.000000e-03
     vertex  1.488633e-02 -2.189578e-03  1.000000e-03
   endloop
 endfacet
 facet normal  9.999629e-01  8.613881e-03  0.000000e+00
   outer loop
     vertex  1.488616e-02 -1.811162e-03  0.000000e+00
     vertex  1.488779e-02 -1.999804e-03  1.000000e-03
     vertex  1.488779e-02 -1.999804e-03  0.000000e+00
   endloop
 endfacet
 facet normal  9.999629e-01  8.613881e-03 -0.000000e+00
   outer loop
     vertex  1.488616e-02 -1.811162e-03  0.000000e+00
     vertex  1.488616e-02 -1.811162e-03  1.000000e-03
     vertex  1.488779e-02 -1.999804e-03  1.000000e-03
   endloop
 endfacet
 facet normal  9.996834e-01  2.516168e-02  0.000000e+00
   outer loop
     vertex  1.488144e-02 -1.623714e-03  0.000000e+00
     vertex  1.488616e-02 -1.811162e-03  1.000000e-03
     vertex  1.488616e-02 -1.811162e-03  0.000000e+00
   endloop
 endfacet
 facet normal  9.996834e-01  2.516168e-02 -0.000000e+00
   outer loop
     vertex  1.488144e-02 -1.623714e-03  0.000000e+00
     vertex  1.488144e-02 -1.623714e-03  1.000000e-03
     vertex  1.488616e-02 -1.811162e-03  1.000000e-03
   endloop
 endfacet
 facet normal  9.991196e-01  4.195217e-02  0.000000e+00
   outer loop
     vertex  1.487363e-02 -1.437523e-03  0.000000e+00
     vertex  1.488144e-02 -1.623714e-03  1.000000e-03
     vertex  1.488144e-02 -1.623714e-03  0.000000e+00
   endloop
 endfacet
 facet normal  9.991196e-01  4.195217e-02 -0.000000e+00
   outer loop
     vertex  1.487363e-02 -1.437523e-03  0.000000e+00
     vertex  1.487363e-02 -1.437523e-03  1.000000e-03
     vertex  1.488144e-02 -1.623714e-03  1.000000e-03
   endloop
 endfacet
 facet normal  9.982603e-01  5.896101e-02  0.000000e+00
   outer loop
     vertex  1.486271e-02 -1.252655e-03  0.000000e+00
     vertex  1.487363e-02 -1.437523e-03  1.000000e-03
     vertex  1.487363e-02 -1.437523e-03  0.000000e+00
   endloop
 endfacet
 facet normal  9.982603e-01  5.896101e-02 -0.000000e+00
   outer loop
     vertex  1.486271e-02 -1.252655e-03  0.000000e+00
     vertex  1.486271e-02 -1.252655e-03  1.000000e-03
     vertex  1.487363e-02 -1.437523e-03  1.000000e-03
   endloop
 endfacet
 facet normal  9.970955e-01  7.616166e-02  0.000000e+00
   outer loop
     vertex  1.484869e-02 -1.069173e-03  0.000000e+00
     vertex  1.486271e-02 -1.252655e-03  1.000000e-03
     vertex  1.486271e-02 -1.252655e-03  0.000000e+00
   endloop
 endfacet
 facet normal  9.970955e-01  7.616166e-02 -0.000000e+00
   outer loop
     vertex  1.484869e-02 -1.069173e-03  0.000000e+00
     vertex  1.484869e-02 -1.069173e-03  1.000000e-03
     vertex  1.486271e-02 -1.252655e-03  1.000000e-03
   endloop
 endfacet
 facet normal  9.956171e-01  9.352336e-02  0.000000e+00
   outer loop
     vertex  1.483159e-02 -8.871430e-04  0.000000e+00
     vertex  1.484869e-02 -1.069173e-03  1.000000e-03
     vertex  1.484869e-02 -1.069173e-03  0.000000e+00
   endloop
 endfacet
 facet normal  9.956171e-01  9.352336e-02 -0.000000e+00
   outer loop
     vertex  1.483159e-02 -8.871430e-04  0.000000e+00
     vertex  1.483159e-02 -8.871430e-04  1.000000e-03
     vertex  1.484869e-02 -1.069173e-03  1.000000e-03
   endloop
 endfacet
 facet normal  9.938176e-01  1.110249e-01  0.000000e+00
   outer loop
     vertex  1.481143e-02 -7.066310e-04  0.000000e+00
     vertex  1.483159e-02 -8.871430e-04  1.000000e-03
     vertex  1.483159e-02 -8.871430e-04  0.000000e+00
   endloop
 endfacet
 facet normal  9.938176e-01  1.110249e-01 -0.000000e+00
   outer loop
     vertex  1.481143e-02 -7.066310e-04  0.000000e+00
     vertex  1.481143e-02 -7.066310e-04  1.000000e-03
     vertex  1.483159e-02 -8.871430e-04  1.000000e-03
   endloop
 endfacet
 facet normal  9.916893e-01  1.286556e-01  0.000000e+00
   outer loop
     vertex  1.478821e-02 -5.277030e-04  0.000000e+00
     vertex  1.481143e-02 -7.066310e-04  1.000000e-03
     vertex  1.481143e-02 -7.066310e-04  0.000000e+00
   endloop
 endfacet
 facet normal  9.916893e-01  1.286556e-01 -0.000000e+00
   outer loop
     vertex  1.478821e-02 -5.277030e-04  0.000000e+00
     vertex  1.478821e-02 -5.277030e-04  1.000000e-03
     vertex  1.481143e-02 -7.066310e-04  1.000000e-03
   endloop
 endfacet
 facet normal  9.892280e-01  1.463826e-01  0.000000e+00
   outer loop
     vertex  1.476198e-02 -3.504250e-04  0.000000e+00
     vertex  1.478821e-02 -5.277030e-04  1.000000e-03
     vertex  1.478821e-02 -5.277030e-04  0.000000e+00
   endloop
 endfacet
 facet normal  9.892280e-01  1.463826e-01 -0.000000e+00
   outer loop
     vertex  1.476198e-02 -3.504250e-04  0.000000e+00
     vertex  1.476198e-02 -3.504250e-04  1.000000e-03
     vertex  1.478821e-02 -5.277030e-04  1.000000e-03
   endloop
 endfacet
 facet normal  9.864270e-01  1.642004e-01  0.000000e+00
   outer loop
     vertex  1.473276e-02 -1.748630e-04  0.000000e+00
     vertex  1.476198e-02 -3.504250e-04  1.000000e-03
     vertex  1.476198e-02 -3.504250e-04  0.000000e+00
   endloop
 endfacet
 facet normal  9.864270e-01  1.642004e-01 -0.000000e+00
   outer loop
     vertex  1.473276e-02 -1.748630e-04  0.000000e+00
     vertex  1.473276e-02 -1.748630e-04  1.000000e-03
     vertex  1.476198e-02 -3.504250e-04  1.000000e-03
   endloop
 endfacet
 facet normal  9.832825e-01  1.820866e-01  0.000000e+00
   outer loop
     vertex  1.470058e-02 -1.083000e-06  0.000000e+00
     vertex  1.473276e-02 -1.748630e-04  1.000000e-03
     vertex  1.473276e-02 -1.748630e-04  0.000000e+00
   endloop
 endfacet
 facet normal  9.832825e-01  1.820866e-01 -0.000000e+00
   outer loop
     vertex  1.470058e-02 -1.083000e-06  0.000000e+00
     vertex  1.470058e-02 -1.083000e-06  1.000000e-03
     vertex  1.473276e-02 -1.748630e-04  1.000000e-03
   endloop
 endfacet
 facet normal  9.797915e-01  2.000214e-01  0.000000e+00
   outer loop
     vertex  1.466548e-02  1.708520e-04  0.000000e+00
     vertex  1.470058e-02 -1.083000e-06  1.000000e-03
     vertex  1.470058e-02 -1.083000e-06  0.000000e+00
   endloop
 endfacet
 facet normal  9.797915e-01  2.000214e-01 -0.000000e+00
   outer loop
     vertex  1.466548e-02  1.708520e-04  0.000000e+00
     vertex  1.466548e-02  1.708520e-04  1.000000e-03
     vertex  1.470058e-02 -1.083000e-06  1.000000e-03
   endloop
 endfacet
 facet normal  9.759469e-01  2.180085e-01  0.000000e+00
   outer loop
     vertex  1.462750e-02  3.408750e-04  0.000000e+00
     vertex  1.466548e-02  1.708520e-04  1.000000e-03
     vertex  1.466548e-02  1.708520e-04  0.000000e+00
   endloop
 endfacet
 facet normal  9.759469e-01  2.180085e-01 -0.000000e+00
   outer loop
     vertex  1.462750e-02  3.408750e-04  0.000000e+00
     vertex  1.462750e-02  3.408750e-04  1.000000e-03
     vertex  1.466548e-02  1.708520e-04  1.000000e-03
   endloop
 endfacet
 facet normal  9.717476e-01  2.360225e-01  0.000000e+00
   outer loop
     vertex  1.458668e-02  5.089260e-04  0.000000e+00
     vertex  1.462750e-02  3.408750e-04  1.000000e-03
     vertex  1.462750e-02  3.408750e-04  0.000000e+00
   endloop
 endfacet
 facet normal  9.717476e-01  2.360225e-01 -0.000000e+00
   outer loop
     vertex  1.458668e-02  5.089260e-04  0.000000e+00
     vertex  1.458668e-02  5.089260e-04  1.000000e-03
     vertex  1.462750e-02  3.408750e-04  1.000000e-03
   endloop
 endfacet
 facet normal  9.671890e-01  2.540580e-01  0.000000e+00
   outer loop
     vertex  1.454307e-02  6.749400e-04  0.000000e+00
     vertex  1.458668e-02  5.089260e-04  1.000000e-03
     vertex  1.458668e-02  5.089260e-04  0.000000e+00
   endloop
 endfacet
 facet normal  9.671890e-01  2.540580e-01 -0.000000e+00
   outer loop
     vertex  1.454307e-02  6.749400e-04  0.000000e+00
     vertex  1.454307e-02  6.749400e-04  1.000000e-03
     vertex  1.458668e-02  5.089260e-04  1.000000e-03
   endloop
 endfacet
 facet normal  9.622658e-01  2.721111e-01  0.000000e+00
   outer loop
     vertex  1.449672e-02  8.388580e-04  0.000000e+00
     vertex  1.454307e-02  6.749400e-04  1.000000e-03
     vertex  1.454307e-02  6.749400e-04  0.000000e+00
   endloop
 endfacet
 facet normal  9.622658e-01  2.721111e-01 -0.000000e+00
   outer loop
     vertex  1.449672e-02  8.388580e-04  0.000000e+00
     vertex  1.449672e-02  8.388580e-04  1.000000e-03
     vertex  1.454307e-02  6.749400e-04  1.000000e-03
   endloop
 endfacet
 facet normal  9.569736e-01  2.901749e-01  0.000000e+00
   outer loop
     vertex  1.444767e-02  1.000621e-03  0.000000e+00
     vertex  1.449672e-02  8.388580e-04  1.000000e-03
     vertex  1.449672e-02  8.388580e-04  0.000000e+00
   endloop
 endfacet
 facet normal  9.569736e-01  2.901749e-01 -0.000000e+00
   outer loop
     vertex  1.444767e-02  1.000621e-03  0.000000e+00
     vertex  1.444767e-02  1.000621e-03  1.000000e-03
     vertex  1.449672e-02  8.388580e-04  1.000000e-03
   endloop
 endfacet
 facet normal  9.513079e-01  3.082424e-01  0.000000e+00
   outer loop
     vertex  1.439597e-02  1.160170e-03  0.000000e+00
     vertex  1.444767e-02  1.000621e-03  1.000000e-03
     vertex  1.444767e-02  1.000621e-03  0.000000e+00
   endloop
 endfacet
 facet normal  9.513079e-01  3.082424e-01 -0.000000e+00
   outer loop
     vertex  1.439597e-02  1.160170e-03  0.000000e+00
     vertex  1.439597e-02  1.160170e-03  1.000000e-03
     vertex  1.444767e-02  1.000621e-03  1.000000e-03
   endloop
 endfacet
 facet normal  9.452658e-01  3.263013e-01  0.000000e+00
   outer loop
     vertex  1.434168e-02  1.317452e-03  0.000000e+00
     vertex  1.439597e-02  1.160170e-03  1.000000e-03
     vertex  1.439597e-02  1.160170e-03  0.000000e+00
   endloop
 endfacet
 facet normal  9.452658e-01  3.263013e-01 -0.000000e+00
   outer loop
     vertex  1.434168e-02  1.317452e-03  0.000000e+00
     vertex  1.434168e-02  1.317452e-03  1.000000e-03
     vertex  1.439597e-02  1.160170e-03  1.000000e-03
   endloop
 endfacet
 facet normal  9.388358e-01  3.443652e-01  0.000000e+00
   outer loop
     vertex  1.428484e-02  1.472411e-03  0.000000e+00
     vertex  1.434168e-02  1.317452e-03  1.000000e-03
     vertex  1.434168e-02  1.317452e-03  0.000000e+00
   endloop
 endfacet
 facet normal  9.388358e-01  3.443652e-01 -0.000000e+00
   outer loop
     vertex  1.428484e-02  1.472411e-03  0.000000e+00
     vertex  1.428484e-02  1.472411e-03  1.000000e-03
     vertex  1.434168e-02  1.317452e-03  1.000000e-03
   endloop
 endfacet
 facet normal  9.320137e-01  3.624230e-01  0.000000e+00
   outer loop
     vertex  1.422550e-02  1.624998e-03  0.000000e+00
     vertex  1.428484e-02  1.472411e-03  1.000000e-03
     vertex  1.428484e-02  1.472411e-03  0.000000e+00
   endloop
 endfacet
 facet normal  9.320137e-01  3.624230e-01 -0.000000e+00
   outer loop
     vertex  1.422550e-02  1.624998e-03  0.000000e+00
     vertex  1.422550e-02  1.624998e-03  1.000000e-03
     vertex  1.428484e-02  1.472411e-03  1.000000e-03
   endloop
 endfacet
 facet normal  9.247931e-01  3.804704e-01  0.000000e+00
   outer loop
     vertex  1.416372e-02  1.775164e-03  0.000000e+00
     vertex  1.422550e-02  1.624998e-03  1.000000e-03
     vertex  1.422550e-02  1.624998e-03  0.000000e+00
   endloop
 endfacet
 facet normal  9.247931e-01  3.804704e-01 -0.000000e+00
   outer loop
     vertex  1.416372e-02  1.775164e-03  0.000000e+00
     vertex  1.416372e-02  1.775164e-03  1.000000e-03
     vertex  1.422550e-02  1.624998e-03  1.000000e-03
   endloop
 endfacet
 facet normal  9.171620e-01  3.985145e-01  0.000000e+00
   outer loop
     vertex  1.409955e-02  1.922862e-03  0.000000e+00
     vertex  1.416372e-02  1.775164e-03  1.000000e-03
     vertex  1.416372e-02  1.775164e-03  0.000000e+00
   endloop
 endfacet
 facet normal  9.171620e-01  3.985145e-01 -0.000000e+00
   outer loop
     vertex  1.409955e-02  1.922862e-03  0.000000e+00
     vertex  1.409955e-02  1.922862e-03  1.000000e-03
     vertex  1.416372e-02  1.775164e-03  1.000000e-03
   endloop
 endfacet
 facet normal  9.091182e-01  4.165383e-01  0.000000e+00
   outer loop
     vertex  1.403303e-02  2.068050e-03  0.000000e+00
     vertex  1.409955e-02  1.922862e-03  1.000000e-03
     vertex  1.409955e-02  1.922862e-03  0.000000e+00
   endloop
 endfacet
 facet normal  9.091182e-01  4.165383e-01 -0.000000e+00
   outer loop
     vertex  1.403303e-02  2.068050e-03  0.000000e+00
     vertex  1.403303e-02  2.068050e-03  1.000000e-03
     vertex  1.409955e-02  1.922862e-03  1.000000e-03
   endloop
 endfacet
 facet normal  9.006411e-01  4.345637e-01  0.000000e+00
   outer loop
     vertex  1.396420e-02  2.210689e-03  0.000000e+00
     vertex  1.403303e-02  2.068050e-03  1.000000e-03
     vertex  1.403303e-02  2.068050e-03  0.000000e+00
   endloop
 endfacet
 facet normal  9.006411e-01  4.345637e-01 -0.000000e+00
   outer loop
     vertex  1.396420e-02  2.210689e-03  0.000000e+00
     vertex  1.396420e-02  2.210689e-03  1.000000e-03
     vertex  1.403303e-02  2.068050e-03  1.000000e-03
   endloop
 endfacet
 facet normal  8.917280e-01  4.525718e-01  0.000000e+00
   outer loop
     vertex  1.389312e-02  2.350740e-03  0.000000e+00
     vertex  1.396420e-02  2.210689e-03  1.000000e-03
     vertex  1.396420e-02  2.210689e-03  0.000000e+00
   endloop
 endfacet
 facet normal  8.917280e-01  4.525718e-01 -0.000000e+00
   outer loop
     vertex  1.389312e-02  2.350740e-03  0.000000e+00
     vertex  1.389312e-02  2.350740e-03  1.000000e-03
     vertex  1.396420e-02  2.210689e-03  1.000000e-03
   endloop
 endfacet
 facet normal  8.823679e-01  4.705602e-01  0.000000e+00
   outer loop
     vertex  1.381983e-02  2.488173e-03  0.000000e+00
     vertex  1.389312e-02  2.350740e-03  1.000000e-03
     vertex  1.389312e-02  2.350740e-03  0.000000e+00
   endloop
 endfacet
 facet normal  8.823679e-01  4.705602e-01 -0.000000e+00
   outer loop
     vertex  1.381983e-02  2.488173e-03  0.000000e+00
     vertex  1.381983e-02  2.488173e-03  1.000000e-03
     vertex  1.389312e-02  2.350740e-03  1.000000e-03
   endloop
 endfacet
 facet normal  8.725432e-01  4.885369e-01  0.000000e+00
   outer loop
     vertex  1.374437e-02  2.622956e-03  0.000000e+00
     vertex  1.381983e-02  2.488173e-03  1.000000e-03
     vertex  1.381983e-02  2.488173e-03  0.000000e+00
   endloop
 endfacet
 facet normal  8.725432e-01  4.885369e-01 -0.000000e+00
   outer loop
     vertex  1.374437e-02  2.622956e-03  0.000000e+00
     vertex  1.374437e-02  2.622956e-03  1.000000e-03
     vertex  1.381983e-02  2.488173e-03  1.000000e-03
   endloop
 endfacet
 facet normal  8.622455e-01  5.064906e-01  0.000000e+00
   outer loop
     vertex  1.366676e-02  2.755065e-03  0.000000e+00
     vertex  1.374437e-02  2.622956e-03  1.000000e-03
     vertex  1.374437e-02  2.622956e-03  0.000000e+00
   endloop
 endfacet
 facet normal  8.622455e-01  5.064906e-01 -0.000000e+00
   outer loop
     vertex  1.366676e-02  2.755065e-03  0.000000e+00
     vertex  1.366676e-02  2.755065e-03  1.000000e-03
     vertex  1.374437e-02  2.622956e-03  1.000000e-03
   endloop
 endfacet
 facet normal  8.514678e-01  5.244069e-01  0.000000e+00
   outer loop
     vertex  1.358706e-02  2.884477e-03  0.000000e+00
     vertex  1.366676e-02  2.755065e-03  1.000000e-03
     vertex  1.366676e-02  2.755065e-03  0.000000e+00
   endloop
 endfacet
 facet normal  8.514678e-01  5.244069e-01 -0.000000e+00
   outer loop
     vertex  1.358706e-02  2.884477e-03  0.000000e+00
     vertex  1.358706e-02  2.884477e-03  1.000000e-03
     vertex  1.366676e-02  2.755065e-03  1.000000e-03
   endloop
 endfacet
 facet normal  8.401907e-01  5.422910e-01  0.000000e+00
   outer loop
     vertex  1.350528e-02  3.011177e-03  0.000000e+00
     vertex  1.358706e-02  2.884477e-03  1.000000e-03
     vertex  1.358706e-02  2.884477e-03  0.000000e+00
   endloop
 endfacet
 facet normal  8.401907e-01  5.422910e-01 -0.000000e+00
   outer loop
     vertex  1.350528e-02  3.011177e-03  0.000000e+00
     vertex  1.350528e-02  3.011177e-03  1.000000e-03
     vertex  1.358706e-02  2.884477e-03  1.000000e-03
   endloop
 endfacet
 facet normal  8.284108e-01  5.601210e-01  0.000000e+00
   outer loop
     vertex  1.342146e-02  3.135150e-03  0.000000e+00
     vertex  1.350528e-02  3.011177e-03  1.000000e-03
     vertex  1.350528e-02  3.011177e-03  0.000000e+00
   endloop
 endfacet
 facet normal  8.284108e-01  5.601210e-01 -0.000000e+00
   outer loop
     vertex  1.342146e-02  3.135150e-03  0.000000e+00
     vertex  1.342146e-02  3.135150e-03  1.000000e-03
     vertex  1.350528e-02  3.011177e-03  1.000000e-03
   endloop
 endfacet
 facet normal  8.161122e-01  5.778935e-01  0.000000e+00
   outer loop
     vertex  1.333561e-02  3.256389e-03  0.000000e+00
     vertex  1.342146e-02  3.135150e-03  1.000000e-03
     vertex  1.342146e-02  3.135150e-03  0.000000e+00
   endloop
 endfacet
 facet normal  8.161122e-01  5.778935e-01 -0.000000e+00
   outer loop
     vertex  1.333561e-02  3.256389e-03  0.000000e+00
     vertex  1.333561e-02  3.256389e-03  1.000000e-03
     vertex  1.342146e-02  3.135150e-03  1.000000e-03
   endloop
 endfacet
 facet normal  8.032953e-01  5.955809e-01  0.000000e+00
   outer loop
     vertex  1.324775e-02  3.374891e-03  0.000000e+00
     vertex  1.333561e-02  3.256389e-03  1.000000e-03
     vertex  1.333561e-02  3.256389e-03  0.000000e+00
   endloop
 endfacet
 facet normal  8.032953e-01  5.955809e-01 -0.000000e+00
   outer loop
     vertex  1.324775e-02  3.374891e-03  0.000000e+00
     vertex  1.324775e-02  3.374891e-03  1.000000e-03
     vertex  1.333561e-02  3.256389e-03  1.000000e-03
   endloop
 endfacet
 facet normal  7.899519e-01  6.131689e-01  0.000000e+00
   outer loop
     vertex  1.315789e-02  3.490656e-03  0.000000e+00
     vertex  1.324775e-02  3.374891e-03  1.000000e-03
     vertex  1.324775e-02  3.374891e-03  0.000000e+00
   endloop
 endfacet
 facet normal  7.899519e-01  6.131689e-01 -0.000000e+00
   outer loop
     vertex  1.315789e-02  3.490656e-03  0.000000e+00
     vertex  1.315789e-02  3.490656e-03  1.000000e-03
     vertex  1.324775e-02  3.374891e-03  1.000000e-03
   endloop
 endfacet
 facet normal  7.760796e-01  6.306350e-01  0.000000e+00
   outer loop
     vertex  1.306604e-02  3.603692e-03  0.000000e+00
     vertex  1.315789e-02  3.490656e-03  1.000000e-03
     vertex  1.315789e-02  3.490656e-03  0.000000e+00
   endloop
 endfacet
 facet normal  7.760796e-01  6.306350e-01 -0.000000e+00
   outer loop
     vertex  1.306604e-02  3.603692e-03  0.000000e+00
     vertex  1.306604e-02  3.603692e-03  1.000000e-03
     vertex  1.315789e-02  3.490656e-03  1.000000e-03
   endloop
 endfacet
 facet normal  7.616916e-01  6.479398e-01  0.000000e+00
   outer loop
     vertex  1.297220e-02  3.714010e-03  0.000000e+00
     vertex  1.306604e-02  3.603692e-03  1.000000e-03
     vertex  1.306604e-02  3.603692e-03  0.000000e+00
   endloop
 endfacet
 facet normal  7.616916e-01  6.479398e-01 -0.000000e+00
   outer loop
     vertex  1.297220e-02  3.714010e-03  0.000000e+00
     vertex  1.297220e-02  3.714010e-03  1.000000e-03
     vertex  1.306604e-02  3.603692e-03  1.000000e-03
   endloop
 endfacet
 facet normal  7.467815e-01  6.650695e-01  0.000000e+00
   outer loop
     vertex  1.287636e-02  3.821624e-03  0.000000e+00
     vertex  1.297220e-02  3.714010e-03  1.000000e-03
     vertex  1.297220e-02  3.714010e-03  0.000000e+00
   endloop
 endfacet
 facet normal  7.467815e-01  6.650695e-01 -0.000000e+00
   outer loop
     vertex  1.287636e-02  3.821624e-03  0.000000e+00
     vertex  1.287636e-02  3.821624e-03  1.000000e-03
     vertex  1.297220e-02  3.714010e-03  1.000000e-03
   endloop
 endfacet
 facet normal  7.313908e-01  6.819586e-01  0.000000e+00
   outer loop
     vertex  1.277852e-02  3.926556e-03  0.000000e+00
     vertex  1.287636e-02  3.821624e-03  1.000000e-03
     vertex  1.287636e-02  3.821624e-03  0.000000e+00
   endloop
 endfacet
 facet normal  7.313908e-01  6.819586e-01 -0.000000e+00
   outer loop
     vertex  1.277852e-02  3.926556e-03  0.000000e+00
     vertex  1.277852e-02  3.926556e-03  1.000000e-03
     vertex  1.287636e-02  3.821624e-03  1.000000e-03
   endloop
 endfacet
 facet normal  7.155181e-01  6.985942e-01  0.000000e+00
   outer loop
     vertex  1.267867e-02  4.028828e-03  0.000000e+00
     vertex  1.277852e-02  3.926556e-03  1.000000e-03
     vertex  1.277852e-02  3.926556e-03  0.000000e+00
   endloop
 endfacet
 facet normal  7.155181e-01  6.985942e-01 -0.000000e+00
   outer loop
     vertex  1.267867e-02  4.028828e-03  0.000000e+00
     vertex  1.267867e-02  4.028828e-03  1.000000e-03
     vertex  1.277852e-02  3.926556e-03  1.000000e-03
   endloop
 endfacet
 facet normal  6.992002e-01  7.149259e-01  0.000000e+00
   outer loop
     vertex  1.257679e-02  4.128468e-03  0.000000e+00
     vertex  1.267867e-02  4.028828e-03  1.000000e-03
     vertex  1.267867e-02  4.028828e-03  0.000000e+00
   endloop
 endfacet
 facet normal  6.992002e-01  7.149259e-01 -0.000000e+00
   outer loop
     vertex  1.257679e-02  4.128468e-03  0.000000e+00
     vertex  1.257679e-02  4.128468e-03  1.000000e-03
     vertex  1.267867e-02  4.028828e-03  1.000000e-03
   endloop
 endfacet
 facet normal  6.824774e-01  7.309067e-01  0.000000e+00
   outer loop
     vertex  1.247286e-02  4.225507e-03  0.000000e+00
     vertex  1.257679e-02  4.128468e-03  1.000000e-03
     vertex  1.257679e-02  4.128468e-03  0.000000e+00
   endloop
 endfacet
 facet normal  6.824774e-01  7.309067e-01 -0.000000e+00
   outer loop
     vertex  1.247286e-02  4.225507e-03  0.000000e+00
     vertex  1.247286e-02  4.225507e-03  1.000000e-03
     vertex  1.257679e-02  4.128468e-03  1.000000e-03
   endloop
 endfacet
 facet normal  6.653844e-01  7.465009e-01  0.000000e+00
   outer loop
     vertex  1.236687e-02  4.319979e-03  0.000000e+00
     vertex  1.247286e-02  4.225507e-03  1.000000e-03
     vertex  1.247286e-02  4.225507e-03  0.000000e+00
   endloop
 endfacet
 facet normal  6.653844e-01  7.465009e-01 -0.000000e+00
   outer loop
     vertex  1.236687e-02  4.319979e-03  0.000000e+00
     vertex  1.236687e-02  4.319979e-03  1.000000e-03
     vertex  1.247286e-02  4.225507e-03  1.000000e-03
   endloop
 endfacet
 facet normal  6.479691e-01  7.616666e-01  0.000000e+00
   outer loop
     vertex  1.225879e-02  4.411922e-03  0.000000e+00
     vertex  1.236687e-02  4.319979e-03  1.000000e-03
     vertex  1.236687e-02  4.319979e-03  0.000000e+00
   endloop
 endfacet
 facet normal  6.479691e-01  7.616666e-01 -0.000000e+00
   outer loop
     vertex  1.225879e-02  4.411922e-03  0.000000e+00
     vertex  1.225879e-02  4.411922e-03  1.000000e-03
     vertex  1.236687e-02  4.319979e-03  1.000000e-03
   endloop
 endfacet
 facet normal  6.302899e-01  7.763599e-01  0.000000e+00
   outer loop
     vertex  1.214861e-02  4.501376e-03  0.000000e+00
     vertex  1.225879e-02  4.411922e-03  1.000000e-03
     vertex  1.225879e-02  4.411922e-03  0.000000e+00
   endloop
 endfacet
 facet normal  6.302899e-01  7.763599e-01 -0.000000e+00
   outer loop
     vertex  1.214861e-02  4.501376e-03  0.000000e+00
     vertex  1.214861e-02  4.501376e-03  1.000000e-03
     vertex  1.225879e-02  4.411922e-03  1.000000e-03
   endloop
 endfacet
 facet normal  6.123811e-01  7.905627e-01  0.000000e+00
   outer loop
     vertex  1.203629e-02  4.588383e-03  0.000000e+00
     vertex  1.214861e-02  4.501376e-03  1.000000e-03
     vertex  1.214861e-02  4.501376e-03  0.000000e+00
   endloop
 endfacet
 facet normal  6.123811e-01  7.905627e-01 -0.000000e+00
   outer loop
     vertex  1.203629e-02  4.588383e-03  0.000000e+00
     vertex  1.203629e-02  4.588383e-03  1.000000e-03
     vertex  1.214861e-02  4.501376e-03  1.000000e-03
   endloop
 endfacet
 facet normal  5.943350e-01  8.042176e-01  0.000000e+00
   outer loop
     vertex  1.192180e-02  4.672990e-03  0.000000e+00
     vertex  1.203629e-02  4.588383e-03  1.000000e-03
     vertex  1.203629e-02  4.588383e-03  0.000000e+00
   endloop
 endfacet
 facet normal  5.943350e-01  8.042176e-01 -0.000000e+00
   outer loop
     vertex  1.192180e-02  4.672990e-03  0.000000e+00
     vertex  1.192180e-02  4.672990e-03  1.000000e-03
     vertex  1.203629e-02  4.588383e-03  1.000000e-03
   endloop
 endfacet
 facet normal  5.761850e-01  8.173193e-01  0.000000e+00
   outer loop
     vertex  1.180513e-02  4.755243e-03  0.000000e+00
     vertex  1.192180e-02  4.672990e-03  1.000000e-03
     vertex  1.192180e-02  4.672990e-03  0.000000e+00
   endloop
 endfacet
 facet normal  5.761850e-01  8.173193e-01 -0.000000e+00
   outer loop
     vertex  1.180513e-02  4.755243e-03  0.000000e+00
     vertex  1.180513e-02  4.755243e-03  1.000000e-03
     vertex  1.192180e-02  4.672990e-03  1.000000e-03
   endloop
 endfacet
 facet normal  5.580057e-01  8.298371e-01  0.000000e+00
   outer loop
     vertex  1.168623e-02  4.835192e-03  0.000000e+00
     vertex  1.180513e-02  4.755243e-03  1.000000e-03
     vertex  1.180513e-02  4.755243e-03  0.000000e+00
   endloop
 endfacet
 facet normal  5.580057e-01  8.298371e-01 -0.000000e+00
   outer loop
     vertex  1.168623e-02  4.835192e-03  0.000000e+00
     vertex  1.168623e-02  4.835192e-03  1.000000e-03
     vertex  1.180513e-02  4.755243e-03  1.000000e-03
   endloop
 endfacet
 facet normal  5.398611e-01  8.417541e-01  0.000000e+00
   outer loop
     vertex  1.156509e-02  4.912888e-03  0.000000e+00
     vertex  1.168623e-02  4.835192e-03  1.000000e-03
     vertex  1.168623e-02  4.835192e-03  0.000000e+00
   endloop
 endfacet
 facet normal  5.398611e-01  8.417541e-01 -0.000000e+00
   outer loop
     vertex  1.156509e-02  4.912888e-03  0.000000e+00
     vertex  1.156509e-02  4.912888e-03  1.000000e-03
     vertex  1.168623e-02  4.835192e-03  1.000000e-03
   endloop
 endfacet
 facet normal  5.218095e-01  8.530620e-01  0.000000e+00
   outer loop
     vertex  1.144166e-02  4.988384e-03  0.000000e+00
     vertex  1.156509e-02  4.912888e-03  1.000000e-03
     vertex  1.156509e-02  4.912888e-03  0.000000e+00
   endloop
 endfacet
 facet normal  5.218095e-01  8.530620e-01 -0.000000e+00
   outer loop
     vertex  1.144166e-02  4.988384e-03  0.000000e+00
     vertex  1.144166e-02  4.988384e-03  1.000000e-03
     vertex  1.156509e-02  4.912888e-03  1.000000e-03
   endloop
 endfacet
 facet normal -7.897219e-02  9.968768e-01  0.000000e+00
   outer loop
     vertex -1.384626e-02  9.375811e-03  0.000000e+00
     vertex -1.369033e-02  9.388163e-03  1.000000e-03
     vertex -1.369033e-02  9.388163e-03  0.000000e+00
   endloop
 endfacet
 facet normal -7.897219e-02  9.968768e-01  0.000000e+00
   outer loop
     vertex -1.384626e-02  9.375811e-03  0.000000e+00
     vertex -1.384626e-02  9.375811e-03  1.000000e-03
     vertex -1.369033e-02  9.388163e-03  1.000000e-03
   endloop
 endfacet
 facet normal -1.113303e-01  9.937835e-01  0.000000e+00
   outer loop
     vertex -1.399892e-02  9.358709e-03  0.000000e+00
     vertex -1.384626e-02  9.375811e-03  1.000000e-03
     vertex -1.384626e-02  9.375811e-03  0.000000e+00
   endloop
 endfacet
 facet normal -1.113303e-01  9.937835e-01  0.000000e+00
   outer loop
     vertex -1.399892e-02  9.358709e-03  0.000000e+00
     vertex -1.399892e-02  9.358709e-03  1.000000e-03
     vertex -1.384626e-02  9.375811e-03  1.000000e-03
   endloop
 endfacet
 facet normal -1.456392e-01  9.893378e-01  0.000000e+00
   outer loop
     vertex -1.414822e-02  9.336730e-03  0.000000e+00
     vertex -1.399892e-02  9.358709e-03  1.000000e-03
     vertex -1.399892e-02  9.358709e-03  0.000000e+00
   endloop
 endfacet
 facet normal -1.456392e-01  9.893378e-01  0.000000e+00
   outer loop
     vertex -1.414822e-02  9.336730e-03  0.000000e+00
     vertex -1.414822e-02  9.336730e-03  1.000000e-03
     vertex -1.399892e-02  9.358709e-03  1.000000e-03
   endloop
 endfacet
 facet normal -1.817945e-01  9.833365e-01  0.000000e+00
   outer loop
     vertex -1.429409e-02  9.309763e-03  0.000000e+00
     vertex -1.414822e-02  9.336730e-03  1.000000e-03
     vertex -1.414822e-02  9.336730e-03  0.000000e+00
   endloop
 endfacet
 facet normal -1.817945e-01  9.833365e-01  0.000000e+00
   outer loop
     vertex -1.429409e-02  9.309763e-03  0.000000e+00
     vertex -1.429409e-02  9.309763e-03  1.000000e-03
     vertex -1.414822e-02  9.336730e-03  1.000000e-03
   endloop
 endfacet
 facet normal -2.196594e-01  9.755766e-01  0.000000e+00
   outer loop
     vertex -1.443644e-02  9.277711e-03  0.000000e+00
     vertex -1.429409e-02  9.309763e-03  1.000000e-03
     vertex -1.429409e-02  9.309763e-03  0.000000e+00
   endloop
 endfacet
 facet normal -2.196594e-01  9.755766e-01  0.000000e+00
   outer loop
     vertex -1.443644e-02  9.277711e-03  0.000000e+00
     vertex -1.443644e-02  9.277711e-03  1.000000e-03
     vertex -1.429409e-02  9.309763e-03  1.000000e-03
   endloop
 endfacet
 facet normal -2.590234e-01  9.658710e-01  0.000000e+00
   outer loop
     vertex -1.457522e-02  9.240493e-03  0.000000e+00
     vertex -1.443644e-02  9.277711e-03  1.000000e-03
     vertex -1.443644e-02  9.277711e-03  0.000000e+00
   endloop
 endfacet
 facet normal -2.590234e-01  9.658710e-01  0.000000e+00
   outer loop
     vertex -1.457522e-02  9.240493e-03  0.000000e+00
     vertex -1.457522e-02  9.240493e-03  1.000000e-03
     vertex -1.443644e-02  9.277711e-03  1.000000e-03
   endloop
 endfacet
 facet normal -2.996098e-01  9.540618e-01  0.000000e+00
   outer loop
     vertex -1.471039e-02  9.198046e-03  0.000000e+00
     vertex -1.457522e-02  9.240493e-03  1.000000e-03
     vertex -1.457522e-02  9.240493e-03  0.000000e+00
   endloop
 endfacet
 facet normal -2.996098e-01  9.540618e-01  0.000000e+00
   outer loop
     vertex -1.471039e-02  9.198046e-03  0.000000e+00
     vertex -1.471039e-02  9.198046e-03  1.000000e-03
     vertex -1.457522e-02  9.240493e-03  1.000000e-03
   endloop
 endfacet
 facet normal -3.410922e-01  9.400298e-01  0.000000e+00
   outer loop
     vertex -1.484191e-02  9.150324e-03  0.000000e+00
     vertex -1.471039e-02  9.198046e-03  1.000000e-03
     vertex -1.471039e-02  9.198046e-03  0.000000e+00
   endloop
 endfacet
 facet normal -3.410922e-01  9.400298e-01  0.000000e+00
   outer loop
     vertex -1.484191e-02  9.150324e-03  0.000000e+00
     vertex -1.484191e-02  9.150324e-03  1.000000e-03
     vertex -1.471039e-02  9.198046e-03  1.000000e-03
   endloop
 endfacet
 facet normal -3.830774e-01  9.237162e-01  0.000000e+00
   outer loop
     vertex -1.496976e-02  9.097300e-03  0.000000e+00
     vertex -1.484191e-02  9.150324e-03  1.000000e-03
     vertex -1.484191e-02  9.150324e-03  0.000000e+00
   endloop
 endfacet
 facet normal -3.830774e-01  9.237162e-01  0.000000e+00
   outer loop
     vertex -1.496976e-02  9.097300e-03  0.000000e+00
     vertex -1.496976e-02  9.097300e-03  1.000000e-03
     vertex -1.484191e-02  9.150324e-03  1.000000e-03
   endloop
 endfacet
 facet normal -4.251364e-01  9.051293e-01  0.000000e+00
   outer loop
     vertex -1.509396e-02  9.038966e-03  0.000000e+00
     vertex -1.496976e-02  9.097300e-03  1.000000e-03
     vertex -1.496976e-02  9.097300e-03  0.000000e+00
   endloop
 endfacet
 facet normal -4.251364e-01  9.051293e-01  0.000000e+00
   outer loop
     vertex -1.509396e-02  9.038966e-03  0.000000e+00
     vertex -1.509396e-02  9.038966e-03  1.000000e-03
     vertex -1.496976e-02  9.097300e-03  1.000000e-03
   endloop
 endfacet
 facet normal -4.668361e-01  8.843439e-01  0.000000e+00
   outer loop
     vertex -1.521450e-02  8.975331e-03  0.000000e+00
     vertex -1.509396e-02  9.038966e-03  1.000000e-03
     vertex -1.509396e-02  9.038966e-03  0.000000e+00
   endloop
 endfacet
 facet normal -4.668361e-01  8.843439e-01  0.000000e+00
   outer loop
     vertex -1.521450e-02  8.975331e-03  0.000000e+00
     vertex -1.521450e-02  8.975331e-03  1.000000e-03
     vertex -1.509396e-02  9.038966e-03  1.000000e-03
   endloop
 endfacet
 facet normal -5.077425e-01  8.615089e-01  0.000000e+00
   outer loop
     vertex -1.533143e-02  8.906419e-03  0.000000e+00
     vertex -1.521450e-02  8.975331e-03  1.000000e-03
     vertex -1.521450e-02  8.975331e-03  0.000000e+00
   endloop
 endfacet
 facet normal -5.077425e-01  8.615089e-01  0.000000e+00
   outer loop
     vertex -1.533143e-02  8.906419e-03  0.000000e+00
     vertex -1.533143e-02  8.906419e-03  1.000000e-03
     vertex -1.521450e-02  8.975331e-03  1.000000e-03
   endloop
 endfacet
 facet normal -5.474568e-01  8.368339e-01  0.000000e+00
   outer loop
     vertex -1.544477e-02  8.832270e-03  0.000000e+00
     vertex -1.533143e-02  8.906419e-03  1.000000e-03
     vertex -1.533143e-02  8.906419e-03  0.000000e+00
   endloop
 endfacet
 facet normal -5.474568e-01  8.368339e-01  0.000000e+00
   outer loop
     vertex -1.544477e-02  8.832270e-03  0.000000e+00
     vertex -1.544477e-02  8.832270e-03  1.000000e-03
     vertex -1.533143e-02  8.906419e-03  1.000000e-03
   endloop
 endfacet
 facet normal -5.855787e-01  8.106156e-01  0.000000e+00
   outer loop
     vertex -1.555459e-02  8.752941e-03  0.000000e+00
     vertex -1.544477e-02  8.832270e-03  1.000000e-03
     vertex -1.544477e-02  8.832270e-03  0.000000e+00
   endloop
 endfacet
 facet normal -5.855787e-01  8.106156e-01  0.000000e+00
   outer loop
     vertex -1.555459e-02  8.752941e-03  0.000000e+00
     vertex -1.555459e-02  8.752941e-03  1.000000e-03
     vertex -1.544477e-02  8.832270e-03  1.000000e-03
   endloop
 endfacet
 facet normal -6.218368e-01  7.831468e-01  0.000000e+00
   outer loop
     vertex -1.566094e-02  8.668499e-03  0.000000e+00
     vertex -1.555459e-02  8.752941e-03  1.000000e-03
     vertex -1.555459e-02  8.752941e-03  0.000000e+00
   endloop
 endfacet
 facet normal -6.218368e-01  7.831468e-01  0.000000e+00
   outer loop
     vertex -1.566094e-02  8.668499e-03  0.000000e+00
     vertex -1.566094e-02  8.668499e-03  1.000000e-03
     vertex -1.555459e-02  8.752941e-03  1.000000e-03
   endloop
 endfacet
 facet normal -6.559565e-01  7.547987e-01  0.000000e+00
   outer loop
     vertex -1.576389e-02  8.579027e-03  0.000000e+00
     vertex -1.566094e-02  8.668499e-03  1.000000e-03
     vertex -1.566094e-02  8.668499e-03  0.000000e+00
   endloop
 endfacet
 facet normal -6.559565e-01  7.547987e-01  0.000000e+00
   outer loop
     vertex -1.576389e-02  8.579027e-03  0.000000e+00
     vertex -1.576389e-02  8.579027e-03  1.000000e-03
     vertex -1.566094e-02  8.668499e-03  1.000000e-03
   endloop
 endfacet
 facet normal -6.877808e-01  7.259184e-01  0.000000e+00
   outer loop
     vertex -1.586353e-02  8.484618e-03  0.000000e+00
     vertex -1.576389e-02  8.579027e-03  1.000000e-03
     vertex -1.576389e-02  8.579027e-03  0.000000e+00
   endloop
 endfacet
 facet normal -6.877808e-01  7.259184e-01  0.000000e+00
   outer loop
     vertex -1.586353e-02  8.484618e-03  0.000000e+00
     vertex -1.586353e-02  8.484618e-03  1.000000e-03
     vertex -1.576389e-02  8.579027e-03  1.000000e-03
   endloop
 endfacet
 facet normal -7.172021e-01  6.968653e-01  0.000000e+00
   outer loop
     vertex -1.595996e-02  8.385379e-03  0.000000e+00
     vertex -1.586353e-02  8.484618e-03  1.000000e-03
     vertex -1.586353e-02  8.484618e-03  0.000000e+00
   endloop
 endfacet
 facet normal -7.172021e-01  6.968653e-01  0.000000e+00
   outer loop
     vertex -1.595996e-02  8.385379e-03  0.000000e+00
     vertex -1.595996e-02  8.385379e-03  1.000000e-03
     vertex -1.586353e-02  8.484618e-03  1.000000e-03
   endloop
 endfacet
 facet normal -7.441990e-01  6.679579e-01  0.000000e+00
   outer loop
     vertex -1.605326e-02  8.281423e-03  0.000000e+00
     vertex -1.595996e-02  8.385379e-03  1.000000e-03
     vertex -1.595996e-02  8.385379e-03  0.000000e+00
   endloop
 endfacet
 facet normal -7.441990e-01  6.679579e-01  0.000000e+00
   outer loop
     vertex -1.605326e-02  8.281423e-03  0.000000e+00
     vertex -1.605326e-02  8.281423e-03  1.000000e-03
     vertex -1.595996e-02  8.385379e-03  1.000000e-03
   endloop
 endfacet
 facet normal -7.687812e-01  6.395119e-01  0.000000e+00
   outer loop
     vertex -1.614356e-02  8.172876e-03  0.000000e+00
     vertex -1.605326e-02  8.281423e-03  1.000000e-03
     vertex -1.605326e-02  8.281423e-03  0.000000e+00
   endloop
 endfacet
 facet normal -7.687812e-01  6.395119e-01  0.000000e+00
   outer loop
     vertex -1.614356e-02  8.172876e-03  0.000000e+00
     vertex -1.614356e-02  8.172876e-03  1.000000e-03
     vertex -1.605326e-02  8.281423e-03  1.000000e-03
   endloop
 endfacet
 facet normal -7.910311e-01  6.117760e-01  0.000000e+00
   outer loop
     vertex -1.623096e-02  8.059871e-03  0.000000e+00
     vertex -1.614356e-02  8.172876e-03  1.000000e-03
     vertex -1.614356e-02  8.172876e-03  0.000000e+00
   endloop
 endfacet
 facet normal -7.910311e-01  6.117760e-01  0.000000e+00
   outer loop
     vertex -1.623096e-02  8.059871e-03  0.000000e+00
     vertex -1.623096e-02  8.059871e-03  1.000000e-03
     vertex -1.614356e-02  8.172876e-03  1.000000e-03
   endloop
 endfacet
 facet normal -8.110427e-01  5.849869e-01  0.000000e+00
   outer loop
     vertex -1.631558e-02  7.942550e-03  0.000000e+00
     vertex -1.623096e-02  8.059871e-03  1.000000e-03
     vertex -1.623096e-02  8.059871e-03  0.000000e+00
   endloop
 endfacet
 facet normal -8.110427e-01  5.849869e-01  0.000000e+00
   outer loop
     vertex -1.631558e-02  7.942550e-03  0.000000e+00
     vertex -1.631558e-02  7.942550e-03  1.000000e-03
     vertex -1.623096e-02  8.059871e-03  1.000000e-03
   endloop
 endfacet
 facet normal -8.289702e-01  5.592927e-01  0.000000e+00
   outer loop
     vertex -1.639755e-02  7.821059e-03  0.000000e+00
     vertex -1.631558e-02  7.942550e-03  1.000000e-03
     vertex -1.631558e-02  7.942550e-03  0.000000e+00
   endloop
 endfacet
 facet normal -8.289702e-01  5.592927e-01  0.000000e+00
   outer loop
     vertex -1.639755e-02  7.821059e-03  0.000000e+00
     vertex -1.639755e-02  7.821059e-03  1.000000e-03
     vertex -1.631558e-02  7.942550e-03  1.000000e-03
   endloop
 endfacet
 facet normal -8.449423e-01  5.348575e-01  0.000000e+00
   outer loop
     vertex -1.647699e-02  7.695554e-03  0.000000e+00
     vertex -1.639755e-02  7.821059e-03  1.000000e-03
     vertex -1.639755e-02  7.821059e-03  0.000000e+00
   endloop
 endfacet
 facet normal -8.449423e-01  5.348575e-01  0.000000e+00
   outer loop
     vertex -1.647699e-02  7.695554e-03  0.000000e+00
     vertex -1.647699e-02  7.695554e-03  1.000000e-03
     vertex -1.639755e-02  7.821059e-03  1.000000e-03
   endloop
 endfacet
 facet normal -8.591346e-01  5.117497e-01  0.000000e+00
   outer loop
     vertex -1.655405e-02  7.566191e-03  0.000000e+00
     vertex -1.647699e-02  7.695554e-03  1.000000e-03
     vertex -1.647699e-02  7.695554e-03  0.000000e+00
   endloop
 endfacet
 facet normal -8.591346e-01  5.117497e-01  0.000000e+00
   outer loop
     vertex -1.655405e-02  7.566191e-03  0.000000e+00
     vertex -1.655405e-02  7.566191e-03  1.000000e-03
     vertex -1.647699e-02  7.695554e-03  1.000000e-03
   endloop
 endfacet
 facet normal -8.716887e-01  4.900600e-01  0.000000e+00
   outer loop
     vertex -1.662885e-02  7.433136e-03  0.000000e+00
     vertex -1.655405e-02  7.566191e-03  1.000000e-03
     vertex -1.655405e-02  7.566191e-03  0.000000e+00
   endloop
 endfacet
 facet normal -8.716887e-01  4.900600e-01  0.000000e+00
   outer loop
     vertex -1.662885e-02  7.433136e-03  0.000000e+00
     vertex -1.662885e-02  7.433136e-03  1.000000e-03
     vertex -1.655405e-02  7.566191e-03  1.000000e-03
   endloop
 endfacet
 facet normal -8.827720e-01  4.698017e-01  0.000000e+00
   outer loop
     vertex -1.670154e-02  7.296553e-03  0.000000e+00
     vertex -1.662885e-02  7.433136e-03  1.000000e-03
     vertex -1.662885e-02  7.433136e-03  0.000000e+00
   endloop
 endfacet
 facet normal -8.827720e-01  4.698017e-01  0.000000e+00
   outer loop
     vertex -1.670154e-02  7.296553e-03  0.000000e+00
     vertex -1.670154e-02  7.296553e-03  1.000000e-03
     vertex -1.662885e-02  7.433136e-03  1.000000e-03
   endloop
 endfacet
 facet normal -8.925249e-01  4.509980e-01  0.000000e+00
   outer loop
     vertex -1.677225e-02  7.156612e-03  0.000000e+00
     vertex -1.670154e-02  7.296553e-03  1.000000e-03
     vertex -1.670154e-02  7.296553e-03  0.000000e+00
   endloop
 endfacet
 facet normal -8.925249e-01  4.509980e-01  0.000000e+00
   outer loop
     vertex -1.677225e-02  7.156612e-03  0.000000e+00
     vertex -1.677225e-02  7.156612e-03  1.000000e-03
     vertex -1.670154e-02  7.296553e-03  1.000000e-03
   endloop
 endfacet
 facet normal -9.010901e-01  4.336318e-01  0.000000e+00
   outer loop
     vertex -1.684113e-02  7.013483e-03  0.000000e+00
     vertex -1.677225e-02  7.156612e-03  1.000000e-03
     vertex -1.677225e-02  7.156612e-03  0.000000e+00
   endloop
 endfacet
 facet normal -9.010901e-01  4.336318e-01  0.000000e+00
   outer loop
     vertex -1.684113e-02  7.013483e-03  0.000000e+00
     vertex -1.684113e-02  7.013483e-03  1.000000e-03
     vertex -1.677225e-02  7.156612e-03  1.000000e-03
   endloop
 endfacet
 facet normal -9.085923e-01  4.176841e-01  0.000000e+00
   outer loop
     vertex -1.690831e-02  6.867337e-03  0.000000e+00
     vertex -1.684113e-02  7.013483e-03  1.000000e-03
     vertex -1.684113e-02  7.013483e-03  0.000000e+00
   endloop
 endfacet
 facet normal -9.085923e-01  4.176841e-01  0.000000e+00
   outer loop
     vertex -1.690831e-02  6.867337e-03  0.000000e+00
     vertex -1.690831e-02  6.867337e-03  1.000000e-03
     vertex -1.684113e-02  7.013483e-03  1.000000e-03
   endloop
 endfacet
 facet normal -9.151508e-01  4.031118e-01  0.000000e+00
   outer loop
     vertex -1.697394e-02  6.718345e-03  0.000000e+00
     vertex -1.690831e-02  6.867337e-03  1.000000e-03
     vertex -1.690831e-02  6.867337e-03  0.000000e+00
   endloop
 endfacet
 facet normal -9.151508e-01  4.031118e-01  0.000000e+00
   outer loop
     vertex -1.697394e-02  6.718345e-03  0.000000e+00
     vertex -1.697394e-02  6.718345e-03  1.000000e-03
     vertex -1.690831e-02  6.867337e-03  1.000000e-03
   endloop
 endfacet
 facet normal -9.208675e-01  3.898757e-01  0.000000e+00
   outer loop
     vertex -1.703815e-02  6.566677e-03  0.000000e+00
     vertex -1.697394e-02  6.718345e-03  1.000000e-03
     vertex -1.697394e-02  6.718345e-03  0.000000e+00
   endloop
 endfacet
 facet normal -9.208675e-01  3.898757e-01  0.000000e+00
   outer loop
     vertex -1.703815e-02  6.566677e-03  0.000000e+00
     vertex -1.703815e-02  6.566677e-03  1.000000e-03
     vertex -1.697394e-02  6.718345e-03  1.000000e-03
   endloop
 endfacet
 facet normal -9.258443e-01  3.779053e-01  0.000000e+00
   outer loop
     vertex -1.710109e-02  6.412500e-03  0.000000e+00
     vertex -1.703815e-02  6.566677e-03  1.000000e-03
     vertex -1.703815e-02  6.566677e-03  0.000000e+00
   endloop
 endfacet
 facet normal -9.258443e-01  3.779053e-01  0.000000e+00
   outer loop
     vertex -1.710109e-02  6.412500e-03  0.000000e+00
     vertex -1.710109e-02  6.412500e-03  1.000000e-03
     vertex -1.703815e-02  6.566677e-03  1.000000e-03
   endloop
 endfacet
 facet normal -9.301577e-01  3.671603e-01  0.000000e+00
   outer loop
     vertex -1.716287e-02  6.255980e-03  0.000000e+00
     vertex -1.710109e-02  6.412500e-03  1.000000e-03
     vertex -1.710109e-02  6.412500e-03  0.000000e+00
   endloop
 endfacet
 facet normal -9.301577e-01  3.671603e-01  0.000000e+00
   outer loop
     vertex -1.716287e-02  6.255980e-03  0.000000e+00
     vertex -1.716287e-02  6.255980e-03  1.000000e-03
     vertex -1.710109e-02  6.412500e-03  1.000000e-03
   endloop
 endfacet
 facet normal -9.338892e-01  3.575626e-01  0.000000e+00
   outer loop
     vertex -1.722363e-02  6.097278e-03  0.000000e+00
     vertex -1.716287e-02  6.255980e-03  1.000000e-03
     vertex -1.716287e-02  6.255980e-03  0.000000e+00
   endloop
 endfacet
 facet normal -9.338892e-01  3.575626e-01  0.000000e+00
   outer loop
     vertex -1.722363e-02  6.097278e-03  0.000000e+00
     vertex -1.722363e-02  6.097278e-03  1.000000e-03
     vertex -1.716287e-02  6.255980e-03  1.000000e-03
   endloop
 endfacet
 facet normal -9.371025e-01  3.490543e-01  0.000000e+00
   outer loop
     vertex -1.728350e-02  5.936551e-03  0.000000e+00
     vertex -1.722363e-02  6.097278e-03  1.000000e-03
     vertex -1.722363e-02  6.097278e-03  0.000000e+00
   endloop
 endfacet
 facet normal -9.371025e-01  3.490543e-01  0.000000e+00
   outer loop
     vertex -1.728350e-02  5.936551e-03  0.000000e+00
     vertex -1.728350e-02  5.936551e-03  1.000000e-03
     vertex -1.722363e-02  6.097278e-03  1.000000e-03
   endloop
 endfacet
 facet normal -9.398596e-01  3.415611e-01  0.000000e+00
   outer loop
     vertex -1.734259e-02  5.773950e-03  0.000000e+00
     vertex -1.728350e-02  5.936551e-03  1.000000e-03
     vertex -1.728350e-02  5.936551e-03  0.000000e+00
   endloop
 endfacet
 facet normal -9.398596e-01  3.415611e-01  0.000000e+00
   outer loop
     vertex -1.734259e-02  5.773950e-03  0.000000e+00
     vertex -1.734259e-02  5.773950e-03  1.000000e-03
     vertex -1.728350e-02  5.936551e-03  1.000000e-03
   endloop
 endfacet
 facet normal -9.422149e-01  3.350092e-01  0.000000e+00
   outer loop
     vertex -1.740102e-02  5.609621e-03  0.000000e+00
     vertex -1.734259e-02  5.773950e-03  1.000000e-03
     vertex -1.734259e-02  5.773950e-03  0.000000e+00
   endloop
 endfacet
 facet normal -9.422149e-01  3.350092e-01  0.000000e+00
   outer loop
     vertex -1.740102e-02  5.609621e-03  0.000000e+00
     vertex -1.740102e-02  5.609621e-03  1.000000e-03
     vertex -1.734259e-02  5.773950e-03  1.000000e-03
   endloop
 endfacet
 facet normal -9.442138e-01  3.293330e-01  0.000000e+00
   outer loop
     vertex -1.745889e-02  5.443702e-03  0.000000e+00
     vertex -1.740102e-02  5.609621e-03  1.000000e-03
     vertex -1.740102e-02  5.609621e-03  0.000000e+00
   endloop
 endfacet
 facet normal -9.442138e-01  3.293330e-01  0.000000e+00
   outer loop
     vertex -1.745889e-02  5.443702e-03  0.000000e+00
     vertex -1.745889e-02  5.443702e-03  1.000000e-03
     vertex -1.740102e-02  5.609621e-03  1.000000e-03
   endloop
 endfacet
 facet normal -9.459010e-01  3.244554e-01  0.000000e+00
   outer loop
     vertex -1.751630e-02  5.276323e-03  0.000000e+00
     vertex -1.745889e-02  5.443702e-03  1.000000e-03
     vertex -1.745889e-02  5.443702e-03  0.000000e+00
   endloop
 endfacet
 facet normal -9.459010e-01  3.244554e-01  0.000000e+00
   outer loop
     vertex -1.751630e-02  5.276323e-03  0.000000e+00
     vertex -1.751630e-02  5.276323e-03  1.000000e-03
     vertex -1.745889e-02  5.443702e-03  1.000000e-03
   endloop
 endfacet
 facet normal -9.473197e-01  3.202894e-01  0.000000e+00
   outer loop
     vertex -1.756008e-02  5.146843e-03  0.000000e+00
     vertex -1.751630e-02  5.276323e-03  1.000000e-03
     vertex -1.751630e-02  5.276323e-03  0.000000e+00
   endloop
 endfacet
 facet normal -9.473197e-01  3.202894e-01  0.000000e+00
   outer loop
     vertex -1.756008e-02  5.146843e-03  0.000000e+00
     vertex -1.756008e-02  5.146843e-03  1.000000e-03
     vertex -1.751630e-02  5.276323e-03  1.000000e-03
   endloop
 endfacet
 facet normal  7.071068e-01  7.071068e-01  0.000000e+00
   outer loop
     vertex -1.756008e-02  5.146843e-03  0.000000e+00
     vertex -2.042271e-02  8.009476e-03  0.000000e+00
     vertex -2.042271e-02  8.009476e-03  1.000000e-03
   endloop
 endfacet
 facet normal  7.071068e-01  7.071068e-01 -0.000000e+00
   outer loop
     vertex -1.756008e-02  5.146843e-03  0.000000e+00
     vertex -2.042271e-02  8.009476e-03  1.000000e-03
     vertex -1.756008e-02  5.146843e-03  1.000000e-03
   endloop
 endfacet
endsolid
