# Selection : patch(outletGeo)
# Faces  :    94
# Area   :    8.762406e-06
# Time        	areaAverage(U)
0             	(0.000000e+00 0.000000e+00 0.000000e+00)
0.0001        	(-2.219446e-04 2.044033e-04 -6.994250e-11)
0.000219277   	(-5.484710e-04 5.066952e-04 -7.668719e-11)
0.000361027   	(-8.550942e-04 7.930193e-04 7.527106e-11)
0.000530132   	(-1.055364e-03 9.833110e-04 3.292093e-10)
0.000731618   	(-1.106158e-03 1.037215e-03 6.945250e-10)
0.000969269   	(-1.022119e-03 9.663591e-04 1.072545e-09)
0.00125148    	(-8.640523e-04 8.249867e-04 1.285260e-09)
0.00158796    	(-7.050457e-04 6.798612e-04 1.145112e-09)
0.00198853    	(-6.038534e-04 5.856962e-04 6.685066e-10)
0.0024598     	(-5.917166e-04 5.726707e-04 -5.311062e-11)
0.00299838    	(-6.660877e-04 6.401307e-04 -8.112146e-10)
0.00363489    	(-7.990047e-04 7.635203e-04 -1.479412e-09)
0.00434213    	(-9.470065e-04 9.030150e-04 -1.778230e-09)
0.00515039    	(-1.081772e-03 1.031968e-03 -1.783147e-09)
0.00612032    	(-1.192846e-03 1.139896e-03 -1.498097e-09)
0.00709024    	(-1.266280e-03 1.212266e-03 -1.054104e-09)
0.00806016    	(-1.319854e-03 1.265091e-03 -5.755789e-10)
0.00903008    	(-1.373832e-03 1.317189e-03 -1.540506e-10)
0.01          	(-1.443936e-03 1.383534e-03 1.786457e-10)
0.0111111     	(-1.548629e-03 1.481952e-03 4.042430e-10)
0.012381      	(-1.696801e-03 1.621275e-03 5.084698e-10)
0.0139048     	(-1.901347e-03 1.814057e-03 4.939793e-10)
0.0154286     	(-2.141648e-03 2.041035e-03 4.201064e-10)
0.0169524     	(-2.413278e-03 2.298121e-03 3.485266e-10)
0.0184762     	(-2.712437e-03 2.581650e-03 3.251513e-10)
0.02          	(-3.037852e-03 2.890256e-03 3.681721e-10)
0.0216667     	(-3.415427e-03 3.248262e-03 4.707200e-10)
0.0233333     	(-3.835014e-03 3.645787e-03 6.300147e-10)
0.025         	(-4.304864e-03 4.090670e-03 8.253115e-10)
0.0266667     	(-4.832018e-03 4.589707e-03 1.035409e-09)
0.0283333     	(-5.422242e-03 5.148532e-03 1.244403e-09)
0.03          	(-6.080528e-03 5.772034e-03 1.445012e-09)
0.032         	(-6.912878e-03 6.560478e-03 1.600818e-09)
0.034         	(-7.871917e-03 7.468438e-03 1.753802e-09)
0.036         	(-8.976134e-03 8.513674e-03 1.930496e-09)
0.038         	(-1.023727e-02 9.707663e-03 2.153284e-09)
0.04          	(-1.166396e-02 1.105893e-02 2.438656e-09)
0.042         	(-1.326547e-02 1.257656e-02 2.795707e-09)
0.044         	(-1.505446e-02 1.427276e-02 3.225765e-09)
0.046         	(-1.704801e-02 1.616383e-02 3.723475e-09)
0.048         	(-1.926737e-02 1.827004e-02 4.279242e-09)
0.05          	(-2.173689e-02 2.061460e-02 4.883166e-09)
0.052         	(-2.448279e-02 2.322254e-02 5.522929e-09)
0.0536        	(-2.711395e-02 2.572390e-02 6.295764e-09)
0.0552        	(-2.990013e-02 2.837717e-02 7.075980e-09)
0.0568        	(-3.283234e-02 3.117284e-02 7.830053e-09)
0.0578667     	(-3.516868e-02 3.340567e-02 9.002247e-09)
0.0589333     	(-3.749859e-02 3.563901e-02 9.977047e-09)
0.06          	(-3.982659e-02 3.787383e-02 1.019524e-08)
0.0611111     	(-4.226931e-02 4.021797e-02 9.943234e-09)
0.0622222     	(-4.482968e-02 4.267121e-02 9.436408e-09)
0.0631944     	(-4.730540e-02 4.504088e-02 8.911014e-09)
0.0641667     	(-4.990332e-02 4.752608e-02 8.398162e-09)
0.065         	(-5.233035e-02 4.984860e-02 8.067887e-09)
0.0658333     	(-5.481066e-02 5.222336e-02 7.846500e-09)
0.0666667     	(-5.733881e-02 5.464362e-02 7.737554e-09)
0.0673333     	(-5.952316e-02 5.673688e-02 7.811027e-09)
0.068         	(-6.171239e-02 5.883619e-02 7.928742e-09)
0.0686667     	(-6.391711e-02 6.094917e-02 8.054436e-09)
0.0693333     	(-6.616052e-02 6.309607e-02 8.152135e-09)
0.07          	(-6.846687e-02 6.529894e-02 8.197835e-09)
0.070625      	(-7.073869e-02 6.746573e-02 8.200805e-09)
0.07125       	(-7.307756e-02 6.969383e-02 8.148071e-09)
0.0718333     	(-7.535794e-02 7.186490e-02 8.067627e-09)
0.0724167     	(-7.768156e-02 7.407588e-02 7.947499e-09)
0.0729583     	(-7.991434e-02 7.619995e-02 7.837220e-09)
0.0735        	(-8.217208e-02 7.834667e-02 7.734677e-09)
0.0740417     	(-8.445990e-02 8.051979e-02 7.656873e-09)
0.0745382     	(-8.663526e-02 8.258499e-02 7.631172e-09)
0.0750347     	(-8.883900e-02 8.467556e-02 7.601006e-09)
0.0755313     	(-9.107673e-02 8.679597e-02 7.551701e-09)
0.0759781     	(-9.317537e-02 8.878396e-02 7.504880e-09)
0.076425      	(-9.529742e-02 9.079319e-02 7.434360e-09)
0.0768719     	(-9.744427e-02 9.282405e-02 7.335603e-09)
0.0773188     	(-9.962129e-02 9.488106e-02 7.216296e-09)
0.0777018     	(-1.015810e-01 9.673338e-02 7.131428e-09)
0.0780848     	(-1.035519e-01 9.859639e-02 7.037533e-09)
0.0784679     	(-1.055331e-01 1.004678e-01 6.926459e-09)
0.0788509     	(-1.075301e-01 1.023520e-01 6.801962e-09)
0.0792339     	(-1.095509e-01 1.042559e-01 6.672069e-09)
0.079617      	(-1.116022e-01 1.061860e-01 6.541844e-09)
0.08          	(-1.136885e-01 1.081467e-01 6.423461e-09)
0.0803704     	(-1.157552e-01 1.100879e-01 6.337840e-09)
0.0807407     	(-1.178507e-01 1.120552e-01 6.279961e-09)
0.0810969     	(-1.199076e-01 1.139860e-01 6.253609e-09)
0.081453      	(-1.219831e-01 1.159338e-01 6.224891e-09)
0.0817949     	(-1.240106e-01 1.178365e-01 6.207124e-09)
0.0821368     	(-1.260529e-01 1.197525e-01 6.188223e-09)
0.0824786     	(-1.281132e-01 1.216843e-01 6.167393e-09)
0.0828056     	(-1.301240e-01 1.235692e-01 6.157754e-09)
0.0831327     	(-1.321542e-01 1.254717e-01 6.143338e-09)
0.0834448     	(-1.341310e-01 1.273243e-01 6.132614e-09)
0.083757      	(-1.361237e-01 1.291916e-01 6.109248e-09)
0.0840691     	(-1.381332e-01 1.310736e-01 6.071218e-09)
0.0843813     	(-1.401616e-01 1.329725e-01 6.019041e-09)
0.084677      	(-1.421254e-01 1.348111e-01 5.981736e-09)
0.0849727     	(-1.441046e-01 1.366642e-01 5.940463e-09)
0.0852684     	(-1.460988e-01 1.385307e-01 5.894546e-09)
0.0855468     	(-1.480148e-01 1.403248e-01 5.864363e-09)
0.0858251     	(-1.499414e-01 1.421289e-01 5.831612e-09)
0.0861034     	(-1.518790e-01 1.439428e-01 5.792851e-09)
0.0863817     	(-1.538303e-01 1.457688e-01 5.746365e-09)
0.0866601     	(-1.557985e-01 1.476098e-01 5.699184e-09)
0.086917      	(-1.576637e-01 1.493556e-01 5.679985e-09)
0.0871739     	(-1.595397e-01 1.511122e-01 5.658509e-09)
0.0874308     	(-1.614245e-01 1.528771e-01 5.616721e-09)
0.0876877     	(-1.633192e-01 1.546507e-01 5.558808e-09)
0.0879447     	(-1.652265e-01 1.564355e-01 5.497139e-09)
0.0882016     	(-1.671491e-01 1.582340e-01 5.439020e-09)
0.0884264     	(-1.688933e-01 1.598684e-01 5.424205e-09)
0.0886512     	(-1.706420e-01 1.615088e-01 5.407546e-09)
0.088876      	(-1.723915e-01 1.631503e-01 5.383805e-09)
0.0891008     	(-1.741432e-01 1.647932e-01 5.347558e-09)
0.0893256     	(-1.759012e-01 1.664411e-01 5.296484e-09)
0.0895504     	(-1.776698e-01 1.680978e-01 5.237522e-09)
0.0897752     	(-1.794522e-01 1.697666e-01 5.175115e-09)
0.09          	(-1.812495e-01 1.714491e-01 5.114113e-09)
0.0902326     	(-1.831114e-01 1.731908e-01 5.049226e-09)
0.0904651     	(-1.849907e-01 1.749486e-01 4.998242e-09)
0.0906921     	(-1.868517e-01 1.766901e-01 4.977128e-09)
0.0909192     	(-1.887264e-01 1.784454e-01 4.980097e-09)
0.0911406     	(-1.905761e-01 1.801788e-01 5.013553e-09)
0.0913621     	(-1.924343e-01 1.819211e-01 5.058468e-09)
0.0915836     	(-1.943010e-01 1.836720e-01 5.111061e-09)
0.0917994     	(-1.961396e-01 1.853976e-01 5.174636e-09)
0.0920152     	(-1.979880e-01 1.871330e-01 5.229955e-09)
0.0922253     	(-1.998082e-01 1.888431e-01 5.283455e-09)
0.0924355     	(-2.016381e-01 1.905628e-01 5.321266e-09)
0.0926456     	(-2.034776e-01 1.922920e-01 5.337267e-09)
0.0928499     	(-2.052868e-01 1.939938e-01 5.347702e-09)
0.0930542     	(-2.071048e-01 1.957045e-01 5.341517e-09)
0.0932585     	(-2.089312e-01 1.974236e-01 5.324253e-09)
0.0934567     	(-2.107238e-01 1.991119e-01 5.312084e-09)
0.093655      	(-2.125237e-01 2.008079e-01 5.293420e-09)
0.0938533     	(-2.143307e-01 2.025110e-01 5.272466e-09)
0.0940454     	(-2.161009e-01 2.041804e-01 5.263705e-09)
0.0942375     	(-2.178778e-01 2.058569e-01 5.255239e-09)
0.0944296     	(-2.196614e-01 2.075402e-01 5.241736e-09)
0.0946216     	(-2.214527e-01 2.092308e-01 5.227352e-09)
0.0948071     	(-2.232037e-01 2.108847e-01 5.226637e-09)
0.0949926     	(-2.249621e-01 2.125463e-01 5.222979e-09)
0.095178      	(-2.267270e-01 2.142146e-01 5.216752e-09)
0.0953635     	(-2.284988e-01 2.158897e-01 5.208265e-09)
0.0955489     	(-2.302785e-01 2.175726e-01 5.199311e-09)
0.095727      	(-2.320105e-01 2.192118e-01 5.206959e-09)
0.095905      	(-2.337493e-01 2.208586e-01 5.215896e-09)
0.0960831     	(-2.354936e-01 2.225110e-01 5.218699e-09)
0.0962611     	(-2.372435e-01 2.241692e-01 5.218512e-09)
0.0964392     	(-2.390001e-01 2.258341e-01 5.216550e-09)
0.0966087     	(-2.406985e-01 2.274454e-01 5.231632e-09)
0.0967783     	(-2.424028e-01 2.290635e-01 5.245867e-09)
0.0969478     	(-2.441114e-01 2.306863e-01 5.250459e-09)
0.0971174     	(-2.458245e-01 2.323137e-01 5.248205e-09)
0.097287      	(-2.475433e-01 2.339465e-01 5.240785e-09)
0.0974565     	(-2.492689e-01 2.355861e-01 5.230838e-09)
0.0976261     	(-2.510024e-01 2.372334e-01 5.221206e-09)
0.0977844     	(-2.526529e-01 2.388043e-01 5.232532e-09)
0.0979426     	(-2.543083e-01 2.403816e-01 5.249459e-09)
0.0981009     	(-2.559654e-01 2.419615e-01 5.261346e-09)
0.0982591     	(-2.576242e-01 2.435431e-01 5.261919e-09)
0.0984174     	(-2.592859e-01 2.451276e-01 5.255250e-09)
0.0985757     	(-2.609527e-01 2.467169e-01 5.243627e-09)
0.0987339     	(-2.626261e-01 2.483124e-01 5.229841e-09)
0.0988922     	(-2.643070e-01 2.499153e-01 5.216754e-09)
0.0990504     	(-2.659954e-01 2.515258e-01 5.207123e-09)
0.0992087     	(-2.676913e-01 2.531440e-01 5.203430e-09)
0.0993406     	(-2.691692e-01 2.545605e-01 5.309913e-09)
0.0994725     	(-2.706491e-01 2.559827e-01 5.426360e-09)
0.0996044     	(-2.721226e-01 2.574001e-01 5.379117e-09)
0.0997362     	(-2.735886e-01 2.588102e-01 5.204916e-09)
0.0998681     	(-2.750499e-01 2.602146e-01 4.954826e-09)
0.1           	(-2.765107e-01 2.616171e-01 4.669749e-09)
0.100149      	(-2.781232e-01 2.631599e-01 4.333646e-09)
0.100299      	(-2.797443e-01 2.647078e-01 4.057732e-09)
0.100448      	(-2.813802e-01 2.662690e-01 3.888676e-09)
0.100595      	(-2.830111e-01 2.678267e-01 3.848893e-09)
0.100742      	(-2.846526e-01 2.693965e-01 3.929564e-09)
0.100886      	(-2.862806e-01 2.709559e-01 4.113861e-09)
0.101031      	(-2.879123e-01 2.725207e-01 4.366576e-09)
0.101176      	(-2.895467e-01 2.740894e-01 4.651712e-09)
0.101318      	(-2.911648e-01 2.756438e-01 4.939914e-09)
0.10146       	(-2.927884e-01 2.772043e-01 5.202843e-09)
0.1016        	(-2.943981e-01 2.787525e-01 5.425756e-09)
0.10174       	(-2.960149e-01 2.803080e-01 5.589688e-09)
0.10188       	(-2.976381e-01 2.818704e-01 5.694497e-09)
0.102018      	(-2.992461e-01 2.834192e-01 5.753559e-09)
0.102156      	(-3.008593e-01 2.849739e-01 5.767523e-09)
0.102293      	(-3.024762e-01 2.865328e-01 5.751012e-09)
0.102428      	(-3.040745e-01 2.880751e-01 5.726658e-09)
0.102564      	(-3.056759e-01 2.896211e-01 5.693968e-09)
0.102699      	(-3.072799e-01 2.911701e-01 5.662331e-09)
0.102832      	(-3.088644e-01 2.927014e-01 5.645856e-09)
0.102964      	(-3.104523e-01 2.942366e-01 5.634143e-09)
0.103097      	(-3.120433e-01 2.957754e-01 5.628049e-09)
0.103227      	(-3.136149e-01 2.972964e-01 5.635380e-09)
0.103358      	(-3.151903e-01 2.988217e-01 5.642153e-09)
0.103488      	(-3.167690e-01 3.003507e-01 5.647735e-09)
0.103618      	(-3.183510e-01 3.018833e-01 5.646123e-09)
0.103746      	(-3.199127e-01 3.033972e-01 5.650520e-09)
0.103873      	(-3.214784e-01 3.049156e-01 5.651105e-09)
0.104001      	(-3.230471e-01 3.064375e-01 5.650615e-09)
0.104126      	(-3.245939e-01 3.079393e-01 5.660350e-09)
0.104251      	(-3.261439e-01 3.094449e-01 5.668167e-09)
0.104376      	(-3.276964e-01 3.109532e-01 5.674708e-09)
0.104501      	(-3.292515e-01 3.124644e-01 5.679547e-09)
0.104623      	(-3.307834e-01 3.139539e-01 5.693992e-09)
0.104745      	(-3.323189e-01 3.154476e-01 5.705137e-09)
0.104867      	(-3.338570e-01 3.169442e-01 5.713231e-09)
0.10499       	(-3.353977e-01 3.184436e-01 5.718040e-09)
0.105112      	(-3.369414e-01 3.199461e-01 5.720712e-09)
0.105231      	(-3.384599e-01 3.214251e-01 5.734773e-09)
0.10535       	(-3.399820e-01 3.229084e-01 5.747130e-09)
0.10547       	(-3.415066e-01 3.243946e-01 5.757762e-09)
0.105589      	(-3.430334e-01 3.258832e-01 5.766092e-09)
0.105708      	(-3.445628e-01 3.273746e-01 5.772833e-09)
0.105824      	(-3.460641e-01 3.288397e-01 5.792035e-09)
0.10594       	(-3.475690e-01 3.303090e-01 5.809193e-09)
0.106056      	(-3.490761e-01 3.317810e-01 5.823229e-09)
0.106172      	(-3.505852e-01 3.332551e-01 5.832985e-09)
0.106288      	(-3.520966e-01 3.347315e-01 5.838466e-09)
0.1064        	(-3.535763e-01 3.361782e-01 5.855424e-09)
0.106513      	(-3.550593e-01 3.376290e-01 5.868966e-09)
0.106625      	(-3.565441e-01 3.390819e-01 5.878042e-09)
0.106738      	(-3.580303e-01 3.405363e-01 5.882039e-09)
0.10685       	(-3.595182e-01 3.419924e-01 5.882207e-09)
0.106963      	(-3.610084e-01 3.434509e-01 5.880626e-09)
0.107075      	(-3.625015e-01 3.449123e-01 5.879537e-09)
0.107184      	(-3.639563e-01 3.463377e-01 5.898111e-09)
0.107292      	(-3.654149e-01 3.477678e-01 5.920768e-09)
0.1074        	(-3.668748e-01 3.491999e-01 5.937899e-09)
0.107509      	(-3.683355e-01 3.506327e-01 5.950283e-09)
0.107617      	(-3.697971e-01 3.520666e-01 5.957966e-09)
0.107725      	(-3.712605e-01 3.535021e-01 5.962258e-09)
0.107834      	(-3.727264e-01 3.549401e-01 5.964974e-09)
0.107942      	(-3.741953e-01 3.563811e-01 5.968091e-09)
0.10805       	(-3.756675e-01 3.578256e-01 5.973309e-09)
0.108153      	(-3.770852e-01 3.592187e-01 6.000921e-09)
0.108255      	(-3.785069e-01 3.606173e-01 6.036223e-09)
0.108358      	(-3.799291e-01 3.620169e-01 6.067045e-09)
0.108461      	(-3.813506e-01 3.634159e-01 6.085516e-09)
0.108563      	(-3.827716e-01 3.648143e-01 6.094091e-09)
0.108666      	(-3.841934e-01 3.662131e-01 6.094484e-09)
0.108769      	(-3.856169e-01 3.676134e-01 6.089487e-09)
0.108871      	(-3.870427e-01 3.690159e-01 6.082352e-09)
0.108974      	(-3.884711e-01 3.704211e-01 6.076189e-09)
0.109076      	(-3.899023e-01 3.718291e-01 6.073781e-09)
0.109179      	(-3.913361e-01 3.732400e-01 6.077280e-09)
0.109282      	(-3.927725e-01 3.746538e-01 6.087995e-09)
0.109384      	(-3.942117e-01 3.760705e-01 6.106279e-09)
0.109472      	(-3.955002e-01 3.773447e-01 6.201576e-09)
0.10956       	(-3.967963e-01 3.786296e-01 6.306919e-09)
0.109648      	(-3.980899e-01 3.799132e-01 6.352606e-09)
0.109736      	(-3.993769e-01 3.811898e-01 6.222947e-09)
0.109824      	(-4.006572e-01 3.824586e-01 5.964770e-09)
0.109912      	(-4.019326e-01 3.837212e-01 5.638742e-09)
0.11          	(-4.032049e-01 3.849796e-01 5.301732e-09)
0.110099      	(-4.045917e-01 3.863459e-01 4.879317e-09)
0.110198      	(-4.059746e-01 3.877054e-01 4.561828e-09)
0.110296      	(-4.073522e-01 3.890592e-01 4.409392e-09)
0.110394      	(-4.087380e-01 3.904219e-01 4.424005e-09)
0.110491      	(-4.101212e-01 3.917836e-01 4.595112e-09)
0.110588      	(-4.115106e-01 3.931531e-01 4.881544e-09)
0.110685      	(-4.129047e-01 3.945283e-01 5.235992e-09)
0.110781      	(-4.142923e-01 3.958982e-01 5.615779e-09)
0.110877      	(-4.156846e-01 3.972733e-01 5.980143e-09)
0.110973      	(-4.170814e-01 3.986531e-01 6.297448e-09)
0.111068      	(-4.184722e-01 4.000273e-01 6.552165e-09)
0.111163      	(-4.198680e-01 4.014068e-01 6.736353e-09)
0.111258      	(-4.212677e-01 4.027902e-01 6.851133e-09)
0.111352      	(-4.226595e-01 4.041665e-01 6.910549e-09)
0.111446      	(-4.240540e-01 4.055459e-01 6.925988e-09)
0.11154       	(-4.254498e-01 4.069269e-01 6.911115e-09)
0.111633      	(-4.268353e-01 4.082985e-01 6.884970e-09)
0.111726      	(-4.282221e-01 4.096717e-01 6.855025e-09)
0.111819      	(-4.296096e-01 4.110457e-01 6.827288e-09)
0.111911      	(-4.309867e-01 4.124100e-01 6.811016e-09)
0.112003      	(-4.323655e-01 4.137763e-01 6.803781e-09)
0.112095      	(-4.337455e-01 4.151439e-01 6.802723e-09)
0.112186      	(-4.351155e-01 4.165021e-01 6.811273e-09)
0.112277      	(-4.364876e-01 4.178626e-01 6.823419e-09)
0.112368      	(-4.378612e-01 4.192246e-01 6.835493e-09)
0.112457      	(-4.392245e-01 4.205770e-01 6.851337e-09)
0.112547      	(-4.405896e-01 4.219315e-01 6.866394e-09)
0.112637      	(-4.419560e-01 4.232873e-01 6.878661e-09)
0.112727      	(-4.433235e-01 4.246441e-01 6.888275e-09)
0.112815      	(-4.446804e-01 4.259908e-01 6.902172e-09)
0.112904      	(-4.460393e-01 4.273398e-01 6.917093e-09)
0.112993      	(-4.473995e-01 4.286901e-01 6.930897e-09)
0.11308       	(-4.487489e-01 4.300301e-01 6.949058e-09)
0.113168      	(-4.501001e-01 4.313720e-01 6.967184e-09)
0.113256      	(-4.514524e-01 4.327150e-01 6.982959e-09)
0.113343      	(-4.528057e-01 4.340589e-01 6.995978e-09)
0.11343       	(-4.541476e-01 4.353918e-01 7.013055e-09)
0.113516      	(-4.554915e-01 4.367269e-01 7.030083e-09)
0.113603      	(-4.568366e-01 4.380632e-01 7.044883e-09)
0.113689      	(-4.581827e-01 4.394004e-01 7.057153e-09)
0.113774      	(-4.595171e-01 4.407263e-01 7.074131e-09)
0.11386       	(-4.608535e-01 4.420543e-01 7.091509e-09)
0.113945      	(-4.621910e-01 4.433835e-01 7.106945e-09)
0.11403       	(-4.635294e-01 4.447134e-01 7.120003e-09)
0.114114      	(-4.648556e-01 4.460316e-01 7.138123e-09)
0.114198      	(-4.661837e-01 4.473518e-01 7.156616e-09)
0.114282      	(-4.675130e-01 4.486731e-01 7.172853e-09)
0.114366      	(-4.688430e-01 4.499950e-01 7.186254e-09)
0.114451      	(-4.701739e-01 4.513176e-01 7.197468e-09)
0.114533      	(-4.714920e-01 4.526280e-01 7.215049e-09)
0.114616      	(-4.728124e-01 4.539408e-01 7.234054e-09)
0.114699      	(-4.741340e-01 4.552547e-01 7.251548e-09)
0.114782      	(-4.754564e-01 4.565693e-01 7.266667e-09)
0.114863      	(-4.767652e-01 4.578709e-01 7.290021e-09)
0.114945      	(-4.780760e-01 4.591745e-01 7.310436e-09)
0.115026      	(-4.793876e-01 4.604789e-01 7.327857e-09)
0.115108      	(-4.806997e-01 4.617836e-01 7.341562e-09)
0.115189      	(-4.820125e-01 4.630887e-01 7.352261e-09)
0.11527       	(-4.833110e-01 4.643801e-01 7.372229e-09)
0.11535       	(-4.846116e-01 4.656738e-01 7.390326e-09)
0.11543       	(-4.859132e-01 4.669683e-01 7.406401e-09)
0.11551       	(-4.872153e-01 4.682632e-01 7.419612e-09)
0.11559       	(-4.885178e-01 4.695583e-01 7.430543e-09)
0.115671      	(-4.898211e-01 4.708539e-01 7.440507e-09)
0.115749      	(-4.911091e-01 4.721349e-01 7.462679e-09)
0.115828      	(-4.923996e-01 4.734185e-01 7.484738e-09)
0.115907      	(-4.936911e-01 4.747032e-01 7.505500e-09)
0.115985      	(-4.949831e-01 4.759882e-01 7.523286e-09)
0.116064      	(-4.962755e-01 4.772733e-01 7.538130e-09)
0.116143      	(-4.975686e-01 4.785589e-01 7.551023e-09)
0.11622       	(-4.988450e-01 4.798284e-01 7.576015e-09)
0.116297      	(-5.001239e-01 4.811006e-01 7.600065e-09)
0.116374      	(-5.014038e-01 4.823738e-01 7.621578e-09)
0.116451      	(-5.026839e-01 4.836471e-01 7.638850e-09)
0.116529      	(-5.039642e-01 4.849203e-01 7.652131e-09)
0.116606      	(-5.052449e-01 4.861935e-01 7.662776e-09)
0.116683      	(-5.065264e-01 4.874673e-01 7.672510e-09)
0.116758      	(-5.077892e-01 4.887232e-01 7.697317e-09)
0.116834      	(-5.090548e-01 4.899822e-01 7.722845e-09)
0.116909      	(-5.103213e-01 4.912421e-01 7.746422e-09)
0.116984      	(-5.115878e-01 4.925018e-01 7.765651e-09)
0.11706       	(-5.128542e-01 4.937611e-01 7.780385e-09)
0.117135      	(-5.141207e-01 4.950202e-01 7.791793e-09)
0.117211      	(-5.153878e-01 4.962796e-01 7.801578e-09)
0.117286      	(-5.166559e-01 4.975397e-01 7.811491e-09)
0.117361      	(-5.179252e-01 4.988008e-01 7.823032e-09)
0.117435      	(-5.191720e-01 5.000406e-01 7.850295e-09)
0.117508      	(-5.204224e-01 5.012843e-01 7.884664e-09)
0.117581      	(-5.216736e-01 5.025290e-01 7.914807e-09)
0.117655      	(-5.229245e-01 5.037731e-01 7.939349e-09)
0.117728      	(-5.241750e-01 5.050164e-01 7.957332e-09)
0.117801      	(-5.254251e-01 5.062590e-01 7.969749e-09)
0.117874      	(-5.266756e-01 5.075015e-01 7.978596e-09)
0.117948      	(-5.279267e-01 5.087444e-01 7.986145e-09)
0.118021      	(-5.291789e-01 5.099880e-01 7.994513e-09)
0.118094      	(-5.304321e-01 5.112326e-01 8.005407e-09)
0.118165      	(-5.316556e-01 5.124490e-01 8.038360e-09)
0.118235      	(-5.328833e-01 5.136703e-01 8.079847e-09)
0.118306      	(-5.341116e-01 5.148922e-01 8.118055e-09)
0.118377      	(-5.353389e-01 5.161129e-01 8.144672e-09)
0.118447      	(-5.365648e-01 5.173316e-01 8.161288e-09)
0.118518      	(-5.377897e-01 5.185488e-01 8.169325e-09)
0.118588      	(-5.390142e-01 5.197650e-01 8.171615e-09)
0.118659      	(-5.402388e-01 5.209810e-01 8.171439e-09)
0.11873       	(-5.414639e-01 5.221972e-01 8.171911e-09)
0.1188        	(-5.426897e-01 5.234140e-01 8.175582e-09)
0.118871      	(-5.439164e-01 5.246314e-01 8.184228e-09)
0.118941      	(-5.451440e-01 5.258497e-01 8.198748e-09)
0.119012      	(-5.463728e-01 5.270691e-01 8.219198e-09)
0.119082      	(-5.476030e-01 5.282896e-01 8.244926e-09)
0.119153      	(-5.488346e-01 5.295115e-01 8.274779e-09)
0.119218      	(-5.500054e-01 5.306760e-01 8.369604e-09)
0.119283      	(-5.511846e-01 5.318503e-01 8.473979e-09)
0.119348      	(-5.523646e-01 5.330256e-01 8.464715e-09)
0.119414      	(-5.535412e-01 5.341970e-01 8.358368e-09)
0.119479      	(-5.547133e-01 5.353628e-01 8.192177e-09)
0.119544      	(-5.558809e-01 5.365232e-01 7.996169e-09)
0.119609      	(-5.570450e-01 5.376793e-01 7.807900e-09)
0.119674      	(-5.582066e-01 5.388322e-01 7.657824e-09)
0.119739      	(-5.593666e-01 5.399829e-01 7.566776e-09)
0.119805      	(-5.605255e-01 5.411324e-01 7.544137e-09)
0.11987       	(-5.616838e-01 5.422810e-01 7.588443e-09)
0.119935      	(-5.628419e-01 5.434294e-01 7.689611e-09)
0.12          	(-5.640003e-01 5.445778e-01 7.831995e-09)
0.120068      	(-5.651924e-01 5.457577e-01 7.972042e-09)
0.120136      	(-5.663819e-01 5.469339e-01 8.111880e-09)
0.120204      	(-5.675685e-01 5.481070e-01 8.255742e-09)
0.120271      	(-5.687603e-01 5.492855e-01 8.399333e-09)
0.120339      	(-5.699575e-01 5.504695e-01 8.534450e-09)
0.120406      	(-5.711540e-01 5.516535e-01 8.658597e-09)
0.120473      	(-5.723552e-01 5.528424e-01 8.765002e-09)
0.12054       	(-5.735596e-01 5.540347e-01 8.850195e-09)
0.120607      	(-5.747609e-01 5.552241e-01 8.918212e-09)
0.120673      	(-5.759649e-01 5.564161e-01 8.968342e-09)
0.12074       	(-5.771705e-01 5.576095e-01 9.001938e-09)
0.120806      	(-5.783717e-01 5.587988e-01 9.026128e-09)
0.120872      	(-5.795747e-01 5.599895e-01 9.041307e-09)
0.120938      	(-5.807784e-01 5.611809e-01 9.048937e-09)
0.121004      	(-5.819769e-01 5.623672e-01 9.055638e-09)
0.12107       	(-5.831764e-01 5.635544e-01 9.060535e-09)
0.121135      	(-5.843760e-01 5.647417e-01 9.063672e-09)
0.1212        	(-5.855701e-01 5.659235e-01 9.070407e-09)
0.121266      	(-5.867649e-01 5.671060e-01 9.078446e-09)
0.121331      	(-5.879599e-01 5.682885e-01 9.086611e-09)
0.121396      	(-5.891493e-01 5.694656e-01 9.099349e-09)
0.12146       	(-5.903397e-01 5.706435e-01 9.113557e-09)
0.121525      	(-5.915305e-01 5.718215e-01 9.127500e-09)
0.12159       	(-5.927215e-01 5.729995e-01 9.140806e-09)
0.121654      	(-5.939070e-01 5.741721e-01 9.158638e-09)
0.121718      	(-5.950938e-01 5.753458e-01 9.178024e-09)
0.121782      	(-5.962811e-01 5.765198e-01 9.197177e-09)
0.121846      	(-5.974630e-01 5.776885e-01 9.220334e-09)
0.12191       	(-5.986460e-01 5.788581e-01 9.243935e-09)
0.121973      	(-5.998293e-01 5.800278e-01 9.265900e-09)
0.122037      	(-6.010070e-01 5.811919e-01 9.290504e-09)
0.1221        	(-6.021857e-01 5.823568e-01 9.314281e-09)
0.122163      	(-6.033647e-01 5.835216e-01 9.335343e-09)
0.122226      	(-6.045437e-01 5.846861e-01 9.353409e-09)
0.122289      	(-6.057169e-01 5.858448e-01 9.373637e-09)
0.122352      	(-6.068912e-01 5.870045e-01 9.393472e-09)
0.122414      	(-6.080659e-01 5.881642e-01 9.412263e-09)
0.122477      	(-6.092407e-01 5.893237e-01 9.429694e-09)
0.122539      	(-6.104097e-01 5.904775e-01 9.450750e-09)
0.122601      	(-6.115799e-01 5.916322e-01 9.472256e-09)
0.122663      	(-6.127505e-01 5.927872e-01 9.492362e-09)
0.122726      	(-6.139213e-01 5.939419e-01 9.510636e-09)
0.122787      	(-6.150862e-01 5.950907e-01 9.532921e-09)
0.122849      	(-6.162523e-01 5.962406e-01 9.555745e-09)
0.122911      	(-6.174189e-01 5.973907e-01 9.576950e-09)
0.122972      	(-6.185856e-01 5.985405e-01 9.595905e-09)
0.123033      	(-6.197463e-01 5.996844e-01 9.618557e-09)
0.123094      	(-6.209082e-01 6.008292e-01 9.641354e-09)
0.123156      	(-6.220704e-01 6.019742e-01 9.662167e-09)
0.123217      	(-6.232328e-01 6.031188e-01 9.680471e-09)
0.123277      	(-6.243888e-01 6.042573e-01 9.702550e-09)
0.123338      	(-6.255461e-01 6.053968e-01 9.724847e-09)
0.123398      	(-6.267037e-01 6.065363e-01 9.745231e-09)
0.123459      	(-6.278613e-01 6.076754e-01 9.763106e-09)
0.123519      	(-6.290124e-01 6.088082e-01 9.784939e-09)
0.123579      	(-6.301647e-01 6.099419e-01 9.807035e-09)
0.123639      	(-6.313173e-01 6.110756e-01 9.827175e-09)
0.123699      	(-6.324699e-01 6.122089e-01 9.844814e-09)
0.123759      	(-6.336223e-01 6.133417e-01 9.860468e-09)
0.123818      	(-6.347682e-01 6.144681e-01 9.881521e-09)
0.123878      	(-6.359155e-01 6.155957e-01 9.904075e-09)
0.123937      	(-6.370632e-01 6.167235e-01 9.925586e-09)
0.123997      	(-6.382110e-01 6.178509e-01 9.945153e-09)
0.124056      	(-6.393521e-01 6.189718e-01 9.969433e-09)
0.124114      	(-6.404943e-01 6.200938e-01 9.994039e-09)
0.124173      	(-6.416369e-01 6.212156e-01 1.001638e-08)
0.124232      	(-6.427792e-01 6.223370e-01 1.003557e-08)
0.124291      	(-6.439214e-01 6.234577e-01 1.005207e-08)
0.124349      	(-6.450566e-01 6.245716e-01 1.007389e-08)
0.124408      	(-6.461932e-01 6.256868e-01 1.009680e-08)
0.124466      	(-6.473302e-01 6.268020e-01 1.011822e-08)
0.124524      	(-6.484671e-01 6.279168e-01 1.013726e-08)
0.124582      	(-6.496038e-01 6.290310e-01 1.015419e-08)
0.12464       	(-6.507332e-01 6.301382e-01 1.017711e-08)
0.124698      	(-6.518641e-01 6.312467e-01 1.020120e-08)
0.124755      	(-6.529954e-01 6.323552e-01 1.022354e-08)
0.124813      	(-6.541265e-01 6.334633e-01 1.024308e-08)
0.12487       	(-6.552574e-01 6.345707e-01 1.026003e-08)
0.124928      	(-6.563882e-01 6.356776e-01 1.027542e-08)
0.124985      	(-6.575116e-01 6.367775e-01 1.029807e-08)
0.125042      	(-6.586367e-01 6.378790e-01 1.032282e-08)
0.125099      	(-6.597624e-01 6.389807e-01 1.034642e-08)
0.125156      	(-6.608880e-01 6.400820e-01 1.036750e-08)
0.125213      	(-6.620133e-01 6.411827e-01 1.038608e-08)
0.125269      	(-6.631308e-01 6.422759e-01 1.041104e-08)
0.125326      	(-6.642497e-01 6.433704e-01 1.043688e-08)
0.125382      	(-6.653690e-01 6.444650e-01 1.046029e-08)
0.125438      	(-6.664880e-01 6.455588e-01 1.048007e-08)
0.125495      	(-6.676066e-01 6.466519e-01 1.049651e-08)
0.125551      	(-6.687248e-01 6.477442e-01 1.051084e-08)
0.125607      	(-6.698348e-01 6.488287e-01 1.053314e-08)
0.125662      	(-6.709466e-01 6.499149e-01 1.055769e-08)
0.125718      	(-6.720587e-01 6.510012e-01 1.058080e-08)
0.125773      	(-6.731706e-01 6.520869e-01 1.060095e-08)
0.125829      	(-6.742819e-01 6.531717e-01 1.061815e-08)
0.125885      	(-6.753929e-01 6.542558e-01 1.063340e-08)
0.12594       	(-6.765037e-01 6.553393e-01 1.064794e-08)
0.125995      	(-6.776061e-01 6.564149e-01 1.067485e-08)
0.12605       	(-6.787105e-01 6.574926e-01 1.070219e-08)
0.126105      	(-6.798156e-01 6.585706e-01 1.072821e-08)
0.12616       	(-6.809203e-01 6.596480e-01 1.075092e-08)
0.126215      	(-6.820246e-01 6.607246e-01 1.077006e-08)
0.126269      	(-6.831284e-01 6.618002e-01 1.078645e-08)
0.126324      	(-6.842320e-01 6.628754e-01 1.080141e-08)
0.126378      	(-6.853264e-01 6.639419e-01 1.082900e-08)
0.126432      	(-6.864230e-01 6.650107e-01 1.085683e-08)
0.126486      	(-6.875202e-01 6.660798e-01 1.088282e-08)
0.12654       	(-6.886169e-01 6.671481e-01 1.090480e-08)
0.126595      	(-6.897129e-01 6.682154e-01 1.092265e-08)
0.126649      	(-6.908083e-01 6.692816e-01 1.093742e-08)
0.126703      	(-6.919033e-01 6.703470e-01 1.095071e-08)
0.126757      	(-6.929982e-01 6.714120e-01 1.096407e-08)
0.12681       	(-6.940831e-01 6.724679e-01 1.099282e-08)
0.126863      	(-6.951707e-01 6.735265e-01 1.102325e-08)
0.126916      	(-6.962588e-01 6.745855e-01 1.105217e-08)
0.126969      	(-6.973465e-01 6.756436e-01 1.107674e-08)
0.127023      	(-6.984333e-01 6.767005e-01 1.109639e-08)
0.127076      	(-6.995193e-01 6.777561e-01 1.111197e-08)
0.127129      	(-7.006047e-01 6.788109e-01 1.112513e-08)
0.127182      	(-7.016899e-01 6.798651e-01 1.113757e-08)
0.127235      	(-7.027752e-01 6.809191e-01 1.115080e-08)
0.127288      	(-7.038608e-01 6.819732e-01 1.116595e-08)
0.127341      	(-7.049352e-01 6.830171e-01 1.119645e-08)
0.127393      	(-7.060129e-01 6.840645e-01 1.123362e-08)
0.127445      	(-7.070913e-01 6.851125e-01 1.126690e-08)
0.127497      	(-7.081691e-01 6.861595e-01 1.129471e-08)
0.127549      	(-7.092459e-01 6.872050e-01 1.131597e-08)
0.127601      	(-7.103215e-01 6.882490e-01 1.133155e-08)
0.127653      	(-7.113964e-01 6.892919e-01 1.134338e-08)
0.127706      	(-7.124709e-01 6.903339e-01 1.135367e-08)
0.127758      	(-7.135453e-01 6.913756e-01 1.136438e-08)
0.12781       	(-7.146197e-01 6.924172e-01 1.137705e-08)
0.127862      	(-7.156944e-01 6.934589e-01 1.139268e-08)
0.127913      	(-7.167556e-01 6.944884e-01 1.142801e-08)
0.127964      	(-7.178206e-01 6.955220e-01 1.147109e-08)
0.128015      	(-7.188865e-01 6.965564e-01 1.150927e-08)
0.128066      	(-7.199515e-01 6.975895e-01 1.153976e-08)
0.128117      	(-7.210149e-01 6.986206e-01 1.156121e-08)
0.128167      	(-7.220767e-01 6.996496e-01 1.157472e-08)
0.128218      	(-7.231374e-01 7.006769e-01 1.158288e-08)
0.128269      	(-7.241972e-01 7.017031e-01 1.158857e-08)
0.12832       	(-7.252565e-01 7.027286e-01 1.159450e-08)
0.128371      	(-7.263157e-01 7.037536e-01 1.160277e-08)
0.128422      	(-7.273749e-01 7.047785e-01 1.161476e-08)
0.128473      	(-7.284343e-01 7.058035e-01 1.163111e-08)
0.128524      	(-7.294941e-01 7.068287e-01 1.165178e-08)
0.128575      	(-7.305544e-01 7.078543e-01 1.167623e-08)
0.128624      	(-7.315956e-01 7.088631e-01 1.176153e-08)
0.128673      	(-7.326429e-01 7.098782e-01 1.181020e-08)
0.128722      	(-7.336914e-01 7.108945e-01 1.180716e-08)
0.128771      	(-7.347385e-01 7.119088e-01 1.176562e-08)
0.12882       	(-7.357830e-01 7.129200e-01 1.169942e-08)
0.12887       	(-7.368247e-01 7.139277e-01 1.162427e-08)
0.128919      	(-7.378639e-01 7.149326e-01 1.155647e-08)
0.128968      	(-7.389014e-01 7.159352e-01 1.150936e-08)
0.129017      	(-7.399376e-01 7.169363e-01 1.149104e-08)
0.129066      	(-7.409728e-01 7.179363e-01 1.150412e-08)
0.129115      	(-7.420077e-01 7.189357e-01 1.154636e-08)
0.129164      	(-7.430423e-01 7.199347e-01 1.161199e-08)
0.129214      	(-7.440770e-01 7.209338e-01 1.169328e-08)
0.129263      	(-7.451121e-01 7.219330e-01 1.178204e-08)
0.129312      	(-7.461478e-01 7.229326e-01 1.187080e-08)
0.129361      	(-7.471842e-01 7.239328e-01 1.195366e-08)
0.12941       	(-7.482214e-01 7.249336e-01 1.202675e-08)
0.129459      	(-7.492596e-01 7.259352e-01 1.208818e-08)
0.129509      	(-7.502986e-01 7.269375e-01 1.213789e-08)
0.129558      	(-7.513385e-01 7.279405e-01 1.217712e-08)
0.129607      	(-7.523792e-01 7.289442e-01 1.220797e-08)
0.129656      	(-7.534207e-01 7.299485e-01 1.223281e-08)
0.129705      	(-7.544628e-01 7.309534e-01 1.225394e-08)
0.129747      	(-7.554278e-01 7.318914e-01 1.227134e-08)
0.129789      	(-7.564173e-01 7.328562e-01 1.239176e-08)
0.129831      	(-7.574107e-01 7.338251e-01 1.244618e-08)
0.129874      	(-7.583955e-01 7.347842e-01 1.241543e-08)
0.129916      	(-7.593660e-01 7.357271e-01 1.221449e-08)
0.129958      	(-7.603212e-01 7.366527e-01 1.190171e-08)
0.13          	(-7.612625e-01 7.375629e-01 1.154316e-08)
0.130048      	(-7.622617e-01 7.385205e-01 1.118647e-08)
0.130097      	(-7.632300e-01 7.394442e-01 1.094440e-08)
0.130145      	(-7.641890e-01 7.403581e-01 1.086528e-08)
0.130193      	(-7.651495e-01 7.412748e-01 1.083303e-08)
0.130241      	(-7.661206e-01 7.422039e-01 1.074074e-08)
0.130289      	(-7.671037e-01 7.431465e-01 1.064164e-08)
0.130337      	(-7.680978e-01 7.441012e-01 1.058819e-08)
0.130385      	(-7.690990e-01 7.450639e-01 1.060509e-08)
0.130433      	(-7.701089e-01 7.460357e-01 1.069966e-08)
0.130481      	(-7.711257e-01 7.470141e-01 1.086799e-08)
0.130528      	(-7.721453e-01 7.479954e-01 1.110430e-08)
0.130576      	(-7.731699e-01 7.489813e-01 1.138273e-08)
0.130624      	(-7.741975e-01 7.499700e-01 1.168279e-08)
0.130671      	(-7.752268e-01 7.509602e-01 1.198245e-08)
0.130718      	(-7.762540e-01 7.519487e-01 1.226856e-08)
0.130766      	(-7.772818e-01 7.529377e-01 1.252057e-08)
0.130813      	(-7.783090e-01 7.539262e-01 1.273060e-08)
0.13086       	(-7.793323e-01 7.549112e-01 1.289795e-08)
0.130907      	(-7.803553e-01 7.558959e-01 1.302127e-08)
0.130955      	(-7.813774e-01 7.568796e-01 1.310317e-08)
0.131001      	(-7.823959e-01 7.578599e-01 1.315381e-08)
0.131048      	(-7.834146e-01 7.588404e-01 1.317843e-08)
0.131095      	(-7.844330e-01 7.598206e-01 1.318347e-08)
0.131142      	(-7.854510e-01 7.608002e-01 1.317602e-08)
0.131189      	(-7.864660e-01 7.617772e-01 1.316720e-08)
0.131235      	(-7.874817e-01 7.627548e-01 1.315910e-08)
0.131282      	(-7.884975e-01 7.637324e-01 1.315337e-08)
0.131328      	(-7.895103e-01 7.647074e-01 1.315574e-08)
0.131375      	(-7.905237e-01 7.656829e-01 1.316341e-08)
0.131421      	(-7.915370e-01 7.666582e-01 1.317413e-08)
0.131467      	(-7.925498e-01 7.676327e-01 1.318645e-08)
0.131513      	(-7.935595e-01 7.686043e-01 1.320405e-08)
0.13156       	(-7.945697e-01 7.695763e-01 1.322302e-08)
0.131606      	(-7.955797e-01 7.705479e-01 1.324086e-08)
0.131652      	(-7.965895e-01 7.715190e-01 1.325645e-08)
0.131698      	(-7.975961e-01 7.724872e-01 1.327458e-08)
0.131744      	(-7.986033e-01 7.734558e-01 1.329227e-08)
0.131789      	(-7.996104e-01 7.744241e-01 1.330797e-08)
0.131835      	(-8.006172e-01 7.753919e-01 1.332137e-08)
0.131881      	(-8.016208e-01 7.763567e-01 1.333793e-08)
0.131927      	(-8.026250e-01 7.773220e-01 1.335486e-08)
0.131972      	(-8.036292e-01 7.782870e-01 1.337057e-08)
0.132018      	(-8.046330e-01 7.792514e-01 1.338460e-08)
0.132063      	(-8.056337e-01 7.802129e-01 1.340229e-08)
0.132108      	(-8.066350e-01 7.811748e-01 1.342051e-08)
0.132154      	(-8.076362e-01 7.821365e-01 1.343745e-08)
0.132199      	(-8.086370e-01 7.830975e-01 1.345244e-08)
0.132244      	(-8.096346e-01 7.840555e-01 1.347084e-08)
0.132289      	(-8.106328e-01 7.850140e-01 1.348945e-08)
0.132334      	(-8.116309e-01 7.859722e-01 1.350645e-08)
0.13238       	(-8.126285e-01 7.869297e-01 1.352130e-08)
0.132424      	(-8.136229e-01 7.878841e-01 1.353952e-08)
0.132469      	(-8.146179e-01 7.888390e-01 1.355799e-08)
0.132514      	(-8.156127e-01 7.897936e-01 1.357491e-08)
0.132559      	(-8.166071e-01 7.907475e-01 1.358975e-08)
0.132603      	(-8.175981e-01 7.916983e-01 1.360820e-08)
0.132648      	(-8.185897e-01 7.926495e-01 1.362700e-08)
0.132693      	(-8.195812e-01 7.936004e-01 1.364423e-08)
0.132737      	(-8.205721e-01 7.945505e-01 1.365929e-08)
0.132782      	(-8.215625e-01 7.954999e-01 1.367264e-08)
0.132826      	(-8.225495e-01 7.964461e-01 1.369048e-08)
0.13287       	(-8.235373e-01 7.973931e-01 1.370950e-08)
0.132914      	(-8.245252e-01 7.983399e-01 1.372754e-08)
0.132959      	(-8.255126e-01 7.992861e-01 1.374377e-08)
0.133003      	(-8.264967e-01 8.002292e-01 1.376386e-08)
0.133047      	(-8.274815e-01 8.011729e-01 1.378417e-08)
0.133091      	(-8.284662e-01 8.021164e-01 1.380250e-08)
0.133135      	(-8.294503e-01 8.030590e-01 1.381817e-08)
0.133179      	(-8.304338e-01 8.040009e-01 1.383165e-08)
0.133223      	(-8.314138e-01 8.049395e-01 1.384954e-08)
0.133266      	(-8.323947e-01 8.058789e-01 1.386844e-08)
0.13331       	(-8.333755e-01 8.068181e-01 1.388622e-08)
0.133354      	(-8.343559e-01 8.077567e-01 1.390205e-08)
0.133397      	(-8.353356e-01 8.086945e-01 1.391622e-08)
0.133441      	(-8.363120e-01 8.096292e-01 1.393530e-08)
0.133484      	(-8.372891e-01 8.105646e-01 1.395555e-08)
0.133528      	(-8.382663e-01 8.114999e-01 1.397456e-08)
0.133571      	(-8.392430e-01 8.124346e-01 1.399135e-08)
0.133615      	(-8.402191e-01 8.133684e-01 1.400612e-08)
0.133658      	(-8.411917e-01 8.142991e-01 1.402562e-08)
0.133701      	(-8.421652e-01 8.152306e-01 1.404603e-08)
0.133744      	(-8.431386e-01 8.161620e-01 1.406491e-08)
0.133787      	(-8.441115e-01 8.170927e-01 1.408135e-08)
0.13383       	(-8.450838e-01 8.180225e-01 1.409564e-08)
0.133873      	(-8.460525e-01 8.189491e-01 1.411480e-08)
0.133916      	(-8.470221e-01 8.198765e-01 1.413493e-08)
0.133959      	(-8.479916e-01 8.208038e-01 1.415356e-08)
0.134002      	(-8.489605e-01 8.217303e-01 1.416973e-08)
0.134045      	(-8.499288e-01 8.226559e-01 1.418374e-08)
0.134087      	(-8.508933e-01 8.235782e-01 1.420359e-08)
0.13413       	(-8.518587e-01 8.245013e-01 1.422495e-08)
0.134172      	(-8.528241e-01 8.254242e-01 1.424484e-08)
0.134215      	(-8.537888e-01 8.263464e-01 1.426124e-08)
0.134257      	(-8.547528e-01 8.272676e-01 1.427462e-08)
0.1343        	(-8.557161e-01 8.281879e-01 1.428618e-08)
0.134342      	(-8.566758e-01 8.291051e-01 1.430480e-08)
0.134384      	(-8.576365e-01 8.300233e-01 1.432606e-08)
0.134426      	(-8.585973e-01 8.309415e-01 1.434674e-08)
0.134469      	(-8.595577e-01 8.318591e-01 1.436520e-08)
0.134511      	(-8.605173e-01 8.327758e-01 1.438130e-08)
0.134553      	(-8.614763e-01 8.336916e-01 1.439555e-08)
0.134595      	(-8.624317e-01 8.346043e-01 1.441587e-08)
0.134637      	(-8.633882e-01 8.355181e-01 1.443771e-08)
0.134679      	(-8.643447e-01 8.364319e-01 1.445806e-08)
0.134721      	(-8.653008e-01 8.373450e-01 1.447560e-08)
0.134763      	(-8.662561e-01 8.382572e-01 1.449049e-08)
0.134805      	(-8.672107e-01 8.391685e-01 1.450351e-08)
0.134846      	(-8.681615e-01 8.400765e-01 1.452303e-08)
0.134888      	(-8.691135e-01 8.409857e-01 1.454435e-08)
0.134929      	(-8.700655e-01 8.418948e-01 1.456427e-08)
0.134971      	(-8.710170e-01 8.428032e-01 1.458135e-08)
0.135012      	(-8.719677e-01 8.437106e-01 1.459570e-08)
0.135054      	(-8.729175e-01 8.446171e-01 1.460806e-08)
0.135095      	(-8.738634e-01 8.455201e-01 1.462719e-08)
0.135136      	(-8.748106e-01 8.464243e-01 1.464819e-08)
0.135178      	(-8.757578e-01 8.473285e-01 1.466775e-08)
0.135219      	(-8.767043e-01 8.482318e-01 1.468439e-08)
0.13526       	(-8.776499e-01 8.491342e-01 1.469821e-08)
0.135301      	(-8.785947e-01 8.500354e-01 1.471003e-08)
0.135342      	(-8.795389e-01 8.509359e-01 1.472097e-08)
0.135383      	(-8.804791e-01 8.518331e-01 1.474027e-08)
0.135424      	(-8.814208e-01 8.527317e-01 1.476246e-08)
0.135465      	(-8.823627e-01 8.536305e-01 1.478369e-08)
0.135506      	(-8.833041e-01 8.545285e-01 1.480200e-08)
0.135547      	(-8.842445e-01 8.554255e-01 1.481723e-08)
0.135588      	(-8.851842e-01 8.563215e-01 1.483001e-08)
0.135628      	(-8.861231e-01 8.572166e-01 1.484145e-08)
0.135669      	(-8.870615e-01 8.581112e-01 1.485269e-08)
0.13571       	(-8.879961e-01 8.590025e-01 1.487339e-08)
0.13575       	(-8.889325e-01 8.598956e-01 1.489743e-08)
0.135791      	(-8.898691e-01 8.607890e-01 1.492039e-08)
0.135831      	(-8.908053e-01 8.616818e-01 1.494007e-08)
0.135872      	(-8.917406e-01 8.625734e-01 1.495595e-08)
0.135912      	(-8.926749e-01 8.634640e-01 1.496881e-08)
0.135953      	(-8.936085e-01 8.643536e-01 1.497983e-08)
0.135993      	(-8.945379e-01 8.652397e-01 1.500161e-08)
0.136033      	(-8.954690e-01 8.661274e-01 1.502349e-08)
0.136073      	(-8.964002e-01 8.670153e-01 1.504377e-08)
0.136113      	(-8.973307e-01 8.679023e-01 1.506051e-08)
0.136153      	(-8.982601e-01 8.687881e-01 1.507350e-08)
0.136193      	(-8.991885e-01 8.696725e-01 1.508371e-08)
0.136233      	(-9.001159e-01 8.705559e-01 1.509253e-08)
0.136273      	(-9.010427e-01 8.714386e-01 1.510130e-08)
0.136313      	(-9.019691e-01 8.723207e-01 1.511114e-08)
0.136353      	(-9.028914e-01 8.731995e-01 1.513498e-08)
0.136393      	(-9.038158e-01 8.740805e-01 1.516071e-08)
0.136432      	(-9.047407e-01 8.749620e-01 1.518533e-08)
0.136472      	(-9.056650e-01 8.758426e-01 1.520601e-08)
0.136511      	(-9.065882e-01 8.767220e-01 1.522199e-08)
0.136551      	(-9.075103e-01 8.776001e-01 1.523406e-08)
0.136591      	(-9.084315e-01 8.784771e-01 1.524360e-08)
0.13663       	(-9.093520e-01 8.793533e-01 1.525218e-08)
0.13667       	(-9.102721e-01 8.802289e-01 1.526115e-08)
0.136709      	(-9.111877e-01 8.811010e-01 1.528469e-08)
0.136748      	(-9.121057e-01 8.819755e-01 1.531019e-08)
0.136788      	(-9.130241e-01 8.828503e-01 1.533434e-08)
0.136827      	(-9.139418e-01 8.837243e-01 1.535413e-08)
0.136866      	(-9.148583e-01 8.845968e-01 1.536879e-08)
0.136905      	(-9.157735e-01 8.854679e-01 1.537927e-08)
0.136944      	(-9.166875e-01 8.863376e-01 1.538708e-08)
0.136983      	(-9.176008e-01 8.872064e-01 1.539392e-08)
0.137023      	(-9.185135e-01 8.880745e-01 1.540129e-08)
0.137062      	(-9.194259e-01 8.889423e-01 1.541026e-08)
0.137101      	(-9.203382e-01 8.898098e-01 1.542145e-08)
0.13714       	(-9.212458e-01 8.906738e-01 1.544705e-08)
0.137178      	(-9.221564e-01 8.915408e-01 1.547642e-08)
0.137217      	(-9.230676e-01 8.924084e-01 1.550450e-08)
0.137256      	(-9.239781e-01 8.932750e-01 1.552716e-08)
0.137294      	(-9.248872e-01 8.941401e-01 1.554329e-08)
0.137333      	(-9.257949e-01 8.950035e-01 1.555371e-08)
0.137372      	(-9.267014e-01 8.958654e-01 1.556036e-08)
0.13741       	(-9.276069e-01 8.967262e-01 1.556537e-08)
0.137449      	(-9.285117e-01 8.975861e-01 1.557065e-08)
0.137488      	(-9.294160e-01 8.984456e-01 1.557763e-08)
0.137526      	(-9.303201e-01 8.993048e-01 1.558713e-08)
0.137565      	(-9.312240e-01 9.001638e-01 1.559945e-08)
0.137603      	(-9.321228e-01 9.010189e-01 1.562871e-08)
0.137641      	(-9.330251e-01 9.018775e-01 1.566417e-08)
0.137679      	(-9.339282e-01 9.027369e-01 1.569493e-08)
0.137717      	(-9.348304e-01 9.035952e-01 1.571862e-08)
0.137755      	(-9.357310e-01 9.044516e-01 1.573406e-08)
0.137793      	(-9.366298e-01 9.053060e-01 1.574237e-08)
0.137831      	(-9.375271e-01 9.061585e-01 1.574594e-08)
0.137869      	(-9.384232e-01 9.070097e-01 1.574742e-08)
0.137907      	(-9.393184e-01 9.078599e-01 1.574918e-08)
0.137945      	(-9.402129e-01 9.087093e-01 1.575300e-08)
0.137983      	(-9.411070e-01 9.095584e-01 1.575993e-08)
0.138021      	(-9.420009e-01 9.104072e-01 1.577035e-08)
0.138059      	(-9.428947e-01 9.112558e-01 1.578405e-08)
0.138098      	(-9.437886e-01 9.121045e-01 1.580047e-08)
0.138136      	(-9.446827e-01 9.129534e-01 1.581889e-08)
0.138173      	(-9.455707e-01 9.137977e-01 1.588759e-08)
0.13821       	(-9.464634e-01 9.146468e-01 1.592264e-08)
0.138247      	(-9.473573e-01 9.154970e-01 1.591359e-08)
0.138285      	(-9.482501e-01 9.163459e-01 1.587196e-08)
0.138322      	(-9.491408e-01 9.171922e-01 1.581034e-08)
0.138359      	(-9.500290e-01 9.180358e-01 1.574247e-08)
0.138397      	(-9.509150e-01 9.188768e-01 1.568240e-08)
0.138434      	(-9.517992e-01 9.197159e-01 1.564105e-08)
0.138471      	(-9.526820e-01 9.205535e-01 1.562488e-08)
0.138508      	(-9.535638e-01 9.213901e-01 1.563557e-08)
0.138546      	(-9.544450e-01 9.222260e-01 1.567067e-08)
0.138583      	(-9.553258e-01 9.230614e-01 1.572487e-08)
0.13862       	(-9.562065e-01 9.238967e-01 1.579133e-08)
0.138658      	(-9.570871e-01 9.247320e-01 1.586303e-08)
0.138695      	(-9.579679e-01 9.255673e-01 1.593380e-08)
0.138732      	(-9.588489e-01 9.264028e-01 1.599889e-08)
0.138769      	(-9.597303e-01 9.272386e-01 1.605530e-08)
0.138807      	(-9.606120e-01 9.280747e-01 1.610175e-08)
0.138844      	(-9.614940e-01 9.289110e-01 1.613834e-08)
0.13888       	(-9.623671e-01 9.297409e-01 1.621140e-08)
0.138916      	(-9.632475e-01 9.305784e-01 1.628368e-08)
0.138952      	(-9.641295e-01 9.314175e-01 1.626944e-08)
0.138989      	(-9.650096e-01 9.322541e-01 1.618226e-08)
0.139025      	(-9.658859e-01 9.330865e-01 1.604908e-08)
0.139061      	(-9.667581e-01 9.339142e-01 1.589785e-08)
0.139097      	(-9.676265e-01 9.347378e-01 1.575531e-08)
0.139133      	(-9.684918e-01 9.355580e-01 1.564424e-08)
0.139169      	(-9.693546e-01 9.363757e-01 1.557953e-08)
0.139205      	(-9.702158e-01 9.371916e-01 1.556707e-08)
0.139241      	(-9.710757e-01 9.380063e-01 1.560454e-08)
0.139278      	(-9.719349e-01 9.388202e-01 1.568324e-08)
0.139314      	(-9.727936e-01 9.396338e-01 1.579072e-08)
0.13935       	(-9.736521e-01 9.404471e-01 1.591331e-08)
0.139386      	(-9.745107e-01 9.412605e-01 1.603827e-08)
0.139422      	(-9.753696e-01 9.420740e-01 1.615528e-08)
0.139458      	(-9.762287e-01 9.428878e-01 1.625727e-08)
0.139494      	(-9.770882e-01 9.437019e-01 1.634047e-08)
0.13953       	(-9.779480e-01 9.445163e-01 1.640409e-08)
0.139567      	(-9.788083e-01 9.453310e-01 1.644968e-08)
0.139603      	(-9.796688e-01 9.461459e-01 1.648027e-08)
0.139639      	(-9.805295e-01 9.469611e-01 1.649957e-08)
0.139675      	(-9.813904e-01 9.477765e-01 1.651135e-08)
0.139711      	(-9.822516e-01 9.485919e-01 1.651888e-08)
0.139747      	(-9.831128e-01 9.494075e-01 1.652468e-08)
0.139783      	(-9.839743e-01 9.502233e-01 1.653047e-08)
0.139819      	(-9.848358e-01 9.510391e-01 1.653723e-08)
0.139856      	(-9.856976e-01 9.518551e-01 1.654530e-08)
0.139892      	(-9.865595e-01 9.526713e-01 1.655462e-08)
0.139928      	(-9.874216e-01 9.534876e-01 1.656488e-08)
0.139964      	(-9.882839e-01 9.543041e-01 1.657572e-08)
0.14          	(-9.891465e-01 9.551208e-01 1.658683e-08)
0.140036      	(-9.900090e-01 9.559376e-01 1.659865e-08)
0.140072      	(-9.908710e-01 9.567540e-01 1.661443e-08)
0.140108      	(-9.917340e-01 9.575716e-01 1.663080e-08)
0.140144      	(-9.925973e-01 9.583894e-01 1.664562e-08)
0.14018       	(-9.934605e-01 9.592071e-01 1.665791e-08)
0.140216      	(-9.943225e-01 9.600236e-01 1.667174e-08)
0.140252      	(-9.951848e-01 9.608406e-01 1.668472e-08)
0.140288      	(-9.960471e-01 9.616573e-01 1.669563e-08)
0.140323      	(-9.969078e-01 9.624728e-01 1.670812e-08)
0.140359      	(-9.977689e-01 9.632885e-01 1.671983e-08)
0.140395      	(-9.986295e-01 9.641037e-01 1.672954e-08)
0.14043       	(-9.994894e-01 9.649180e-01 1.673706e-08)
0.140466      	(-1.000348e+00 9.657308e-01 1.674710e-08)
0.140501      	(-1.001206e+00 9.665437e-01 1.675745e-08)
0.140537      	(-1.002064e+00 9.673562e-01 1.676689e-08)
0.140573      	(-1.002921e+00 9.681679e-01 1.677504e-08)
0.140608      	(-1.003777e+00 9.689781e-01 1.678640e-08)
0.140644      	(-1.004632e+00 9.697885e-01 1.679841e-08)
0.140679      	(-1.005488e+00 9.705985e-01 1.680949e-08)
0.140714      	(-1.006343e+00 9.714079e-01 1.681925e-08)
0.14075       	(-1.007196e+00 9.722158e-01 1.683199e-08)
0.140785      	(-1.008050e+00 9.730239e-01 1.684508e-08)
0.14082       	(-1.008903e+00 9.738317e-01 1.685685e-08)
0.140856      	(-1.009756e+00 9.746387e-01 1.686693e-08)
0.140891      	(-1.010607e+00 9.754443e-01 1.687975e-08)
0.140926      	(-1.011459e+00 9.762501e-01 1.689268e-08)
0.140961      	(-1.012310e+00 9.770556e-01 1.690412e-08)
0.140996      	(-1.013160e+00 9.778603e-01 1.691379e-08)
0.141031      	(-1.014009e+00 9.786635e-01 1.692619e-08)
0.141066      	(-1.014859e+00 9.794669e-01 1.693870e-08)
0.141101      	(-1.015707e+00 9.802700e-01 1.694974e-08)
0.141136      	(-1.016556e+00 9.810722e-01 1.695900e-08)
0.141171      	(-1.017403e+00 9.818736e-01 1.696678e-08)
0.141206      	(-1.018249e+00 9.826737e-01 1.697809e-08)
0.141241      	(-1.019095e+00 9.834741e-01 1.699030e-08)
0.141276      	(-1.019941e+00 9.842742e-01 1.700167e-08)
0.141311      	(-1.020787e+00 9.850737e-01 1.701166e-08)
0.141346      	(-1.021631e+00 9.858719e-01 1.702474e-08)
0.141381      	(-1.022475e+00 9.866704e-01 1.703800e-08)
0.141415      	(-1.023320e+00 9.874685e-01 1.704965e-08)
0.14145       	(-1.024163e+00 9.882659e-01 1.705926e-08)
0.141485      	(-1.025005e+00 9.890618e-01 1.707154e-08)
0.141519      	(-1.025847e+00 9.898579e-01 1.708378e-08)
0.141554      	(-1.026689e+00 9.906536e-01 1.709432e-08)
0.141589      	(-1.027530e+00 9.914485e-01 1.710290e-08)
0.141623      	(-1.028370e+00 9.922425e-01 1.710989e-08)
0.141658      	(-1.029209e+00 9.930351e-01 1.712056e-08)
0.141692      	(-1.030048e+00 9.938280e-01 1.713222e-08)
0.141727      	(-1.030887e+00 9.946207e-01 1.714305e-08)
0.141761      	(-1.031725e+00 9.954127e-01 1.715249e-08)
0.141795      	(-1.032562e+00 9.962033e-01 1.716524e-08)
0.14183       	(-1.033399e+00 9.969942e-01 1.717823e-08)
0.141864      	(-1.034236e+00 9.977848e-01 1.718972e-08)
0.141898      	(-1.035072e+00 9.985745e-01 1.719875e-08)
0.141933      	(-1.035907e+00 9.993633e-01 1.720553e-08)
0.141967      	(-1.036741e+00 1.000151e+00 1.721559e-08)
0.142001      	(-1.037575e+00 1.000939e+00 1.722630e-08)
0.142035      	(-1.038409e+00 1.001726e+00 1.723593e-08)
0.142069      	(-1.039242e+00 1.002513e+00 1.724407e-08)
0.142104      	(-1.040075e+00 1.003299e+00 1.725092e-08)
0.142138      	(-1.040906e+00 1.004083e+00 1.726188e-08)
0.142172      	(-1.041737e+00 1.004869e+00 1.727391e-08)
0.142206      	(-1.042568e+00 1.005653e+00 1.728498e-08)
0.14224       	(-1.043399e+00 1.006438e+00 1.729442e-08)
0.142274      	(-1.044229e+00 1.007221e+00 1.730231e-08)
0.142308      	(-1.045057e+00 1.008003e+00 1.731407e-08)
0.142342      	(-1.045886e+00 1.008785e+00 1.732663e-08)
0.142375      	(-1.046714e+00 1.009568e+00 1.733795e-08)
0.142409      	(-1.047542e+00 1.010349e+00 1.734740e-08)
0.142443      	(-1.048369e+00 1.011130e+00 1.735511e-08)
0.142477      	(-1.049195e+00 1.011909e+00 1.736668e-08)
0.142511      	(-1.050021e+00 1.012689e+00 1.737901e-08)
0.142544      	(-1.050847e+00 1.013468e+00 1.739006e-08)
0.142578      	(-1.051672e+00 1.014247e+00 1.739920e-08)
0.142612      	(-1.052497e+00 1.015025e+00 1.740660e-08)
0.142645      	(-1.053320e+00 1.015801e+00 1.741798e-08)
0.142679      	(-1.054143e+00 1.016578e+00 1.743019e-08)
0.142713      	(-1.054966e+00 1.017355e+00 1.744115e-08)
0.142746      	(-1.055789e+00 1.018131e+00 1.745020e-08)
0.14278       	(-1.056610e+00 1.018906e+00 1.745749e-08)
0.142813      	(-1.057430e+00 1.019680e+00 1.746884e-08)
0.142847      	(-1.058251e+00 1.020454e+00 1.748101e-08)
0.14288       	(-1.059071e+00 1.021228e+00 1.749196e-08)
0.142914      	(-1.059891e+00 1.022001e+00 1.750084e-08)
0.142947      	(-1.060709e+00 1.022773e+00 1.750791e-08)
0.14298       	(-1.061527e+00 1.023545e+00 1.751383e-08)
0.143014      	(-1.062344e+00 1.024315e+00 1.752477e-08)
0.143047      	(-1.063161e+00 1.025085e+00 1.753735e-08)
0.14308       	(-1.063978e+00 1.025856e+00 1.754915e-08)
0.143113      	(-1.064794e+00 1.026626e+00 1.755923e-08)
0.143147      	(-1.065610e+00 1.027395e+00 1.756750e-08)
0.14318       	(-1.066424e+00 1.028163e+00 1.757988e-08)
0.143213      	(-1.067239e+00 1.028931e+00 1.759291e-08)
0.143246      	(-1.068053e+00 1.029699e+00 1.760439e-08)
0.143279      	(-1.068867e+00 1.030467e+00 1.761340e-08)
0.143312      	(-1.069680e+00 1.031233e+00 1.762028e-08)
0.143345      	(-1.070492e+00 1.031998e+00 1.762576e-08)
0.143378      	(-1.071302e+00 1.032763e+00 1.763638e-08)
0.143411      	(-1.072114e+00 1.033527e+00 1.764863e-08)
0.143444      	(-1.072925e+00 1.034292e+00 1.766014e-08)
0.143477      	(-1.073735e+00 1.035056e+00 1.766971e-08)
0.14351       	(-1.074545e+00 1.035819e+00 1.767742e-08)
0.143543      	(-1.075353e+00 1.036581e+00 1.768377e-08)
0.143576      	(-1.076161e+00 1.037342e+00 1.769533e-08)
0.143609      	(-1.076969e+00 1.038104e+00 1.770838e-08)
0.143641      	(-1.077777e+00 1.038866e+00 1.772043e-08)
0.143674      	(-1.078584e+00 1.039626e+00 1.773027e-08)
0.143707      	(-1.079390e+00 1.040386e+00 1.773797e-08)
0.14374       	(-1.080196e+00 1.041146e+00 1.774412e-08)
0.143772      	(-1.081000e+00 1.041903e+00 1.775551e-08)
0.143805      	(-1.081805e+00 1.042662e+00 1.776840e-08)
0.143838      	(-1.082610e+00 1.043420e+00 1.778027e-08)
0.14387       	(-1.083414e+00 1.044178e+00 1.778988e-08)
0.143903      	(-1.084217e+00 1.044935e+00 1.779733e-08)
0.143935      	(-1.085019e+00 1.045691e+00 1.780322e-08)
0.143968      	(-1.085821e+00 1.046446e+00 1.780841e-08)
0.144         	(-1.086621e+00 1.047200e+00 1.781991e-08)
0.144033      	(-1.087422e+00 1.047955e+00 1.783363e-08)
0.144065      	(-1.088223e+00 1.048709e+00 1.784666e-08)
0.144098      	(-1.089024e+00 1.049464e+00 1.785747e-08)
0.14413       	(-1.089824e+00 1.050217e+00 1.786596e-08)
0.144163      	(-1.090623e+00 1.050970e+00 1.787261e-08)
0.144195      	(-1.091420e+00 1.051721e+00 1.788458e-08)
0.144227      	(-1.092218e+00 1.052473e+00 1.789788e-08)
0.144259      	(-1.093016e+00 1.053225e+00 1.790982e-08)
0.144292      	(-1.093814e+00 1.053976e+00 1.791916e-08)
0.144324      	(-1.094610e+00 1.054726e+00 1.792604e-08)
0.144356      	(-1.095406e+00 1.055475e+00 1.793116e-08)
0.144388      	(-1.096201e+00 1.056223e+00 1.793550e-08)
0.14442       	(-1.096994e+00 1.056970e+00 1.794658e-08)
0.144452      	(-1.097788e+00 1.057718e+00 1.796009e-08)
0.144484      	(-1.098582e+00 1.058467e+00 1.797292e-08)
0.144517      	(-1.099376e+00 1.059214e+00 1.798346e-08)
0.144549      	(-1.100169e+00 1.059960e+00 1.799155e-08)
0.144581      	(-1.100961e+00 1.060706e+00 1.799770e-08)
0.144613      	(-1.101752e+00 1.061450e+00 1.800278e-08)
0.144645      	(-1.102542e+00 1.062194e+00 1.800772e-08)
0.144677      	(-1.103331e+00 1.062937e+00 1.802019e-08)
0.144709      	(-1.104121e+00 1.063682e+00 1.803540e-08)
0.14474       	(-1.104912e+00 1.064426e+00 1.804988e-08)
0.144772      	(-1.105702e+00 1.065170e+00 1.806175e-08)
0.144804      	(-1.106491e+00 1.065913e+00 1.807075e-08)
0.144836      	(-1.107279e+00 1.066654e+00 1.807738e-08)
0.144868      	(-1.108066e+00 1.067395e+00 1.808255e-08)
0.1449        	(-1.108852e+00 1.068135e+00 1.809441e-08)
0.144931      	(-1.109639e+00 1.068876e+00 1.810837e-08)
0.144963      	(-1.110426e+00 1.069617e+00 1.812118e-08)
0.144995      	(-1.111212e+00 1.070357e+00 1.813123e-08)
0.145026      	(-1.111997e+00 1.071096e+00 1.813847e-08)
0.145058      	(-1.112782e+00 1.071834e+00 1.814356e-08)
0.14509       	(-1.113565e+00 1.072571e+00 1.814751e-08)
0.145121      	(-1.114348e+00 1.073307e+00 1.815139e-08)
0.145153      	(-1.115129e+00 1.074043e+00 1.816352e-08)
0.145184      	(-1.115911e+00 1.074779e+00 1.817873e-08)
0.145216      	(-1.116694e+00 1.075516e+00 1.819320e-08)
0.145247      	(-1.117476e+00 1.076252e+00 1.820489e-08)
0.145279      	(-1.118257e+00 1.076988e+00 1.821348e-08)
0.14531       	(-1.119037e+00 1.077721e+00 1.821949e-08)
0.145342      	(-1.119817e+00 1.078454e+00 1.822394e-08)
0.145373      	(-1.120595e+00 1.079187e+00 1.822793e-08)
0.145405      	(-1.121373e+00 1.079918e+00 1.823242e-08)
0.145436      	(-1.122150e+00 1.080649e+00 1.824600e-08)
0.145467      	(-1.122928e+00 1.081382e+00 1.826291e-08)
0.145498      	(-1.123706e+00 1.082114e+00 1.827894e-08)
0.14553       	(-1.124484e+00 1.082846e+00 1.829179e-08)
0.145561      	(-1.125261e+00 1.083577e+00 1.830101e-08)
0.145592      	(-1.126037e+00 1.084307e+00 1.830718e-08)
0.145623      	(-1.126812e+00 1.085036e+00 1.831139e-08)
0.145655      	(-1.127586e+00 1.085764e+00 1.831488e-08)
0.145686      	(-1.128359e+00 1.086491e+00 1.831873e-08)
0.145717      	(-1.129132e+00 1.087217e+00 1.833390e-08)
0.145748      	(-1.129906e+00 1.087946e+00 1.835040e-08)
0.145779      	(-1.130680e+00 1.088674e+00 1.836599e-08)
0.14581       	(-1.131453e+00 1.089402e+00 1.837838e-08)
0.145841      	(-1.132226e+00 1.090129e+00 1.838691e-08)
0.145872      	(-1.132997e+00 1.090854e+00 1.839233e-08)
0.145903      	(-1.133767e+00 1.091578e+00 1.839582e-08)
0.145934      	(-1.134537e+00 1.092302e+00 1.839866e-08)
0.145965      	(-1.135306e+00 1.093024e+00 1.840197e-08)
0.145996      	(-1.136074e+00 1.093747e+00 1.840655e-08)
0.146027      	(-1.136841e+00 1.094468e+00 1.842361e-08)
0.146058      	(-1.137610e+00 1.095192e+00 1.844238e-08)
0.146089      	(-1.138380e+00 1.095916e+00 1.846001e-08)
0.14612       	(-1.139149e+00 1.096639e+00 1.847386e-08)
0.14615       	(-1.139916e+00 1.097362e+00 1.848317e-08)
0.146181      	(-1.140683e+00 1.098082e+00 1.848872e-08)
0.146212      	(-1.141448e+00 1.098802e+00 1.849182e-08)
0.146243      	(-1.142213e+00 1.099520e+00 1.849397e-08)
0.146274      	(-1.142976e+00 1.100238e+00 1.849645e-08)
0.146304      	(-1.143740e+00 1.100955e+00 1.850020e-08)
0.146335      	(-1.144502e+00 1.101672e+00 1.851722e-08)
0.146365      	(-1.145266e+00 1.102391e+00 1.853626e-08)
0.146396      	(-1.146031e+00 1.103111e+00 1.855413e-08)
0.146426      	(-1.146795e+00 1.103829e+00 1.856798e-08)
0.146457      	(-1.147557e+00 1.104546e+00 1.857697e-08)
0.146488      	(-1.148318e+00 1.105262e+00 1.858194e-08)
0.146518      	(-1.149079e+00 1.105976e+00 1.858430e-08)
0.146549      	(-1.149838e+00 1.106690e+00 1.858563e-08)
0.146579      	(-1.150596e+00 1.107402e+00 1.858735e-08)
0.14661       	(-1.151354e+00 1.108114e+00 1.859046e-08)
0.14664       	(-1.152111e+00 1.108826e+00 1.859551e-08)
0.146671      	(-1.152868e+00 1.109537e+00 1.860266e-08)
0.146701      	(-1.153624e+00 1.110248e+00 1.862202e-08)
0.146731      	(-1.154383e+00 1.110962e+00 1.864411e-08)
0.146762      	(-1.155142e+00 1.111676e+00 1.866471e-08)
0.146792      	(-1.155901e+00 1.112390e+00 1.868030e-08)
0.146822      	(-1.156658e+00 1.113102e+00 1.868994e-08)
0.146852      	(-1.157414e+00 1.113812e+00 1.869462e-08)
0.146883      	(-1.158168e+00 1.114521e+00 1.869605e-08)
0.146913      	(-1.158921e+00 1.115229e+00 1.869615e-08)
0.146943      	(-1.159674e+00 1.115935e+00 1.869660e-08)
0.146973      	(-1.160426e+00 1.116642e+00 1.869862e-08)
0.147004      	(-1.161177e+00 1.117348e+00 1.870287e-08)
0.147034      	(-1.161928e+00 1.118053e+00 1.870954e-08)
0.147064      	(-1.162679e+00 1.118758e+00 1.871840e-08)
0.147094      	(-1.163429e+00 1.119464e+00 1.874067e-08)
0.147124      	(-1.164182e+00 1.120172e+00 1.876739e-08)
0.147154      	(-1.164935e+00 1.120880e+00 1.878969e-08)
0.147184      	(-1.165688e+00 1.121588e+00 1.880586e-08)
0.147214      	(-1.166439e+00 1.122295e+00 1.881502e-08)
0.147244      	(-1.167188e+00 1.122999e+00 1.881842e-08)
0.147274      	(-1.167936e+00 1.123702e+00 1.881811e-08)
0.147304      	(-1.168683e+00 1.124403e+00 1.881636e-08)
0.147334      	(-1.169429e+00 1.125104e+00 1.881512e-08)
0.147364      	(-1.170174e+00 1.125804e+00 1.881576e-08)
0.147394      	(-1.170918e+00 1.126503e+00 1.881903e-08)
0.147424      	(-1.171662e+00 1.127202e+00 1.882510e-08)
0.147454      	(-1.172406e+00 1.127900e+00 1.883371e-08)
0.147484      	(-1.173150e+00 1.128599e+00 1.884432e-08)
0.147513      	(-1.173893e+00 1.129298e+00 1.886976e-08)
0.147543      	(-1.174639e+00 1.130000e+00 1.889733e-08)
0.147572      	(-1.175386e+00 1.130703e+00 1.892039e-08)
0.147602      	(-1.176132e+00 1.131404e+00 1.893665e-08)
0.147632      	(-1.176877e+00 1.132104e+00 1.894504e-08)
0.147661      	(-1.177619e+00 1.132802e+00 1.894680e-08)
0.147691      	(-1.178360e+00 1.133498e+00 1.894446e-08)
0.147721      	(-1.179099e+00 1.134192e+00 1.894063e-08)
0.14775       	(-1.179837e+00 1.134886e+00 1.893756e-08)
0.14778       	(-1.180574e+00 1.135578e+00 1.893682e-08)
0.147809      	(-1.181311e+00 1.136269e+00 1.893922e-08)
0.147839      	(-1.182047e+00 1.136961e+00 1.894491e-08)
0.147869      	(-1.182783e+00 1.137652e+00 1.895355e-08)
0.147898      	(-1.183518e+00 1.138342e+00 1.896452e-08)
0.147928      	(-1.184254e+00 1.139033e+00 1.897698e-08)
0.147957      	(-1.184989e+00 1.139724e+00 1.899007e-08)
0.147987      	(-1.185725e+00 1.140415e+00 1.900320e-08)
0.148017      	(-1.186460e+00 1.141105e+00 1.901603e-08)
0.148046      	(-1.187195e+00 1.141797e+00 1.906792e-08)
0.148075      	(-1.187934e+00 1.142492e+00 1.909184e-08)
0.148104      	(-1.188674e+00 1.143189e+00 1.907976e-08)
0.148133      	(-1.189413e+00 1.143885e+00 1.904017e-08)
0.148162      	(-1.190150e+00 1.144578e+00 1.898381e-08)
0.148192      	(-1.190885e+00 1.145268e+00 1.892254e-08)
0.148221      	(-1.191617e+00 1.145956e+00 1.886846e-08)
0.14825       	(-1.192347e+00 1.146641e+00 1.883084e-08)
0.148279      	(-1.193075e+00 1.147325e+00 1.881496e-08)
0.148308      	(-1.193802e+00 1.148008e+00 1.882196e-08)
0.148337      	(-1.194529e+00 1.148690e+00 1.884955e-08)
0.148367      	(-1.195255e+00 1.149372e+00 1.889305e-08)
0.148396      	(-1.195980e+00 1.150053e+00 1.894665e-08)
0.148425      	(-1.196706e+00 1.150734e+00 1.900446e-08)
0.148454      	(-1.197431e+00 1.151415e+00 1.906134e-08)
0.148483      	(-1.198156e+00 1.152096e+00 1.911341e-08)
0.148512      	(-1.198881e+00 1.152777e+00 1.915824e-08)
0.148542      	(-1.199607e+00 1.153459e+00 1.919478e-08)
0.148571      	(-1.200332e+00 1.154140e+00 1.922316e-08)
0.1486        	(-1.201057e+00 1.154821e+00 1.924434e-08)
0.148629      	(-1.201783e+00 1.155503e+00 1.925976e-08)
0.148658      	(-1.202509e+00 1.156184e+00 1.927103e-08)
0.148687      	(-1.203234e+00 1.156865e+00 1.927969e-08)
0.148716      	(-1.203959e+00 1.157547e+00 1.932388e-08)
0.148744      	(-1.204690e+00 1.158236e+00 1.937102e-08)
0.148773      	(-1.205422e+00 1.158927e+00 1.935083e-08)
0.148802      	(-1.206153e+00 1.159615e+00 1.927337e-08)
0.14883       	(-1.206881e+00 1.160299e+00 1.915902e-08)
0.148859      	(-1.207605e+00 1.160980e+00 1.903056e-08)
0.148887      	(-1.208325e+00 1.161656e+00 1.891014e-08)
0.148916      	(-1.209042e+00 1.162330e+00 1.881669e-08)
0.148944      	(-1.209757e+00 1.163001e+00 1.876249e-08)
0.148973      	(-1.210470e+00 1.163670e+00 1.875220e-08)
0.149001      	(-1.211182e+00 1.164339e+00 1.878353e-08)
0.14903       	(-1.211893e+00 1.165006e+00 1.884900e-08)
0.149058      	(-1.212604e+00 1.165673e+00 1.893813e-08)
0.149087      	(-1.213314e+00 1.166340e+00 1.903952e-08)
0.149115      	(-1.214024e+00 1.167007e+00 1.914264e-08)
0.149144      	(-1.214734e+00 1.167673e+00 1.923902e-08)
0.149173      	(-1.215444e+00 1.168340e+00 1.932285e-08)
0.149201      	(-1.216155e+00 1.169007e+00 1.939105e-08)
0.14923       	(-1.216865e+00 1.169673e+00 1.944301e-08)
0.149258      	(-1.217575e+00 1.170340e+00 1.947996e-08)
0.149287      	(-1.218286e+00 1.171007e+00 1.950435e-08)
0.149315      	(-1.218996e+00 1.171674e+00 1.951923e-08)
0.149344      	(-1.219707e+00 1.172341e+00 1.952764e-08)
0.149372      	(-1.220417e+00 1.173008e+00 1.953227e-08)
0.149401      	(-1.221127e+00 1.173675e+00 1.953523e-08)
0.149429      	(-1.221837e+00 1.174342e+00 1.953799e-08)
0.149458      	(-1.222547e+00 1.175009e+00 1.954138e-08)
0.149486      	(-1.223258e+00 1.175675e+00 1.954575e-08)
0.149515      	(-1.223968e+00 1.176342e+00 1.955108e-08)
0.149543      	(-1.224678e+00 1.177009e+00 1.955719e-08)
0.149572      	(-1.225388e+00 1.177675e+00 1.956382e-08)
0.149601      	(-1.226097e+00 1.178342e+00 1.957074e-08)
0.149629      	(-1.226807e+00 1.179009e+00 1.957780e-08)
0.149658      	(-1.227517e+00 1.179675e+00 1.958490e-08)
0.149686      	(-1.228227e+00 1.180342e+00 1.959204e-08)
0.149712      	(-1.228936e+00 1.181014e+00 1.958510e-08)
0.149738      	(-1.229671e+00 1.181714e+00 1.966030e-08)
0.149765      	(-1.230413e+00 1.182419e+00 1.964683e-08)
0.149791      	(-1.231147e+00 1.183116e+00 1.962331e-08)
0.149817      	(-1.231869e+00 1.183799e+00 1.953418e-08)
0.149843      	(-1.232576e+00 1.184466e+00 1.931354e-08)
0.149869      	(-1.233269e+00 1.185118e+00 1.902107e-08)
0.149895      	(-1.233950e+00 1.185758e+00 1.871570e-08)
0.149922      	(-1.234622e+00 1.186388e+00 1.844655e-08)
0.149948      	(-1.235287e+00 1.187012e+00 1.825151e-08)
0.149974      	(-1.235947e+00 1.187630e+00 1.815261e-08)
0.15          	(-1.236604e+00 1.188246e+00 1.815485e-08)
0.150028      	(-1.237258e+00 1.188854e+00 1.824231e-08)
0.150056      	(-1.237887e+00 1.189436e+00 1.839961e-08)
0.150085      	(-1.238511e+00 1.190014e+00 1.858265e-08)
0.150113      	(-1.239141e+00 1.190598e+00 1.878796e-08)
0.150141      	(-1.239783e+00 1.191196e+00 1.892450e-08)
0.150169      	(-1.240439e+00 1.191810e+00 1.897428e-08)
0.150197      	(-1.241108e+00 1.192436e+00 1.892765e-08)
0.150226      	(-1.241787e+00 1.193073e+00 1.882078e-08)
0.150254      	(-1.242473e+00 1.193718e+00 1.870126e-08)
0.150282      	(-1.243165e+00 1.194369e+00 1.860428e-08)
0.15031       	(-1.243862e+00 1.195024e+00 1.855257e-08)
0.150338      	(-1.244561e+00 1.195682e+00 1.856269e-08)
0.150366      	(-1.245262e+00 1.196340e+00 1.863750e-08)
0.150394      	(-1.245963e+00 1.197000e+00 1.877092e-08)
0.150422      	(-1.246665e+00 1.197659e+00 1.895002e-08)
0.15045       	(-1.247366e+00 1.198319e+00 1.915481e-08)
0.150478      	(-1.248066e+00 1.198977e+00 1.936370e-08)
0.150506      	(-1.248765e+00 1.199634e+00 1.956168e-08)
0.150534      	(-1.249462e+00 1.200290e+00 1.974113e-08)
0.150562      	(-1.250160e+00 1.200946e+00 1.988865e-08)
0.15059       	(-1.250857e+00 1.201602e+00 2.000140e-08)
0.150618      	(-1.251553e+00 1.202257e+00 2.007964e-08)
0.150646      	(-1.252248e+00 1.202912e+00 2.012739e-08)
0.150674      	(-1.252943e+00 1.203566e+00 2.015467e-08)
0.150701      	(-1.253638e+00 1.204221e+00 2.016596e-08)
0.150729      	(-1.254334e+00 1.204875e+00 2.016614e-08)
0.150757      	(-1.255028e+00 1.205530e+00 2.016004e-08)
0.150785      	(-1.255722e+00 1.206183e+00 2.015178e-08)
0.150813      	(-1.256416e+00 1.206837e+00 2.014835e-08)
0.15084       	(-1.257110e+00 1.207490e+00 2.014862e-08)
0.150868      	(-1.257803e+00 1.208144e+00 2.015120e-08)
0.150896      	(-1.258496e+00 1.208797e+00 2.015492e-08)
0.150924      	(-1.259189e+00 1.209449e+00 2.015887e-08)
0.150951      	(-1.259880e+00 1.210100e+00 2.016267e-08)
0.150979      	(-1.260571e+00 1.210751e+00 2.017018e-08)
0.151007      	(-1.261263e+00 1.211402e+00 2.017829e-08)
0.151034      	(-1.261954e+00 1.212053e+00 2.018496e-08)
0.151062      	(-1.262645e+00 1.212703e+00 2.018918e-08)
0.15109       	(-1.263335e+00 1.213353e+00 2.019119e-08)
0.151117      	(-1.264025e+00 1.214002e+00 2.019580e-08)
0.151145      	(-1.264715e+00 1.214652e+00 2.020079e-08)
0.151173      	(-1.265404e+00 1.215301e+00 2.020482e-08)
0.1512        	(-1.266093e+00 1.215950e+00 2.020741e-08)
0.151228      	(-1.266782e+00 1.216597e+00 2.020890e-08)
0.151255      	(-1.267470e+00 1.217244e+00 2.021407e-08)
0.151283      	(-1.268158e+00 1.217892e+00 2.022036e-08)
0.15131       	(-1.268845e+00 1.218539e+00 2.022609e-08)
0.151338      	(-1.269532e+00 1.219185e+00 2.023051e-08)
0.151365      	(-1.270219e+00 1.219831e+00 2.023374e-08)
0.151393      	(-1.270904e+00 1.220476e+00 2.023624e-08)
0.15142       	(-1.271589e+00 1.221120e+00 2.024293e-08)
0.151448      	(-1.272275e+00 1.221765e+00 2.025108e-08)
0.151475      	(-1.272960e+00 1.222409e+00 2.025881e-08)
0.151502      	(-1.273645e+00 1.223053e+00 2.026516e-08)
0.15153       	(-1.274329e+00 1.223696e+00 2.027012e-08)
0.151557      	(-1.275012e+00 1.224339e+00 2.027839e-08)
0.151584      	(-1.275696e+00 1.224982e+00 2.028724e-08)
0.151612      	(-1.276380e+00 1.225624e+00 2.029493e-08)
0.151639      	(-1.277063e+00 1.226266e+00 2.030074e-08)
0.151666      	(-1.277745e+00 1.226907e+00 2.030491e-08)
0.151694      	(-1.278426e+00 1.227547e+00 2.030801e-08)
0.151721      	(-1.279107e+00 1.228187e+00 2.031522e-08)
0.151748      	(-1.279788e+00 1.228827e+00 2.032384e-08)
0.151775      	(-1.280469e+00 1.229468e+00 2.033198e-08)
0.151803      	(-1.281150e+00 1.230107e+00 2.033869e-08)
0.15183       	(-1.281829e+00 1.230746e+00 2.034398e-08)
0.151857      	(-1.282508e+00 1.231383e+00 2.034826e-08)
0.151884      	(-1.283187e+00 1.232021e+00 2.035665e-08)
0.151911      	(-1.283866e+00 1.232659e+00 2.036629e-08)
0.151939      	(-1.284544e+00 1.233296e+00 2.037524e-08)
0.151966      	(-1.285223e+00 1.233934e+00 2.038254e-08)
0.151993      	(-1.285900e+00 1.234570e+00 2.038823e-08)
0.15202       	(-1.286577e+00 1.235205e+00 2.039276e-08)
0.152047      	(-1.287253e+00 1.235841e+00 2.040140e-08)
0.152074      	(-1.287929e+00 1.236476e+00 2.041129e-08)
0.152101      	(-1.288606e+00 1.237112e+00 2.042048e-08)
0.152128      	(-1.289282e+00 1.237747e+00 2.042800e-08)
0.152155      	(-1.289957e+00 1.238381e+00 2.043390e-08)
0.152182      	(-1.290631e+00 1.239014e+00 2.043865e-08)
0.152209      	(-1.291305e+00 1.239647e+00 2.044759e-08)
0.152236      	(-1.291979e+00 1.240280e+00 2.045782e-08)
0.152263      	(-1.292653e+00 1.240913e+00 2.046733e-08)
0.15229       	(-1.293326e+00 1.241546e+00 2.047514e-08)
0.152317      	(-1.293999e+00 1.242178e+00 2.048131e-08)
0.152344      	(-1.294671e+00 1.242808e+00 2.048629e-08)
0.152371      	(-1.295342e+00 1.243439e+00 2.049553e-08)
0.152398      	(-1.296014e+00 1.244070e+00 2.050606e-08)
0.152425      	(-1.296685e+00 1.244701e+00 2.051587e-08)
0.152452      	(-1.297356e+00 1.245331e+00 2.052395e-08)
0.152478      	(-1.298027e+00 1.245961e+00 2.053034e-08)
0.152505      	(-1.298696e+00 1.246589e+00 2.053554e-08)
0.152532      	(-1.299364e+00 1.247217e+00 2.054023e-08)
0.152559      	(-1.300033e+00 1.247844e+00 2.055002e-08)
0.152586      	(-1.300701e+00 1.248473e+00 2.056168e-08)
0.152612      	(-1.301370e+00 1.249101e+00 2.057290e-08)
0.152639      	(-1.302038e+00 1.249729e+00 2.058243e-08)
0.152666      	(-1.302706e+00 1.250355e+00 2.059012e-08)
0.152693      	(-1.303372e+00 1.250981e+00 2.059637e-08)
0.152719      	(-1.304038e+00 1.251607e+00 2.060182e-08)
0.152746      	(-1.304704e+00 1.252232e+00 2.061220e-08)
0.152773      	(-1.305370e+00 1.252858e+00 2.062428e-08)
0.152799      	(-1.306036e+00 1.253483e+00 2.063575e-08)
0.152826      	(-1.306702e+00 1.254109e+00 2.064540e-08)
0.152853      	(-1.307366e+00 1.254733e+00 2.065314e-08)
0.152879      	(-1.308030e+00 1.255357e+00 2.065939e-08)
0.152906      	(-1.308694e+00 1.255980e+00 2.066994e-08)
0.152933      	(-1.309358e+00 1.256604e+00 2.068167e-08)
0.152959      	(-1.310021e+00 1.257228e+00 2.069244e-08)
0.152986      	(-1.310685e+00 1.257850e+00 2.070122e-08)
0.153012      	(-1.311347e+00 1.258473e+00 2.070810e-08)
0.153039      	(-1.312008e+00 1.259094e+00 2.071362e-08)
0.153065      	(-1.312669e+00 1.259714e+00 2.071858e-08)
0.153092      	(-1.313329e+00 1.260334e+00 2.072897e-08)
0.153118      	(-1.313990e+00 1.260955e+00 2.074142e-08)
0.153145      	(-1.314650e+00 1.261576e+00 2.075344e-08)
0.153171      	(-1.315310e+00 1.262196e+00 2.076367e-08)
0.153198      	(-1.315970e+00 1.262816e+00 2.077196e-08)
0.153224      	(-1.316628e+00 1.263434e+00 2.077870e-08)
0.153251      	(-1.317286e+00 1.264052e+00 2.078462e-08)
0.153277      	(-1.317943e+00 1.264669e+00 2.079049e-08)
0.153304      	(-1.318599e+00 1.265286e+00 2.080231e-08)
0.15333       	(-1.319257e+00 1.265904e+00 2.081639e-08)
0.153356      	(-1.319915e+00 1.266522e+00 2.082998e-08)
0.153383      	(-1.320572e+00 1.267140e+00 2.084152e-08)
0.153409      	(-1.321228e+00 1.267757e+00 2.085079e-08)
0.153435      	(-1.321884e+00 1.268372e+00 2.085818e-08)
0.153462      	(-1.322538e+00 1.268987e+00 2.086446e-08)
0.153488      	(-1.323193e+00 1.269602e+00 2.087595e-08)
0.153514      	(-1.323848e+00 1.270218e+00 2.088922e-08)
0.153541      	(-1.324503e+00 1.270834e+00 2.090173e-08)
0.153567      	(-1.325157e+00 1.271449e+00 2.091217e-08)
0.153593      	(-1.325811e+00 1.272063e+00 2.092046e-08)
0.153619      	(-1.326463e+00 1.272676e+00 2.092711e-08)
0.153646      	(-1.327115e+00 1.273289e+00 2.093293e-08)
0.153672      	(-1.327766e+00 1.273900e+00 2.093877e-08)
0.153698      	(-1.328417e+00 1.274512e+00 2.095097e-08)
0.153724      	(-1.329068e+00 1.275125e+00 2.096566e-08)
0.15375       	(-1.329720e+00 1.275738e+00 2.097990e-08)
0.153776      	(-1.330371e+00 1.276350e+00 2.099202e-08)
0.153803      	(-1.331022e+00 1.276961e+00 2.100175e-08)
0.153829      	(-1.331671e+00 1.277572e+00 2.100951e-08)
0.153855      	(-1.332320e+00 1.278181e+00 2.101612e-08)
0.153881      	(-1.332968e+00 1.278790e+00 2.102249e-08)
0.153907      	(-1.333615e+00 1.279399e+00 2.103521e-08)
0.153933      	(-1.334264e+00 1.280009e+00 2.105034e-08)
0.153959      	(-1.334913e+00 1.280619e+00 2.106488e-08)
0.153985      	(-1.335561e+00 1.281228e+00 2.107716e-08)
0.154011      	(-1.336208e+00 1.281837e+00 2.108689e-08)
0.154037      	(-1.336854e+00 1.282444e+00 2.109454e-08)
0.154063      	(-1.337500e+00 1.283051e+00 2.110102e-08)
0.154089      	(-1.338144e+00 1.283657e+00 2.110731e-08)
0.154115      	(-1.338789e+00 1.284263e+00 2.112025e-08)
0.154141      	(-1.339434e+00 1.284870e+00 2.113584e-08)
0.154167      	(-1.340080e+00 1.285477e+00 2.115098e-08)
0.154193      	(-1.340725e+00 1.286084e+00 2.116389e-08)
0.154219      	(-1.341369e+00 1.286689e+00 2.117426e-08)
0.154245      	(-1.342012e+00 1.287294e+00 2.118250e-08)
0.154271      	(-1.342654e+00 1.287898e+00 2.118946e-08)
0.154297      	(-1.343295e+00 1.288501e+00 2.119609e-08)
0.154323      	(-1.343936e+00 1.289103e+00 2.120320e-08)
0.154348      	(-1.344577e+00 1.289706e+00 2.121758e-08)
0.154374      	(-1.345219e+00 1.290310e+00 2.123479e-08)
0.1544        	(-1.345861e+00 1.290914e+00 2.125137e-08)
0.154426      	(-1.346502e+00 1.291517e+00 2.126532e-08)
0.154452      	(-1.347143e+00 1.292120e+00 2.127629e-08)
0.154477      	(-1.347782e+00 1.292721e+00 2.128479e-08)
0.154503      	(-1.348421e+00 1.293322e+00 2.129182e-08)
0.154529      	(-1.349059e+00 1.293922e+00 2.129849e-08)
0.154555      	(-1.349696e+00 1.294521e+00 2.130576e-08)
0.154581      	(-1.350333e+00 1.295120e+00 2.132071e-08)
0.154606      	(-1.350972e+00 1.295721e+00 2.133879e-08)
0.154632      	(-1.351610e+00 1.296323e+00 2.135634e-08)
0.154658      	(-1.352248e+00 1.296923e+00 2.137122e-08)
0.154683      	(-1.352885e+00 1.297522e+00 2.138301e-08)
0.154709      	(-1.353521e+00 1.298121e+00 2.139219e-08)
0.154735      	(-1.354156e+00 1.298718e+00 2.139982e-08)
0.15476       	(-1.354791e+00 1.299315e+00 2.140708e-08)
0.154786      	(-1.355424e+00 1.299911e+00 2.141496e-08)
0.154812      	(-1.356057e+00 1.300506e+00 2.142414e-08)
0.154837      	(-1.356690e+00 1.301103e+00 2.144165e-08)
0.154863      	(-1.357325e+00 1.301700e+00 2.146248e-08)
0.154888      	(-1.357960e+00 1.302298e+00 2.148253e-08)
0.154914      	(-1.358594e+00 1.302895e+00 2.149943e-08)
0.15494       	(-1.359227e+00 1.303492e+00 2.151269e-08)
0.154965      	(-1.359860e+00 1.304087e+00 2.152291e-08)
0.154991      	(-1.360491e+00 1.304681e+00 2.153132e-08)
0.155016      	(-1.361121e+00 1.305274e+00 2.153925e-08)
0.155042      	(-1.361751e+00 1.305867e+00 2.148489e-08)
0.155067      	(-1.362380e+00 1.306459e+00 2.139567e-08)
0.155093      	(-1.363009e+00 1.307052e+00 2.131774e-08)
0.155118      	(-1.363640e+00 1.307647e+00 2.126959e-08)
0.155144      	(-1.364271e+00 1.308241e+00 2.126201e-08)
0.155169      	(-1.364902e+00 1.308835e+00 2.129154e-08)
0.155194      	(-1.365531e+00 1.309428e+00 2.134629e-08)
0.15522       	(-1.366159e+00 1.310020e+00 2.141073e-08)
0.155245      	(-1.366786e+00 1.310611e+00 2.147040e-08)
0.155271      	(-1.367413e+00 1.311201e+00 2.151513e-08)
0.155296      	(-1.368038e+00 1.311790e+00 2.154026e-08)
0.155322      	(-1.368663e+00 1.312379e+00 2.154629e-08)
0.155347      	(-1.369288e+00 1.312967e+00 2.153745e-08)
0.155372      	(-1.369913e+00 1.313556e+00 2.152890e-08)
0.155398      	(-1.370540e+00 1.314147e+00 2.151764e-08)
0.155423      	(-1.371166e+00 1.314739e+00 2.150642e-08)
0.155448      	(-1.371793e+00 1.315329e+00 2.149637e-08)
0.155473      	(-1.372418e+00 1.315919e+00 2.148834e-08)
0.155499      	(-1.373042e+00 1.316507e+00 2.148281e-08)
0.155524      	(-1.373665e+00 1.317094e+00 2.147969e-08)
0.155549      	(-1.374287e+00 1.317681e+00 2.147855e-08)
0.155575      	(-1.374908e+00 1.318266e+00 2.147884e-08)
0.1556        	(-1.375529e+00 1.318851e+00 2.148009e-08)
0.155625      	(-1.376149e+00 1.319436e+00 2.148202e-08)
0.15565       	(-1.376770e+00 1.320022e+00 2.149397e-08)
0.155675      	(-1.377392e+00 1.320609e+00 2.150657e-08)
0.155701      	(-1.378015e+00 1.321197e+00 2.151748e-08)
0.155726      	(-1.378636e+00 1.321784e+00 2.152472e-08)
0.155751      	(-1.379257e+00 1.322370e+00 2.152803e-08)
0.155776      	(-1.379877e+00 1.322955e+00 2.152841e-08)
0.155801      	(-1.380495e+00 1.323538e+00 2.152709e-08)
0.155826      	(-1.381113e+00 1.324121e+00 2.152533e-08)
0.155851      	(-1.381730e+00 1.324703e+00 2.152412e-08)
0.155877      	(-1.382346e+00 1.325284e+00 2.152409e-08)
0.155902      	(-1.382961e+00 1.325865e+00 2.152556e-08)
0.155927      	(-1.383576e+00 1.326446e+00 2.152855e-08)
0.155952      	(-1.384192e+00 1.327027e+00 2.154108e-08)
0.155977      	(-1.384810e+00 1.327611e+00 2.155563e-08)
0.156002      	(-1.385428e+00 1.328195e+00 2.156900e-08)
0.156027      	(-1.386045e+00 1.328779e+00 2.157852e-08)
0.156052      	(-1.386662e+00 1.329361e+00 2.158354e-08)
0.156077      	(-1.387277e+00 1.329942e+00 2.158488e-08)
0.156102      	(-1.387890e+00 1.330521e+00 2.158401e-08)
0.156127      	(-1.388503e+00 1.331100e+00 2.158239e-08)
0.156152      	(-1.389115e+00 1.331678e+00 2.158125e-08)
0.156177      	(-1.389726e+00 1.332255e+00 2.158142e-08)
0.156202      	(-1.390336e+00 1.332832e+00 2.158330e-08)
0.156227      	(-1.390947e+00 1.333408e+00 2.158698e-08)
0.156252      	(-1.391556e+00 1.333984e+00 2.159227e-08)
0.156277      	(-1.392166e+00 1.334560e+00 2.159884e-08)
0.156302      	(-1.392777e+00 1.335138e+00 2.161526e-08)
0.156326      	(-1.393389e+00 1.335718e+00 2.163328e-08)
0.156351      	(-1.394002e+00 1.336298e+00 2.164934e-08)
0.156376      	(-1.394615e+00 1.336878e+00 2.166065e-08)
0.156401      	(-1.395226e+00 1.337456e+00 2.166664e-08)
0.156426      	(-1.395836e+00 1.338033e+00 2.166831e-08)
0.15645       	(-1.396444e+00 1.338608e+00 2.166726e-08)
0.156475      	(-1.397052e+00 1.339182e+00 2.166522e-08)
0.1565        	(-1.397658e+00 1.339756e+00 2.166363e-08)
0.156525      	(-1.398264e+00 1.340328e+00 2.166350e-08)
0.15655       	(-1.398869e+00 1.340901e+00 2.166535e-08)
0.156575      	(-1.399473e+00 1.341472e+00 2.166927e-08)
0.156599      	(-1.400077e+00 1.342044e+00 2.167505e-08)
0.156624      	(-1.400681e+00 1.342616e+00 2.168229e-08)
0.156649      	(-1.401286e+00 1.343189e+00 2.170037e-08)
0.156674      	(-1.401894e+00 1.343764e+00 2.172173e-08)
0.156698      	(-1.402502e+00 1.344341e+00 2.173909e-08)
0.156723      	(-1.403109e+00 1.344916e+00 2.175119e-08)
0.156747      	(-1.403715e+00 1.345490e+00 2.175742e-08)
0.156772      	(-1.404319e+00 1.346062e+00 2.175889e-08)
0.156797      	(-1.404922e+00 1.346633e+00 2.175736e-08)
0.156821      	(-1.405524e+00 1.347203e+00 2.175467e-08)
0.156846      	(-1.406124e+00 1.347771e+00 2.175244e-08)
0.156871      	(-1.406724e+00 1.348339e+00 2.175184e-08)
0.156895      	(-1.407323e+00 1.348907e+00 2.175352e-08)
0.15692       	(-1.407922e+00 1.349474e+00 2.175750e-08)
0.156945      	(-1.408520e+00 1.350040e+00 2.176349e-08)
0.156969      	(-1.409118e+00 1.350607e+00 2.177100e-08)
0.156994      	(-1.409716e+00 1.351173e+00 2.177950e-08)
0.157018      	(-1.410313e+00 1.351740e+00 2.178850e-08)
0.157043      	(-1.410911e+00 1.352306e+00 2.179763e-08)
0.157068      	(-1.411510e+00 1.352874e+00 2.181772e-08)
0.157092      	(-1.412112e+00 1.353446e+00 2.183862e-08)
0.157116      	(-1.412714e+00 1.354018e+00 2.185533e-08)
0.157141      	(-1.413316e+00 1.354589e+00 2.186634e-08)
0.157165      	(-1.413916e+00 1.355158e+00 2.187106e-08)
0.15719       	(-1.414514e+00 1.355726e+00 2.187060e-08)
0.157214      	(-1.415110e+00 1.356291e+00 2.186708e-08)
0.157239      	(-1.415705e+00 1.356856e+00 2.186261e-08)
0.157263      	(-1.416299e+00 1.357419e+00 2.185895e-08)
0.157287      	(-1.416892e+00 1.357981e+00 2.185729e-08)
0.157312      	(-1.417484e+00 1.358543e+00 2.185821e-08)
0.157336      	(-1.418076e+00 1.359104e+00 2.186178e-08)
0.157361      	(-1.418667e+00 1.359665e+00 2.186768e-08)
0.157385      	(-1.419258e+00 1.360226e+00 2.187540e-08)
0.15741       	(-1.419849e+00 1.360787e+00 2.188435e-08)
0.157434      	(-1.420440e+00 1.361348e+00 2.189398e-08)
0.157459      	(-1.421031e+00 1.361908e+00 2.190383e-08)
0.157483      	(-1.421621e+00 1.362469e+00 2.191356e-08)
0.157507      	(-1.422211e+00 1.363030e+00 2.192298e-08)
0.157532      	(-1.422803e+00 1.363593e+00 2.196351e-08)
0.157556      	(-1.423399e+00 1.364159e+00 2.198042e-08)
0.15758       	(-1.423995e+00 1.364727e+00 2.196839e-08)
0.157604      	(-1.424591e+00 1.365293e+00 2.193434e-08)
0.157628      	(-1.425184e+00 1.365857e+00 2.188708e-08)
0.157653      	(-1.425775e+00 1.366419e+00 2.183617e-08)
0.157677      	(-1.426365e+00 1.366979e+00 2.179139e-08)
0.157701      	(-1.426952e+00 1.367537e+00 2.176018e-08)
0.157725      	(-1.427538e+00 1.368094e+00 2.174675e-08)
0.157749      	(-1.428123e+00 1.368650e+00 2.175195e-08)
0.157774      	(-1.428708e+00 1.369206e+00 2.177383e-08)
0.157798      	(-1.429291e+00 1.369760e+00 2.180857e-08)
0.157822      	(-1.429875e+00 1.370315e+00 2.185145e-08)
0.157846      	(-1.430458e+00 1.370869e+00 2.189769e-08)
0.15787       	(-1.431041e+00 1.371423e+00 2.194317e-08)
0.157895      	(-1.431623e+00 1.371977e+00 2.198475e-08)
0.157919      	(-1.432206e+00 1.372532e+00 2.202047e-08)
0.157943      	(-1.432788e+00 1.373086e+00 2.204948e-08)
0.157967      	(-1.433371e+00 1.373640e+00 2.207186e-08)
0.157991      	(-1.433953e+00 1.374193e+00 2.208834e-08)
0.158016      	(-1.434535e+00 1.374747e+00 2.210008e-08)
0.15804       	(-1.435117e+00 1.375301e+00 2.210835e-08)
0.158064      	(-1.435699e+00 1.375855e+00 2.211436e-08)
0.158088      	(-1.436283e+00 1.376412e+00 2.214945e-08)
0.158112      	(-1.436871e+00 1.376973e+00 2.218608e-08)
0.158136      	(-1.437461e+00 1.377536e+00 2.216691e-08)
0.15816       	(-1.438049e+00 1.378097e+00 2.210026e-08)
0.158184      	(-1.438635e+00 1.378656e+00 2.200619e-08)
0.158207      	(-1.439219e+00 1.379211e+00 2.190189e-08)
0.158231      	(-1.439799e+00 1.379764e+00 2.180527e-08)
0.158255      	(-1.440378e+00 1.380315e+00 2.173143e-08)
0.158279      	(-1.440955e+00 1.380865e+00 2.168988e-08)
0.158303      	(-1.441530e+00 1.381413e+00 2.168391e-08)
0.158327      	(-1.442105e+00 1.381960e+00 2.171126e-08)
0.158351      	(-1.442679e+00 1.382506e+00 2.176560e-08)
0.158375      	(-1.443252e+00 1.383053e+00 2.183835e-08)
0.158399      	(-1.443825e+00 1.383599e+00 2.192035e-08)
0.158423      	(-1.444398e+00 1.384144e+00 2.200324e-08)
0.158446      	(-1.444970e+00 1.384690e+00 2.208035e-08)
0.15847       	(-1.445543e+00 1.385236e+00 2.214716e-08)
0.158494      	(-1.446115e+00 1.385782e+00 2.220130e-08)
0.158518      	(-1.446687e+00 1.386327e+00 2.224233e-08)
0.158542      	(-1.447260e+00 1.386873e+00 2.227127e-08)
0.158566      	(-1.447832e+00 1.387418e+00 2.229008e-08)
0.15859       	(-1.448404e+00 1.387964e+00 2.230118e-08)
0.158614      	(-1.448976e+00 1.388509e+00 2.230702e-08)
0.158638      	(-1.449547e+00 1.389054e+00 2.230976e-08)
0.158662      	(-1.450119e+00 1.389600e+00 2.231113e-08)
0.158685      	(-1.450690e+00 1.390145e+00 2.231231e-08)
0.158709      	(-1.451261e+00 1.390690e+00 2.231402e-08)
0.158733      	(-1.451832e+00 1.391234e+00 2.231656e-08)
0.158757      	(-1.452403e+00 1.391779e+00 2.231993e-08)
0.158781      	(-1.452974e+00 1.392324e+00 2.232399e-08)
0.158804      	(-1.453548e+00 1.392874e+00 2.235520e-08)
0.158828      	(-1.454130e+00 1.393431e+00 2.238834e-08)
0.158851      	(-1.454713e+00 1.393990e+00 2.239633e-08)
0.158875      	(-1.455295e+00 1.394547e+00 2.233028e-08)
0.158898      	(-1.455873e+00 1.395100e+00 2.220927e-08)
0.158922      	(-1.456447e+00 1.395648e+00 2.206017e-08)
0.158945      	(-1.457017e+00 1.396193e+00 2.191035e-08)
0.158969      	(-1.457584e+00 1.396734e+00 2.178361e-08)
0.158992      	(-1.458148e+00 1.397272e+00 2.169770e-08)
0.159015      	(-1.458710e+00 1.397809e+00 2.166174e-08)
0.159039      	(-1.459270e+00 1.398344e+00 2.167631e-08)
0.159062      	(-1.459830e+00 1.398878e+00 2.173499e-08)
0.159086      	(-1.460389e+00 1.399412e+00 2.182674e-08)
0.159109      	(-1.460947e+00 1.399945e+00 2.193849e-08)
0.159133      	(-1.461505e+00 1.400478e+00 2.205736e-08)
0.159156      	(-1.462063e+00 1.401011e+00 2.217232e-08)
0.15918       	(-1.462621e+00 1.401544e+00 2.227518e-08)
0.159203      	(-1.463178e+00 1.402078e+00 2.236093e-08)
0.159226      	(-1.463736e+00 1.402611e+00 2.242756e-08)
0.15925       	(-1.464294e+00 1.403144e+00 2.247551e-08)
0.159273      	(-1.464851e+00 1.403677e+00 2.250703e-08)
0.159297      	(-1.465409e+00 1.404209e+00 2.252534e-08)
0.15932       	(-1.465966e+00 1.404742e+00 2.253403e-08)
0.159344      	(-1.466523e+00 1.405275e+00 2.253649e-08)
0.159367      	(-1.467080e+00 1.405807e+00 2.253558e-08)
0.159391      	(-1.467637e+00 1.406340e+00 2.253347e-08)
0.159414      	(-1.468193e+00 1.406872e+00 2.253156e-08)
0.159437      	(-1.468749e+00 1.407404e+00 2.253062e-08)
0.159461      	(-1.469305e+00 1.407936e+00 2.253090e-08)
0.159484      	(-1.469861e+00 1.408468e+00 2.244728e-08)
0.159508      	(-1.470417e+00 1.408999e+00 2.232150e-08)
0.159531      	(-1.470973e+00 1.409531e+00 2.220737e-08)
0.159555      	(-1.471528e+00 1.410063e+00 2.214228e-08)
0.159578      	(-1.472083e+00 1.410594e+00 2.213946e-08)
0.159601      	(-1.472638e+00 1.411126e+00 2.219053e-08)
0.159625      	(-1.473193e+00 1.411657e+00 2.227360e-08)
0.159648      	(-1.473748e+00 1.412188e+00 2.236296e-08)
0.159672      	(-1.474303e+00 1.412719e+00 2.243701e-08)
0.159695      	(-1.474857e+00 1.413250e+00 2.248285e-08)
0.159719      	(-1.475412e+00 1.413781e+00 2.249719e-08)
0.159742      	(-1.475966e+00 1.414312e+00 2.248460e-08)
0.159766      	(-1.476520e+00 1.414843e+00 2.245439e-08)
0.159789      	(-1.477074e+00 1.415374e+00 2.241709e-08)
0.159812      	(-1.477627e+00 1.415904e+00 2.238175e-08)
0.159836      	(-1.478181e+00 1.416435e+00 2.235438e-08)
0.159859      	(-1.478734e+00 1.416965e+00 2.233746e-08)
0.159883      	(-1.479288e+00 1.417496e+00 2.233050e-08)
0.159906      	(-1.479841e+00 1.418026e+00 2.233108e-08)
0.15993       	(-1.480394e+00 1.418556e+00 2.233598e-08)
0.159953      	(-1.480947e+00 1.419086e+00 2.234224e-08)
0.159977      	(-1.481500e+00 1.419616e+00 2.234772e-08)
0.16          	(-1.482052e+00 1.420146e+00 2.235135e-08)
0.160023      	(-1.482605e+00 1.420677e+00 2.235797e-08)
0.160047      	(-1.483160e+00 1.421209e+00 2.236441e-08)
0.16007       	(-1.483714e+00 1.421741e+00 2.236905e-08)
0.160093      	(-1.484268e+00 1.422273e+00 2.237148e-08)
0.160117      	(-1.484822e+00 1.422804e+00 2.237203e-08)
0.16014       	(-1.485375e+00 1.423335e+00 2.237508e-08)
0.160163      	(-1.485928e+00 1.423866e+00 2.237862e-08)
0.160187      	(-1.486481e+00 1.424396e+00 2.238141e-08)
0.16021       	(-1.487033e+00 1.424926e+00 2.238286e-08)
0.160233      	(-1.487584e+00 1.425455e+00 2.238316e-08)
0.160257      	(-1.488134e+00 1.425983e+00 2.238271e-08)
0.16028       	(-1.488685e+00 1.426511e+00 2.238578e-08)
0.160303      	(-1.489235e+00 1.427039e+00 2.239015e-08)
0.160326      	(-1.489785e+00 1.427567e+00 2.239427e-08)
0.16035       	(-1.490335e+00 1.428095e+00 2.239763e-08)
0.160373      	(-1.490883e+00 1.428621e+00 2.240021e-08)
0.160396      	(-1.491432e+00 1.429147e+00 2.240233e-08)
0.160419      	(-1.491980e+00 1.429673e+00 2.240816e-08)
0.160443      	(-1.492528e+00 1.430200e+00 2.241524e-08)
0.160466      	(-1.493076e+00 1.430726e+00 2.242185e-08)
0.160489      	(-1.493624e+00 1.431252e+00 2.242735e-08)
0.160512      	(-1.494171e+00 1.431777e+00 2.243160e-08)
0.160535      	(-1.494717e+00 1.432301e+00 2.243489e-08)
0.160559      	(-1.495262e+00 1.432824e+00 2.243768e-08)
0.160582      	(-1.495808e+00 1.433348e+00 2.244429e-08)
0.160605      	(-1.496353e+00 1.433872e+00 2.245220e-08)
0.160628      	(-1.496899e+00 1.434396e+00 2.245967e-08)
0.160651      	(-1.497444e+00 1.434920e+00 2.246601e-08)
0.160674      	(-1.497989e+00 1.435442e+00 2.247108e-08)
0.160697      	(-1.498533e+00 1.435964e+00 2.247514e-08)
0.160721      	(-1.499077e+00 1.436487e+00 2.248252e-08)
0.160744      	(-1.499621e+00 1.437009e+00 2.249075e-08)
0.160767      	(-1.500165e+00 1.437532e+00 2.249818e-08)
0.16079       	(-1.500708e+00 1.438053e+00 2.250425e-08)
0.160813      	(-1.501251e+00 1.438574e+00 2.250892e-08)
0.160836      	(-1.501793e+00 1.439095e+00 2.251260e-08)
0.160859      	(-1.502334e+00 1.439614e+00 2.251580e-08)
0.160882      	(-1.502875e+00 1.440134e+00 2.252300e-08)
0.160905      	(-1.503417e+00 1.440654e+00 2.253161e-08)
0.160928      	(-1.503958e+00 1.441174e+00 2.253983e-08)
0.160951      	(-1.504499e+00 1.441694e+00 2.254688e-08)
0.160974      	(-1.505039e+00 1.442213e+00 2.255264e-08)
0.160997      	(-1.505579e+00 1.442731e+00 2.255736e-08)
0.16102       	(-1.506118e+00 1.443248e+00 2.256148e-08)
0.161043      	(-1.506657e+00 1.443766e+00 2.256948e-08)
0.161066      	(-1.507196e+00 1.444284e+00 2.257876e-08)
0.161089      	(-1.507735e+00 1.444802e+00 2.258751e-08)
0.161112      	(-1.508274e+00 1.445320e+00 2.259499e-08)
0.161135      	(-1.508812e+00 1.445837e+00 2.260108e-08)
0.161158      	(-1.509349e+00 1.446353e+00 2.260612e-08)
0.161181      	(-1.509886e+00 1.446869e+00 2.261457e-08)
0.161204      	(-1.510424e+00 1.447386e+00 2.262385e-08)
0.161227      	(-1.510961e+00 1.447902e+00 2.263221e-08)
0.16125       	(-1.511498e+00 1.448418e+00 2.263904e-08)
0.161273      	(-1.512034e+00 1.448933e+00 2.264432e-08)
0.161295      	(-1.512569e+00 1.449447e+00 2.264846e-08)
0.161318      	(-1.513104e+00 1.449961e+00 2.265198e-08)
0.161341      	(-1.513637e+00 1.450473e+00 2.265546e-08)
0.161364      	(-1.514171e+00 1.450987e+00 2.266355e-08)
0.161387      	(-1.514706e+00 1.451501e+00 2.267340e-08)
0.16141       	(-1.515240e+00 1.452014e+00 2.268297e-08)
0.161433      	(-1.515774e+00 1.452528e+00 2.269134e-08)
0.161455      	(-1.516308e+00 1.453041e+00 2.269828e-08)
0.161478      	(-1.516840e+00 1.453552e+00 2.270400e-08)
0.161501      	(-1.517372e+00 1.454064e+00 2.270897e-08)
0.161524      	(-1.517904e+00 1.454575e+00 2.271790e-08)
0.161547      	(-1.518436e+00 1.455087e+00 2.272803e-08)
0.16157       	(-1.518969e+00 1.455599e+00 2.273749e-08)
0.161592      	(-1.519501e+00 1.456111e+00 2.274537e-08)
0.161615      	(-1.520032e+00 1.456622e+00 2.275166e-08)
0.161638      	(-1.520562e+00 1.457131e+00 2.275672e-08)
0.161661      	(-1.521091e+00 1.457641e+00 2.276108e-08)
0.161683      	(-1.521621e+00 1.458150e+00 2.276957e-08)
0.161706      	(-1.522151e+00 1.458660e+00 2.277939e-08)
0.161729      	(-1.522681e+00 1.459170e+00 2.278863e-08)
0.161752      	(-1.523210e+00 1.459679e+00 2.279632e-08)
0.161774      	(-1.523739e+00 1.460188e+00 2.280243e-08)
0.161797      	(-1.524267e+00 1.460696e+00 2.280731e-08)
0.16182       	(-1.524794e+00 1.461203e+00 2.281153e-08)
0.161842      	(-1.525320e+00 1.461709e+00 2.281564e-08)
0.161865      	(-1.525847e+00 1.462216e+00 2.282448e-08)
0.161888      	(-1.526374e+00 1.462724e+00 2.283502e-08)
0.16191       	(-1.526901e+00 1.463231e+00 2.284513e-08)
0.161933      	(-1.527428e+00 1.463738e+00 2.285366e-08)
0.161956      	(-1.527954e+00 1.464245e+00 2.286049e-08)
0.161978      	(-1.528479e+00 1.464750e+00 2.286590e-08)
0.162001      	(-1.529003e+00 1.465255e+00 2.287044e-08)
0.162024      	(-1.529527e+00 1.465759e+00 2.287469e-08)
0.162046      	(-1.530051e+00 1.466264e+00 2.288359e-08)
0.162069      	(-1.530576e+00 1.466769e+00 2.289408e-08)
0.162092      	(-1.531101e+00 1.467275e+00 2.290405e-08)
0.162114      	(-1.531625e+00 1.467779e+00 2.291235e-08)
0.162137      	(-1.532148e+00 1.468284e+00 2.291888e-08)
0.162159      	(-1.532671e+00 1.468787e+00 2.292399e-08)
0.162182      	(-1.533192e+00 1.469289e+00 2.292824e-08)
0.162204      	(-1.533713e+00 1.469791e+00 2.293223e-08)
0.162227      	(-1.534235e+00 1.470294e+00 2.294102e-08)
0.16225       	(-1.534757e+00 1.470797e+00 2.295146e-08)
0.162272      	(-1.535279e+00 1.471300e+00 2.296138e-08)
0.162295      	(-1.535800e+00 1.471802e+00 2.296964e-08)
0.162317      	(-1.536321e+00 1.472304e+00 2.297604e-08)
0.16234       	(-1.536841e+00 1.472805e+00 2.298089e-08)
0.162362      	(-1.537360e+00 1.473305e+00 2.298484e-08)
0.162385      	(-1.537879e+00 1.473805e+00 2.298861e-08)
0.162407      	(-1.538397e+00 1.474305e+00 2.299743e-08)
0.16243       	(-1.538917e+00 1.474806e+00 2.300811e-08)
0.162452      	(-1.539436e+00 1.475307e+00 2.301838e-08)
0.162475      	(-1.539955e+00 1.475807e+00 2.302702e-08)
0.162497      	(-1.540473e+00 1.476307e+00 2.303376e-08)
0.16252       	(-1.540990e+00 1.476805e+00 2.303888e-08)
0.162542      	(-1.541507e+00 1.477303e+00 2.304303e-08)
0.162564      	(-1.542022e+00 1.477800e+00 2.304694e-08)
0.162587      	(-1.542537e+00 1.478297e+00 2.305120e-08)
0.162609      	(-1.543053e+00 1.478794e+00 2.306090e-08)
0.162632      	(-1.543570e+00 1.479293e+00 2.307253e-08)
0.162654      	(-1.544086e+00 1.479791e+00 2.308356e-08)
0.162676      	(-1.544602e+00 1.480289e+00 2.309258e-08)
0.162699      	(-1.545117e+00 1.480786e+00 2.309937e-08)
0.162721      	(-1.545631e+00 1.481282e+00 2.310422e-08)
0.162744      	(-1.546145e+00 1.481777e+00 2.310780e-08)
0.162766      	(-1.546658e+00 1.482272e+00 2.311083e-08)
0.162788      	(-1.547171e+00 1.482767e+00 2.311883e-08)
0.162811      	(-1.547685e+00 1.483263e+00 2.312855e-08)
0.162833      	(-1.548199e+00 1.483760e+00 2.313775e-08)
0.162855      	(-1.548712e+00 1.484255e+00 2.314523e-08)
0.162878      	(-1.549225e+00 1.484750e+00 2.315090e-08)
0.1629        	(-1.549736e+00 1.485244e+00 2.315512e-08)
0.162922      	(-1.550247e+00 1.485736e+00 2.315852e-08)
0.162945      	(-1.550757e+00 1.486229e+00 2.316176e-08)
0.162967      	(-1.551267e+00 1.486720e+00 2.316538e-08)
0.162989      	(-1.551777e+00 1.487213e+00 2.317474e-08)
0.163012      	(-1.552288e+00 1.487706e+00 2.318617e-08)
0.163034      	(-1.552799e+00 1.488200e+00 2.319706e-08)
0.163056      	(-1.553309e+00 1.488693e+00 2.320598e-08)
0.163078      	(-1.553819e+00 1.489185e+00 2.321267e-08)
0.163101      	(-1.554327e+00 1.489676e+00 2.321745e-08)
0.163123      	(-1.554835e+00 1.490166e+00 2.322097e-08)
0.163145      	(-1.555342e+00 1.490656e+00 2.322397e-08)
0.163167      	(-1.555849e+00 1.491145e+00 2.322708e-08)
0.16319       	(-1.556355e+00 1.491633e+00 2.323077e-08)
0.163212      	(-1.556862e+00 1.492123e+00 2.324048e-08)
0.163234      	(-1.557370e+00 1.492614e+00 2.325234e-08)
0.163256      	(-1.557877e+00 1.493104e+00 2.326364e-08)
0.163278      	(-1.558385e+00 1.493594e+00 2.327287e-08)
0.1633        	(-1.558891e+00 1.494084e+00 2.327978e-08)
0.163323      	(-1.559397e+00 1.494572e+00 2.328472e-08)
0.163345      	(-1.559901e+00 1.495060e+00 2.328836e-08)
0.163367      	(-1.560405e+00 1.495547e+00 2.329148e-08)
0.163389      	(-1.560909e+00 1.496033e+00 2.329474e-08)
0.163411      	(-1.561413e+00 1.496520e+00 2.330389e-08)
0.163433      	(-1.561918e+00 1.497008e+00 2.331518e-08)
0.163456      	(-1.562423e+00 1.497496e+00 2.332594e-08)
0.163478      	(-1.562927e+00 1.497984e+00 2.333473e-08)
0.1635        	(-1.563431e+00 1.498471e+00 2.334131e-08)
0.163522      	(-1.563933e+00 1.498956e+00 2.334604e-08)
0.163544      	(-1.564435e+00 1.499441e+00 2.334962e-08)
0.163566      	(-1.564936e+00 1.499926e+00 2.335280e-08)
0.163588      	(-1.565437e+00 1.500409e+00 2.335623e-08)
0.16361       	(-1.565936e+00 1.500892e+00 2.336037e-08)
0.163632      	(-1.566436e+00 1.501375e+00 2.336542e-08)
0.163654      	(-1.566936e+00 1.501859e+00 2.337698e-08)
0.163677      	(-1.567438e+00 1.502344e+00 2.339073e-08)
0.163699      	(-1.567939e+00 1.502829e+00 2.340371e-08)
0.163721      	(-1.568440e+00 1.503314e+00 2.341429e-08)
0.163743      	(-1.568940e+00 1.503797e+00 2.342219e-08)
0.163765      	(-1.569440e+00 1.504280e+00 2.342780e-08)
0.163787      	(-1.569938e+00 1.504762e+00 2.343188e-08)
0.163809      	(-1.570436e+00 1.505243e+00 2.343527e-08)
0.163831      	(-1.570933e+00 1.505724e+00 2.343870e-08)
0.163853      	(-1.571429e+00 1.506204e+00 2.344273e-08)
0.163875      	(-1.571926e+00 1.506685e+00 2.345454e-08)
0.163897      	(-1.572425e+00 1.507167e+00 2.346727e-08)
0.163919      	(-1.572923e+00 1.507650e+00 2.347939e-08)
0.163941      	(-1.573421e+00 1.508132e+00 2.348931e-08)
0.163963      	(-1.573918e+00 1.508613e+00 2.349674e-08)
0.163984      	(-1.574414e+00 1.509093e+00 2.350209e-08)
0.164006      	(-1.574909e+00 1.509572e+00 2.350609e-08)
0.164028      	(-1.575403e+00 1.510050e+00 2.350960e-08)
0.16405       	(-1.575897e+00 1.510527e+00 2.351334e-08)
0.164072      	(-1.576390e+00 1.511004e+00 2.351779e-08)
0.164094      	(-1.576883e+00 1.511481e+00 2.352324e-08)
0.164116      	(-1.577377e+00 1.511959e+00 2.353684e-08)
0.164138      	(-1.577871e+00 1.512438e+00 2.355136e-08)
0.16416       	(-1.578367e+00 1.512918e+00 2.356503e-08)
0.164182      	(-1.578861e+00 1.513397e+00 2.357618e-08)
0.164204      	(-1.579355e+00 1.513875e+00 2.358435e-08)
0.164226      	(-1.579847e+00 1.514351e+00 2.359006e-08)
0.164247      	(-1.580339e+00 1.514827e+00 2.359417e-08)
0.164269      	(-1.580830e+00 1.515303e+00 2.359762e-08)
0.164291      	(-1.581320e+00 1.515777e+00 2.360122e-08)
0.164313      	(-1.581809e+00 1.516251e+00 2.360555e-08)
0.164335      	(-1.582299e+00 1.516725e+00 2.361095e-08)
0.164357      	(-1.582787e+00 1.517198e+00 2.361750e-08)
0.164379      	(-1.583277e+00 1.517672e+00 2.363244e-08)
0.1644        	(-1.583768e+00 1.518148e+00 2.364828e-08)
0.164422      	(-1.584260e+00 1.518625e+00 2.366304e-08)
0.164444      	(-1.584751e+00 1.519100e+00 2.367498e-08)
0.164466      	(-1.585241e+00 1.519575e+00 2.368363e-08)
0.164487      	(-1.585730e+00 1.520049e+00 2.368957e-08)
0.164509      	(-1.586218e+00 1.520521e+00 2.369372e-08)
0.164531      	(-1.586705e+00 1.520993e+00 2.369712e-08)
0.164553      	(-1.587191e+00 1.521464e+00 2.370066e-08)
0.164575      	(-1.587677e+00 1.521935e+00 2.370498e-08)
0.164596      	(-1.588162e+00 1.522405e+00 2.371043e-08)
0.164618      	(-1.588647e+00 1.522875e+00 2.371712e-08)
0.16464       	(-1.589133e+00 1.523346e+00 2.373254e-08)
0.164662      	(-1.589621e+00 1.523819e+00 2.374900e-08)
0.164683      	(-1.590109e+00 1.524292e+00 2.376437e-08)
0.164705      	(-1.590596e+00 1.524764e+00 2.377680e-08)
0.164727      	(-1.591082e+00 1.525236e+00 2.378580e-08)
0.164748      	(-1.591567e+00 1.525706e+00 2.379197e-08)
0.16477       	(-1.592052e+00 1.526176e+00 2.379627e-08)
0.164792      	(-1.592535e+00 1.526644e+00 2.379978e-08)
0.164814      	(-1.593017e+00 1.527112e+00 2.380343e-08)
0.164835      	(-1.593499e+00 1.527579e+00 2.380789e-08)
0.164857      	(-1.593981e+00 1.528046e+00 2.381353e-08)
0.164879      	(-1.594462e+00 1.528512e+00 2.382046e-08)
0.1649        	(-1.594943e+00 1.528978e+00 2.382858e-08)
0.164922      	(-1.595425e+00 1.529446e+00 2.384410e-08)
0.164944      	(-1.595909e+00 1.529915e+00 2.386106e-08)
0.164965      	(-1.596392e+00 1.530385e+00 2.387700e-08)
0.164987      	(-1.596876e+00 1.530854e+00 2.388984e-08)
0.165008      	(-1.597358e+00 1.531322e+00 2.389906e-08)
0.16503       	(-1.597839e+00 1.531789e+00 2.390531e-08)
0.165052      	(-1.598320e+00 1.532254e+00 2.390962e-08)
0.165073      	(-1.598799e+00 1.532719e+00 2.391314e-08)
0.165095      	(-1.599277e+00 1.533183e+00 2.391687e-08)
0.165116      	(-1.599755e+00 1.533647e+00 2.392150e-08)
0.165138      	(-1.600233e+00 1.534110e+00 2.392740e-08)
0.16516       	(-1.600710e+00 1.534573e+00 2.393466e-08)
0.165181      	(-1.601186e+00 1.535035e+00 2.394318e-08)
0.165203      	(-1.601663e+00 1.535497e+00 2.395269e-08)
0.165224      	(-1.602140e+00 1.535961e+00 2.396973e-08)
0.165246      	(-1.602620e+00 1.536427e+00 2.398799e-08)
0.165267      	(-1.603100e+00 1.536893e+00 2.400485e-08)
0.165289      	(-1.603579e+00 1.537358e+00 2.401818e-08)
0.16531       	(-1.604057e+00 1.537823e+00 2.402754e-08)
0.165332      	(-1.604534e+00 1.538286e+00 2.403364e-08)
0.165353      	(-1.605010e+00 1.538748e+00 2.403765e-08)
0.165375      	(-1.605485e+00 1.539209e+00 2.404083e-08)
0.165396      	(-1.605959e+00 1.539669e+00 2.404425e-08)
0.165418      	(-1.606433e+00 1.540128e+00 2.404864e-08)
0.165439      	(-1.606906e+00 1.540587e+00 2.405441e-08)
0.165461      	(-1.607378e+00 1.541046e+00 2.406165e-08)
0.165482      	(-1.607850e+00 1.541505e+00 2.407022e-08)
0.165504      	(-1.608322e+00 1.541963e+00 2.407985e-08)
0.165525      	(-1.608796e+00 1.542423e+00 2.409749e-08)
0.165547      	(-1.609271e+00 1.542885e+00 2.411647e-08)
0.165568      	(-1.609747e+00 1.543347e+00 2.413392e-08)
0.16559       	(-1.610222e+00 1.543809e+00 2.414761e-08)
0.165611      	(-1.610696e+00 1.544270e+00 2.415707e-08)
0.165632      	(-1.611169e+00 1.544729e+00 2.416306e-08)
0.165654      	(-1.611640e+00 1.545187e+00 2.416682e-08)
0.165675      	(-1.612111e+00 1.545644e+00 2.416969e-08)
0.165697      	(-1.612580e+00 1.546100e+00 2.417279e-08)
0.165718      	(-1.613049e+00 1.546556e+00 2.417693e-08)
0.16574       	(-1.613518e+00 1.547011e+00 2.418251e-08)
0.165761      	(-1.613986e+00 1.547465e+00 2.418964e-08)
0.165782      	(-1.614453e+00 1.547920e+00 2.419818e-08)
0.165804      	(-1.614921e+00 1.548374e+00 2.420783e-08)
0.165825      	(-1.615388e+00 1.548828e+00 2.421826e-08)
0.165847      	(-1.615855e+00 1.549282e+00 2.422912e-08)
0.165868      	(-1.616324e+00 1.549738e+00 2.424797e-08)
0.165889      	(-1.616794e+00 1.550196e+00 2.426894e-08)
0.16591       	(-1.617266e+00 1.550654e+00 2.428650e-08)
0.165932      	(-1.617736e+00 1.551112e+00 2.429980e-08)
0.165953      	(-1.618206e+00 1.551568e+00 2.430848e-08)
0.165974      	(-1.618674e+00 1.552023e+00 2.431345e-08)
0.165996      	(-1.619140e+00 1.552477e+00 2.431611e-08)
0.166017      	(-1.619606e+00 1.552930e+00 2.431792e-08)
0.166038      	(-1.620071e+00 1.553381e+00 2.432010e-08)
0.16606       	(-1.620534e+00 1.553832e+00 2.432349e-08)
0.166081      	(-1.620998e+00 1.554283e+00 2.432853e-08)
0.166102      	(-1.621461e+00 1.554733e+00 2.433529e-08)
0.166123      	(-1.621923e+00 1.555183e+00 2.434361e-08)
0.166145      	(-1.622386e+00 1.555632e+00 2.435317e-08)
0.166166      	(-1.622848e+00 1.556082e+00 2.436357e-08)
0.166187      	(-1.623309e+00 1.556531e+00 2.437445e-08)
0.166209      	(-1.623771e+00 1.556980e+00 2.438552e-08)
0.16623       	(-1.624233e+00 1.557429e+00 2.439652e-08)
0.166251      	(-1.624696e+00 1.557881e+00 2.441586e-08)
0.166272      	(-1.625162e+00 1.558334e+00 2.443577e-08)
0.166293      	(-1.625628e+00 1.558788e+00 2.445254e-08)
0.166315      	(-1.626094e+00 1.559242e+00 2.446508e-08)
0.166336      	(-1.626558e+00 1.559694e+00 2.447295e-08)
0.166357      	(-1.627021e+00 1.560144e+00 2.447694e-08)
0.166378      	(-1.627482e+00 1.560593e+00 2.447861e-08)
0.166399      	(-1.627943e+00 1.561041e+00 2.447951e-08)
0.166421      	(-1.628402e+00 1.561488e+00 2.448094e-08)
0.166442      	(-1.628860e+00 1.561934e+00 2.448378e-08)
0.166463      	(-1.629318e+00 1.562379e+00 2.448846e-08)
0.166484      	(-1.629775e+00 1.562824e+00 2.449505e-08)
0.166505      	(-1.630232e+00 1.563269e+00 2.450333e-08)
0.166526      	(-1.630689e+00 1.563714e+00 2.451294e-08)
0.166548      	(-1.631145e+00 1.564158e+00 2.452346e-08)
0.166569      	(-1.631601e+00 1.564602e+00 2.453447e-08)
0.16659       	(-1.632057e+00 1.565046e+00 2.454565e-08)
0.166611      	(-1.632513e+00 1.565490e+00 2.455674e-08)
0.166632      	(-1.632969e+00 1.565934e+00 2.456757e-08)
0.166653      	(-1.633427e+00 1.566381e+00 2.460237e-08)
0.166674      	(-1.633887e+00 1.566830e+00 2.461820e-08)
0.166696      	(-1.634348e+00 1.567279e+00 2.461054e-08)
0.166717      	(-1.634809e+00 1.567728e+00 2.458748e-08)
0.166738      	(-1.635268e+00 1.568175e+00 2.455458e-08)
0.166759      	(-1.635725e+00 1.568621e+00 2.451922e-08)
0.16678       	(-1.636181e+00 1.569065e+00 2.448887e-08)
0.166801      	(-1.636635e+00 1.569507e+00 2.446916e-08)
0.166822      	(-1.637088e+00 1.569949e+00 2.446320e-08)
0.166843      	(-1.637541e+00 1.570390e+00 2.447155e-08)
0.166864      	(-1.637992e+00 1.570830e+00 2.449263e-08)
0.166885      	(-1.638443e+00 1.571269e+00 2.452346e-08)
0.166906      	(-1.638894e+00 1.571709e+00 2.456038e-08)
0.166927      	(-1.639345e+00 1.572148e+00 2.459975e-08)
0.166948      	(-1.639795e+00 1.572587e+00 2.463839e-08)
0.166969      	(-1.640245e+00 1.573025e+00 2.467392e-08)
0.16699       	(-1.640695e+00 1.573464e+00 2.470486e-08)
0.167011      	(-1.641145e+00 1.573902e+00 2.473055e-08)
0.167032      	(-1.641594e+00 1.574341e+00 2.475109e-08)
0.167053      	(-1.642044e+00 1.574779e+00 2.476703e-08)
0.167074      	(-1.642493e+00 1.575217e+00 2.477928e-08)
0.167095      	(-1.642942e+00 1.575655e+00 2.478882e-08)
0.167116      	(-1.643394e+00 1.576096e+00 2.482029e-08)
0.167137      	(-1.643849e+00 1.576540e+00 2.483349e-08)
0.167158      	(-1.644304e+00 1.576985e+00 2.482485e-08)
0.167179      	(-1.644759e+00 1.577429e+00 2.479973e-08)
0.1672        	(-1.645211e+00 1.577871e+00 2.476487e-08)
0.167221      	(-1.645662e+00 1.578311e+00 2.472759e-08)
0.167242      	(-1.646112e+00 1.578749e+00 2.469531e-08)
0.167263      	(-1.646559e+00 1.579186e+00 2.467366e-08)
0.167283      	(-1.647006e+00 1.579621e+00 2.466579e-08)
0.167304      	(-1.647451e+00 1.580056e+00 2.467228e-08)
0.167325      	(-1.647896e+00 1.580489e+00 2.469160e-08)
0.167346      	(-1.648340e+00 1.580923e+00 2.472079e-08)
0.167367      	(-1.648784e+00 1.581356e+00 2.475623e-08)
0.167388      	(-1.649227e+00 1.581789e+00 2.479429e-08)
0.167409      	(-1.649670e+00 1.582221e+00 2.483179e-08)
0.16743       	(-1.650113e+00 1.582654e+00 2.486634e-08)
0.167451      	(-1.650556e+00 1.583086e+00 2.489641e-08)
0.167472      	(-1.650999e+00 1.583518e+00 2.492134e-08)
0.167492      	(-1.651441e+00 1.583950e+00 2.494117e-08)
0.167513      	(-1.651884e+00 1.584382e+00 2.495645e-08)
0.167534      	(-1.652326e+00 1.584814e+00 2.496805e-08)
0.167555      	(-1.652768e+00 1.585245e+00 2.497692e-08)
0.167576      	(-1.653210e+00 1.585677e+00 2.498401e-08)
0.167597      	(-1.653651e+00 1.586108e+00 2.499011e-08)
0.167618      	(-1.654093e+00 1.586539e+00 2.499581e-08)
0.167639      	(-1.654534e+00 1.586970e+00 2.500151e-08)
0.167659      	(-1.654979e+00 1.587405e+00 2.502999e-08)
0.16768       	(-1.655427e+00 1.587844e+00 2.505971e-08)
0.167701      	(-1.655876e+00 1.588283e+00 2.504751e-08)
0.167722      	(-1.656324e+00 1.588722e+00 2.499953e-08)
0.167742      	(-1.656770e+00 1.589158e+00 2.493070e-08)
0.167763      	(-1.657214e+00 1.589592e+00 2.485398e-08)
0.167784      	(-1.657656e+00 1.590024e+00 2.478306e-08)
0.167804      	(-1.658096e+00 1.590453e+00 2.472954e-08)
0.167825      	(-1.658534e+00 1.590882e+00 2.470075e-08)
0.167846      	(-1.658972e+00 1.591309e+00 2.469922e-08)
0.167867      	(-1.659408e+00 1.591736e+00 2.472249e-08)
0.167887      	(-1.659844e+00 1.592161e+00 2.476610e-08)
0.167908      	(-1.660279e+00 1.592587e+00 2.482386e-08)
0.167929      	(-1.660714e+00 1.593012e+00 2.488900e-08)
0.167949      	(-1.661149e+00 1.593437e+00 2.495519e-08)
0.16797       	(-1.661583e+00 1.593862e+00 2.501730e-08)
0.167991      	(-1.662018e+00 1.594287e+00 2.507171e-08)
0.168012      	(-1.662452e+00 1.594711e+00 2.511645e-08)
0.168032      	(-1.662886e+00 1.595136e+00 2.515103e-08)
0.168053      	(-1.663320e+00 1.595560e+00 2.517611e-08)
0.168074      	(-1.663753e+00 1.595985e+00 2.519316e-08)
0.168094      	(-1.664187e+00 1.596409e+00 2.520403e-08)
0.168115      	(-1.664620e+00 1.596833e+00 2.521064e-08)
0.168136      	(-1.665053e+00 1.597256e+00 2.521472e-08)
0.168157      	(-1.665486e+00 1.597680e+00 2.521767e-08)
0.168177      	(-1.665919e+00 1.598103e+00 2.522047e-08)
0.168198      	(-1.666351e+00 1.598527e+00 2.522371e-08)
0.168219      	(-1.666784e+00 1.598950e+00 2.522764e-08)
0.168239      	(-1.667216e+00 1.599373e+00 2.523229e-08)
0.16826       	(-1.667647e+00 1.599795e+00 2.523752e-08)
0.168281      	(-1.668079e+00 1.600218e+00 2.524315e-08)
0.168302      	(-1.668510e+00 1.600640e+00 2.524899e-08)
0.168322      	(-1.668942e+00 1.601062e+00 2.525489e-08)
0.168343      	(-1.669378e+00 1.601491e+00 2.528120e-08)
0.168363      	(-1.669820e+00 1.601924e+00 2.530829e-08)
0.168384      	(-1.670263e+00 1.602359e+00 2.529705e-08)
0.168404      	(-1.670704e+00 1.602792e+00 2.525072e-08)
0.168425      	(-1.671143e+00 1.603222e+00 2.518198e-08)
0.168445      	(-1.671579e+00 1.603649e+00 2.510459e-08)
0.168465      	(-1.672012e+00 1.604073e+00 2.503226e-08)
0.168486      	(-1.672442e+00 1.604494e+00 2.497679e-08)
0.168506      	(-1.672870e+00 1.604914e+00 2.494594e-08)
0.168527      	(-1.673297e+00 1.605332e+00 2.494255e-08)
0.168547      	(-1.673723e+00 1.605749e+00 2.496504e-08)
0.168568      	(-1.674147e+00 1.606165e+00 2.500863e-08)
0.168588      	(-1.674572e+00 1.606580e+00 2.506670e-08)
0.168609      	(-1.674995e+00 1.606996e+00 2.513213e-08)
0.168629      	(-1.675419e+00 1.607411e+00 2.519839e-08)
0.16865       	(-1.675842e+00 1.607826e+00 2.526026e-08)
0.16867       	(-1.676265e+00 1.608240e+00 2.531420e-08)
0.168691      	(-1.676688e+00 1.608655e+00 2.535835e-08)
0.168711      	(-1.677111e+00 1.609070e+00 2.539233e-08)
0.168731      	(-1.677534e+00 1.609484e+00 2.541688e-08)
0.168752      	(-1.677956e+00 1.609898e+00 2.543350e-08)
0.168772      	(-1.678379e+00 1.610313e+00 2.544404e-08)
0.168793      	(-1.678801e+00 1.610727e+00 2.545036e-08)
0.168813      	(-1.679223e+00 1.611140e+00 2.545413e-08)
0.168834      	(-1.679644e+00 1.611554e+00 2.545666e-08)
0.168854      	(-1.680066e+00 1.611967e+00 2.545891e-08)
0.168875      	(-1.680487e+00 1.612381e+00 2.546145e-08)
0.168895      	(-1.680908e+00 1.612794e+00 2.546453e-08)
0.168916      	(-1.681329e+00 1.613207e+00 2.546823e-08)
0.168936      	(-1.681750e+00 1.613619e+00 2.547244e-08)
0.168957      	(-1.682170e+00 1.614032e+00 2.547703e-08)
0.168977      	(-1.682590e+00 1.614444e+00 2.548186e-08)
0.168997      	(-1.683010e+00 1.614857e+00 2.548681e-08)
0.169018      	(-1.683430e+00 1.615269e+00 2.549181e-08)
0.169038      	(-1.683849e+00 1.615681e+00 2.549686e-08)
0.169059      	(-1.684269e+00 1.616092e+00 2.550195e-08)
0.169079      	(-1.684688e+00 1.616504e+00 2.550713e-08)
0.1691        	(-1.685107e+00 1.616915e+00 2.551243e-08)
0.16912       	(-1.685526e+00 1.617327e+00 2.551790e-08)
0.169141      	(-1.685944e+00 1.617738e+00 2.552355e-08)
0.169161      	(-1.686363e+00 1.618149e+00 2.552939e-08)
0.169182      	(-1.686781e+00 1.618560e+00 2.553542e-08)
0.169202      	(-1.687199e+00 1.618971e+00 2.554161e-08)
0.169223      	(-1.687617e+00 1.619381e+00 2.554794e-08)
0.169243      	(-1.688034e+00 1.619792e+00 2.555439e-08)
0.169263      	(-1.688452e+00 1.620202e+00 2.556091e-08)
0.169284      	(-1.688869e+00 1.620612e+00 2.556750e-08)
0.169304      	(-1.689286e+00 1.621022e+00 2.557412e-08)
0.169324      	(-1.689716e+00 1.621447e+00 2.561196e-08)
0.169344      	(-1.690159e+00 1.621884e+00 2.561268e-08)
0.169364      	(-1.690605e+00 1.622325e+00 2.562365e-08)
0.169384      	(-1.691048e+00 1.622762e+00 2.560283e-08)
0.169404      	(-1.691485e+00 1.623192e+00 2.551447e-08)
0.169424      	(-1.691915e+00 1.623616e+00 2.538157e-08)
0.169443      	(-1.692338e+00 1.624032e+00 2.523248e-08)
0.169463      	(-1.692756e+00 1.624442e+00 2.509272e-08)
0.169483      	(-1.693169e+00 1.624847e+00 2.498305e-08)
0.169503      	(-1.693578e+00 1.625249e+00 2.491887e-08)
0.169523      	(-1.693985e+00 1.625649e+00 2.490585e-08)
0.169543      	(-1.694391e+00 1.626048e+00 2.494151e-08)
0.169563      	(-1.694795e+00 1.626445e+00 2.501725e-08)
0.169583      	(-1.695199e+00 1.626842e+00 2.512085e-08)
0.169602      	(-1.695602e+00 1.627238e+00 2.523898e-08)
0.169622      	(-1.696004e+00 1.627635e+00 2.535938e-08)
0.169642      	(-1.696407e+00 1.628031e+00 2.547206e-08)
0.169662      	(-1.696810e+00 1.628427e+00 2.557012e-08)
0.169682      	(-1.697212e+00 1.628823e+00 2.564981e-08)
0.169702      	(-1.697615e+00 1.629219e+00 2.571018e-08)
0.169722      	(-1.698017e+00 1.629615e+00 2.575246e-08)
0.169742      	(-1.698420e+00 1.630011e+00 2.577931e-08)
0.169761      	(-1.698822e+00 1.630407e+00 2.579413e-08)
0.169781      	(-1.699223e+00 1.630802e+00 2.580040e-08)
0.169801      	(-1.699625e+00 1.631197e+00 2.580130e-08)
0.169821      	(-1.700026e+00 1.631592e+00 2.579938e-08)
0.169841      	(-1.700427e+00 1.631987e+00 2.579653e-08)
0.169861      	(-1.700827e+00 1.632381e+00 2.579392e-08)
0.169881      	(-1.701228e+00 1.632776e+00 2.579220e-08)
0.169901      	(-1.701628e+00 1.633170e+00 2.579154e-08)
0.16992       	(-1.702028e+00 1.633564e+00 2.579189e-08)
0.16994       	(-1.702427e+00 1.633957e+00 2.579303e-08)
0.16996       	(-1.702827e+00 1.634351e+00 2.579473e-08)
0.16998       	(-1.703226e+00 1.634744e+00 2.579681e-08)
0.17          	(-1.703625e+00 1.635138e+00 2.579914e-08)
0.17002       	(-1.704014e+00 1.635521e+00 2.579855e-08)
0.17004       	(-1.704396e+00 1.635896e+00 2.583502e-08)
0.170061      	(-1.704775e+00 1.636269e+00 2.585331e-08)
0.170081      	(-1.705156e+00 1.636644e+00 2.580727e-08)
0.170101      	(-1.705540e+00 1.637023e+00 2.572128e-08)
0.170121      	(-1.705928e+00 1.637407e+00 2.562069e-08)
0.170142      	(-1.706321e+00 1.637794e+00 2.552559e-08)
0.170162      	(-1.706717e+00 1.638187e+00 2.545453e-08)
0.170182      	(-1.707117e+00 1.638582e+00 2.541412e-08)
0.170202      	(-1.707519e+00 1.638980e+00 2.540637e-08)
0.170223      	(-1.707922e+00 1.639379e+00 2.542906e-08)
0.170243      	(-1.708326e+00 1.639779e+00 2.547678e-08)
0.170263      	(-1.708729e+00 1.640178e+00 2.554217e-08)
0.170283      	(-1.709132e+00 1.640576e+00 2.561724e-08)
0.170303      	(-1.709535e+00 1.640975e+00 2.569448e-08)
0.170323      	(-1.709938e+00 1.641374e+00 2.577033e-08)
0.170344      	(-1.710342e+00 1.641773e+00 2.583891e-08)
0.170364      	(-1.710745e+00 1.642172e+00 2.589479e-08)
0.170384      	(-1.711148e+00 1.642571e+00 2.593727e-08)
0.170404      	(-1.711550e+00 1.642969e+00 2.596676e-08)
0.170424      	(-1.711951e+00 1.643367e+00 2.598511e-08)
0.170444      	(-1.712352e+00 1.643763e+00 2.599500e-08)
0.170465      	(-1.712752e+00 1.644159e+00 2.599925e-08)
0.170485      	(-1.713151e+00 1.644555e+00 2.600056e-08)
0.170505      	(-1.713551e+00 1.644951e+00 2.600459e-08)
0.170525      	(-1.713952e+00 1.645348e+00 2.601007e-08)
0.170545      	(-1.714353e+00 1.645745e+00 2.601598e-08)
0.170565      	(-1.714753e+00 1.646142e+00 2.602169e-08)
0.170585      	(-1.715153e+00 1.646538e+00 2.602693e-08)
0.170605      	(-1.715552e+00 1.646934e+00 2.603179e-08)
0.170626      	(-1.715951e+00 1.647328e+00 2.603641e-08)
0.170646      	(-1.716349e+00 1.647723e+00 2.604098e-08)
0.170666      	(-1.716746e+00 1.648116e+00 2.604562e-08)
0.170686      	(-1.717144e+00 1.648511e+00 2.605413e-08)
0.170706      	(-1.717543e+00 1.648906e+00 2.606373e-08)
0.170726      	(-1.717942e+00 1.649301e+00 2.607251e-08)
0.170746      	(-1.718340e+00 1.649695e+00 2.607951e-08)
0.170766      	(-1.718738e+00 1.650089e+00 2.608452e-08)
0.170786      	(-1.719135e+00 1.650482e+00 2.608799e-08)
0.170806      	(-1.719531e+00 1.650874e+00 2.609052e-08)
0.170826      	(-1.719926e+00 1.651266e+00 2.609275e-08)
0.170846      	(-1.720322e+00 1.651657e+00 2.609523e-08)
0.170866      	(-1.720717e+00 1.652049e+00 2.610209e-08)
0.170887      	(-1.721114e+00 1.652441e+00 2.611065e-08)
0.170907      	(-1.721510e+00 1.652834e+00 2.611896e-08)
0.170927      	(-1.721906e+00 1.653226e+00 2.612593e-08)
0.170947      	(-1.722302e+00 1.653617e+00 2.613135e-08)
0.170967      	(-1.722696e+00 1.654008e+00 2.613545e-08)
0.170987      	(-1.723090e+00 1.654398e+00 2.613871e-08)
0.171007      	(-1.723483e+00 1.654787e+00 2.614167e-08)
0.171027      	(-1.723876e+00 1.655176e+00 2.614479e-08)
0.171047      	(-1.724268e+00 1.655564e+00 2.614840e-08)
0.171067      	(-1.724662e+00 1.655953e+00 2.615654e-08)
0.171087      	(-1.725055e+00 1.656343e+00 2.616631e-08)
0.171107      	(-1.725449e+00 1.656733e+00 2.617561e-08)
0.171127      	(-1.725843e+00 1.657122e+00 2.618331e-08)
0.171147      	(-1.726235e+00 1.657511e+00 2.618919e-08)
0.171167      	(-1.726627e+00 1.657899e+00 2.619351e-08)
0.171187      	(-1.727019e+00 1.658286e+00 2.619682e-08)
0.171207      	(-1.727409e+00 1.658673e+00 2.619972e-08)
0.171227      	(-1.727800e+00 1.659059e+00 2.620274e-08)
0.171247      	(-1.728190e+00 1.659446e+00 2.621018e-08)
0.171266      	(-1.728582e+00 1.659833e+00 2.621925e-08)
0.171286      	(-1.728974e+00 1.660221e+00 2.622796e-08)
0.171306      	(-1.729365e+00 1.660608e+00 2.623519e-08)
0.171326      	(-1.729755e+00 1.660994e+00 2.624077e-08)
0.171346      	(-1.730144e+00 1.661380e+00 2.624494e-08)
0.171366      	(-1.730533e+00 1.661764e+00 2.624822e-08)
0.171386      	(-1.730921e+00 1.662149e+00 2.625119e-08)
0.171406      	(-1.731309e+00 1.662532e+00 2.625434e-08)
0.171426      	(-1.731696e+00 1.662916e+00 2.625801e-08)
0.171446      	(-1.732084e+00 1.663300e+00 2.626642e-08)
0.171466      	(-1.732473e+00 1.663685e+00 2.627653e-08)
0.171486      	(-1.732862e+00 1.664070e+00 2.628618e-08)
0.171506      	(-1.733250e+00 1.664454e+00 2.629416e-08)
0.171525      	(-1.733638e+00 1.664838e+00 2.630026e-08)
0.171545      	(-1.734024e+00 1.665221e+00 2.630474e-08)
0.171565      	(-1.734411e+00 1.665603e+00 2.630816e-08)
0.171585      	(-1.734796e+00 1.665985e+00 2.631115e-08)
0.171605      	(-1.735181e+00 1.666366e+00 2.631424e-08)
0.171625      	(-1.735565e+00 1.666747e+00 2.631783e-08)
0.171645      	(-1.735951e+00 1.667128e+00 2.632625e-08)
0.171665      	(-1.736337e+00 1.667511e+00 2.633640e-08)
0.171684      	(-1.736723e+00 1.667893e+00 2.634610e-08)
0.171704      	(-1.737108e+00 1.668275e+00 2.635411e-08)
0.171724      	(-1.737493e+00 1.668656e+00 2.636021e-08)
0.171744      	(-1.737877e+00 1.669037e+00 2.636467e-08)
0.171764      	(-1.738260e+00 1.669417e+00 2.636807e-08)
0.171784      	(-1.738643e+00 1.669796e+00 2.637103e-08)
0.171804      	(-1.739025e+00 1.670174e+00 2.637411e-08)
0.171823      	(-1.739407e+00 1.670552e+00 2.637770e-08)
0.171843      	(-1.739788e+00 1.670930e+00 2.638201e-08)
0.171863      	(-1.740170e+00 1.671309e+00 2.639131e-08)
0.171883      	(-1.740553e+00 1.671689e+00 2.640233e-08)
0.171903      	(-1.740936e+00 1.672068e+00 2.641274e-08)
0.171922      	(-1.741318e+00 1.672448e+00 2.642124e-08)
0.171942      	(-1.741700e+00 1.672826e+00 2.642762e-08)
0.171962      	(-1.742081e+00 1.673204e+00 2.643218e-08)
0.171982      	(-1.742462e+00 1.673581e+00 2.643553e-08)
0.172002      	(-1.742841e+00 1.673957e+00 2.643837e-08)
0.172021      	(-1.743220e+00 1.674333e+00 2.644129e-08)
0.172041      	(-1.743599e+00 1.674708e+00 2.644472e-08)
0.172061      	(-1.743977e+00 1.675083e+00 2.644889e-08)
0.172081      	(-1.744356e+00 1.675460e+00 2.645819e-08)
0.172101      	(-1.744736e+00 1.675837e+00 2.646928e-08)
0.17212       	(-1.745116e+00 1.676214e+00 2.647976e-08)
0.17214       	(-1.745495e+00 1.676590e+00 2.648831e-08)
0.17216       	(-1.745874e+00 1.676966e+00 2.649469e-08)
0.17218       	(-1.746252e+00 1.677341e+00 2.649921e-08)
0.172199      	(-1.746629e+00 1.677715e+00 2.650250e-08)
0.172219      	(-1.747006e+00 1.678089e+00 2.650526e-08)
0.172239      	(-1.747382e+00 1.678462e+00 2.650811e-08)
0.172259      	(-1.747757e+00 1.678835e+00 2.651148e-08)
0.172278      	(-1.748132e+00 1.679207e+00 2.651561e-08)
0.172298      	(-1.748508e+00 1.679580e+00 2.652595e-08)
0.172318      	(-1.748885e+00 1.679955e+00 2.653700e-08)
0.172337      	(-1.749262e+00 1.680329e+00 2.654743e-08)
0.172357      	(-1.749639e+00 1.680703e+00 2.655590e-08)
0.172377      	(-1.750014e+00 1.681076e+00 2.656216e-08)
0.172396      	(-1.750389e+00 1.681448e+00 2.656653e-08)
0.172416      	(-1.750763e+00 1.681820e+00 2.656967e-08)
0.172436      	(-1.751137e+00 1.682191e+00 2.657228e-08)
0.172456      	(-1.751510e+00 1.682561e+00 2.657500e-08)
0.172475      	(-1.751882e+00 1.682931e+00 2.657826e-08)
0.172495      	(-1.752254e+00 1.683300e+00 2.658231e-08)
0.172515      	(-1.752627e+00 1.683671e+00 2.659269e-08)
0.172534      	(-1.753001e+00 1.684043e+00 2.660385e-08)
0.172554      	(-1.753375e+00 1.684414e+00 2.661435e-08)
0.172574      	(-1.753748e+00 1.684786e+00 2.662284e-08)
0.172593      	(-1.754121e+00 1.685156e+00 2.662906e-08)
0.172613      	(-1.754492e+00 1.685525e+00 2.663332e-08)
0.172632      	(-1.754863e+00 1.685894e+00 2.663631e-08)
0.172652      	(-1.755234e+00 1.686262e+00 2.663875e-08)
0.172672      	(-1.755603e+00 1.686630e+00 2.664129e-08)
0.172691      	(-1.755973e+00 1.686997e+00 2.664439e-08)
0.172711      	(-1.756341e+00 1.687363e+00 2.664829e-08)
0.172731      	(-1.756710e+00 1.687730e+00 2.665306e-08)
0.17275       	(-1.757079e+00 1.688097e+00 2.666423e-08)
0.17277       	(-1.757450e+00 1.688466e+00 2.667607e-08)
0.172789      	(-1.757820e+00 1.688835e+00 2.668705e-08)
0.172809      	(-1.758191e+00 1.689203e+00 2.669581e-08)
0.172829      	(-1.758560e+00 1.689571e+00 2.670199e-08)
0.172848      	(-1.758928e+00 1.689937e+00 2.670605e-08)
0.172868      	(-1.759296e+00 1.690303e+00 2.670871e-08)
0.172887      	(-1.759663e+00 1.690668e+00 2.671078e-08)
0.172907      	(-1.760029e+00 1.691033e+00 2.671296e-08)
0.172927      	(-1.760395e+00 1.691396e+00 2.671572e-08)
0.172946      	(-1.760760e+00 1.691760e+00 2.671935e-08)
0.172966      	(-1.761125e+00 1.692123e+00 2.672389e-08)
0.172985      	(-1.761490e+00 1.692486e+00 2.672927e-08)
0.173005      	(-1.761856e+00 1.692851e+00 2.674107e-08)
0.173025      	(-1.762223e+00 1.693216e+00 2.675340e-08)
0.173044      	(-1.762590e+00 1.693582e+00 2.676466e-08)
0.173064      	(-1.762957e+00 1.693947e+00 2.677347e-08)
0.173083      	(-1.763323e+00 1.694312e+00 2.677950e-08)
0.173103      	(-1.763688e+00 1.694675e+00 2.678327e-08)
0.173122      	(-1.764052e+00 1.695038e+00 2.678557e-08)
0.173142      	(-1.764415e+00 1.695400e+00 2.678725e-08)
0.173161      	(-1.764778e+00 1.695761e+00 2.678906e-08)
0.173181      	(-1.765140e+00 1.696122e+00 2.679151e-08)
0.1732        	(-1.765502e+00 1.696482e+00 2.679487e-08)
0.17322       	(-1.765863e+00 1.696842e+00 2.679921e-08)
0.173239      	(-1.766224e+00 1.697202e+00 2.680443e-08)
0.173259      	(-1.766586e+00 1.697563e+00 2.681509e-08)
0.173278      	(-1.766950e+00 1.697926e+00 2.682682e-08)
0.173298      	(-1.767313e+00 1.698288e+00 2.683779e-08)
0.173317      	(-1.767676e+00 1.698650e+00 2.684643e-08)
0.173337      	(-1.768039e+00 1.699012e+00 2.685235e-08)
0.173356      	(-1.768400e+00 1.699372e+00 2.685603e-08)
0.173376      	(-1.768761e+00 1.699731e+00 2.685826e-08)
0.173395      	(-1.769120e+00 1.700090e+00 2.685991e-08)
0.173415      	(-1.769479e+00 1.700448e+00 2.686171e-08)
0.173434      	(-1.769838e+00 1.700806e+00 2.686418e-08)
0.173454      	(-1.770196e+00 1.701163e+00 2.686759e-08)
0.173473      	(-1.770554e+00 1.701520e+00 2.687198e-08)
0.173493      	(-1.770911e+00 1.701876e+00 2.687726e-08)
0.173512      	(-1.771268e+00 1.702232e+00 2.688323e-08)
0.173532      	(-1.771627e+00 1.702590e+00 2.689461e-08)
0.173551      	(-1.771986e+00 1.702949e+00 2.690687e-08)
0.17357       	(-1.772346e+00 1.703309e+00 2.691809e-08)
0.17359       	(-1.772706e+00 1.703667e+00 2.692672e-08)
0.173609      	(-1.773064e+00 1.704025e+00 2.693243e-08)
0.173629      	(-1.773422e+00 1.704382e+00 2.693574e-08)
0.173648      	(-1.773778e+00 1.704738e+00 2.693752e-08)
0.173668      	(-1.774134e+00 1.705094e+00 2.693869e-08)
0.173687      	(-1.774490e+00 1.705448e+00 2.694003e-08)
0.173706      	(-1.774844e+00 1.705802e+00 2.694209e-08)
0.173726      	(-1.775198e+00 1.706156e+00 2.694514e-08)
0.173745      	(-1.775552e+00 1.706509e+00 2.694924e-08)
0.173765      	(-1.775906e+00 1.706862e+00 2.695426e-08)
0.173784      	(-1.776259e+00 1.707215e+00 2.696001e-08)
0.173804      	(-1.776613e+00 1.707569e+00 2.697143e-08)
0.173823      	(-1.776969e+00 1.707925e+00 2.698378e-08)
0.173842      	(-1.777326e+00 1.708281e+00 2.699506e-08)
0.173862      	(-1.777681e+00 1.708636e+00 2.700364e-08)
0.173881      	(-1.778036e+00 1.708991e+00 2.700919e-08)
0.1739        	(-1.778390e+00 1.709345e+00 2.701224e-08)
0.17392       	(-1.778743e+00 1.709697e+00 2.701369e-08)
0.173939      	(-1.779095e+00 1.710049e+00 2.701451e-08)
0.173958      	(-1.779446e+00 1.710400e+00 2.701551e-08)
0.173978      	(-1.779797e+00 1.710751e+00 2.701724e-08)
0.173997      	(-1.780147e+00 1.711101e+00 2.702000e-08)
0.174017      	(-1.780497e+00 1.711450e+00 2.702384e-08)
0.174036      	(-1.780846e+00 1.711800e+00 2.702865e-08)
0.174055      	(-1.781195e+00 1.712149e+00 2.703420e-08)
0.174075      	(-1.781544e+00 1.712498e+00 2.704025e-08)
0.174094      	(-1.781893e+00 1.712847e+00 2.704657e-08)
0.174113      	(-1.782244e+00 1.713198e+00 2.705839e-08)
0.174133      	(-1.782595e+00 1.713550e+00 2.707087e-08)
0.174152      	(-1.782947e+00 1.713902e+00 2.708199e-08)
0.174171      	(-1.783299e+00 1.714254e+00 2.709017e-08)
0.17419       	(-1.783649e+00 1.714605e+00 2.709512e-08)
0.17421       	(-1.783999e+00 1.714954e+00 2.709748e-08)
0.174229      	(-1.784348e+00 1.715303e+00 2.709820e-08)
0.174248      	(-1.784695e+00 1.715651e+00 2.709832e-08)
0.174268      	(-1.785042e+00 1.715998e+00 2.709867e-08)
0.174287      	(-1.785388e+00 1.716345e+00 2.709984e-08)
0.174306      	(-1.785734e+00 1.716691e+00 2.710213e-08)
0.174326      	(-1.786080e+00 1.717037e+00 2.710558e-08)
0.174345      	(-1.786425e+00 1.717382e+00 2.711006e-08)
0.174364      	(-1.786770e+00 1.717727e+00 2.711536e-08)
0.174383      	(-1.787114e+00 1.718072e+00 2.712120e-08)
0.174403      	(-1.787459e+00 1.718417e+00 2.712734e-08)
0.174422      	(-1.787805e+00 1.718764e+00 2.713930e-08)
0.174441      	(-1.788152e+00 1.719113e+00 2.715288e-08)
0.17446       	(-1.788500e+00 1.719461e+00 2.716399e-08)
0.17448       	(-1.788847e+00 1.719809e+00 2.717200e-08)
0.174499      	(-1.789194e+00 1.720156e+00 2.717665e-08)
0.174518      	(-1.789539e+00 1.720502e+00 2.717858e-08)
0.174537      	(-1.789883e+00 1.720847e+00 2.717881e-08)
0.174557      	(-1.790226e+00 1.721191e+00 2.717841e-08)
0.174576      	(-1.790569e+00 1.721534e+00 2.717827e-08)
0.174595      	(-1.790911e+00 1.721877e+00 2.717900e-08)
0.174614      	(-1.791252e+00 1.722219e+00 2.718090e-08)
0.174634      	(-1.791593e+00 1.722561e+00 2.718402e-08)
0.174653      	(-1.791934e+00 1.722902e+00 2.718823e-08)
0.174672      	(-1.792274e+00 1.723243e+00 2.719328e-08)
0.174691      	(-1.792614e+00 1.723584e+00 2.719890e-08)
0.174711      	(-1.792954e+00 1.723925e+00 2.720483e-08)
0.17473       	(-1.793294e+00 1.724266e+00 2.721085e-08)
0.174749      	(-1.793636e+00 1.724609e+00 2.722287e-08)
0.174768      	(-1.793979e+00 1.724953e+00 2.723648e-08)
0.174787      	(-1.794322e+00 1.725298e+00 2.724748e-08)
0.174806      	(-1.794665e+00 1.725642e+00 2.725520e-08)
0.174826      	(-1.795007e+00 1.725985e+00 2.725942e-08)
0.174845      	(-1.795348e+00 1.726327e+00 2.726074e-08)
0.174864      	(-1.795687e+00 1.726667e+00 2.726028e-08)
0.174883      	(-1.796026e+00 1.727007e+00 2.725919e-08)
0.174902      	(-1.796364e+00 1.727346e+00 2.725839e-08)
0.174921      	(-1.796701e+00 1.727685e+00 2.725853e-08)
0.174941      	(-1.797038e+00 1.728022e+00 2.725994e-08)
0.17496       	(-1.797374e+00 1.728360e+00 2.726265e-08)
0.174979      	(-1.797710e+00 1.728697e+00 2.726653e-08)
0.174998      	(-1.798046e+00 1.729034e+00 2.727131e-08)
0.175017      	(-1.798381e+00 1.729371e+00 2.727671e-08)
0.175036      	(-1.798716e+00 1.729707e+00 2.728244e-08)
0.175056      	(-1.799051e+00 1.730044e+00 2.728828e-08)
0.175075      	(-1.799386e+00 1.730380e+00 2.729405e-08)
0.175094      	(-1.799721e+00 1.730716e+00 2.729966e-08)
0.175113      	(-1.800057e+00 1.731055e+00 2.731152e-08)
0.175132      	(-1.800396e+00 1.731395e+00 2.732385e-08)
0.175151      	(-1.800734e+00 1.731735e+00 2.733393e-08)
0.17517       	(-1.801072e+00 1.732075e+00 2.734090e-08)
0.175189      	(-1.801409e+00 1.732413e+00 2.734439e-08)
0.175208      	(-1.801745e+00 1.732751e+00 2.734499e-08)
0.175228      	(-1.802080e+00 1.733087e+00 2.734384e-08)
0.175247      	(-1.802413e+00 1.733422e+00 2.734211e-08)
0.175266      	(-1.802746e+00 1.733756e+00 2.734076e-08)
0.175285      	(-1.803078e+00 1.734090e+00 2.734047e-08)
0.175304      	(-1.803409e+00 1.734423e+00 2.734155e-08)
0.175323      	(-1.803740e+00 1.734756e+00 2.734561e-08)
0.175342      	(-1.804071e+00 1.735089e+00 2.735171e-08)
0.175361      	(-1.804402e+00 1.735421e+00 2.735888e-08)
0.17538       	(-1.804732e+00 1.735753e+00 2.736634e-08)
0.175399      	(-1.805062e+00 1.736085e+00 2.737358e-08)
0.175418      	(-1.805391e+00 1.736416e+00 2.738032e-08)
0.175438      	(-1.805721e+00 1.736748e+00 2.738652e-08)
0.175457      	(-1.806050e+00 1.737079e+00 2.739224e-08)
0.175476      	(-1.806380e+00 1.737410e+00 2.739760e-08)
0.175495      	(-1.806708e+00 1.737741e+00 2.740270e-08)
0.175514      	(-1.807040e+00 1.738075e+00 2.742356e-08)
0.175533      	(-1.807373e+00 1.738410e+00 2.743020e-08)
0.175552      	(-1.807706e+00 1.738746e+00 2.742130e-08)
0.175571      	(-1.808039e+00 1.739081e+00 2.740232e-08)
0.17559       	(-1.808371e+00 1.739415e+00 2.737681e-08)
0.175609      	(-1.808701e+00 1.739747e+00 2.734968e-08)
0.175628      	(-1.809030e+00 1.740079e+00 2.732606e-08)
0.175647      	(-1.809358e+00 1.740409e+00 2.730990e-08)
0.175666      	(-1.809685e+00 1.740738e+00 2.730344e-08)
0.175685      	(-1.810012e+00 1.741066e+00 2.730718e-08)
0.175704      	(-1.810337e+00 1.741394e+00 2.732008e-08)
0.175723      	(-1.810663e+00 1.741722e+00 2.734010e-08)
0.175742      	(-1.810988e+00 1.742049e+00 2.736465e-08)
0.175761      	(-1.811312e+00 1.742376e+00 2.739112e-08)
0.17578       	(-1.811637e+00 1.742703e+00 2.741717e-08)
0.175799      	(-1.811961e+00 1.743030e+00 2.744104e-08)
0.175818      	(-1.812285e+00 1.743356e+00 2.746157e-08)
0.175837      	(-1.812609e+00 1.743683e+00 2.747825e-08)
0.175856      	(-1.812932e+00 1.744009e+00 2.749107e-08)
0.175875      	(-1.813256e+00 1.744335e+00 2.750045e-08)
0.175894      	(-1.813579e+00 1.744661e+00 2.750703e-08)
0.175913      	(-1.813902e+00 1.744986e+00 2.751154e-08)
0.175932      	(-1.814228e+00 1.745315e+00 2.753019e-08)
0.175951      	(-1.814555e+00 1.745645e+00 2.753485e-08)
0.17597       	(-1.814883e+00 1.745976e+00 2.752506e-08)
0.175989      	(-1.815211e+00 1.746306e+00 2.750449e-08)
0.176008      	(-1.815537e+00 1.746635e+00 2.747762e-08)
0.176027      	(-1.815862e+00 1.746962e+00 2.744936e-08)
0.176045      	(-1.816185e+00 1.747288e+00 2.742477e-08)
0.176064      	(-1.816507e+00 1.747613e+00 2.740772e-08)
0.176083      	(-1.816828e+00 1.747937e+00 2.740040e-08)
0.176102      	(-1.817149e+00 1.748260e+00 2.740324e-08)
0.176121      	(-1.817468e+00 1.748583e+00 2.741519e-08)
0.17614       	(-1.817788e+00 1.748905e+00 2.743418e-08)
0.176159      	(-1.818107e+00 1.749226e+00 2.745767e-08)
0.176178      	(-1.818425e+00 1.749548e+00 2.748305e-08)
0.176197      	(-1.818744e+00 1.749869e+00 2.750806e-08)
0.176216      	(-1.819062e+00 1.750190e+00 2.753094e-08)
0.176235      	(-1.819380e+00 1.750511e+00 2.755058e-08)
0.176254      	(-1.819698e+00 1.750832e+00 2.756646e-08)
0.176272      	(-1.820015e+00 1.751153e+00 2.757859e-08)
0.176291      	(-1.820332e+00 1.751473e+00 2.758738e-08)
0.17631       	(-1.820650e+00 1.751793e+00 2.759344e-08)
0.176329      	(-1.820967e+00 1.752114e+00 2.759748e-08)
0.176348      	(-1.821283e+00 1.752433e+00 2.760022e-08)
0.176367      	(-1.821600e+00 1.752753e+00 2.760223e-08)
0.176386      	(-1.821916e+00 1.753073e+00 2.760397e-08)
0.176405      	(-1.822232e+00 1.753392e+00 2.760573e-08)
0.176424      	(-1.822551e+00 1.753714e+00 2.762372e-08)
0.176443      	(-1.822873e+00 1.754039e+00 2.763060e-08)
0.176461      	(-1.823195e+00 1.754365e+00 2.762159e-08)
0.17648       	(-1.823516e+00 1.754689e+00 2.760150e-08)
0.176499      	(-1.823835e+00 1.755012e+00 2.757460e-08)
0.176518      	(-1.824154e+00 1.755334e+00 2.754584e-08)
0.176537      	(-1.824470e+00 1.755654e+00 2.752036e-08)
0.176556      	(-1.824786e+00 1.755972e+00 2.750230e-08)
0.176574      	(-1.825100e+00 1.756290e+00 2.749399e-08)
0.176593      	(-1.825413e+00 1.756607e+00 2.749598e-08)
0.176612      	(-1.825726e+00 1.756923e+00 2.750723e-08)
0.176631      	(-1.826039e+00 1.757239e+00 2.752568e-08)
0.17665       	(-1.826350e+00 1.757554e+00 2.754874e-08)
0.176668      	(-1.826662e+00 1.757869e+00 2.757378e-08)
0.176687      	(-1.826973e+00 1.758184e+00 2.759849e-08)
0.176706      	(-1.827284e+00 1.758498e+00 2.762111e-08)
0.176725      	(-1.827595e+00 1.758813e+00 2.764051e-08)
0.176744      	(-1.827906e+00 1.759127e+00 2.765619e-08)
0.176763      	(-1.828216e+00 1.759441e+00 2.766815e-08)
0.176781      	(-1.828527e+00 1.759755e+00 2.767678e-08)
0.1768        	(-1.828837e+00 1.760069e+00 2.768269e-08)
0.176819      	(-1.829147e+00 1.760383e+00 2.768659e-08)
0.176838      	(-1.829456e+00 1.760696e+00 2.768914e-08)
0.176857      	(-1.829766e+00 1.761009e+00 2.769094e-08)
0.176875      	(-1.830075e+00 1.761322e+00 2.769242e-08)
0.176894      	(-1.830384e+00 1.761635e+00 2.769388e-08)
0.176913      	(-1.830693e+00 1.761948e+00 2.769549e-08)
0.176932      	(-1.831001e+00 1.762260e+00 2.769730e-08)
0.176951      	(-1.831310e+00 1.762572e+00 2.769933e-08)
0.176969      	(-1.831622e+00 1.762889e+00 2.771664e-08)
0.176988      	(-1.831936e+00 1.763207e+00 2.773455e-08)
0.177007      	(-1.832252e+00 1.763527e+00 2.772326e-08)
0.177026      	(-1.832566e+00 1.763846e+00 2.768780e-08)
0.177044      	(-1.832879e+00 1.764163e+00 2.763679e-08)
0.177063      	(-1.833190e+00 1.764478e+00 2.758019e-08)
0.177082      	(-1.833500e+00 1.764791e+00 2.752770e-08)
0.1771        	(-1.833807e+00 1.765103e+00 2.748757e-08)
0.177119      	(-1.834114e+00 1.765413e+00 2.746501e-08)
0.177138      	(-1.834420e+00 1.765723e+00 2.746183e-08)
0.177157      	(-1.834725e+00 1.766032e+00 2.747680e-08)
0.177175      	(-1.835029e+00 1.766340e+00 2.750647e-08)
0.177194      	(-1.835333e+00 1.766648e+00 2.754615e-08)
0.177213      	(-1.835637e+00 1.766956e+00 2.759083e-08)
0.177231      	(-1.835940e+00 1.767264e+00 2.763595e-08)
0.17725       	(-1.836243e+00 1.767571e+00 2.767786e-08)
0.177269      	(-1.836546e+00 1.767878e+00 2.771407e-08)
0.177288      	(-1.836849e+00 1.768185e+00 2.774330e-08)
0.177306      	(-1.837151e+00 1.768492e+00 2.776528e-08)
0.177325      	(-1.837454e+00 1.768799e+00 2.778057e-08)
0.177344      	(-1.837756e+00 1.769105e+00 2.779024e-08)
0.177362      	(-1.838058e+00 1.769412e+00 2.779561e-08)
0.177381      	(-1.838360e+00 1.769718e+00 2.779802e-08)
0.1774        	(-1.838661e+00 1.770024e+00 2.779866e-08)
0.177418      	(-1.838962e+00 1.770329e+00 2.779849e-08)
0.177437      	(-1.839264e+00 1.770635e+00 2.779818e-08)
0.177456      	(-1.839564e+00 1.770940e+00 2.779814e-08)
0.177475      	(-1.839865e+00 1.771245e+00 2.779855e-08)
0.177493      	(-1.840165e+00 1.771550e+00 2.779943e-08)
0.177512      	(-1.840465e+00 1.771855e+00 2.780069e-08)
0.177531      	(-1.840765e+00 1.772159e+00 2.780223e-08)
0.177549      	(-1.841065e+00 1.772463e+00 2.780392e-08)
0.177568      	(-1.841364e+00 1.772767e+00 2.780566e-08)
0.177587      	(-1.841664e+00 1.773071e+00 2.780742e-08)
0.177606      	(-1.841963e+00 1.773375e+00 2.780917e-08)
0.177624      	(-1.842261e+00 1.773679e+00 2.781092e-08)
0.177643      	(-1.842565e+00 1.773987e+00 2.782640e-08)
0.177661      	(-1.842872e+00 1.774300e+00 2.784237e-08)
0.17768       	(-1.843180e+00 1.774613e+00 2.783142e-08)
0.177698      	(-1.843487e+00 1.774925e+00 2.779611e-08)
0.177717      	(-1.843792e+00 1.775235e+00 2.774608e-08)
0.177736      	(-1.844095e+00 1.775542e+00 2.769063e-08)
0.177754      	(-1.844396e+00 1.775848e+00 2.763908e-08)
0.177773      	(-1.844695e+00 1.776151e+00 2.759940e-08)
0.177791      	(-1.844992e+00 1.776453e+00 2.757681e-08)
0.17781       	(-1.845288e+00 1.776754e+00 2.757318e-08)
0.177828      	(-1.845584e+00 1.777054e+00 2.758741e-08)
0.177847      	(-1.845878e+00 1.777354e+00 2.761618e-08)
0.177866      	(-1.846172e+00 1.777653e+00 2.765491e-08)
0.177884      	(-1.846466e+00 1.777951e+00 2.769871e-08)
0.177903      	(-1.846760e+00 1.778250e+00 2.774305e-08)
0.177921      	(-1.847053e+00 1.778548e+00 2.778433e-08)
0.17794       	(-1.847346e+00 1.778846e+00 2.782006e-08)
0.177958      	(-1.847639e+00 1.779144e+00 2.784895e-08)
0.177977      	(-1.847931e+00 1.779442e+00 2.787070e-08)
0.177995      	(-1.848224e+00 1.779739e+00 2.788584e-08)
0.178014      	(-1.848516e+00 1.780037e+00 2.789539e-08)
0.178033      	(-1.848808e+00 1.780334e+00 2.790066e-08)
0.178051      	(-1.849100e+00 1.780631e+00 2.790294e-08)
0.17807       	(-1.849392e+00 1.780928e+00 2.790341e-08)
0.178088      	(-1.849683e+00 1.781224e+00 2.790302e-08)
0.178107      	(-1.849974e+00 1.781521e+00 2.790242e-08)
0.178125      	(-1.850265e+00 1.781817e+00 2.790202e-08)
0.178144      	(-1.850556e+00 1.782113e+00 2.790202e-08)
0.178162      	(-1.850846e+00 1.782408e+00 2.790244e-08)
0.178181      	(-1.851137e+00 1.782704e+00 2.790323e-08)
0.1782        	(-1.851427e+00 1.782999e+00 2.790427e-08)
0.178218      	(-1.851716e+00 1.783294e+00 2.790548e-08)
0.178237      	(-1.852006e+00 1.783589e+00 2.790677e-08)
0.178255      	(-1.852295e+00 1.783884e+00 2.790809e-08)
0.178274      	(-1.852584e+00 1.784179e+00 2.790944e-08)
0.178292      	(-1.852873e+00 1.784473e+00 2.791083e-08)
0.178311      	(-1.853162e+00 1.784767e+00 2.791228e-08)
0.17833       	(-1.853450e+00 1.785061e+00 2.791384e-08)
0.178348      	(-1.853739e+00 1.785355e+00 2.791551e-08)
0.178367      	(-1.854027e+00 1.785648e+00 2.791733e-08)
0.178385      	(-1.854314e+00 1.785942e+00 2.791930e-08)
0.178404      	(-1.854602e+00 1.786235e+00 2.792141e-08)
0.178422      	(-1.854889e+00 1.786528e+00 2.792364e-08)
0.178441      	(-1.855176e+00 1.786821e+00 2.792597e-08)
0.178459      	(-1.855463e+00 1.787114e+00 2.792839e-08)
0.178478      	(-1.855750e+00 1.787406e+00 2.793086e-08)
0.178497      	(-1.856036e+00 1.787698e+00 2.793338e-08)
0.178515      	(-1.856323e+00 1.787990e+00 2.793593e-08)
0.178533      	(-1.856617e+00 1.788291e+00 2.794996e-08)
0.178552      	(-1.856917e+00 1.788597e+00 2.796296e-08)
0.17857       	(-1.857218e+00 1.788905e+00 2.796370e-08)
0.178588      	(-1.857519e+00 1.789212e+00 2.794493e-08)
0.178607      	(-1.857816e+00 1.789515e+00 2.788399e-08)
0.178625      	(-1.858110e+00 1.789814e+00 2.779421e-08)
0.178643      	(-1.858400e+00 1.790110e+00 2.769397e-08)
0.178662      	(-1.858688e+00 1.790403e+00 2.760097e-08)
0.17868       	(-1.858973e+00 1.790694e+00 2.752942e-08)
0.178698      	(-1.859256e+00 1.790983e+00 2.748848e-08)
0.178717      	(-1.859539e+00 1.791271e+00 2.748157e-08)
0.178735      	(-1.859820e+00 1.791558e+00 2.750671e-08)
0.178753      	(-1.860101e+00 1.791845e+00 2.755797e-08)
0.178772      	(-1.860381e+00 1.792131e+00 2.762715e-08)
0.17879       	(-1.860661e+00 1.792416e+00 2.770541e-08)
0.178808      	(-1.860940e+00 1.792702e+00 2.778464e-08)
0.178827      	(-1.861220e+00 1.792987e+00 2.785829e-08)
0.178845      	(-1.861499e+00 1.793273e+00 2.792186e-08)
0.178863      	(-1.861778e+00 1.793558e+00 2.797294e-08)
0.178882      	(-1.862057e+00 1.793843e+00 2.801101e-08)
0.1789        	(-1.862336e+00 1.794128e+00 2.803694e-08)
0.178918      	(-1.862615e+00 1.794412e+00 2.805259e-08)
0.178937      	(-1.862893e+00 1.794697e+00 2.806026e-08)
0.178955      	(-1.863171e+00 1.794981e+00 2.806236e-08)
0.178973      	(-1.863449e+00 1.795265e+00 2.806101e-08)
0.178992      	(-1.863727e+00 1.795549e+00 2.805797e-08)
0.17901       	(-1.864004e+00 1.795832e+00 2.805448e-08)
0.179028      	(-1.864281e+00 1.796115e+00 2.805133e-08)
0.179047      	(-1.864558e+00 1.796398e+00 2.804890e-08)
0.179065      	(-1.864835e+00 1.796681e+00 2.804729e-08)
0.179083      	(-1.865111e+00 1.796964e+00 2.804641e-08)
0.179102      	(-1.865387e+00 1.797246e+00 2.804608e-08)
0.17912       	(-1.865663e+00 1.797528e+00 2.804611e-08)
0.179138      	(-1.865939e+00 1.797811e+00 2.804633e-08)
0.179157      	(-1.866214e+00 1.798092e+00 2.804664e-08)
0.179175      	(-1.866489e+00 1.798374e+00 2.804699e-08)
0.179193      	(-1.866764e+00 1.798656e+00 2.804739e-08)
0.179212      	(-1.867039e+00 1.798937e+00 2.804786e-08)
0.17923       	(-1.867314e+00 1.799218e+00 2.804845e-08)
0.179248      	(-1.867588e+00 1.799499e+00 2.804922e-08)
0.179267      	(-1.867862e+00 1.799780e+00 2.805019e-08)
0.179285      	(-1.868136e+00 1.800060e+00 2.805137e-08)
0.179303      	(-1.868409e+00 1.800341e+00 2.805278e-08)
0.179322      	(-1.868683e+00 1.800621e+00 2.805438e-08)
0.17934       	(-1.868956e+00 1.800901e+00 2.805616e-08)
0.179358      	(-1.869229e+00 1.801180e+00 2.805807e-08)
0.179377      	(-1.869502e+00 1.801460e+00 2.806009e-08)
0.179395      	(-1.869774e+00 1.801739e+00 2.806218e-08)
0.179413      	(-1.870047e+00 1.802019e+00 2.806432e-08)
0.179432      	(-1.870319e+00 1.802298e+00 2.806650e-08)
0.17945       	(-1.870590e+00 1.802577e+00 2.806870e-08)
0.179468      	(-1.870862e+00 1.802855e+00 2.807093e-08)
0.179487      	(-1.871133e+00 1.803134e+00 2.807317e-08)
0.179505      	(-1.871405e+00 1.803412e+00 2.807543e-08)
0.179523      	(-1.871676e+00 1.803690e+00 2.807772e-08)
0.179542      	(-1.871946e+00 1.803968e+00 2.808003e-08)
0.17956       	(-1.872217e+00 1.804246e+00 2.808237e-08)
0.179578      	(-1.872487e+00 1.804523e+00 2.808474e-08)
0.179597      	(-1.872757e+00 1.804800e+00 2.808713e-08)
0.179615      	(-1.873027e+00 1.805077e+00 2.808955e-08)
0.179633      	(-1.873297e+00 1.805354e+00 2.809200e-08)
0.179652      	(-1.873566e+00 1.805631e+00 2.809447e-08)
0.17967       	(-1.873836e+00 1.805908e+00 2.809696e-08)
0.179688      	(-1.874105e+00 1.806184e+00 2.809947e-08)
0.179707      	(-1.874373e+00 1.806460e+00 2.810201e-08)
0.179725      	(-1.874642e+00 1.806736e+00 2.810456e-08)
0.179743      	(-1.874910e+00 1.807011e+00 2.810713e-08)
0.179762      	(-1.875179e+00 1.807287e+00 2.810972e-08)
0.17978       	(-1.875447e+00 1.807562e+00 2.811232e-08)
0.179798      	(-1.875714e+00 1.807837e+00 2.811494e-08)
0.179817      	(-1.875982e+00 1.808112e+00 2.811758e-08)
0.179835      	(-1.876249e+00 1.808387e+00 2.812024e-08)
0.179853      	(-1.876516e+00 1.808661e+00 2.812291e-08)
0.179872      	(-1.876783e+00 1.808936e+00 2.812559e-08)
0.17989       	(-1.877050e+00 1.809210e+00 2.812829e-08)
0.179908      	(-1.877316e+00 1.809484e+00 2.813101e-08)
0.179927      	(-1.877583e+00 1.809757e+00 2.813375e-08)
0.179945      	(-1.877849e+00 1.810031e+00 2.813650e-08)
0.179963      	(-1.878115e+00 1.810304e+00 2.813927e-08)
0.179982      	(-1.878380e+00 1.810577e+00 2.814205e-08)
0.18          	(-1.878646e+00 1.810850e+00 2.814484e-08)
0.180018      	(-1.878911e+00 1.811123e+00 2.814937e-08)
0.180037      	(-1.879177e+00 1.811397e+00 2.815431e-08)
0.180055      	(-1.879443e+00 1.811670e+00 2.815881e-08)
0.180073      	(-1.879709e+00 1.811944e+00 2.816239e-08)
0.180092      	(-1.879974e+00 1.812216e+00 2.816507e-08)
0.18011       	(-1.880239e+00 1.812489e+00 2.816701e-08)
0.180128      	(-1.880505e+00 1.812762e+00 2.817156e-08)
0.180146      	(-1.880771e+00 1.813035e+00 2.817640e-08)
0.180165      	(-1.881037e+00 1.813309e+00 2.818075e-08)
0.180183      	(-1.881303e+00 1.813582e+00 2.818381e-08)
0.180201      	(-1.881568e+00 1.813854e+00 2.818548e-08)
0.18022       	(-1.881832e+00 1.814126e+00 2.818611e-08)
0.180238      	(-1.882095e+00 1.814397e+00 2.818618e-08)
0.180256      	(-1.882358e+00 1.814667e+00 2.818621e-08)
0.180274      	(-1.882620e+00 1.814937e+00 2.818660e-08)
0.180293      	(-1.882882e+00 1.815206e+00 2.818758e-08)
0.180311      	(-1.883143e+00 1.815475e+00 2.818928e-08)
0.180329      	(-1.883405e+00 1.815743e+00 2.819166e-08)
0.180348      	(-1.883665e+00 1.816012e+00 2.819461e-08)
0.180366      	(-1.883927e+00 1.816281e+00 2.820214e-08)
0.180384      	(-1.884190e+00 1.816551e+00 2.821001e-08)
0.180402      	(-1.884453e+00 1.816822e+00 2.821708e-08)
0.180421      	(-1.884715e+00 1.817091e+00 2.822236e-08)
0.180439      	(-1.884977e+00 1.817361e+00 2.822562e-08)
0.180457      	(-1.885238e+00 1.817629e+00 2.822722e-08)
0.180475      	(-1.885498e+00 1.817897e+00 2.822772e-08)
0.180494      	(-1.885758e+00 1.818164e+00 2.822772e-08)
0.180512      	(-1.886017e+00 1.818430e+00 2.822777e-08)
0.18053       	(-1.886275e+00 1.818696e+00 2.822822e-08)
0.180548      	(-1.886534e+00 1.818962e+00 2.822929e-08)
0.180567      	(-1.886792e+00 1.819228e+00 2.823102e-08)
0.180585      	(-1.887049e+00 1.819493e+00 2.823337e-08)
0.180603      	(-1.887308e+00 1.819759e+00 2.823954e-08)
0.180621      	(-1.887568e+00 1.820026e+00 2.824652e-08)
0.180639      	(-1.887827e+00 1.820293e+00 2.825304e-08)
0.180658      	(-1.888086e+00 1.820560e+00 2.825796e-08)
0.180676      	(-1.888345e+00 1.820826e+00 2.826100e-08)
0.180694      	(-1.888603e+00 1.821091e+00 2.826247e-08)
0.180712      	(-1.888860e+00 1.821356e+00 2.826293e-08)
0.18073       	(-1.889116e+00 1.821620e+00 2.826297e-08)
0.180749      	(-1.889372e+00 1.821883e+00 2.826311e-08)
0.180767      	(-1.889627e+00 1.822146e+00 2.826372e-08)
0.180785      	(-1.889883e+00 1.822409e+00 2.826499e-08)
0.180803      	(-1.890137e+00 1.822671e+00 2.826695e-08)
0.180821      	(-1.890392e+00 1.822933e+00 2.826955e-08)
0.18084       	(-1.890646e+00 1.823195e+00 2.827264e-08)
0.180858      	(-1.890901e+00 1.823458e+00 2.827952e-08)
0.180876      	(-1.891157e+00 1.823722e+00 2.828707e-08)
0.180894      	(-1.891413e+00 1.823986e+00 2.829397e-08)
0.180912      	(-1.891669e+00 1.824249e+00 2.829912e-08)
0.180931      	(-1.891924e+00 1.824512e+00 2.830225e-08)
0.180949      	(-1.892179e+00 1.824774e+00 2.830373e-08)
0.180967      	(-1.892432e+00 1.825035e+00 2.830413e-08)
0.180985      	(-1.892685e+00 1.825296e+00 2.830410e-08)
0.181003      	(-1.892938e+00 1.825556e+00 2.830417e-08)
0.181021      	(-1.893190e+00 1.825815e+00 2.830473e-08)
0.18104       	(-1.893441e+00 1.826075e+00 2.830598e-08)
0.181058      	(-1.893692e+00 1.826334e+00 2.830795e-08)
0.181076      	(-1.893943e+00 1.826592e+00 2.831059e-08)
0.181094      	(-1.894194e+00 1.826851e+00 2.831373e-08)
0.181112      	(-1.894446e+00 1.827110e+00 2.832079e-08)
0.18113       	(-1.894698e+00 1.827371e+00 2.832855e-08)
0.181149      	(-1.894951e+00 1.827632e+00 2.833564e-08)
0.181167      	(-1.895203e+00 1.827892e+00 2.834094e-08)
0.181185      	(-1.895455e+00 1.828151e+00 2.834418e-08)
0.181203      	(-1.895706e+00 1.828410e+00 2.834572e-08)
0.181221      	(-1.895956e+00 1.828668e+00 2.834615e-08)
0.181239      	(-1.896206e+00 1.828925e+00 2.834614e-08)
0.181257      	(-1.896454e+00 1.829182e+00 2.834624e-08)
0.181276      	(-1.896703e+00 1.829438e+00 2.834683e-08)
0.181294      	(-1.896951e+00 1.829694e+00 2.834812e-08)
0.181312      	(-1.897199e+00 1.829950e+00 2.835015e-08)
0.18133       	(-1.897446e+00 1.830205e+00 2.835285e-08)
0.181348      	(-1.897693e+00 1.830460e+00 2.835607e-08)
0.181366      	(-1.897940e+00 1.830715e+00 2.835965e-08)
0.181384      	(-1.898188e+00 1.830971e+00 2.836709e-08)
0.181402      	(-1.898437e+00 1.831228e+00 2.837513e-08)
0.181421      	(-1.898686e+00 1.831486e+00 2.838239e-08)
0.181439      	(-1.898935e+00 1.831742e+00 2.838773e-08)
0.181457      	(-1.899183e+00 1.831998e+00 2.839092e-08)
0.181475      	(-1.899430e+00 1.832254e+00 2.839236e-08)
0.181493      	(-1.899676e+00 1.832508e+00 2.839268e-08)
0.181511      	(-1.899922e+00 1.832762e+00 2.839255e-08)
0.181529      	(-1.900167e+00 1.833015e+00 2.839255e-08)
0.181547      	(-1.900412e+00 1.833268e+00 2.839308e-08)
0.181565      	(-1.900656e+00 1.833520e+00 2.839434e-08)
0.181583      	(-1.900900e+00 1.833772e+00 2.839637e-08)
0.181602      	(-1.901144e+00 1.834024e+00 2.839910e-08)
0.18162       	(-1.901387e+00 1.834276e+00 2.840238e-08)
0.181638      	(-1.901630e+00 1.834527e+00 2.840603e-08)
0.181656      	(-1.901873e+00 1.834778e+00 2.840990e-08)
0.181674      	(-1.902117e+00 1.835031e+00 2.841761e-08)
0.181692      	(-1.902362e+00 1.835284e+00 2.842587e-08)
0.18171       	(-1.902607e+00 1.835538e+00 2.843325e-08)
0.181728      	(-1.902852e+00 1.835791e+00 2.843862e-08)
0.181746      	(-1.903096e+00 1.836043e+00 2.844179e-08)
0.181764      	(-1.903339e+00 1.836295e+00 2.844315e-08)
0.181782      	(-1.903582e+00 1.836545e+00 2.844338e-08)
0.1818        	(-1.903823e+00 1.836795e+00 2.844316e-08)
0.181818      	(-1.904065e+00 1.837045e+00 2.844308e-08)
0.181836      	(-1.904305e+00 1.837294e+00 2.844356e-08)
0.181855      	(-1.904545e+00 1.837543e+00 2.844480e-08)
0.181873      	(-1.904785e+00 1.837791e+00 2.844684e-08)
0.181891      	(-1.905025e+00 1.838039e+00 2.844961e-08)
0.181909      	(-1.905264e+00 1.838287e+00 2.845295e-08)
0.181927      	(-1.905503e+00 1.838534e+00 2.845668e-08)
0.181945      	(-1.905742e+00 1.838781e+00 2.846064e-08)
0.181963      	(-1.905982e+00 1.839030e+00 2.846859e-08)
0.181981      	(-1.906223e+00 1.839280e+00 2.847774e-08)
0.181999      	(-1.906465e+00 1.839530e+00 2.848524e-08)
0.182017      	(-1.906705e+00 1.839779e+00 2.849068e-08)
0.182035      	(-1.906946e+00 1.840028e+00 2.849383e-08)
0.182053      	(-1.907185e+00 1.840276e+00 2.849513e-08)
0.182071      	(-1.907423e+00 1.840523e+00 2.849528e-08)
0.182089      	(-1.907661e+00 1.840769e+00 2.849497e-08)
0.182107      	(-1.907898e+00 1.841015e+00 2.849483e-08)
0.182125      	(-1.908135e+00 1.841260e+00 2.849527e-08)
0.182143      	(-1.908371e+00 1.841505e+00 2.849650e-08)
0.182161      	(-1.908607e+00 1.841749e+00 2.849857e-08)
0.182179      	(-1.908842e+00 1.841994e+00 2.850138e-08)
0.182197      	(-1.909078e+00 1.842238e+00 2.850478e-08)
0.182215      	(-1.909313e+00 1.842481e+00 2.850859e-08)
0.182233      	(-1.909547e+00 1.842725e+00 2.851262e-08)
0.182251      	(-1.909782e+00 1.842968e+00 2.851673e-08)
0.182269      	(-1.910018e+00 1.843213e+00 2.852487e-08)
0.182287      	(-1.910255e+00 1.843459e+00 2.853416e-08)
0.182305      	(-1.910492e+00 1.843705e+00 2.854174e-08)
0.182323      	(-1.910729e+00 1.843951e+00 2.854718e-08)
0.182341      	(-1.910965e+00 1.844196e+00 2.855026e-08)
0.182359      	(-1.911200e+00 1.844439e+00 2.855145e-08)
0.182377      	(-1.911434e+00 1.844682e+00 2.855145e-08)
0.182395      	(-1.911668e+00 1.844925e+00 2.855101e-08)
0.182413      	(-1.911901e+00 1.845167e+00 2.855074e-08)
0.182431      	(-1.912133e+00 1.845408e+00 2.855109e-08)
0.182449      	(-1.912365e+00 1.845649e+00 2.855227e-08)
0.182467      	(-1.912597e+00 1.845889e+00 2.855431e-08)
0.182485      	(-1.912828e+00 1.846129e+00 2.855714e-08)
0.182503      	(-1.913059e+00 1.846369e+00 2.856059e-08)
0.182521      	(-1.913289e+00 1.846609e+00 2.856446e-08)
0.182539      	(-1.913520e+00 1.846848e+00 2.856857e-08)
0.182557      	(-1.913750e+00 1.847088e+00 2.857278e-08)
0.182575      	(-1.913980e+00 1.847327e+00 2.857696e-08)
0.182593      	(-1.914212e+00 1.847568e+00 2.858527e-08)
0.182611      	(-1.914445e+00 1.847810e+00 2.859472e-08)
0.182629      	(-1.914677e+00 1.848051e+00 2.860242e-08)
0.182647      	(-1.914910e+00 1.848293e+00 2.860789e-08)
0.182664      	(-1.915141e+00 1.848534e+00 2.861097e-08)
0.182682      	(-1.915372e+00 1.848773e+00 2.861206e-08)
0.1827        	(-1.915602e+00 1.849012e+00 2.861193e-08)
0.182718      	(-1.915831e+00 1.849250e+00 2.861135e-08)
0.182736      	(-1.916059e+00 1.849488e+00 2.861096e-08)
0.182754      	(-1.916287e+00 1.849725e+00 2.861121e-08)
0.182772      	(-1.916515e+00 1.849961e+00 2.861233e-08)
0.18279       	(-1.916742e+00 1.850198e+00 2.861437e-08)
0.182808      	(-1.916969e+00 1.850434e+00 2.861722e-08)
0.182826      	(-1.917195e+00 1.850669e+00 2.862072e-08)
0.182844      	(-1.917421e+00 1.850905e+00 2.862467e-08)
0.182862      	(-1.917647e+00 1.851140e+00 2.862888e-08)
0.18288       	(-1.917873e+00 1.851375e+00 2.863319e-08)
0.182898      	(-1.918099e+00 1.851610e+00 2.863747e-08)
0.182916      	(-1.918324e+00 1.851845e+00 2.864166e-08)
0.182933      	(-1.918549e+00 1.852079e+00 2.864571e-08)
0.182951      	(-1.918776e+00 1.852315e+00 2.865403e-08)
0.182969      	(-1.919004e+00 1.852553e+00 2.866271e-08)
0.182987      	(-1.919232e+00 1.852790e+00 2.866996e-08)
0.183005      	(-1.919459e+00 1.853027e+00 2.867517e-08)
0.183023      	(-1.919686e+00 1.853263e+00 2.867807e-08)
0.183041      	(-1.919912e+00 1.853499e+00 2.867902e-08)
0.183059      	(-1.920137e+00 1.853733e+00 2.867879e-08)
0.183077      	(-1.920361e+00 1.853966e+00 2.867815e-08)
0.183094      	(-1.920584e+00 1.854199e+00 2.867776e-08)
0.183112      	(-1.920807e+00 1.854432e+00 2.867806e-08)
0.18313       	(-1.921030e+00 1.854663e+00 2.867929e-08)
0.183148      	(-1.921252e+00 1.854895e+00 2.868147e-08)
0.183166      	(-1.921474e+00 1.855126e+00 2.868452e-08)
0.183184      	(-1.921695e+00 1.855357e+00 2.868825e-08)
0.183202      	(-1.921916e+00 1.855588e+00 2.869244e-08)
0.18322       	(-1.922137e+00 1.855819e+00 2.869689e-08)
0.183238      	(-1.922358e+00 1.856049e+00 2.870143e-08)
0.183256      	(-1.922579e+00 1.856279e+00 2.870593e-08)
0.183273      	(-1.922799e+00 1.856509e+00 2.871031e-08)
0.183291      	(-1.923019e+00 1.856739e+00 2.871453e-08)
0.183309      	(-1.923239e+00 1.856969e+00 2.871858e-08)
0.183327      	(-1.923461e+00 1.857200e+00 2.873382e-08)
0.183345      	(-1.923684e+00 1.857433e+00 2.874026e-08)
0.183363      	(-1.923907e+00 1.857666e+00 2.873533e-08)
0.183381      	(-1.924129e+00 1.857898e+00 2.872296e-08)
0.183398      	(-1.924351e+00 1.858129e+00 2.870583e-08)
0.183416      	(-1.924572e+00 1.858360e+00 2.868754e-08)
0.183434      	(-1.924792e+00 1.858589e+00 2.867177e-08)
0.183452      	(-1.925011e+00 1.858818e+00 2.866129e-08)
0.18347       	(-1.925229e+00 1.859046e+00 2.865765e-08)
0.183488      	(-1.925447e+00 1.859273e+00 2.866110e-08)
0.183505      	(-1.925664e+00 1.859500e+00 2.867087e-08)
0.183523      	(-1.925881e+00 1.859727e+00 2.868546e-08)
0.183541      	(-1.926097e+00 1.859953e+00 2.870308e-08)
0.183559      	(-1.926314e+00 1.860179e+00 2.872191e-08)
0.183577      	(-1.926530e+00 1.860405e+00 2.874039e-08)
0.183595      	(-1.926746e+00 1.860631e+00 2.875732e-08)
0.183612      	(-1.926961e+00 1.860856e+00 2.877198e-08)
0.18363       	(-1.927176e+00 1.861081e+00 2.878405e-08)
0.183648      	(-1.927392e+00 1.861306e+00 2.879355e-08)
0.183666      	(-1.927607e+00 1.861531e+00 2.880078e-08)
0.183684      	(-1.927821e+00 1.861756e+00 2.880617e-08)
0.183702      	(-1.928036e+00 1.861980e+00 2.881022e-08)
0.183719      	(-1.928252e+00 1.862207e+00 2.882438e-08)
0.183737      	(-1.928470e+00 1.862435e+00 2.882991e-08)
0.183755      	(-1.928688e+00 1.862663e+00 2.882489e-08)
0.183773      	(-1.928905e+00 1.862890e+00 2.881200e-08)
0.183791      	(-1.929122e+00 1.863116e+00 2.879453e-08)
0.183808      	(-1.929337e+00 1.863342e+00 2.877602e-08)
0.183826      	(-1.929551e+00 1.863566e+00 2.876007e-08)
0.183844      	(-1.929765e+00 1.863790e+00 2.874939e-08)
0.183862      	(-1.929978e+00 1.864012e+00 2.874545e-08)
0.18388       	(-1.930190e+00 1.864235e+00 2.874851e-08)
0.183897      	(-1.930402e+00 1.864457e+00 2.875780e-08)
0.183915      	(-1.930613e+00 1.864678e+00 2.877184e-08)
0.183933      	(-1.930825e+00 1.864899e+00 2.878886e-08)
0.183951      	(-1.931035e+00 1.865120e+00 2.880710e-08)
0.183969      	(-1.931246e+00 1.865341e+00 2.882501e-08)
0.183986      	(-1.931456e+00 1.865561e+00 2.884145e-08)
0.184004      	(-1.931666e+00 1.865782e+00 2.885568e-08)
0.184022      	(-1.931876e+00 1.866002e+00 2.886739e-08)
0.18404       	(-1.932086e+00 1.866222e+00 2.887663e-08)
0.184058      	(-1.932296e+00 1.866441e+00 2.888366e-08)
0.184075      	(-1.932505e+00 1.866661e+00 2.888890e-08)
0.184093      	(-1.932714e+00 1.866880e+00 2.889285e-08)
0.184111      	(-1.932923e+00 1.867099e+00 2.889594e-08)
0.184129      	(-1.933131e+00 1.867318e+00 2.889856e-08)
0.184146      	(-1.933340e+00 1.867536e+00 2.890101e-08)
0.184164      	(-1.933550e+00 1.867757e+00 2.891404e-08)
0.184182      	(-1.933762e+00 1.867980e+00 2.891962e-08)
0.1842        	(-1.933974e+00 1.868202e+00 2.891535e-08)
0.184217      	(-1.934185e+00 1.868424e+00 2.890347e-08)
0.184235      	(-1.934396e+00 1.868645e+00 2.888697e-08)
0.184253      	(-1.934605e+00 1.868864e+00 2.886923e-08)
0.184271      	(-1.934814e+00 1.869083e+00 2.885375e-08)
0.184288      	(-1.935021e+00 1.869301e+00 2.884324e-08)
0.184306      	(-1.935228e+00 1.869518e+00 2.883922e-08)
0.184324      	(-1.935434e+00 1.869734e+00 2.884201e-08)
0.184342      	(-1.935640e+00 1.869950e+00 2.885092e-08)
0.184359      	(-1.935845e+00 1.870166e+00 2.886455e-08)
0.184377      	(-1.936050e+00 1.870381e+00 2.888120e-08)
0.184395      	(-1.936255e+00 1.870596e+00 2.889911e-08)
0.184413      	(-1.936459e+00 1.870811e+00 2.891677e-08)
0.18443       	(-1.936663e+00 1.871026e+00 2.893303e-08)
0.184448      	(-1.936867e+00 1.871240e+00 2.894715e-08)
0.184466      	(-1.937071e+00 1.871455e+00 2.895882e-08)
0.184484      	(-1.937275e+00 1.871669e+00 2.896805e-08)
0.184501      	(-1.937478e+00 1.871882e+00 2.897509e-08)
0.184519      	(-1.937681e+00 1.872096e+00 2.898037e-08)
0.184537      	(-1.937884e+00 1.872310e+00 2.898434e-08)
0.184554      	(-1.938087e+00 1.872523e+00 2.898746e-08)
0.184572      	(-1.938289e+00 1.872736e+00 2.899011e-08)
0.18459       	(-1.938491e+00 1.872948e+00 2.899257e-08)
0.184608      	(-1.938693e+00 1.873161e+00 2.899503e-08)
0.184625      	(-1.938895e+00 1.873373e+00 2.899761e-08)
0.184643      	(-1.939099e+00 1.873588e+00 2.901037e-08)
0.184661      	(-1.939304e+00 1.873804e+00 2.901639e-08)
0.184678      	(-1.939510e+00 1.874021e+00 2.901214e-08)
0.184696      	(-1.939715e+00 1.874237e+00 2.900069e-08)
0.184714      	(-1.939920e+00 1.874452e+00 2.898475e-08)
0.184731      	(-1.940123e+00 1.874665e+00 2.896753e-08)
0.184749      	(-1.940325e+00 1.874878e+00 2.895240e-08)
0.184767      	(-1.940526e+00 1.875090e+00 2.894206e-08)
0.184785      	(-1.940726e+00 1.875301e+00 2.893805e-08)
0.184802      	(-1.940926e+00 1.875511e+00 2.894074e-08)
0.18482       	(-1.941125e+00 1.875720e+00 2.894947e-08)
0.184838      	(-1.941323e+00 1.875930e+00 2.896289e-08)
0.184855      	(-1.941522e+00 1.876139e+00 2.897932e-08)
0.184873      	(-1.941720e+00 1.876348e+00 2.899704e-08)
0.184891      	(-1.941917e+00 1.876556e+00 2.901456e-08)
0.184908      	(-1.942115e+00 1.876764e+00 2.903072e-08)
0.184926      	(-1.942312e+00 1.876973e+00 2.904479e-08)
0.184944      	(-1.942509e+00 1.877180e+00 2.905644e-08)
0.184961      	(-1.942706e+00 1.877388e+00 2.906568e-08)
0.184979      	(-1.942903e+00 1.877596e+00 2.907276e-08)
0.184997      	(-1.943099e+00 1.877803e+00 2.907808e-08)
0.185014      	(-1.943296e+00 1.878010e+00 2.908209e-08)
0.185032      	(-1.943492e+00 1.878217e+00 2.908523e-08)
0.18505       	(-1.943687e+00 1.878424e+00 2.908789e-08)
0.185067      	(-1.943883e+00 1.878630e+00 2.909033e-08)
0.185085      	(-1.944078e+00 1.878836e+00 2.909277e-08)
0.185103      	(-1.944273e+00 1.879042e+00 2.909530e-08)
0.18512       	(-1.944468e+00 1.879248e+00 2.909797e-08)
0.185138      	(-1.944663e+00 1.879454e+00 2.910078e-08)
0.185156      	(-1.944857e+00 1.879659e+00 2.910369e-08)
0.185173      	(-1.945051e+00 1.879864e+00 2.910668e-08)
0.185191      	(-1.945248e+00 1.880072e+00 2.911913e-08)
0.185209      	(-1.945446e+00 1.880282e+00 2.913195e-08)
0.185226      	(-1.945645e+00 1.880492e+00 2.912651e-08)
0.185244      	(-1.945843e+00 1.880701e+00 2.910557e-08)
0.185262      	(-1.946040e+00 1.880909e+00 2.907466e-08)
0.185279      	(-1.946236e+00 1.881116e+00 2.904014e-08)
0.185297      	(-1.946431e+00 1.881322e+00 2.900825e-08)
0.185314      	(-1.946625e+00 1.881526e+00 2.898428e-08)
0.185332      	(-1.946817e+00 1.881730e+00 2.897158e-08)
0.18535       	(-1.947009e+00 1.881933e+00 2.897129e-08)
0.185367      	(-1.947201e+00 1.882135e+00 2.898262e-08)
0.185385      	(-1.947392e+00 1.882338e+00 2.900335e-08)
0.185402      	(-1.947583e+00 1.882539e+00 2.903048e-08)
0.18542       	(-1.947773e+00 1.882741e+00 2.906079e-08)
0.185438      	(-1.947963e+00 1.882942e+00 2.909137e-08)
0.185455      	(-1.948153e+00 1.883143e+00 2.911989e-08)
0.185473      	(-1.948343e+00 1.883344e+00 2.914476e-08)
0.185491      	(-1.948532e+00 1.883545e+00 2.916515e-08)
0.185508      	(-1.948722e+00 1.883745e+00 2.918092e-08)
0.185526      	(-1.948911e+00 1.883946e+00 2.919240e-08)
0.185543      	(-1.949100e+00 1.884146e+00 2.920029e-08)
0.185561      	(-1.949288e+00 1.884346e+00 2.920543e-08)
0.185579      	(-1.949477e+00 1.884545e+00 2.920867e-08)
0.185596      	(-1.949665e+00 1.884745e+00 2.921079e-08)
0.185614      	(-1.949853e+00 1.884944e+00 2.921238e-08)
0.185631      	(-1.950041e+00 1.885143e+00 2.921388e-08)
0.185649      	(-1.950228e+00 1.885342e+00 2.921554e-08)
0.185667      	(-1.950415e+00 1.885540e+00 2.921749e-08)
0.185684      	(-1.950602e+00 1.885738e+00 2.921973e-08)
0.185702      	(-1.950789e+00 1.885937e+00 2.922223e-08)
0.18572       	(-1.950976e+00 1.886134e+00 2.922491e-08)
0.185737      	(-1.951162e+00 1.886332e+00 2.922769e-08)
0.185755      	(-1.951348e+00 1.886529e+00 2.923052e-08)
0.185772      	(-1.951534e+00 1.886727e+00 2.923336e-08)
0.18579       	(-1.951719e+00 1.886924e+00 2.923618e-08)
0.185808      	(-1.951908e+00 1.887124e+00 2.924764e-08)
0.185825      	(-1.952099e+00 1.887326e+00 2.925941e-08)
0.185843      	(-1.952290e+00 1.887529e+00 2.925427e-08)
0.18586       	(-1.952480e+00 1.887731e+00 2.923446e-08)
0.185878      	(-1.952670e+00 1.887932e+00 2.920504e-08)
0.185895      	(-1.952857e+00 1.888131e+00 2.917202e-08)
0.185913      	(-1.953044e+00 1.888329e+00 2.914138e-08)
0.18593       	(-1.953229e+00 1.888525e+00 2.911822e-08)
0.185948      	(-1.953414e+00 1.888721e+00 2.910582e-08)
0.185965      	(-1.953597e+00 1.888916e+00 2.910535e-08)
0.185983      	(-1.953780e+00 1.889111e+00 2.911610e-08)
0.186001      	(-1.953963e+00 1.889305e+00 2.913596e-08)
0.186018      	(-1.954145e+00 1.889498e+00 2.916205e-08)
0.186036      	(-1.954327e+00 1.889692e+00 2.919128e-08)
0.186053      	(-1.954508e+00 1.889885e+00 2.922082e-08)
0.186071      	(-1.954690e+00 1.890078e+00 2.924842e-08)
0.186088      	(-1.954871e+00 1.890270e+00 2.927252e-08)
0.186106      	(-1.955052e+00 1.890463e+00 2.929232e-08)
0.186123      	(-1.955233e+00 1.890655e+00 2.930766e-08)
0.186141      	(-1.955413e+00 1.890847e+00 2.931886e-08)
0.186158      	(-1.955593e+00 1.891039e+00 2.932657e-08)
0.186176      	(-1.955774e+00 1.891231e+00 2.933161e-08)
0.186193      	(-1.955953e+00 1.891422e+00 2.933479e-08)
0.186211      	(-1.956133e+00 1.891614e+00 2.933686e-08)
0.186229      	(-1.956312e+00 1.891805e+00 2.933840e-08)
0.186246      	(-1.956492e+00 1.891995e+00 2.933982e-08)
0.186264      	(-1.956670e+00 1.892186e+00 2.934138e-08)
0.186281      	(-1.956849e+00 1.892376e+00 2.934320e-08)
0.186299      	(-1.957028e+00 1.892566e+00 2.934530e-08)
0.186316      	(-1.957206e+00 1.892756e+00 2.934763e-08)
0.186334      	(-1.957384e+00 1.892946e+00 2.935013e-08)
0.186351      	(-1.957561e+00 1.893135e+00 2.935273e-08)
0.186369      	(-1.957739e+00 1.893325e+00 2.935537e-08)
0.186386      	(-1.957916e+00 1.893514e+00 2.935803e-08)
0.186404      	(-1.958093e+00 1.893703e+00 2.936070e-08)
0.186422      	(-1.958270e+00 1.893891e+00 2.936338e-08)
0.186439      	(-1.958447e+00 1.894080e+00 2.936610e-08)
0.186457      	(-1.958623e+00 1.894268e+00 2.936887e-08)
0.186474      	(-1.958799e+00 1.894456e+00 2.937171e-08)
0.186492      	(-1.958975e+00 1.894644e+00 2.937464e-08)
0.186509      	(-1.959151e+00 1.894831e+00 2.937765e-08)
0.186527      	(-1.959326e+00 1.895018e+00 2.938076e-08)
0.186544      	(-1.959501e+00 1.895206e+00 2.938394e-08)
0.186562      	(-1.959681e+00 1.895397e+00 2.939466e-08)
0.186579      	(-1.959862e+00 1.895591e+00 2.940571e-08)
0.186597      	(-1.960044e+00 1.895785e+00 2.940870e-08)
0.186614      	(-1.960225e+00 1.895978e+00 2.938909e-08)
0.186632      	(-1.960405e+00 1.896170e+00 2.935241e-08)
0.186649      	(-1.960584e+00 1.896360e+00 2.930690e-08)
0.186666      	(-1.960760e+00 1.896549e+00 2.926122e-08)
0.186684      	(-1.960936e+00 1.896736e+00 2.922303e-08)
0.186701      	(-1.961110e+00 1.896922e+00 2.919802e-08)
0.186719      	(-1.961283e+00 1.897107e+00 2.918908e-08)
0.186736      	(-1.961456e+00 1.897291e+00 2.919632e-08)
0.186754      	(-1.961628e+00 1.897475e+00 2.921763e-08)
0.186771      	(-1.961800e+00 1.897659e+00 2.924944e-08)
0.186789      	(-1.961971e+00 1.897842e+00 2.928753e-08)
0.186806      	(-1.962142e+00 1.898026e+00 2.932777e-08)
0.186824      	(-1.962313e+00 1.898208e+00 2.936663e-08)
0.186841      	(-1.962484e+00 1.898391e+00 2.940150e-08)
0.186858      	(-1.962654e+00 1.898574e+00 2.943080e-08)
0.186876      	(-1.962825e+00 1.898756e+00 2.945387e-08)
0.186893      	(-1.962995e+00 1.898938e+00 2.947089e-08)
0.186911      	(-1.963164e+00 1.899120e+00 2.948255e-08)
0.186928      	(-1.963334e+00 1.899302e+00 2.948991e-08)
0.186946      	(-1.963503e+00 1.899483e+00 2.949412e-08)
0.186963      	(-1.963673e+00 1.899664e+00 2.949627e-08)
0.186981      	(-1.963842e+00 1.899845e+00 2.949730e-08)
0.186998      	(-1.964010e+00 1.900026e+00 2.949789e-08)
0.187016      	(-1.964179e+00 1.900207e+00 2.949853e-08)
0.187033      	(-1.964347e+00 1.900387e+00 2.949947e-08)
0.18705       	(-1.964515e+00 1.900567e+00 2.950080e-08)
0.187068      	(-1.964683e+00 1.900747e+00 2.950250e-08)
0.187085      	(-1.964850e+00 1.900927e+00 2.950449e-08)
0.187103      	(-1.965017e+00 1.901106e+00 2.950667e-08)
0.18712       	(-1.965184e+00 1.901285e+00 2.950896e-08)
0.187138      	(-1.965351e+00 1.901464e+00 2.951128e-08)
0.187155      	(-1.965518e+00 1.901643e+00 2.951361e-08)
0.187173      	(-1.965684e+00 1.901822e+00 2.951594e-08)
0.18719       	(-1.965850e+00 1.902000e+00 2.951829e-08)
0.187208      	(-1.966016e+00 1.902178e+00 2.952069e-08)
0.187225      	(-1.966181e+00 1.902356e+00 2.952315e-08)
0.187242      	(-1.966347e+00 1.902534e+00 2.952571e-08)
0.18726       	(-1.966512e+00 1.902711e+00 2.952838e-08)
0.187277      	(-1.966677e+00 1.902889e+00 2.953115e-08)
0.187295      	(-1.966842e+00 1.903066e+00 2.953404e-08)
0.187312      	(-1.967006e+00 1.903243e+00 2.953701e-08)
0.18733       	(-1.967170e+00 1.903419e+00 2.954006e-08)
0.187347      	(-1.967334e+00 1.903596e+00 2.954317e-08)
0.187365      	(-1.967498e+00 1.903772e+00 2.954632e-08)
0.187382      	(-1.967662e+00 1.903948e+00 2.954950e-08)
0.187399      	(-1.967825e+00 1.904124e+00 2.955269e-08)
0.187417      	(-1.967988e+00 1.904300e+00 2.955590e-08)
0.187434      	(-1.968151e+00 1.904475e+00 2.955911e-08)
0.187452      	(-1.968314e+00 1.904650e+00 2.956234e-08)
0.187469      	(-1.968476e+00 1.904825e+00 2.956557e-08)
0.187487      	(-1.968638e+00 1.905000e+00 2.956880e-08)
0.187504      	(-1.968800e+00 1.905174e+00 2.957205e-08)
0.187522      	(-1.968962e+00 1.905349e+00 2.957531e-08)
0.187539      	(-1.969130e+00 1.905529e+00 2.957131e-08)
0.187556      	(-1.969300e+00 1.905713e+00 2.958203e-08)
0.187574      	(-1.969472e+00 1.905897e+00 2.958585e-08)
0.187591      	(-1.969642e+00 1.906080e+00 2.957836e-08)
0.187608      	(-1.969811e+00 1.906262e+00 2.954571e-08)
0.187626      	(-1.969978e+00 1.906441e+00 2.949647e-08)
0.187643      	(-1.970143e+00 1.906618e+00 2.944115e-08)
0.18766       	(-1.970305e+00 1.906793e+00 2.938992e-08)
0.187678      	(-1.970467e+00 1.906967e+00 2.935100e-08)
0.187695      	(-1.970627e+00 1.907139e+00 2.932971e-08)
0.187712      	(-1.970786e+00 1.907311e+00 2.932805e-08)
0.18773       	(-1.970945e+00 1.907482e+00 2.934486e-08)
0.187747      	(-1.971103e+00 1.907653e+00 2.937673e-08)
0.187764      	(-1.971260e+00 1.907823e+00 2.941892e-08)
0.187782      	(-1.971418e+00 1.907993e+00 2.946633e-08)
0.187799      	(-1.971575e+00 1.908163e+00 2.951428e-08)
0.187816      	(-1.971732e+00 1.908332e+00 2.955897e-08)
0.187834      	(-1.971889e+00 1.908502e+00 2.959781e-08)
0.187851      	(-1.972046e+00 1.908671e+00 2.962939e-08)
0.187868      	(-1.972202e+00 1.908840e+00 2.965342e-08)
0.187886      	(-1.972358e+00 1.909009e+00 2.967040e-08)
0.187903      	(-1.972514e+00 1.909178e+00 2.968141e-08)
0.18792       	(-1.972670e+00 1.909346e+00 2.968777e-08)
0.187938      	(-1.972825e+00 1.909514e+00 2.969087e-08)
0.187955      	(-1.972981e+00 1.909682e+00 2.969195e-08)
0.187972      	(-1.973136e+00 1.909850e+00 2.969202e-08)
0.18799       	(-1.973291e+00 1.910018e+00 2.969181e-08)
0.188007      	(-1.973445e+00 1.910185e+00 2.969178e-08)
0.188024      	(-1.973599e+00 1.910352e+00 2.969217e-08)
0.188042      	(-1.973753e+00 1.910519e+00 2.969303e-08)
0.188059      	(-1.973907e+00 1.910685e+00 2.969432e-08)
0.188076      	(-1.974061e+00 1.910852e+00 2.969594e-08)
0.188094      	(-1.974214e+00 1.911018e+00 2.969776e-08)
0.188111      	(-1.974367e+00 1.911184e+00 2.969971e-08)
0.188128      	(-1.974520e+00 1.911349e+00 2.970170e-08)
0.188146      	(-1.974672e+00 1.911515e+00 2.970371e-08)
0.188163      	(-1.974825e+00 1.911680e+00 2.970575e-08)
0.18818       	(-1.974977e+00 1.911845e+00 2.970783e-08)
0.188198      	(-1.975129e+00 1.912010e+00 2.970997e-08)
0.188215      	(-1.975280e+00 1.912175e+00 2.971220e-08)
0.188232      	(-1.975432e+00 1.912340e+00 2.971455e-08)
0.18825       	(-1.975583e+00 1.912504e+00 2.971702e-08)
0.188267      	(-1.975734e+00 1.912668e+00 2.971960e-08)
0.188284      	(-1.975885e+00 1.912832e+00 2.972231e-08)
0.188302      	(-1.976035e+00 1.912995e+00 2.972510e-08)
0.188319      	(-1.976185e+00 1.913159e+00 2.972798e-08)
0.188336      	(-1.976336e+00 1.913322e+00 2.973091e-08)
0.188354      	(-1.976485e+00 1.913485e+00 2.973389e-08)
0.188371      	(-1.976635e+00 1.913648e+00 2.973690e-08)
0.188388      	(-1.976784e+00 1.913811e+00 2.973993e-08)
0.188406      	(-1.976933e+00 1.913973e+00 2.974297e-08)
0.188423      	(-1.977082e+00 1.914135e+00 2.974602e-08)
0.18844       	(-1.977231e+00 1.914297e+00 2.974908e-08)
0.188458      	(-1.977379e+00 1.914459e+00 2.975216e-08)
0.188475      	(-1.977527e+00 1.914620e+00 2.975524e-08)
0.188492      	(-1.977675e+00 1.914782e+00 2.975834e-08)
0.18851       	(-1.977823e+00 1.914943e+00 2.976146e-08)
0.188527      	(-1.977971e+00 1.915104e+00 2.976459e-08)
0.188544      	(-1.978118e+00 1.915265e+00 2.976774e-08)
0.188562      	(-1.978265e+00 1.915425e+00 2.977091e-08)
0.188579      	(-1.978412e+00 1.915585e+00 2.977409e-08)
0.188596      	(-1.978558e+00 1.915745e+00 2.977729e-08)
0.188614      	(-1.978705e+00 1.915905e+00 2.978050e-08)
0.188631      	(-1.978851e+00 1.916065e+00 2.978373e-08)
0.188648      	(-1.978997e+00 1.916224e+00 2.978696e-08)
0.188666      	(-1.979142e+00 1.916383e+00 2.979021e-08)
0.188683      	(-1.979288e+00 1.916542e+00 2.979347e-08)
0.1887        	(-1.979433e+00 1.916701e+00 2.979674e-08)
0.188718      	(-1.979578e+00 1.916860e+00 2.980001e-08)
0.188735      	(-1.979723e+00 1.917018e+00 2.980330e-08)
0.188752      	(-1.979867e+00 1.917176e+00 2.980659e-08)
0.18877       	(-1.980011e+00 1.917334e+00 2.980989e-08)
0.188787      	(-1.980155e+00 1.917492e+00 2.981321e-08)
0.188804      	(-1.980299e+00 1.917649e+00 2.981652e-08)
0.188821      	(-1.980443e+00 1.917807e+00 2.981985e-08)
0.188839      	(-1.980586e+00 1.917964e+00 2.982318e-08)
0.188856      	(-1.980729e+00 1.918121e+00 2.982652e-08)
0.188873      	(-1.980872e+00 1.918277e+00 2.982986e-08)
0.188891      	(-1.981015e+00 1.918434e+00 2.983321e-08)
0.188908      	(-1.981158e+00 1.918590e+00 2.983657e-08)
0.188925      	(-1.981300e+00 1.918746e+00 2.983995e-08)
0.188943      	(-1.981442e+00 1.918902e+00 2.984333e-08)
0.18896       	(-1.981584e+00 1.919057e+00 2.984673e-08)
0.188977      	(-1.981725e+00 1.919212e+00 2.985015e-08)
0.188995      	(-1.981867e+00 1.919367e+00 2.985357e-08)
0.189012      	(-1.982008e+00 1.919522e+00 2.985701e-08)
0.189029      	(-1.982149e+00 1.919677e+00 2.986045e-08)
0.189046      	(-1.982304e+00 1.919847e+00 2.984219e-08)
0.189064      	(-1.982469e+00 1.920026e+00 2.983198e-08)
0.189081      	(-1.982636e+00 1.920208e+00 2.982821e-08)
0.189098      	(-1.982801e+00 1.920387e+00 2.981655e-08)
0.189115      	(-1.982962e+00 1.920562e+00 2.980451e-08)
0.189132      	(-1.983118e+00 1.920731e+00 2.977972e-08)
0.189149      	(-1.983269e+00 1.920895e+00 2.972570e-08)
0.189166      	(-1.983416e+00 1.921055e+00 2.965881e-08)
0.189183      	(-1.983559e+00 1.921211e+00 2.959357e-08)
0.1892        	(-1.983699e+00 1.921365e+00 2.954160e-08)
0.189217      	(-1.983838e+00 1.921517e+00 2.951104e-08)
0.189234      	(-1.983976e+00 1.921668e+00 2.950561e-08)
0.189251      	(-1.984112e+00 1.921818e+00 2.952473e-08)
0.189268      	(-1.984248e+00 1.921967e+00 2.956449e-08)
0.189285      	(-1.984384e+00 1.922116e+00 2.961887e-08)
0.189302      	(-1.984519e+00 1.922265e+00 2.968113e-08)
0.189319      	(-1.984654e+00 1.922414e+00 2.974490e-08)
0.189336      	(-1.984789e+00 1.922563e+00 2.980495e-08)
0.189353      	(-1.984924e+00 1.922711e+00 2.985760e-08)
0.18937       	(-1.985058e+00 1.922860e+00 2.990043e-08)
0.189387      	(-1.985193e+00 1.923008e+00 2.993321e-08)
0.189404      	(-1.985327e+00 1.923156e+00 2.995646e-08)
0.189421      	(-1.985461e+00 1.923304e+00 2.997145e-08)
0.189438      	(-1.985595e+00 1.923451e+00 2.997986e-08)
0.189455      	(-1.985728e+00 1.923598e+00 2.998349e-08)
0.189472      	(-1.985861e+00 1.923745e+00 2.998398e-08)
0.189489      	(-1.985994e+00 1.923892e+00 2.998269e-08)
0.189506      	(-1.986127e+00 1.924038e+00 2.998068e-08)
0.189523      	(-1.986259e+00 1.924185e+00 2.997867e-08)
0.18954       	(-1.986391e+00 1.924331e+00 2.997705e-08)
0.189557      	(-1.986523e+00 1.924476e+00 2.997601e-08)
0.189574      	(-1.986654e+00 1.924622e+00 2.997557e-08)
0.189591      	(-1.986785e+00 1.924767e+00 2.997566e-08)
0.189608      	(-1.986916e+00 1.924912e+00 2.997617e-08)
0.189625      	(-1.987047e+00 1.925057e+00 2.997702e-08)
0.189642      	(-1.987177e+00 1.925202e+00 2.997810e-08)
0.189659      	(-1.987308e+00 1.925347e+00 2.997936e-08)
0.189676      	(-1.987437e+00 1.925491e+00 2.998079e-08)
0.189694      	(-1.987567e+00 1.925635e+00 2.998236e-08)
0.189711      	(-1.987696e+00 1.925779e+00 2.998410e-08)
0.189728      	(-1.987826e+00 1.925923e+00 2.998600e-08)
0.189745      	(-1.987955e+00 1.926067e+00 2.998808e-08)
0.189762      	(-1.988083e+00 1.926210e+00 2.999032e-08)
0.189779      	(-1.988212e+00 1.926354e+00 2.999272e-08)
0.189796      	(-1.988340e+00 1.926497e+00 2.999528e-08)
0.189813      	(-1.988468e+00 1.926640e+00 2.999796e-08)
0.18983       	(-1.988595e+00 1.926782e+00 3.000074e-08)
0.189847      	(-1.988723e+00 1.926925e+00 3.000361e-08)
0.189864      	(-1.988850e+00 1.927067e+00 3.000654e-08)
0.189881      	(-1.988977e+00 1.927209e+00 3.000953e-08)
0.189898      	(-1.989103e+00 1.927351e+00 3.001255e-08)
0.189915      	(-1.989230e+00 1.927493e+00 3.001561e-08)
0.189932      	(-1.989356e+00 1.927635e+00 3.001869e-08)
0.189949      	(-1.989482e+00 1.927776e+00 3.002179e-08)
0.189966      	(-1.989608e+00 1.927917e+00 3.002492e-08)
0.189983      	(-1.989733e+00 1.928058e+00 3.002808e-08)
0.19          	(-1.989858e+00 1.928199e+00 3.003126e-08)
0.190017      	(-1.989972e+00 1.928328e+00 3.003331e-08)
0.190034      	(-1.990080e+00 1.928450e+00 3.003378e-08)
0.190052      	(-1.990185e+00 1.928571e+00 3.002779e-08)
0.190069      	(-1.990291e+00 1.928692e+00 3.002263e-08)
0.190086      	(-1.990400e+00 1.928817e+00 3.000437e-08)
0.190103      	(-1.990512e+00 1.928945e+00 2.997275e-08)
0.190121      	(-1.990627e+00 1.929077e+00 2.993026e-08)
0.190138      	(-1.990745e+00 1.929211e+00 2.988444e-08)
0.190155      	(-1.990865e+00 1.929347e+00 2.984378e-08)
0.190172      	(-1.990986e+00 1.929485e+00 2.981391e-08)
0.19019       	(-1.991108e+00 1.929623e+00 2.979863e-08)
0.190207      	(-1.991231e+00 1.929763e+00 2.979952e-08)
0.190224      	(-1.991355e+00 1.929903e+00 2.982280e-08)
0.190241      	(-1.991481e+00 1.930045e+00 2.986056e-08)
0.190259      	(-1.991606e+00 1.930187e+00 2.990279e-08)
0.190276      	(-1.991731e+00 1.930329e+00 2.993204e-08)
0.190293      	(-1.991856e+00 1.930469e+00 2.994871e-08)
0.19031       	(-1.991980e+00 1.930610e+00 2.995632e-08)
0.190327      	(-1.992103e+00 1.930749e+00 2.995958e-08)
0.190345      	(-1.992225e+00 1.930887e+00 2.996258e-08)
0.190362      	(-1.992347e+00 1.931025e+00 2.996870e-08)
0.190379      	(-1.992468e+00 1.931163e+00 2.997979e-08)
0.190396      	(-1.992589e+00 1.931300e+00 2.999693e-08)
0.190413      	(-1.992710e+00 1.931437e+00 3.001957e-08)
0.190431      	(-1.992830e+00 1.931574e+00 3.004631e-08)
0.190448      	(-1.992950e+00 1.931710e+00 3.007526e-08)
0.190465      	(-1.993070e+00 1.931847e+00 3.010448e-08)
0.190482      	(-1.993190e+00 1.931983e+00 3.013224e-08)
0.190499      	(-1.993310e+00 1.932119e+00 3.015722e-08)
0.190517      	(-1.993429e+00 1.932255e+00 3.017861e-08)
0.190534      	(-1.993548e+00 1.932390e+00 3.019607e-08)
0.190551      	(-1.993667e+00 1.932526e+00 3.020968e-08)
0.190568      	(-1.993786e+00 1.932661e+00 3.021983e-08)
0.190586      	(-1.993905e+00 1.932796e+00 3.022712e-08)
0.190603      	(-1.994023e+00 1.932931e+00 3.023043e-08)
0.19062       	(-1.994141e+00 1.933065e+00 3.023145e-08)
0.190637      	(-1.994259e+00 1.933199e+00 3.023170e-08)
0.190654      	(-1.994377e+00 1.933333e+00 3.023228e-08)
0.190672      	(-1.994494e+00 1.933467e+00 3.023377e-08)
0.190689      	(-1.994612e+00 1.933600e+00 3.023635e-08)
0.190706      	(-1.994731e+00 1.933735e+00 3.024769e-08)
0.190723      	(-1.994850e+00 1.933871e+00 3.026074e-08)
0.19074       	(-1.994970e+00 1.934007e+00 3.026227e-08)
0.190758      	(-1.995089e+00 1.934142e+00 3.025141e-08)
0.190775      	(-1.995207e+00 1.934277e+00 3.023231e-08)
0.190792      	(-1.995325e+00 1.934411e+00 3.020989e-08)
0.190809      	(-1.995442e+00 1.934544e+00 3.018899e-08)
0.190826      	(-1.995559e+00 1.934676e+00 3.017361e-08)
0.190843      	(-1.995674e+00 1.934808e+00 3.016620e-08)
0.190861      	(-1.995790e+00 1.934939e+00 3.016752e-08)
0.190878      	(-1.995905e+00 1.935070e+00 3.017690e-08)
0.190895      	(-1.996020e+00 1.935201e+00 3.019265e-08)
0.190912      	(-1.996134e+00 1.935332e+00 3.021256e-08)
0.190929      	(-1.996248e+00 1.935462e+00 3.023436e-08)
0.190946      	(-1.996362e+00 1.935592e+00 3.025606e-08)
0.190964      	(-1.996476e+00 1.935721e+00 3.027614e-08)
0.190981      	(-1.996589e+00 1.935851e+00 3.029369e-08)
0.190998      	(-1.996702e+00 1.935980e+00 3.030827e-08)
0.191015      	(-1.996815e+00 1.936109e+00 3.031993e-08)
0.191032      	(-1.996928e+00 1.936238e+00 3.032899e-08)
0.19105       	(-1.997041e+00 1.936367e+00 3.033595e-08)
0.191067      	(-1.997153e+00 1.936495e+00 3.034139e-08)
0.191084      	(-1.997265e+00 1.936623e+00 3.034582e-08)
0.191101      	(-1.997377e+00 1.936751e+00 3.034971e-08)
0.191118      	(-1.997489e+00 1.936879e+00 3.035338e-08)
0.191135      	(-1.997600e+00 1.937006e+00 3.035706e-08)
0.191153      	(-1.997712e+00 1.937134e+00 3.036088e-08)
0.19117       	(-1.997823e+00 1.937261e+00 3.036490e-08)
0.191187      	(-1.997933e+00 1.937387e+00 3.036910e-08)
0.191204      	(-1.998044e+00 1.937514e+00 3.037345e-08)
0.191221      	(-1.998154e+00 1.937640e+00 3.037791e-08)
0.191239      	(-1.998266e+00 1.937768e+00 3.038811e-08)
0.191256      	(-1.998379e+00 1.937897e+00 3.039866e-08)
0.191273      	(-1.998491e+00 1.938026e+00 3.039871e-08)
0.19129       	(-1.998603e+00 1.938155e+00 3.038949e-08)
0.191307      	(-1.998715e+00 1.938282e+00 3.037426e-08)
0.191324      	(-1.998826e+00 1.938409e+00 3.035683e-08)
0.191341      	(-1.998936e+00 1.938535e+00 3.034094e-08)
0.191359      	(-1.999045e+00 1.938661e+00 3.032974e-08)
0.191376      	(-1.999154e+00 1.938786e+00 3.032526e-08)
0.191393      	(-1.999262e+00 1.938910e+00 3.032816e-08)
0.19141       	(-1.999370e+00 1.939034e+00 3.033798e-08)
0.191427      	(-1.999478e+00 1.939158e+00 3.035341e-08)
0.191444      	(-1.999585e+00 1.939281e+00 3.037264e-08)
0.191461      	(-1.999692e+00 1.939404e+00 3.039375e-08)
0.191479      	(-1.999798e+00 1.939527e+00 3.041502e-08)
0.191496      	(-1.999905e+00 1.939650e+00 3.043507e-08)
0.191513      	(-2.000011e+00 1.939773e+00 3.045296e-08)
0.19153       	(-2.000117e+00 1.939895e+00 3.046823e-08)
0.191547      	(-2.000223e+00 1.940017e+00 3.048080e-08)
0.191564      	(-2.000328e+00 1.940139e+00 3.049088e-08)
0.191581      	(-2.000434e+00 1.940261e+00 3.049889e-08)
0.191599      	(-2.000539e+00 1.940382e+00 3.050535e-08)
0.191616      	(-2.000644e+00 1.940503e+00 3.051075e-08)
0.191633      	(-2.000748e+00 1.940624e+00 3.051555e-08)
0.19165       	(-2.000853e+00 1.940745e+00 3.052009e-08)
0.191667      	(-2.000957e+00 1.940866e+00 3.052462e-08)
0.191684      	(-2.001061e+00 1.940986e+00 3.052929e-08)
0.191701      	(-2.001164e+00 1.941106e+00 3.053414e-08)
0.191719      	(-2.001268e+00 1.941226e+00 3.053917e-08)
0.191736      	(-2.001371e+00 1.941346e+00 3.054438e-08)
0.191753      	(-2.001474e+00 1.941465e+00 3.054970e-08)
0.19177       	(-2.001577e+00 1.941584e+00 3.055510e-08)
0.191787      	(-2.001679e+00 1.941703e+00 3.056056e-08)
0.191804      	(-2.001781e+00 1.941822e+00 3.056605e-08)
0.191821      	(-2.001885e+00 1.941943e+00 3.057669e-08)
0.191839      	(-2.001990e+00 1.942064e+00 3.058762e-08)
0.191856      	(-2.002095e+00 1.942186e+00 3.058898e-08)
0.191873      	(-2.002199e+00 1.942307e+00 3.058171e-08)
0.19189       	(-2.002303e+00 1.942427e+00 3.056877e-08)
0.191907      	(-2.002406e+00 1.942547e+00 3.055369e-08)
0.191924      	(-2.002508e+00 1.942665e+00 3.053997e-08)
0.191941      	(-2.002609e+00 1.942783e+00 3.053061e-08)
0.191958      	(-2.002710e+00 1.942901e+00 3.052750e-08)
0.191975      	(-2.002810e+00 1.943017e+00 3.053130e-08)
0.191993      	(-2.002910e+00 1.943134e+00 3.054160e-08)
0.19201       	(-2.003010e+00 1.943250e+00 3.055714e-08)
0.192027      	(-2.003109e+00 1.943366e+00 3.057625e-08)
0.192044      	(-2.003208e+00 1.943481e+00 3.059711e-08)
0.192061      	(-2.003306e+00 1.943597e+00 3.061811e-08)
0.192078      	(-2.003405e+00 1.943712e+00 3.063795e-08)
0.192095      	(-2.003503e+00 1.943827e+00 3.065574e-08)
0.192112      	(-2.003601e+00 1.943941e+00 3.067105e-08)
0.192129      	(-2.003699e+00 1.944056e+00 3.068381e-08)
0.192147      	(-2.003796e+00 1.944170e+00 3.069423e-08)
0.192164      	(-2.003893e+00 1.944284e+00 3.070271e-08)
0.192181      	(-2.003990e+00 1.944398e+00 3.070972e-08)
0.192198      	(-2.004087e+00 1.944512e+00 3.071572e-08)
0.192215      	(-2.004184e+00 1.944625e+00 3.072114e-08)
0.192232      	(-2.004280e+00 1.944738e+00 3.072629e-08)
0.192249      	(-2.004376e+00 1.944851e+00 3.073142e-08)
0.192266      	(-2.004472e+00 1.944964e+00 3.073664e-08)
0.192283      	(-2.004568e+00 1.945076e+00 3.074202e-08)
0.192301      	(-2.004663e+00 1.945188e+00 3.074755e-08)
0.192318      	(-2.004759e+00 1.945300e+00 3.075322e-08)
0.192335      	(-2.004854e+00 1.945412e+00 3.075901e-08)
0.192352      	(-2.004948e+00 1.945524e+00 3.076488e-08)
0.192369      	(-2.005043e+00 1.945635e+00 3.077079e-08)
0.192386      	(-2.005137e+00 1.945746e+00 3.077672e-08)
0.192403      	(-2.005231e+00 1.945857e+00 3.078264e-08)
0.19242       	(-2.005325e+00 1.945968e+00 3.078857e-08)
0.192437      	(-2.005419e+00 1.946078e+00 3.079449e-08)
0.192455      	(-2.005512e+00 1.946188e+00 3.080043e-08)
0.192472      	(-2.005607e+00 1.946300e+00 3.081094e-08)
0.192489      	(-2.005703e+00 1.946414e+00 3.082172e-08)
0.192506      	(-2.005800e+00 1.946527e+00 3.082795e-08)
0.192523      	(-2.005896e+00 1.946639e+00 3.082160e-08)
0.19254       	(-2.005991e+00 1.946751e+00 3.080558e-08)
0.192557      	(-2.006085e+00 1.946862e+00 3.078457e-08)
0.192574      	(-2.006178e+00 1.946973e+00 3.076347e-08)
0.192591      	(-2.006271e+00 1.947082e+00 3.074660e-08)
0.192608      	(-2.006363e+00 1.947191e+00 3.073713e-08)
0.192625      	(-2.006455e+00 1.947299e+00 3.073664e-08)
0.192642      	(-2.006546e+00 1.947407e+00 3.074518e-08)
0.192659      	(-2.006636e+00 1.947514e+00 3.076153e-08)
0.192676      	(-2.006727e+00 1.947621e+00 3.078368e-08)
0.192693      	(-2.006817e+00 1.947728e+00 3.080926e-08)
0.192711      	(-2.006907e+00 1.947835e+00 3.083597e-08)
0.192728      	(-2.006996e+00 1.947941e+00 3.086185e-08)
0.192745      	(-2.007086e+00 1.948047e+00 3.088546e-08)
0.192762      	(-2.007175e+00 1.948153e+00 3.090595e-08)
0.192779      	(-2.007264e+00 1.948259e+00 3.092299e-08)
0.192796      	(-2.007353e+00 1.948364e+00 3.093669e-08)
0.192813      	(-2.007441e+00 1.948469e+00 3.094745e-08)
0.19283       	(-2.007530e+00 1.948574e+00 3.095586e-08)
0.192847      	(-2.007618e+00 1.948679e+00 3.096256e-08)
0.192864      	(-2.007706e+00 1.948784e+00 3.096816e-08)
0.192881      	(-2.007794e+00 1.948888e+00 3.097315e-08)
0.192898      	(-2.007881e+00 1.948992e+00 3.097793e-08)
0.192915      	(-2.007968e+00 1.949096e+00 3.098273e-08)
0.192932      	(-2.008055e+00 1.949200e+00 3.098769e-08)
0.19295       	(-2.008142e+00 1.949303e+00 3.099287e-08)
0.192967      	(-2.008229e+00 1.949406e+00 3.099826e-08)
0.192984      	(-2.008315e+00 1.949509e+00 3.100381e-08)
0.193001      	(-2.008401e+00 1.949612e+00 3.100948e-08)
0.193018      	(-2.008487e+00 1.949714e+00 3.101522e-08)
0.193035      	(-2.008573e+00 1.949816e+00 3.102100e-08)
0.193052      	(-2.008658e+00 1.949918e+00 3.102678e-08)
0.193069      	(-2.008743e+00 1.950020e+00 3.103256e-08)
0.193086      	(-2.008828e+00 1.950121e+00 3.103835e-08)
0.193103      	(-2.008913e+00 1.950223e+00 3.104414e-08)
0.19312       	(-2.008998e+00 1.950324e+00 3.104995e-08)
0.193137      	(-2.009082e+00 1.950425e+00 3.105577e-08)
0.193154      	(-2.009166e+00 1.950525e+00 3.106161e-08)
0.193171      	(-2.009250e+00 1.950625e+00 3.106747e-08)
0.193189      	(-2.009334e+00 1.950726e+00 3.107337e-08)
0.193206      	(-2.009417e+00 1.950825e+00 3.107930e-08)
0.193223      	(-2.009501e+00 1.950925e+00 3.108525e-08)
0.19324       	(-2.009584e+00 1.951024e+00 3.109121e-08)
0.193257      	(-2.009666e+00 1.951124e+00 3.109719e-08)
0.193274      	(-2.009751e+00 1.951225e+00 3.110693e-08)
0.193291      	(-2.009837e+00 1.951327e+00 3.111688e-08)
0.193308      	(-2.009924e+00 1.951430e+00 3.112279e-08)
0.193325      	(-2.010009e+00 1.951532e+00 3.111758e-08)
0.193342      	(-2.010094e+00 1.951633e+00 3.110370e-08)
0.193359      	(-2.010178e+00 1.951734e+00 3.108526e-08)
0.193376      	(-2.010262e+00 1.951833e+00 3.106666e-08)
0.193393      	(-2.010344e+00 1.951931e+00 3.105180e-08)
0.19341       	(-2.010426e+00 1.952029e+00 3.104357e-08)
0.193427      	(-2.010507e+00 1.952126e+00 3.104344e-08)
0.193444      	(-2.010587e+00 1.952223e+00 3.105144e-08)
0.193461      	(-2.010668e+00 1.952319e+00 3.106650e-08)
0.193478      	(-2.010747e+00 1.952415e+00 3.108680e-08)
0.193495      	(-2.010827e+00 1.952511e+00 3.111019e-08)
0.193512      	(-2.010907e+00 1.952606e+00 3.113458e-08)
0.193529      	(-2.010986e+00 1.952701e+00 3.115821e-08)
0.193546      	(-2.011065e+00 1.952796e+00 3.117979e-08)
0.193563      	(-2.011144e+00 1.952891e+00 3.119853e-08)
0.19358       	(-2.011222e+00 1.952985e+00 3.121414e-08)
0.193597      	(-2.011301e+00 1.953080e+00 3.122671e-08)
0.193614      	(-2.011379e+00 1.953174e+00 3.123661e-08)
0.193631      	(-2.011457e+00 1.953268e+00 3.124437e-08)
0.193648      	(-2.011535e+00 1.953361e+00 3.125055e-08)
0.193666      	(-2.011612e+00 1.953454e+00 3.125571e-08)
0.193683      	(-2.011690e+00 1.953548e+00 3.126030e-08)
0.1937        	(-2.011767e+00 1.953640e+00 3.126467e-08)
0.193717      	(-2.011844e+00 1.953733e+00 3.126904e-08)
0.193734      	(-2.011920e+00 1.953825e+00 3.127355e-08)
0.193751      	(-2.011997e+00 1.953917e+00 3.127823e-08)
0.193768      	(-2.012073e+00 1.954009e+00 3.128306e-08)
0.193785      	(-2.012149e+00 1.954101e+00 3.128801e-08)
0.193802      	(-2.012225e+00 1.954192e+00 3.129302e-08)
0.193819      	(-2.012300e+00 1.954283e+00 3.129805e-08)
0.193836      	(-2.012376e+00 1.954374e+00 3.130308e-08)
0.193853      	(-2.012451e+00 1.954465e+00 3.130810e-08)
0.19387       	(-2.012526e+00 1.954555e+00 3.131311e-08)
0.193887      	(-2.012600e+00 1.954646e+00 3.131814e-08)
0.193904      	(-2.012675e+00 1.954736e+00 3.132318e-08)
0.193921      	(-2.012749e+00 1.954825e+00 3.132824e-08)
0.193938      	(-2.012823e+00 1.954915e+00 3.133334e-08)
0.193955      	(-2.012897e+00 1.955004e+00 3.133848e-08)
0.193972      	(-2.012971e+00 1.955093e+00 3.134364e-08)
0.193989      	(-2.013044e+00 1.955182e+00 3.134883e-08)
0.194006      	(-2.013117e+00 1.955270e+00 3.135404e-08)
0.194023      	(-2.013190e+00 1.955359e+00 3.135926e-08)
0.19404       	(-2.013263e+00 1.955447e+00 3.136447e-08)
0.194057      	(-2.013335e+00 1.955534e+00 3.136969e-08)
0.194074      	(-2.013408e+00 1.955622e+00 3.137489e-08)
0.194091      	(-2.013480e+00 1.955709e+00 3.138009e-08)
0.194108      	(-2.013552e+00 1.955796e+00 3.138528e-08)
0.194125      	(-2.013623e+00 1.955883e+00 3.139046e-08)
0.194142      	(-2.013695e+00 1.955970e+00 3.139562e-08)
0.194159      	(-2.013766e+00 1.956056e+00 3.140077e-08)
0.194176      	(-2.013837e+00 1.956143e+00 3.140589e-08)
0.194193      	(-2.013908e+00 1.956228e+00 3.141099e-08)
0.19421       	(-2.013979e+00 1.956314e+00 3.141607e-08)
0.194227      	(-2.014049e+00 1.956400e+00 3.142112e-08)
0.194244      	(-2.014119e+00 1.956485e+00 3.142616e-08)
0.194262      	(-2.014189e+00 1.956570e+00 3.143117e-08)
0.194278      	(-2.014262e+00 1.956657e+00 3.143292e-08)
0.194295      	(-2.014336e+00 1.956746e+00 3.144150e-08)
0.194312      	(-2.014410e+00 1.956835e+00 3.144678e-08)
0.194329      	(-2.014483e+00 1.956924e+00 3.144665e-08)
0.194346      	(-2.014556e+00 1.957012e+00 3.143511e-08)
0.194363      	(-2.014628e+00 1.957098e+00 3.141592e-08)
0.19438       	(-2.014698e+00 1.957183e+00 3.139411e-08)
0.194397      	(-2.014768e+00 1.957268e+00 3.137400e-08)
0.194414      	(-2.014837e+00 1.957351e+00 3.135958e-08)
0.194431      	(-2.014906e+00 1.957434e+00 3.135329e-08)
0.194448      	(-2.014973e+00 1.957517e+00 3.135598e-08)
0.194465      	(-2.015041e+00 1.957599e+00 3.136711e-08)
0.194482      	(-2.015108e+00 1.957681e+00 3.138506e-08)
0.194499      	(-2.015175e+00 1.957762e+00 3.140762e-08)
0.194516      	(-2.015242e+00 1.957843e+00 3.143245e-08)
0.194533      	(-2.015308e+00 1.957924e+00 3.145742e-08)
0.19455       	(-2.015374e+00 1.958005e+00 3.148081e-08)
0.194567      	(-2.015440e+00 1.958086e+00 3.150146e-08)
0.194584      	(-2.015506e+00 1.958166e+00 3.151878e-08)
0.194601      	(-2.015572e+00 1.958246e+00 3.153263e-08)
0.194618      	(-2.015637e+00 1.958326e+00 3.154327e-08)
0.194635      	(-2.015702e+00 1.958405e+00 3.155119e-08)
0.194652      	(-2.015767e+00 1.958485e+00 3.155699e-08)
0.194669      	(-2.015832e+00 1.958564e+00 3.156503e-08)
0.194686      	(-2.015896e+00 1.958643e+00 3.157393e-08)
0.194703      	(-2.015961e+00 1.958721e+00 3.158248e-08)
0.19472       	(-2.016025e+00 1.958800e+00 3.158986e-08)
0.194737      	(-2.016089e+00 1.958878e+00 3.159578e-08)
0.194754      	(-2.016152e+00 1.958955e+00 3.160031e-08)
0.194771      	(-2.016216e+00 1.959033e+00 3.160383e-08)
0.194788      	(-2.016279e+00 1.959110e+00 3.160679e-08)
0.194805      	(-2.016342e+00 1.959188e+00 3.160963e-08)
0.194822      	(-2.016405e+00 1.959265e+00 3.161264e-08)
0.194839      	(-2.016467e+00 1.959341e+00 3.161594e-08)
0.194856      	(-2.016529e+00 1.959418e+00 3.161954e-08)
0.194873      	(-2.016591e+00 1.959494e+00 3.162333e-08)
0.19489       	(-2.016653e+00 1.959570e+00 3.162716e-08)
0.194907      	(-2.016715e+00 1.959646e+00 3.163088e-08)
0.194924      	(-2.016776e+00 1.959721e+00 3.163442e-08)
0.194941      	(-2.016838e+00 1.959796e+00 3.163773e-08)
0.194958      	(-2.016899e+00 1.959871e+00 3.164085e-08)
0.194975      	(-2.016959e+00 1.959946e+00 3.164382e-08)
0.194992      	(-2.017020e+00 1.960021e+00 3.164672e-08)
0.195009      	(-2.017080e+00 1.960095e+00 3.164963e-08)
0.195026      	(-2.017140e+00 1.960169e+00 3.165259e-08)
0.195042      	(-2.017200e+00 1.960243e+00 3.165563e-08)
0.195059      	(-2.017260e+00 1.960317e+00 3.165875e-08)
0.195076      	(-2.017319e+00 1.960390e+00 3.166193e-08)
0.195093      	(-2.017378e+00 1.960463e+00 3.166515e-08)
0.19511       	(-2.017438e+00 1.960536e+00 3.166837e-08)
0.195127      	(-2.017496e+00 1.960609e+00 3.167155e-08)
0.195144      	(-2.017555e+00 1.960681e+00 3.167469e-08)
0.195161      	(-2.017613e+00 1.960754e+00 3.167778e-08)
0.195178      	(-2.017671e+00 1.960826e+00 3.168080e-08)
0.195195      	(-2.017729e+00 1.960897e+00 3.168377e-08)
0.195212      	(-2.017787e+00 1.960969e+00 3.168670e-08)
0.195229      	(-2.017844e+00 1.961040e+00 3.168958e-08)
0.195246      	(-2.017902e+00 1.961111e+00 3.169244e-08)
0.195263      	(-2.017959e+00 1.961182e+00 3.169527e-08)
0.19528       	(-2.018016e+00 1.961253e+00 3.169808e-08)
0.195297      	(-2.018072e+00 1.961323e+00 3.170087e-08)
0.195314      	(-2.018129e+00 1.961393e+00 3.170363e-08)
0.195331      	(-2.018185e+00 1.961463e+00 3.170637e-08)
0.195348      	(-2.018241e+00 1.961533e+00 3.170909e-08)
0.195365      	(-2.018296e+00 1.961602e+00 3.171178e-08)
0.195382      	(-2.018352e+00 1.961671e+00 3.171444e-08)
0.195399      	(-2.018407e+00 1.961740e+00 3.171706e-08)
0.195416      	(-2.018462e+00 1.961809e+00 3.171965e-08)
0.195433      	(-2.018517e+00 1.961877e+00 3.172221e-08)
0.19545       	(-2.018572e+00 1.961946e+00 3.172474e-08)
0.195467      	(-2.018626e+00 1.962014e+00 3.172725e-08)
0.195484      	(-2.018680e+00 1.962081e+00 3.172972e-08)
0.195501      	(-2.018734e+00 1.962149e+00 3.173217e-08)
0.195518      	(-2.018788e+00 1.962216e+00 3.173459e-08)
0.195535      	(-2.018842e+00 1.962283e+00 3.173698e-08)
0.195552      	(-2.018895e+00 1.962350e+00 3.173933e-08)
0.195569      	(-2.018948e+00 1.962417e+00 3.174165e-08)
0.195586      	(-2.019001e+00 1.962483e+00 3.174392e-08)
0.195603      	(-2.019054e+00 1.962549e+00 3.174614e-08)
0.19562       	(-2.019106e+00 1.962615e+00 3.174832e-08)
0.195637      	(-2.019158e+00 1.962681e+00 3.175046e-08)
0.195654      	(-2.019210e+00 1.962746e+00 3.175256e-08)
0.195671      	(-2.019262e+00 1.962811e+00 3.175463e-08)
0.195688      	(-2.019314e+00 1.962876e+00 3.175669e-08)
0.195705      	(-2.019365e+00 1.962941e+00 3.175873e-08)
0.195722      	(-2.019416e+00 1.963006e+00 3.176077e-08)
0.195739      	(-2.019467e+00 1.963070e+00 3.176281e-08)
0.195755      	(-2.019521e+00 1.963138e+00 3.176653e-08)
0.195772      	(-2.019578e+00 1.963208e+00 3.176842e-08)
0.195789      	(-2.019635e+00 1.963278e+00 3.177216e-08)
0.195806      	(-2.019691e+00 1.963348e+00 3.177156e-08)
0.195823      	(-2.019746e+00 1.963416e+00 3.175666e-08)
0.19584       	(-2.019799e+00 1.963483e+00 3.173671e-08)
0.195857      	(-2.019852e+00 1.963548e+00 3.171626e-08)
0.195874      	(-2.019903e+00 1.963613e+00 3.169841e-08)
0.195891      	(-2.019953e+00 1.963676e+00 3.168565e-08)
0.195908      	(-2.020003e+00 1.963739e+00 3.167952e-08)
0.195925      	(-2.020052e+00 1.963801e+00 3.168045e-08)
0.195942      	(-2.020100e+00 1.963862e+00 3.168785e-08)
0.195958      	(-2.020148e+00 1.963923e+00 3.170039e-08)
0.195975      	(-2.020196e+00 1.963984e+00 3.171637e-08)
0.195992      	(-2.020243e+00 1.964045e+00 3.173385e-08)
0.196009      	(-2.020291e+00 1.964105e+00 3.175135e-08)
0.196026      	(-2.020338e+00 1.964166e+00 3.176759e-08)
0.196043      	(-2.020384e+00 1.964226e+00 3.178167e-08)
0.19606       	(-2.020431e+00 1.964285e+00 3.179313e-08)
0.196077      	(-2.020477e+00 1.964345e+00 3.180188e-08)
0.196094      	(-2.020524e+00 1.964404e+00 3.180809e-08)
0.196111      	(-2.020570e+00 1.964463e+00 3.181215e-08)
0.196128      	(-2.020615e+00 1.964522e+00 3.181452e-08)
0.196144      	(-2.020661e+00 1.964581e+00 3.181566e-08)
0.196161      	(-2.020706e+00 1.964639e+00 3.181603e-08)
0.196178      	(-2.020751e+00 1.964698e+00 3.181597e-08)
0.196195      	(-2.020796e+00 1.964755e+00 3.181575e-08)
0.196212      	(-2.020841e+00 1.964813e+00 3.181553e-08)
0.196229      	(-2.020885e+00 1.964871e+00 3.181540e-08)
0.196246      	(-2.020929e+00 1.964928e+00 3.181539e-08)
0.196263      	(-2.020973e+00 1.964985e+00 3.181550e-08)
0.19628       	(-2.021017e+00 1.965042e+00 3.181569e-08)
0.196297      	(-2.021060e+00 1.965098e+00 3.181595e-08)
0.196314      	(-2.021103e+00 1.965154e+00 3.181624e-08)
0.19633       	(-2.021146e+00 1.965210e+00 3.181655e-08)
0.196347      	(-2.021189e+00 1.965266e+00 3.181686e-08)
0.196364      	(-2.021231e+00 1.965322e+00 3.181718e-08)
0.196381      	(-2.021274e+00 1.965377e+00 3.181752e-08)
0.196398      	(-2.021316e+00 1.965432e+00 3.181787e-08)
0.196415      	(-2.021357e+00 1.965487e+00 3.181825e-08)
0.196432      	(-2.021399e+00 1.965542e+00 3.181865e-08)
0.196449      	(-2.021440e+00 1.965597e+00 3.181907e-08)
0.196466      	(-2.021481e+00 1.965651e+00 3.181952e-08)
0.196483      	(-2.021522e+00 1.965705e+00 3.181998e-08)
0.1965        	(-2.021563e+00 1.965759e+00 3.182045e-08)
0.196516      	(-2.021603e+00 1.965813e+00 3.182092e-08)
0.196533      	(-2.021643e+00 1.965866e+00 3.182138e-08)
0.19655       	(-2.021683e+00 1.965919e+00 3.182183e-08)
0.196567      	(-2.021723e+00 1.965972e+00 3.182226e-08)
0.196584      	(-2.021762e+00 1.966025e+00 3.182266e-08)
0.196601      	(-2.021802e+00 1.966077e+00 3.182305e-08)
0.196618      	(-2.021841e+00 1.966130e+00 3.182341e-08)
0.196635      	(-2.021880e+00 1.966182e+00 3.182375e-08)
0.196652      	(-2.021918e+00 1.966234e+00 3.182407e-08)
0.196669      	(-2.021956e+00 1.966285e+00 3.182436e-08)
0.196686      	(-2.021995e+00 1.966337e+00 3.182464e-08)
0.196702      	(-2.022032e+00 1.966388e+00 3.182489e-08)
0.196719      	(-2.022070e+00 1.966439e+00 3.182512e-08)
0.196736      	(-2.022107e+00 1.966489e+00 3.182533e-08)
0.196753      	(-2.022145e+00 1.966540e+00 3.182551e-08)
0.19677       	(-2.022182e+00 1.966590e+00 3.182567e-08)
0.196787      	(-2.022218e+00 1.966640e+00 3.182580e-08)
0.196804      	(-2.022255e+00 1.966690e+00 3.182592e-08)
0.196821      	(-2.022291e+00 1.966740e+00 3.182601e-08)
0.196838      	(-2.022327e+00 1.966789e+00 3.182608e-08)
0.196855      	(-2.022363e+00 1.966838e+00 3.182612e-08)
0.196872      	(-2.022399e+00 1.966887e+00 3.182614e-08)
0.196888      	(-2.022434e+00 1.966936e+00 3.182614e-08)
0.196905      	(-2.022469e+00 1.966984e+00 3.182612e-08)
0.196922      	(-2.022504e+00 1.967033e+00 3.182607e-08)
0.196939      	(-2.022539e+00 1.967081e+00 3.182599e-08)
0.196956      	(-2.022573e+00 1.967129e+00 3.182589e-08)
0.196973      	(-2.022607e+00 1.967176e+00 3.182577e-08)
0.19699       	(-2.022641e+00 1.967224e+00 3.182562e-08)
0.197007      	(-2.022675e+00 1.967271e+00 3.182544e-08)
0.197024      	(-2.022708e+00 1.967318e+00 3.182524e-08)
0.197041      	(-2.022742e+00 1.967364e+00 3.182502e-08)
0.197058      	(-2.022775e+00 1.967411e+00 3.182477e-08)
0.197075      	(-2.022808e+00 1.967457e+00 3.182450e-08)
0.197091      	(-2.022840e+00 1.967503e+00 3.182420e-08)
0.197108      	(-2.022873e+00 1.967549e+00 3.182388e-08)
0.197125      	(-2.022905e+00 1.967595e+00 3.182354e-08)
0.197142      	(-2.022937e+00 1.967640e+00 3.182317e-08)
0.197159      	(-2.022968e+00 1.967685e+00 3.182279e-08)
0.197176      	(-2.023000e+00 1.967730e+00 3.182237e-08)
0.197193      	(-2.023031e+00 1.967775e+00 3.182194e-08)
0.19721       	(-2.023062e+00 1.967819e+00 3.182148e-08)
0.197227      	(-2.023093e+00 1.967863e+00 3.182100e-08)
0.197244      	(-2.023124e+00 1.967907e+00 3.182050e-08)
0.197261      	(-2.023154e+00 1.967951e+00 3.181997e-08)
0.197277      	(-2.023184e+00 1.967995e+00 3.181942e-08)
0.197294      	(-2.023214e+00 1.968038e+00 3.181885e-08)
0.197311      	(-2.023243e+00 1.968081e+00 3.181825e-08)
0.197328      	(-2.023273e+00 1.968124e+00 3.181764e-08)
0.197345      	(-2.023302e+00 1.968167e+00 3.181700e-08)
0.197362      	(-2.023331e+00 1.968209e+00 3.181634e-08)
0.197379      	(-2.023360e+00 1.968251e+00 3.181565e-08)
0.197396      	(-2.023388e+00 1.968294e+00 3.181495e-08)
0.197413      	(-2.023416e+00 1.968335e+00 3.181422e-08)
0.19743       	(-2.023444e+00 1.968377e+00 3.181346e-08)
0.197447      	(-2.023472e+00 1.968418e+00 3.181269e-08)
0.197463      	(-2.023500e+00 1.968459e+00 3.181189e-08)
0.19748       	(-2.023527e+00 1.968500e+00 3.181108e-08)
0.197497      	(-2.023554e+00 1.968541e+00 3.181024e-08)
0.197514      	(-2.023581e+00 1.968581e+00 3.180937e-08)
0.197531      	(-2.023608e+00 1.968622e+00 3.180849e-08)
0.197548      	(-2.023634e+00 1.968662e+00 3.180759e-08)
0.197565      	(-2.023660e+00 1.968701e+00 3.180666e-08)
0.197582      	(-2.023686e+00 1.968741e+00 3.180572e-08)
0.197599      	(-2.023712e+00 1.968780e+00 3.180475e-08)
0.197616      	(-2.023738e+00 1.968819e+00 3.180377e-08)
0.197633      	(-2.023763e+00 1.968858e+00 3.180276e-08)
0.197649      	(-2.023788e+00 1.968897e+00 3.180174e-08)
0.197666      	(-2.023813e+00 1.968935e+00 3.180078e-08)
0.197683      	(-2.023837e+00 1.968974e+00 3.179979e-08)
0.1977        	(-2.023862e+00 1.969012e+00 3.179876e-08)
0.197717      	(-2.023886e+00 1.969049e+00 3.179768e-08)
0.197734      	(-2.023910e+00 1.969087e+00 3.179657e-08)
0.197751      	(-2.023933e+00 1.969124e+00 3.179541e-08)
0.197768      	(-2.023957e+00 1.969161e+00 3.179422e-08)
0.197785      	(-2.023980e+00 1.969198e+00 3.179301e-08)
0.197802      	(-2.024003e+00 1.969235e+00 3.179179e-08)
0.197819      	(-2.024026e+00 1.969271e+00 3.179056e-08)
0.197835      	(-2.024048e+00 1.969307e+00 3.178932e-08)
0.197852      	(-2.024071e+00 1.969343e+00 3.178807e-08)
0.197869      	(-2.024093e+00 1.969379e+00 3.178681e-08)
0.197886      	(-2.024114e+00 1.969415e+00 3.178554e-08)
0.197903      	(-2.024136e+00 1.969450e+00 3.178424e-08)
0.19792       	(-2.024157e+00 1.969485e+00 3.178292e-08)
0.197937      	(-2.024179e+00 1.969520e+00 3.178158e-08)
0.197954      	(-2.024199e+00 1.969555e+00 3.178022e-08)
0.197971      	(-2.024220e+00 1.969589e+00 3.177886e-08)
0.197988      	(-2.024241e+00 1.969623e+00 3.177751e-08)
0.198005      	(-2.024261e+00 1.969657e+00 3.177616e-08)
0.198021      	(-2.024281e+00 1.969691e+00 3.177479e-08)
0.198038      	(-2.024300e+00 1.969725e+00 3.177342e-08)
0.198055      	(-2.024320e+00 1.969758e+00 3.177201e-08)
0.198072      	(-2.024339e+00 1.969791e+00 3.177058e-08)
0.198089      	(-2.024358e+00 1.969824e+00 3.176911e-08)
0.198106      	(-2.024377e+00 1.969857e+00 3.176760e-08)
0.198123      	(-2.024396e+00 1.969889e+00 3.176606e-08)
0.19814       	(-2.024414e+00 1.969921e+00 3.176447e-08)
0.198157      	(-2.024432e+00 1.969953e+00 3.176286e-08)
0.198174      	(-2.024450e+00 1.969985e+00 3.176121e-08)
0.198191      	(-2.024468e+00 1.970017e+00 3.175953e-08)
0.198207      	(-2.024485e+00 1.970048e+00 3.175784e-08)
0.198224      	(-2.024502e+00 1.970079e+00 3.175612e-08)
0.198241      	(-2.024519e+00 1.970110e+00 3.175439e-08)
0.198258      	(-2.024536e+00 1.970141e+00 3.175266e-08)
0.198275      	(-2.024553e+00 1.970171e+00 3.175094e-08)
0.198292      	(-2.024569e+00 1.970201e+00 3.174909e-08)
0.198309      	(-2.024585e+00 1.970231e+00 3.174716e-08)
0.198326      	(-2.024601e+00 1.970261e+00 3.174521e-08)
0.198343      	(-2.024616e+00 1.970291e+00 3.174325e-08)
0.19836       	(-2.024632e+00 1.970320e+00 3.174130e-08)
0.198377      	(-2.024647e+00 1.970349e+00 3.173660e-08)
0.198394      	(-2.024662e+00 1.970378e+00 3.173074e-08)
0.19841       	(-2.024676e+00 1.970407e+00 3.172507e-08)
0.198427      	(-2.024691e+00 1.970435e+00 3.172046e-08)
0.198444      	(-2.024705e+00 1.970463e+00 3.171731e-08)
0.198461      	(-2.024719e+00 1.970492e+00 3.171554e-08)
0.198478      	(-2.024733e+00 1.970519e+00 3.171476e-08)
0.198495      	(-2.024746e+00 1.970547e+00 3.171449e-08)
0.198512      	(-2.024759e+00 1.970574e+00 3.171425e-08)
0.198529      	(-2.024772e+00 1.970601e+00 3.171369e-08)
0.198546      	(-2.024785e+00 1.970628e+00 3.171264e-08)
0.198563      	(-2.024798e+00 1.970655e+00 3.171109e-08)
0.19858       	(-2.024810e+00 1.970681e+00 3.170912e-08)
0.198596      	(-2.024822e+00 1.970708e+00 3.170691e-08)
0.198613      	(-2.024834e+00 1.970734e+00 3.170462e-08)
0.19863       	(-2.024846e+00 1.970760e+00 3.170240e-08)
0.198647      	(-2.024857e+00 1.970785e+00 3.170034e-08)
0.198664      	(-2.024868e+00 1.970810e+00 3.169846e-08)
0.198681      	(-2.024879e+00 1.970836e+00 3.169676e-08)
0.198698      	(-2.024890e+00 1.970861e+00 3.169519e-08)
0.198715      	(-2.024900e+00 1.970885e+00 3.169369e-08)
0.198732      	(-2.024910e+00 1.970910e+00 3.169902e-08)
0.198749      	(-2.024920e+00 1.970934e+00 3.170750e-08)
0.198766      	(-2.024930e+00 1.970958e+00 3.171597e-08)
0.198782      	(-2.024940e+00 1.970982e+00 3.172236e-08)
0.198799      	(-2.024949e+00 1.971005e+00 3.172571e-08)
0.198816      	(-2.024958e+00 1.971029e+00 3.172605e-08)
0.198833      	(-2.024967e+00 1.971052e+00 3.172302e-08)
0.19885       	(-2.024975e+00 1.971075e+00 3.171804e-08)
0.198867      	(-2.024984e+00 1.971098e+00 3.171244e-08)
0.198884      	(-2.024992e+00 1.971120e+00 3.170719e-08)
0.198901      	(-2.025000e+00 1.971142e+00 3.170287e-08)
0.198918      	(-2.025008e+00 1.971164e+00 3.169962e-08)
0.198935      	(-2.025015e+00 1.971186e+00 3.169731e-08)
0.198952      	(-2.025022e+00 1.971208e+00 3.169561e-08)
0.198968      	(-2.025029e+00 1.971229e+00 3.169417e-08)
0.198985      	(-2.025036e+00 1.971250e+00 3.169269e-08)
0.199002      	(-2.025042e+00 1.971271e+00 3.169095e-08)
0.199019      	(-2.025049e+00 1.971292e+00 3.168888e-08)
0.199036      	(-2.025055e+00 1.971313e+00 3.168647e-08)
0.199053      	(-2.025061e+00 1.971333e+00 3.168382e-08)
0.19907       	(-2.025066e+00 1.971353e+00 3.168102e-08)
0.199087      	(-2.025071e+00 1.971373e+00 3.167819e-08)
0.199104      	(-2.025077e+00 1.971392e+00 3.167540e-08)
0.199121      	(-2.025081e+00 1.971412e+00 3.167270e-08)
0.199138      	(-2.025086e+00 1.971431e+00 3.167008e-08)
0.199154      	(-2.025090e+00 1.971450e+00 3.166755e-08)
0.199171      	(-2.025095e+00 1.971469e+00 3.166507e-08)
0.199188      	(-2.025099e+00 1.971487e+00 3.166259e-08)
0.199205      	(-2.025102e+00 1.971505e+00 3.166011e-08)
0.199222      	(-2.025106e+00 1.971524e+00 3.165758e-08)
0.199239      	(-2.025109e+00 1.971541e+00 3.165503e-08)
0.199256      	(-2.025112e+00 1.971559e+00 3.165243e-08)
0.199273      	(-2.025115e+00 1.971577e+00 3.164981e-08)
0.19929       	(-2.025117e+00 1.971594e+00 3.164716e-08)
0.199307      	(-2.025120e+00 1.971611e+00 3.164450e-08)
0.199324      	(-2.025122e+00 1.971627e+00 3.164184e-08)
0.19934       	(-2.025123e+00 1.971644e+00 3.163917e-08)
0.199357      	(-2.025125e+00 1.971660e+00 3.163650e-08)
0.199374      	(-2.025126e+00 1.971676e+00 3.163383e-08)
0.199391      	(-2.025128e+00 1.971692e+00 3.163115e-08)
0.199408      	(-2.025129e+00 1.971708e+00 3.162846e-08)
0.199425      	(-2.025129e+00 1.971723e+00 3.162576e-08)
0.199442      	(-2.025130e+00 1.971739e+00 3.162305e-08)
0.199459      	(-2.025130e+00 1.971754e+00 3.162032e-08)
0.199476      	(-2.025130e+00 1.971768e+00 3.161759e-08)
0.199493      	(-2.025130e+00 1.971783e+00 3.161484e-08)
0.19951       	(-2.025129e+00 1.971797e+00 3.160572e-08)
0.199527      	(-2.025128e+00 1.971811e+00 3.159555e-08)
0.199543      	(-2.025127e+00 1.971825e+00 3.158593e-08)
0.19956       	(-2.025126e+00 1.971839e+00 3.157775e-08)
0.199577      	(-2.025125e+00 1.971852e+00 3.154695e-08)
0.199594      	(-2.025123e+00 1.971866e+00 3.150818e-08)
0.199611      	(-2.025121e+00 1.971879e+00 3.147050e-08)
0.199628      	(-2.025119e+00 1.971891e+00 3.143998e-08)
0.199645      	(-2.025117e+00 1.971904e+00 3.141854e-08)
0.199662      	(-2.025114e+00 1.971916e+00 3.140752e-08)
0.199679      	(-2.025111e+00 1.971928e+00 3.140527e-08)
0.199696      	(-2.025108e+00 1.971940e+00 3.141023e-08)
0.199713      	(-2.025105e+00 1.971952e+00 3.141963e-08)
0.199729      	(-2.025101e+00 1.971963e+00 3.143090e-08)
0.199746      	(-2.025098e+00 1.971975e+00 3.144213e-08)
0.199763      	(-2.025094e+00 1.971986e+00 3.145225e-08)
0.19978       	(-2.025089e+00 1.971997e+00 3.146099e-08)
0.199797      	(-2.025085e+00 1.972007e+00 3.146662e-08)
0.199814      	(-2.025080e+00 1.972017e+00 3.147056e-08)
0.199831      	(-2.025075e+00 1.972028e+00 3.147571e-08)
0.199848      	(-2.025070e+00 1.972038e+00 3.148190e-08)
0.199865      	(-2.025065e+00 1.972047e+00 3.148888e-08)
0.199882      	(-2.025059e+00 1.972057e+00 3.149638e-08)
0.199899      	(-2.025053e+00 1.972066e+00 3.150346e-08)
0.199915      	(-2.025047e+00 1.972075e+00 3.150969e-08)
0.199932      	(-2.025041e+00 1.972084e+00 3.151513e-08)
0.199949      	(-2.025034e+00 1.972092e+00 3.152030e-08)
0.199966      	(-2.025027e+00 1.972101e+00 3.152611e-08)
0.199983      	(-2.025020e+00 1.972109e+00 3.153228e-08)
0.2           	(-2.025013e+00 1.972117e+00 3.153906e-08)
0.200017      	(-2.025007e+00 1.972126e+00 3.153684e-08)
0.200034      	(-2.025001e+00 1.972135e+00 3.152872e-08)
0.200051      	(-2.024995e+00 1.972144e+00 3.152044e-08)
0.200068      	(-2.024988e+00 1.972153e+00 3.151680e-08)
0.200084      	(-2.024981e+00 1.972161e+00 3.151460e-08)
0.200101      	(-2.024974e+00 1.972169e+00 3.151296e-08)
0.200118      	(-2.024966e+00 1.972176e+00 3.151409e-08)
0.200135      	(-2.024957e+00 1.972183e+00 3.151556e-08)
0.200152      	(-2.024948e+00 1.972190e+00 3.151780e-08)
0.200169      	(-2.024939e+00 1.972196e+00 3.151915e-08)
0.200186      	(-2.024929e+00 1.972201e+00 3.151920e-08)
0.200203      	(-2.024919e+00 1.972207e+00 3.151789e-08)
0.20022       	(-2.024909e+00 1.972212e+00 3.151547e-08)
0.200236      	(-2.024899e+00 1.972217e+00 3.151273e-08)
0.200253      	(-2.024888e+00 1.972221e+00 3.151000e-08)
0.20027       	(-2.024877e+00 1.972226e+00 3.150772e-08)
0.200287      	(-2.024866e+00 1.972230e+00 3.150616e-08)
0.200304      	(-2.024854e+00 1.972234e+00 3.150550e-08)
0.200321      	(-2.024843e+00 1.972238e+00 3.150357e-08)
0.200338      	(-2.024831e+00 1.972241e+00 3.150062e-08)
0.200355      	(-2.024819e+00 1.972245e+00 3.149727e-08)
0.200372      	(-2.024806e+00 1.972248e+00 3.149401e-08)
0.200389      	(-2.024794e+00 1.972251e+00 3.149106e-08)
0.200405      	(-2.024781e+00 1.972253e+00 3.148848e-08)
0.200422      	(-2.024768e+00 1.972256e+00 3.148616e-08)
0.200439      	(-2.024755e+00 1.972258e+00 3.148395e-08)
0.200456      	(-2.024741e+00 1.972260e+00 3.148065e-08)
0.200473      	(-2.024727e+00 1.972262e+00 3.147737e-08)
0.20049       	(-2.024713e+00 1.972263e+00 3.147413e-08)
0.200507      	(-2.024699e+00 1.972265e+00 3.147131e-08)
0.200524      	(-2.024685e+00 1.972266e+00 3.146852e-08)
0.200541      	(-2.024670e+00 1.972267e+00 3.146580e-08)
0.200557      	(-2.024655e+00 1.972267e+00 3.146318e-08)
0.200574      	(-2.024640e+00 1.972268e+00 3.146067e-08)
0.200591      	(-2.024624e+00 1.972268e+00 3.145826e-08)
0.200608      	(-2.024609e+00 1.972268e+00 3.145594e-08)
0.200625      	(-2.024593e+00 1.972268e+00 3.145368e-08)
0.200642      	(-2.024577e+00 1.972267e+00 3.145146e-08)
0.200659      	(-2.024560e+00 1.972267e+00 3.144925e-08)
0.200676      	(-2.024544e+00 1.972266e+00 3.144703e-08)
0.200693      	(-2.024527e+00 1.972265e+00 3.144482e-08)
0.200709      	(-2.024510e+00 1.972264e+00 3.144261e-08)
0.200726      	(-2.024493e+00 1.972262e+00 3.144040e-08)
0.200743      	(-2.024475e+00 1.972260e+00 3.143821e-08)
0.20076       	(-2.024457e+00 1.972258e+00 3.143605e-08)
0.200777      	(-2.024439e+00 1.972256e+00 3.143390e-08)
0.200794      	(-2.024421e+00 1.972254e+00 3.143178e-08)
0.200811      	(-2.024403e+00 1.972251e+00 3.142967e-08)
0.200828      	(-2.024384e+00 1.972248e+00 3.142765e-08)
0.200845      	(-2.024365e+00 1.972245e+00 3.142562e-08)
0.200861      	(-2.024346e+00 1.972242e+00 3.142354e-08)
0.200878      	(-2.024326e+00 1.972239e+00 3.142137e-08)
0.200895      	(-2.024307e+00 1.972235e+00 3.141909e-08)
0.200912      	(-2.024287e+00 1.972231e+00 3.141672e-08)
0.200929      	(-2.024267e+00 1.972227e+00 3.141430e-08)
0.200946      	(-2.024247e+00 1.972222e+00 3.141388e-08)
0.200963      	(-2.024226e+00 1.972218e+00 3.141437e-08)
0.20098       	(-2.024205e+00 1.972213e+00 3.141464e-08)
0.200997      	(-2.024184e+00 1.972208e+00 3.141393e-08)
0.201014      	(-2.024163e+00 1.972203e+00 3.141181e-08)
0.20103       	(-2.024141e+00 1.972197e+00 3.140814e-08)
0.201047      	(-2.024120e+00 1.972191e+00 3.140304e-08)
0.201064      	(-2.024098e+00 1.972186e+00 3.139685e-08)
0.201081      	(-2.024076e+00 1.972179e+00 3.139000e-08)
0.201098      	(-2.024053e+00 1.972173e+00 3.138887e-08)
0.201115      	(-2.024030e+00 1.972167e+00 3.139088e-08)
0.201132      	(-2.024008e+00 1.972160e+00 3.139376e-08)
0.201149      	(-2.023984e+00 1.972153e+00 3.139591e-08)
0.201166      	(-2.023961e+00 1.972145e+00 3.139653e-08)
0.201182      	(-2.023938e+00 1.972138e+00 3.139554e-08)
0.201199      	(-2.023914e+00 1.972130e+00 3.139333e-08)
0.201216      	(-2.023890e+00 1.972122e+00 3.139053e-08)
0.201233      	(-2.023865e+00 1.972114e+00 3.138772e-08)
0.20125       	(-2.023841e+00 1.972106e+00 3.138535e-08)
0.201267      	(-2.023816e+00 1.972097e+00 3.138360e-08)
0.201284      	(-2.023791e+00 1.972089e+00 3.138246e-08)
0.201301      	(-2.023766e+00 1.972080e+00 3.138175e-08)
0.201318      	(-2.023741e+00 1.972070e+00 3.138121e-08)
0.201334      	(-2.023715e+00 1.972061e+00 3.138059e-08)
0.201351      	(-2.023689e+00 1.972051e+00 3.137971e-08)
0.201368      	(-2.023663e+00 1.972041e+00 3.137849e-08)
0.201385      	(-2.023636e+00 1.972031e+00 3.137691e-08)
0.201402      	(-2.023610e+00 1.972021e+00 3.137499e-08)
0.201419      	(-2.023583e+00 1.972010e+00 3.137285e-08)
0.201436      	(-2.023556e+00 1.972000e+00 3.137061e-08)
0.201453      	(-2.023529e+00 1.971989e+00 3.136837e-08)
0.20147       	(-2.023501e+00 1.971977e+00 3.136344e-08)
0.201486      	(-2.023473e+00 1.971966e+00 3.135738e-08)
0.201503      	(-2.023445e+00 1.971954e+00 3.135150e-08)
0.20152       	(-2.023417e+00 1.971942e+00 3.134665e-08)
0.201537      	(-2.023389e+00 1.971930e+00 3.134321e-08)
0.201554      	(-2.023360e+00 1.971918e+00 3.134111e-08)
0.201571      	(-2.023329e+00 1.971903e+00 3.134015e-08)
0.201588      	(-2.023297e+00 1.971887e+00 3.133620e-08)
0.201605      	(-2.023264e+00 1.971871e+00 3.133298e-08)
0.201622      	(-2.023231e+00 1.971854e+00 3.133103e-08)
0.201639      	(-2.023198e+00 1.971838e+00 3.133052e-08)
0.201656      	(-2.023166e+00 1.971822e+00 3.133534e-08)
0.201673      	(-2.023134e+00 1.971807e+00 3.134362e-08)
0.201689      	(-2.023102e+00 1.971792e+00 3.135270e-08)
0.201706      	(-2.023071e+00 1.971777e+00 3.136070e-08)
0.201723      	(-2.023039e+00 1.971762e+00 3.136623e-08)
0.20174       	(-2.023008e+00 1.971746e+00 3.136845e-08)
0.201757      	(-2.022976e+00 1.971731e+00 3.136717e-08)
0.201774      	(-2.022944e+00 1.971716e+00 3.136272e-08)
0.201791      	(-2.022912e+00 1.971700e+00 3.135577e-08)
0.201808      	(-2.022880e+00 1.971685e+00 3.134720e-08)
0.201825      	(-2.022847e+00 1.971669e+00 3.133790e-08)
0.201842      	(-2.022815e+00 1.971653e+00 3.132869e-08)
0.201859      	(-2.022782e+00 1.971636e+00 3.132018e-08)
0.201876      	(-2.022748e+00 1.971620e+00 3.131278e-08)
0.201893      	(-2.022715e+00 1.971603e+00 3.130668e-08)
0.201909      	(-2.022681e+00 1.971586e+00 3.130191e-08)
0.201926      	(-2.022647e+00 1.971568e+00 3.129834e-08)
0.201943      	(-2.022613e+00 1.971551e+00 3.129577e-08)
0.20196       	(-2.022579e+00 1.971533e+00 3.129396e-08)
0.201977      	(-2.022544e+00 1.971515e+00 3.129266e-08)
0.201994      	(-2.022510e+00 1.971497e+00 3.129166e-08)
0.202011      	(-2.022474e+00 1.971479e+00 3.129080e-08)
0.202028      	(-2.022439e+00 1.971460e+00 3.128995e-08)
0.202045      	(-2.022404e+00 1.971441e+00 3.128906e-08)
0.202062      	(-2.022368e+00 1.971422e+00 3.128809e-08)
0.202079      	(-2.022332e+00 1.971403e+00 3.128704e-08)
0.202096      	(-2.022296e+00 1.971383e+00 3.128593e-08)
0.202113      	(-2.022260e+00 1.971364e+00 3.128476e-08)
0.20213       	(-2.022223e+00 1.971344e+00 3.128356e-08)
0.202146      	(-2.022186e+00 1.971323e+00 3.128235e-08)
0.202163      	(-2.022149e+00 1.971303e+00 3.128113e-08)
0.20218       	(-2.022112e+00 1.971282e+00 3.127992e-08)
0.202197      	(-2.022074e+00 1.971262e+00 3.127870e-08)
0.202214      	(-2.022037e+00 1.971241e+00 3.127749e-08)
0.202231      	(-2.021999e+00 1.971219e+00 3.127627e-08)
0.202248      	(-2.021960e+00 1.971198e+00 3.127505e-08)
0.202265      	(-2.021922e+00 1.971176e+00 3.127381e-08)
0.202282      	(-2.021883e+00 1.971154e+00 3.127257e-08)
0.202299      	(-2.021844e+00 1.971132e+00 3.127131e-08)
0.202316      	(-2.021805e+00 1.971109e+00 3.127004e-08)
0.202333      	(-2.021766e+00 1.971087e+00 3.126876e-08)
0.20235       	(-2.021726e+00 1.971064e+00 3.126749e-08)
0.202366      	(-2.021687e+00 1.971041e+00 3.126621e-08)
0.202383      	(-2.021646e+00 1.971018e+00 3.126494e-08)
0.2024        	(-2.021606e+00 1.970994e+00 3.126367e-08)
0.202417      	(-2.021566e+00 1.970970e+00 3.126241e-08)
0.202434      	(-2.021525e+00 1.970946e+00 3.126116e-08)
0.202451      	(-2.021484e+00 1.970922e+00 3.125991e-08)
0.202468      	(-2.021443e+00 1.970898e+00 3.125868e-08)
0.202485      	(-2.021401e+00 1.970873e+00 3.125746e-08)
0.202502      	(-2.021360e+00 1.970848e+00 3.125624e-08)
0.202519      	(-2.021318e+00 1.970823e+00 3.125504e-08)
0.202536      	(-2.021276e+00 1.970798e+00 3.125384e-08)
0.202553      	(-2.021234e+00 1.970772e+00 3.125265e-08)
0.20257       	(-2.021191e+00 1.970746e+00 3.125147e-08)
0.202587      	(-2.021148e+00 1.970720e+00 3.125029e-08)
0.202603      	(-2.021105e+00 1.970694e+00 3.124913e-08)
0.20262       	(-2.021062e+00 1.970668e+00 3.124797e-08)
0.202637      	(-2.021019e+00 1.970641e+00 3.124683e-08)
0.202654      	(-2.020975e+00 1.970614e+00 3.124568e-08)
0.202671      	(-2.020931e+00 1.970587e+00 3.124455e-08)
0.202688      	(-2.020887e+00 1.970560e+00 3.124342e-08)
0.202705      	(-2.020842e+00 1.970532e+00 3.124230e-08)
0.202722      	(-2.020798e+00 1.970504e+00 3.124119e-08)
0.202739      	(-2.020753e+00 1.970476e+00 3.124009e-08)
0.202756      	(-2.020708e+00 1.970448e+00 3.123900e-08)
0.202773      	(-2.020662e+00 1.970420e+00 3.123791e-08)
0.20279       	(-2.020617e+00 1.970391e+00 3.123683e-08)
0.202807      	(-2.020571e+00 1.970362e+00 3.123576e-08)
0.202823      	(-2.020525e+00 1.970333e+00 3.123470e-08)
0.20284       	(-2.020479e+00 1.970304e+00 3.123364e-08)
0.202857      	(-2.020432e+00 1.970274e+00 3.123259e-08)
0.202874      	(-2.020386e+00 1.970245e+00 3.123155e-08)
0.202891      	(-2.020339e+00 1.970215e+00 3.123052e-08)
0.202908      	(-2.020292e+00 1.970184e+00 3.122949e-08)
0.202925      	(-2.020244e+00 1.970154e+00 3.122847e-08)
0.202942      	(-2.020197e+00 1.970123e+00 3.122745e-08)
0.202959      	(-2.020149e+00 1.970092e+00 3.122644e-08)
0.202976      	(-2.020101e+00 1.970061e+00 3.122543e-08)
0.202993      	(-2.020052e+00 1.970030e+00 3.122443e-08)
0.20301       	(-2.020004e+00 1.969998e+00 3.122344e-08)
0.203027      	(-2.019955e+00 1.969967e+00 3.122255e-08)
0.203044      	(-2.019906e+00 1.969935e+00 3.122164e-08)
0.20306       	(-2.019857e+00 1.969902e+00 3.122073e-08)
0.203077      	(-2.019807e+00 1.969870e+00 3.121982e-08)
0.203094      	(-2.019758e+00 1.969837e+00 3.121891e-08)
0.203111      	(-2.019708e+00 1.969804e+00 3.121799e-08)
0.203128      	(-2.019658e+00 1.969771e+00 3.121707e-08)
0.203145      	(-2.019607e+00 1.969738e+00 3.121616e-08)
0.203162      	(-2.019557e+00 1.969704e+00 3.121524e-08)
0.203179      	(-2.019506e+00 1.969671e+00 3.121433e-08)
0.203196      	(-2.019455e+00 1.969637e+00 3.121343e-08)
0.203213      	(-2.019404e+00 1.969603e+00 3.121253e-08)
0.20323       	(-2.019352e+00 1.969568e+00 3.121164e-08)
0.203247      	(-2.019300e+00 1.969533e+00 3.121075e-08)
0.203264      	(-2.019248e+00 1.969499e+00 3.120987e-08)
0.20328       	(-2.019196e+00 1.969463e+00 3.120899e-08)
0.203297      	(-2.019144e+00 1.969428e+00 3.120812e-08)
0.203314      	(-2.019091e+00 1.969393e+00 3.120726e-08)
0.203331      	(-2.019038e+00 1.969357e+00 3.120640e-08)
0.203348      	(-2.018985e+00 1.969321e+00 3.120554e-08)
0.203365      	(-2.018931e+00 1.969285e+00 3.120468e-08)
0.203382      	(-2.018878e+00 1.969248e+00 3.120383e-08)
0.203399      	(-2.018824e+00 1.969212e+00 3.120298e-08)
0.203416      	(-2.018770e+00 1.969175e+00 3.120213e-08)
0.203433      	(-2.018716e+00 1.969138e+00 3.120128e-08)
0.20345       	(-2.018661e+00 1.969100e+00 3.120044e-08)
0.203467      	(-2.018606e+00 1.969063e+00 3.119960e-08)
0.203484      	(-2.018551e+00 1.969025e+00 3.119877e-08)
0.203501      	(-2.018496e+00 1.968987e+00 3.119794e-08)
0.203517      	(-2.018441e+00 1.968949e+00 3.119712e-08)
0.203534      	(-2.018385e+00 1.968911e+00 3.119630e-08)
0.203551      	(-2.018329e+00 1.968872e+00 3.119549e-08)
0.203568      	(-2.018273e+00 1.968833e+00 3.119468e-08)
0.203585      	(-2.018217e+00 1.968794e+00 3.119387e-08)
0.203602      	(-2.018160e+00 1.968755e+00 3.119307e-08)
0.203619      	(-2.018103e+00 1.968715e+00 3.119227e-08)
0.203636      	(-2.018046e+00 1.968675e+00 3.119147e-08)
0.203653      	(-2.017989e+00 1.968635e+00 3.119067e-08)
0.20367       	(-2.017931e+00 1.968595e+00 3.118988e-08)
0.203687      	(-2.017873e+00 1.968555e+00 3.118909e-08)
0.203704      	(-2.017816e+00 1.968514e+00 3.118830e-08)
0.203721      	(-2.017757e+00 1.968473e+00 3.118751e-08)
0.203737      	(-2.017699e+00 1.968432e+00 3.118673e-08)
0.203754      	(-2.017640e+00 1.968391e+00 3.118595e-08)
0.203771      	(-2.017581e+00 1.968350e+00 3.118517e-08)
0.203788      	(-2.017522e+00 1.968308e+00 3.118439e-08)
0.203805      	(-2.017463e+00 1.968266e+00 3.118362e-08)
0.203822      	(-2.017403e+00 1.968224e+00 3.118285e-08)
0.203839      	(-2.017343e+00 1.968181e+00 3.118208e-08)
0.203856      	(-2.017283e+00 1.968139e+00 3.118131e-08)
0.203873      	(-2.017223e+00 1.968096e+00 3.118054e-08)
0.20389       	(-2.017163e+00 1.968053e+00 3.117978e-08)
0.203907      	(-2.017102e+00 1.968010e+00 3.117902e-08)
0.203924      	(-2.017041e+00 1.967966e+00 3.117825e-08)
0.203941      	(-2.016980e+00 1.967922e+00 3.117749e-08)
0.203958      	(-2.016918e+00 1.967878e+00 3.117674e-08)
0.203974      	(-2.016856e+00 1.967834e+00 3.117598e-08)
0.203991      	(-2.016792e+00 1.967787e+00 3.116941e-08)
0.204008      	(-2.016725e+00 1.967738e+00 3.116272e-08)
0.204025      	(-2.016658e+00 1.967688e+00 3.115871e-08)
0.204042      	(-2.016590e+00 1.967638e+00 3.115863e-08)
0.204059      	(-2.016524e+00 1.967589e+00 3.116940e-08)
0.204076      	(-2.016457e+00 1.967540e+00 3.118752e-08)
0.204093      	(-2.016392e+00 1.967492e+00 3.120859e-08)
0.20411       	(-2.016326e+00 1.967444e+00 3.122872e-08)
0.204127      	(-2.016261e+00 1.967397e+00 3.124470e-08)
0.204144      	(-2.016197e+00 1.967350e+00 3.125453e-08)
0.204161      	(-2.016132e+00 1.967303e+00 3.125728e-08)
0.204178      	(-2.016067e+00 1.967256e+00 3.125329e-08)
0.204195      	(-2.016002e+00 1.967208e+00 3.124376e-08)
0.204212      	(-2.015937e+00 1.967161e+00 3.123038e-08)
0.204229      	(-2.015871e+00 1.967113e+00 3.121497e-08)
0.204246      	(-2.015806e+00 1.967065e+00 3.119922e-08)
0.204263      	(-2.015740e+00 1.967017e+00 3.118450e-08)
0.20428       	(-2.015674e+00 1.966969e+00 3.117175e-08)
0.204297      	(-2.015608e+00 1.966920e+00 3.116148e-08)
0.204314      	(-2.015541e+00 1.966871e+00 3.115381e-08)
0.204331      	(-2.015474e+00 1.966822e+00 3.114859e-08)
0.204348      	(-2.015407e+00 1.966773e+00 3.114544e-08)
0.204365      	(-2.015340e+00 1.966724e+00 3.114390e-08)
0.204382      	(-2.015273e+00 1.966674e+00 3.114349e-08)
0.204399      	(-2.015205e+00 1.966624e+00 3.114376e-08)
0.204416      	(-2.015137e+00 1.966574e+00 3.114437e-08)
0.204433      	(-2.015069e+00 1.966524e+00 3.114507e-08)
0.20445       	(-2.015001e+00 1.966473e+00 3.114568e-08)
0.204467      	(-2.014932e+00 1.966422e+00 3.114613e-08)
0.204484      	(-2.014863e+00 1.966371e+00 3.114640e-08)
0.204501      	(-2.014794e+00 1.966320e+00 3.114652e-08)
0.204518      	(-2.014725e+00 1.966269e+00 3.114651e-08)
0.204535      	(-2.014656e+00 1.966217e+00 3.114642e-08)
0.204552      	(-2.014586e+00 1.966165e+00 3.114628e-08)
0.204569      	(-2.014516e+00 1.966113e+00 3.114612e-08)
0.204585      	(-2.014446e+00 1.966060e+00 3.114594e-08)
0.204602      	(-2.014376e+00 1.966008e+00 3.114574e-08)
0.204619      	(-2.014305e+00 1.965955e+00 3.114552e-08)
0.204636      	(-2.014234e+00 1.965902e+00 3.114527e-08)
0.204653      	(-2.014163e+00 1.965849e+00 3.114498e-08)
0.20467       	(-2.014092e+00 1.965795e+00 3.114464e-08)
0.204687      	(-2.014021e+00 1.965742e+00 3.114425e-08)
0.204704      	(-2.013949e+00 1.965688e+00 3.114381e-08)
0.204721      	(-2.013877e+00 1.965634e+00 3.114333e-08)
0.204738      	(-2.013805e+00 1.965579e+00 3.114282e-08)
0.204755      	(-2.013733e+00 1.965525e+00 3.114228e-08)
0.204772      	(-2.013660e+00 1.965470e+00 3.114172e-08)
0.204789      	(-2.013587e+00 1.965415e+00 3.114115e-08)
0.204806      	(-2.013514e+00 1.965360e+00 3.114056e-08)
0.204823      	(-2.013441e+00 1.965304e+00 3.113997e-08)
0.20484       	(-2.013367e+00 1.965248e+00 3.113937e-08)
0.204857      	(-2.013294e+00 1.965192e+00 3.113876e-08)
0.204874      	(-2.013220e+00 1.965136e+00 3.113815e-08)
0.204891      	(-2.013146e+00 1.965080e+00 3.113753e-08)
0.204908      	(-2.013071e+00 1.965023e+00 3.113691e-08)
0.204925      	(-2.012997e+00 1.964966e+00 3.113628e-08)
0.204942      	(-2.012922e+00 1.964909e+00 3.113564e-08)
0.204959      	(-2.012847e+00 1.964852e+00 3.113499e-08)
0.204976      	(-2.012771e+00 1.964795e+00 3.113789e-08)
0.204993      	(-2.012696e+00 1.964737e+00 3.114250e-08)
0.20501       	(-2.012620e+00 1.964679e+00 3.114727e-08)
0.205027      	(-2.012544e+00 1.964621e+00 3.115114e-08)
0.205044      	(-2.012468e+00 1.964562e+00 3.115361e-08)
0.205061      	(-2.012391e+00 1.964504e+00 3.115465e-08)
0.205078      	(-2.012315e+00 1.964445e+00 3.115457e-08)
0.205095      	(-2.012238e+00 1.964386e+00 3.115382e-08)
0.205112      	(-2.012161e+00 1.964327e+00 3.115283e-08)
0.205129      	(-2.012083e+00 1.964267e+00 3.115191e-08)
0.205146      	(-2.012006e+00 1.964207e+00 3.115124e-08)
0.205163      	(-2.011928e+00 1.964147e+00 3.115084e-08)
0.20518       	(-2.011850e+00 1.964087e+00 3.115061e-08)
0.205197      	(-2.011772e+00 1.964027e+00 3.115042e-08)
0.205213      	(-2.011693e+00 1.963966e+00 3.115014e-08)
0.20523       	(-2.011614e+00 1.963905e+00 3.114967e-08)
0.205247      	(-2.011535e+00 1.963844e+00 3.114898e-08)
0.205264      	(-2.011456e+00 1.963783e+00 3.114808e-08)
0.205281      	(-2.011377e+00 1.963722e+00 3.114702e-08)
0.205298      	(-2.011297e+00 1.963660e+00 3.114588e-08)
0.205315      	(-2.011217e+00 1.963598e+00 3.114471e-08)
0.205332      	(-2.011137e+00 1.963536e+00 3.114358e-08)
0.205349      	(-2.011057e+00 1.963473e+00 3.114251e-08)
0.205366      	(-2.010976e+00 1.963411e+00 3.114153e-08)
0.205383      	(-2.010896e+00 1.963348e+00 3.114060e-08)
0.2054        	(-2.010815e+00 1.963285e+00 3.113972e-08)
0.205417      	(-2.010733e+00 1.963222e+00 3.113886e-08)
0.205434      	(-2.010652e+00 1.963158e+00 3.113799e-08)
0.205451      	(-2.010570e+00 1.963095e+00 3.113709e-08)
0.205468      	(-2.010488e+00 1.963031e+00 3.113616e-08)
0.205485      	(-2.010406e+00 1.962966e+00 3.113519e-08)
0.205502      	(-2.010324e+00 1.962902e+00 3.113420e-08)
0.205519      	(-2.010241e+00 1.962838e+00 3.113317e-08)
0.205536      	(-2.010158e+00 1.962773e+00 3.113214e-08)
0.205553      	(-2.010075e+00 1.962708e+00 3.113109e-08)
0.20557       	(-2.009992e+00 1.962642e+00 3.113004e-08)
0.205587      	(-2.009908e+00 1.962577e+00 3.112899e-08)
0.205604      	(-2.009825e+00 1.962511e+00 3.112794e-08)
0.205621      	(-2.009741e+00 1.962445e+00 3.112689e-08)
0.205638      	(-2.009656e+00 1.962379e+00 3.112584e-08)
0.205655      	(-2.009572e+00 1.962313e+00 3.112478e-08)
0.205672      	(-2.009487e+00 1.962246e+00 3.112371e-08)
0.205689      	(-2.009402e+00 1.962180e+00 3.112263e-08)
0.205706      	(-2.009317e+00 1.962113e+00 3.112155e-08)
0.205723      	(-2.009232e+00 1.962045e+00 3.112045e-08)
0.20574       	(-2.009146e+00 1.961978e+00 3.111935e-08)
0.205757      	(-2.009061e+00 1.961910e+00 3.111823e-08)
0.205774      	(-2.008975e+00 1.961842e+00 3.111711e-08)
0.205791      	(-2.008888e+00 1.961774e+00 3.111599e-08)
0.205808      	(-2.008802e+00 1.961706e+00 3.111485e-08)
0.205825      	(-2.008715e+00 1.961637e+00 3.111371e-08)
0.205842      	(-2.008628e+00 1.961569e+00 3.111257e-08)
0.205858      	(-2.008541e+00 1.961500e+00 3.111142e-08)
0.205875      	(-2.008454e+00 1.961430e+00 3.111026e-08)
0.205892      	(-2.008366e+00 1.961361e+00 3.110910e-08)
0.205909      	(-2.008278e+00 1.961291e+00 3.110794e-08)
0.205926      	(-2.008190e+00 1.961221e+00 3.110677e-08)
0.205943      	(-2.008102e+00 1.961151e+00 3.110559e-08)
0.20596       	(-2.008013e+00 1.961081e+00 3.110441e-08)
0.205977      	(-2.007924e+00 1.961010e+00 3.110323e-08)
0.205994      	(-2.007835e+00 1.960940e+00 3.110204e-08)
0.206011      	(-2.007746e+00 1.960869e+00 3.110084e-08)
0.206028      	(-2.007657e+00 1.960798e+00 3.109964e-08)
0.206045      	(-2.007567e+00 1.960726e+00 3.109844e-08)
0.206062      	(-2.007477e+00 1.960655e+00 3.109722e-08)
0.206079      	(-2.007382e+00 1.960578e+00 3.108690e-08)
0.206096      	(-2.007285e+00 1.960499e+00 3.108376e-08)
0.206113      	(-2.007187e+00 1.960419e+00 3.107834e-08)
0.20613       	(-2.007088e+00 1.960339e+00 3.107983e-08)
0.206147      	(-2.006991e+00 1.960260e+00 3.109652e-08)
0.206164      	(-2.006895e+00 1.960182e+00 3.112369e-08)
0.206181      	(-2.006799e+00 1.960105e+00 3.115497e-08)
0.206199      	(-2.006705e+00 1.960029e+00 3.118462e-08)
0.206216      	(-2.006611e+00 1.959954e+00 3.120800e-08)
0.206233      	(-2.006517e+00 1.959879e+00 3.122182e-08)
0.20625       	(-2.006424e+00 1.959804e+00 3.122488e-08)
0.206267      	(-2.006330e+00 1.959729e+00 3.121777e-08)
0.206284      	(-2.006237e+00 1.959654e+00 3.120235e-08)
0.206301      	(-2.006143e+00 1.959579e+00 3.118122e-08)
0.206318      	(-2.006049e+00 1.959503e+00 3.115718e-08)
0.206335      	(-2.005955e+00 1.959428e+00 3.113278e-08)
0.206352      	(-2.005861e+00 1.959352e+00 3.111007e-08)
0.206369      	(-2.005766e+00 1.959276e+00 3.109042e-08)
0.206386      	(-2.005672e+00 1.959200e+00 3.107458e-08)
0.206403      	(-2.005576e+00 1.959123e+00 3.106270e-08)
0.20642       	(-2.005481e+00 1.959046e+00 3.105450e-08)
0.206437      	(-2.005386e+00 1.958969e+00 3.104942e-08)
0.206454      	(-2.005290e+00 1.958892e+00 3.104675e-08)
0.206471      	(-2.005194e+00 1.958815e+00 3.104576e-08)
0.206488      	(-2.005098e+00 1.958737e+00 3.104582e-08)
0.206505      	(-2.005002e+00 1.958659e+00 3.104639e-08)
0.206522      	(-2.004905e+00 1.958581e+00 3.104712e-08)
0.206539      	(-2.004808e+00 1.958503e+00 3.104776e-08)
0.206557      	(-2.004711e+00 1.958425e+00 3.104819e-08)
0.206574      	(-2.004614e+00 1.958346e+00 3.104837e-08)
0.206591      	(-2.004517e+00 1.958267e+00 3.104833e-08)
0.206608      	(-2.004419e+00 1.958188e+00 3.104811e-08)
0.206625      	(-2.004321e+00 1.958109e+00 3.104777e-08)
0.206642      	(-2.004223e+00 1.958029e+00 3.104733e-08)
0.206659      	(-2.004125e+00 1.957949e+00 3.104685e-08)
0.206676      	(-2.004026e+00 1.957869e+00 3.104635e-08)
0.206693      	(-2.003927e+00 1.957789e+00 3.104581e-08)
0.20671       	(-2.003828e+00 1.957709e+00 3.104523e-08)
0.206727      	(-2.003729e+00 1.957628e+00 3.104460e-08)
0.206744      	(-2.003630e+00 1.957547e+00 3.104391e-08)
0.206761      	(-2.003530e+00 1.957466e+00 3.104315e-08)
0.206778      	(-2.003430e+00 1.957385e+00 3.104231e-08)
0.206795      	(-2.003330e+00 1.957303e+00 3.104140e-08)
0.206812      	(-2.003230e+00 1.957221e+00 3.104043e-08)
0.206829      	(-2.003130e+00 1.957139e+00 3.103941e-08)
0.206846      	(-2.003029e+00 1.957057e+00 3.103834e-08)
0.206863      	(-2.002928e+00 1.956975e+00 3.103723e-08)
0.20688       	(-2.002827e+00 1.956892e+00 3.103611e-08)
0.206897      	(-2.002725e+00 1.956809e+00 3.103496e-08)
0.206915      	(-2.002624e+00 1.956726e+00 3.103381e-08)
0.206932      	(-2.002522e+00 1.956642e+00 3.103265e-08)
0.206949      	(-2.002420e+00 1.956559e+00 3.103148e-08)
0.206966      	(-2.002317e+00 1.956475e+00 3.103030e-08)
0.206983      	(-2.002215e+00 1.956391e+00 3.102912e-08)
0.207         	(-2.002112e+00 1.956307e+00 3.102793e-08)
0.207017      	(-2.002009e+00 1.956222e+00 3.102672e-08)
0.207034      	(-2.001906e+00 1.956138e+00 3.102551e-08)
0.207051      	(-2.001803e+00 1.956053e+00 3.102429e-08)
0.207068      	(-2.001699e+00 1.955967e+00 3.102305e-08)
0.207085      	(-2.001595e+00 1.955882e+00 3.102181e-08)
0.207102      	(-2.001491e+00 1.955796e+00 3.102055e-08)
0.207119      	(-2.001387e+00 1.955711e+00 3.101929e-08)
0.207136      	(-2.001282e+00 1.955625e+00 3.101802e-08)
0.207153      	(-2.001177e+00 1.955538e+00 3.101674e-08)
0.20717       	(-2.001072e+00 1.955452e+00 3.101545e-08)
0.207187      	(-2.000967e+00 1.955365e+00 3.101415e-08)
0.207204      	(-2.000862e+00 1.955278e+00 3.101285e-08)
0.207221      	(-2.000756e+00 1.955191e+00 3.101154e-08)
0.207238      	(-2.000650e+00 1.955104e+00 3.101022e-08)
0.207255      	(-2.000544e+00 1.955016e+00 3.100890e-08)
0.207272      	(-2.000438e+00 1.954928e+00 3.100756e-08)
0.20729       	(-2.000331e+00 1.954840e+00 3.100623e-08)
0.207307      	(-2.000224e+00 1.954752e+00 3.100488e-08)
0.207324      	(-2.000117e+00 1.954664e+00 3.100353e-08)
0.207341      	(-2.000010e+00 1.954575e+00 3.100217e-08)
0.207358      	(-1.999903e+00 1.954486e+00 3.100080e-08)
0.207375      	(-1.999795e+00 1.954397e+00 3.099942e-08)
0.207392      	(-1.999687e+00 1.954307e+00 3.099804e-08)
0.207409      	(-1.999579e+00 1.954218e+00 3.099665e-08)
0.207426      	(-1.999471e+00 1.954128e+00 3.099526e-08)
0.207443      	(-1.999362e+00 1.954038e+00 3.099385e-08)
0.20746       	(-1.999253e+00 1.953948e+00 3.099244e-08)
0.207477      	(-1.999144e+00 1.953857e+00 3.099103e-08)
0.207494      	(-1.999035e+00 1.953767e+00 3.098961e-08)
0.207511      	(-1.998925e+00 1.953676e+00 3.098818e-08)
0.207528      	(-1.998816e+00 1.953585e+00 3.098674e-08)
0.207545      	(-1.998706e+00 1.953493e+00 3.098530e-08)
0.207562      	(-1.998595e+00 1.953402e+00 3.098386e-08)
0.207579      	(-1.998485e+00 1.953310e+00 3.098240e-08)
0.207596      	(-1.998374e+00 1.953218e+00 3.098094e-08)
0.207613      	(-1.998263e+00 1.953126e+00 3.097948e-08)
0.20763       	(-1.998152e+00 1.953033e+00 3.097801e-08)
0.207648      	(-1.998041e+00 1.952941e+00 3.097653e-08)
0.207665      	(-1.997929e+00 1.952848e+00 3.097504e-08)
0.207682      	(-1.997818e+00 1.952755e+00 3.097355e-08)
0.207699      	(-1.997706e+00 1.952662e+00 3.097205e-08)
0.207716      	(-1.997593e+00 1.952568e+00 3.097055e-08)
0.207733      	(-1.997481e+00 1.952474e+00 3.096904e-08)
0.20775       	(-1.997368e+00 1.952380e+00 3.096752e-08)
0.207767      	(-1.997255e+00 1.952286e+00 3.096600e-08)
0.207784      	(-1.997142e+00 1.952192e+00 3.096446e-08)
0.207801      	(-1.997029e+00 1.952097e+00 3.096293e-08)
0.207818      	(-1.996915e+00 1.952002e+00 3.096138e-08)
0.207835      	(-1.996802e+00 1.951907e+00 3.095983e-08)
0.207852      	(-1.996687e+00 1.951812e+00 3.095827e-08)
0.207869      	(-1.996573e+00 1.951717e+00 3.095671e-08)
0.207886      	(-1.996459e+00 1.951621e+00 3.095514e-08)
0.207903      	(-1.996344e+00 1.951525e+00 3.095356e-08)
0.20792       	(-1.996229e+00 1.951429e+00 3.095198e-08)
0.207937      	(-1.996114e+00 1.951332e+00 3.095039e-08)
0.207954      	(-1.995998e+00 1.951236e+00 3.094880e-08)
0.207971      	(-1.995883e+00 1.951139e+00 3.094719e-08)
0.207988      	(-1.995767e+00 1.951042e+00 3.094559e-08)
0.208006      	(-1.995651e+00 1.950945e+00 3.094397e-08)
0.208023      	(-1.995535e+00 1.950847e+00 3.094235e-08)
0.20804       	(-1.995418e+00 1.950750e+00 3.094073e-08)
0.208057      	(-1.995301e+00 1.950652e+00 3.093909e-08)
0.208074      	(-1.995184e+00 1.950554e+00 3.093745e-08)
0.208091      	(-1.995067e+00 1.950456e+00 3.093580e-08)
0.208108      	(-1.994950e+00 1.950357e+00 3.093415e-08)
0.208125      	(-1.994832e+00 1.950258e+00 3.093248e-08)
0.208142      	(-1.994714e+00 1.950159e+00 3.093081e-08)
0.208159      	(-1.994596e+00 1.950060e+00 3.092914e-08)
0.208176      	(-1.994478e+00 1.949961e+00 3.092746e-08)
0.208193      	(-1.994359e+00 1.949861e+00 3.092578e-08)
0.20821       	(-1.994240e+00 1.949761e+00 3.092409e-08)
0.208227      	(-1.994121e+00 1.949661e+00 3.092239e-08)
0.208244      	(-1.994002e+00 1.949561e+00 3.092068e-08)
0.208261      	(-1.993883e+00 1.949460e+00 3.091897e-08)
0.208278      	(-1.993763e+00 1.949360e+00 3.091725e-08)
0.208295      	(-1.993643e+00 1.949259e+00 3.091553e-08)
0.208312      	(-1.993523e+00 1.949158e+00 3.091379e-08)
0.208329      	(-1.993402e+00 1.949056e+00 3.091206e-08)
0.208346      	(-1.993282e+00 1.948955e+00 3.091031e-08)
0.208363      	(-1.993161e+00 1.948853e+00 3.090856e-08)
0.208381      	(-1.993040e+00 1.948751e+00 3.090681e-08)
0.208398      	(-1.992919e+00 1.948649e+00 3.090505e-08)
0.208415      	(-1.992797e+00 1.948546e+00 3.090328e-08)
0.208432      	(-1.992675e+00 1.948444e+00 3.090151e-08)
0.208449      	(-1.992553e+00 1.948341e+00 3.089973e-08)
0.208466      	(-1.992431e+00 1.948238e+00 3.089794e-08)
0.208483      	(-1.992309e+00 1.948134e+00 3.089615e-08)
0.2085        	(-1.992186e+00 1.948031e+00 3.089435e-08)
0.208517      	(-1.992063e+00 1.947927e+00 3.089254e-08)
0.208534      	(-1.991940e+00 1.947823e+00 3.089073e-08)
0.208551      	(-1.991817e+00 1.947719e+00 3.088890e-08)
0.208568      	(-1.991693e+00 1.947615e+00 3.088708e-08)
0.208585      	(-1.991570e+00 1.947510e+00 3.088524e-08)
0.208602      	(-1.991446e+00 1.947405e+00 3.088341e-08)
0.208619      	(-1.991321e+00 1.947300e+00 3.088156e-08)
0.208636      	(-1.991197e+00 1.947195e+00 3.087971e-08)
0.208653      	(-1.991072e+00 1.947089e+00 3.087785e-08)
0.20867       	(-1.990948e+00 1.946984e+00 3.087435e-08)
0.208687      	(-1.990822e+00 1.946878e+00 3.087016e-08)
0.208704      	(-1.990697e+00 1.946772e+00 3.086610e-08)
0.208721      	(-1.990572e+00 1.946665e+00 3.086272e-08)
0.208739      	(-1.990446e+00 1.946559e+00 3.086025e-08)
0.208756      	(-1.990320e+00 1.946452e+00 3.085863e-08)
0.208773      	(-1.990194e+00 1.946345e+00 3.085761e-08)
0.20879       	(-1.990067e+00 1.946238e+00 3.085686e-08)
0.208807      	(-1.989940e+00 1.946130e+00 3.085608e-08)
0.208824      	(-1.989814e+00 1.946023e+00 3.085507e-08)
0.208841      	(-1.989686e+00 1.945915e+00 3.085370e-08)
0.208858      	(-1.989559e+00 1.945807e+00 3.085197e-08)
0.208875      	(-1.989431e+00 1.945698e+00 3.084994e-08)
0.208892      	(-1.989304e+00 1.945590e+00 3.084775e-08)
0.208909      	(-1.989176e+00 1.945481e+00 3.084552e-08)
0.208926      	(-1.989047e+00 1.945372e+00 3.084332e-08)
0.208943      	(-1.988919e+00 1.945263e+00 3.084124e-08)
0.20896       	(-1.988790e+00 1.945154e+00 3.083929e-08)
0.208977      	(-1.988661e+00 1.945044e+00 3.083745e-08)
0.208994      	(-1.988532e+00 1.944934e+00 3.083570e-08)
0.209011      	(-1.988403e+00 1.944824e+00 3.083399e-08)
0.209028      	(-1.988273e+00 1.944714e+00 3.083230e-08)
0.209045      	(-1.988143e+00 1.944604e+00 3.083058e-08)
0.209062      	(-1.988013e+00 1.944493e+00 3.082883e-08)
0.209079      	(-1.987883e+00 1.944382e+00 3.082705e-08)
0.209097      	(-1.987753e+00 1.944271e+00 3.082524e-08)
0.209114      	(-1.987622e+00 1.944160e+00 3.082340e-08)
0.209131      	(-1.987491e+00 1.944048e+00 3.082156e-08)
0.209148      	(-1.987360e+00 1.943936e+00 3.081972e-08)
0.209165      	(-1.987228e+00 1.943824e+00 3.081789e-08)
0.209182      	(-1.987097e+00 1.943712e+00 3.081607e-08)
0.209199      	(-1.986965e+00 1.943600e+00 3.081426e-08)
0.209216      	(-1.986833e+00 1.943487e+00 3.081246e-08)
0.209233      	(-1.986701e+00 1.943374e+00 3.081067e-08)
0.20925       	(-1.986568e+00 1.943261e+00 3.080888e-08)
0.209267      	(-1.986436e+00 1.943148e+00 3.080709e-08)
0.209284      	(-1.986303e+00 1.943034e+00 3.080530e-08)
0.209301      	(-1.986169e+00 1.942921e+00 3.080351e-08)
0.209318      	(-1.986036e+00 1.942807e+00 3.080172e-08)
0.209335      	(-1.985902e+00 1.942693e+00 3.079993e-08)
0.209352      	(-1.985769e+00 1.942578e+00 3.079814e-08)
0.209369      	(-1.985635e+00 1.942464e+00 3.079634e-08)
0.209386      	(-1.985500e+00 1.942349e+00 3.079455e-08)
0.209403      	(-1.985366e+00 1.942234e+00 3.079276e-08)
0.20942       	(-1.985231e+00 1.942119e+00 3.079097e-08)
0.209437      	(-1.985096e+00 1.942004e+00 3.078918e-08)
0.209454      	(-1.984961e+00 1.941888e+00 3.078738e-08)
0.209472      	(-1.984826e+00 1.941772e+00 3.078559e-08)
0.209489      	(-1.984690e+00 1.941656e+00 3.078380e-08)
0.209506      	(-1.984554e+00 1.941540e+00 3.078200e-08)
0.209523      	(-1.984418e+00 1.941423e+00 3.078020e-08)
